45.200 43.904 40.540 41.403 37.256 40.033 42.028 37.360 35.493 39.532 39.119 33.744 34.831 38.804 35.881 32.620 30.441 30.392 26.040 26.863 22.142 21.306 23.118 25.051 29.959 28.559 24.837 29.194 32.160 28.430 28.392 33.574 33.442 30.743 32.212 36.690 38.235 38.701 41.350 42.106 44.680 39.394 41.838 37.196 41.057 35.761 36.682 36.215 39.896 35.971 39.815 35.111 38.812 38.546 37.060 32.426 33.630 33.944 32.621 38.196 34.776 31.306 32.563 37.617 40.892 42.245 44.649 44.602 39.615 40.873 38.098 38.939 33.969 37.821 32.017 34.541 38.036 38.969 43.713 40.737 45.356 42.897 38.995 43.519 43.997 45.896 43.896 38.377 40.225 39.756 36.368 34.438 35.524 33.829 30.339 30.061 30.323 27.565 24.491 23.266 18.828 17.982 15.967 20.724 22.316 19.670 24.745 26.570 26.286 28.673 24.708 21.348 24.484 27.360 25.235 20.096 20.221 25.027 26.891 25.918 28.091 31.058 31.898 32.807 34.110 38.418 37.743 41.967 37.122 25.010 16.682 32.429 18.698 21.146 33.401 24.011 18.931 23.760 15.109 27.949 18.831 15.364 14.301 12.583 34.338 23.624 26.033 22.233 25.403 21.258 17.725 12.924 17.546 25.689 32.815
40.716 39.202 35.665 36.188 31.852 34.512 36.846 32.390 30.173 34.351 34.380 28.989 29.857 34.205 31.708 28.433 26.002 25.485 21.342 22.847 18.681 16.916 18.532 19.631 24.716 23.144 19.861 24.491 26.977 23.323 24.010 29.007 28.551 26.356 28.293 32.606 33.778 33.926 37.096 37.963 40.823 35.597 38.660 34.216 38.654 33.790 35.198 35.065 38.484 34.229 37.448 32.282 35.822 34.945 32.946 28.672 30.253 31.041 30.465 36.183 33.526 29.913 30.442 35.289 39.189 40.151 43.057 42.853 38.169 40.172 37.563 37.760 33.166 36.407 30.692 32.307 36.312 36.515 41.336 38.222 42.493 39.939 35.816 40.086 40.273 41.641 39.864 34.190 36.482 36.473 32.708 30.593 32.418 31.002 26.862 26.898 28.079 24.981 21.348 21.527 16.831 14.691 13.374 17.914 18.391 16.893 22.060 23.009 23.382 24.774 20.519 17.853 20.891 22.945 20.345 15.442 14.880 19.641 21.038 20.404 22.212 25.246 26.383 27.183 28.178 32.533 32.101 36.365 31.703 20.945 13.272 27.756 14.751 17.463 29.325 20.293 15.054 20.804 11.799 24.506 16.083 12.922 12.355 10.142 29.894 19.624 22.742 19.148 20.644 18.546 15.808 10.121 14.742 22.598 28.538
46.119 44.202 40.922 41.147 36.649 39.432 42.086 37.732 35.409 39.742 40.033 34.664 35.426 39.966 37.632 34.340 31.862 31.093 26.977 28.828 24.713 22.767 24.382 24.934 30.129 28.273 25.324 30.120 32.144 28.179 29.317 34.291 33.264 30.896 33.335 37.716 38.417 38.953 42.147 43.436 46.084 40.661 43.663 38.895 43.136 38.168 38.930 39.235 42.942 38.960 42.366 37.295 41.203 40.362 38.450 34.258 35.409 36.583 35.596 41.325 38.375 35.072 35.967 40.853 44.623 45.399 48.256 47.843 43.067 44.648 42.254 42.878 38.288 41.848 36.187 38.075 42.052 42.313 47.000 43.671 48.052 45.737 41.481 45.599 46.033 47.257 45.705 39.963 42.449 42.376 38.492 36.538 38.426 36.850 32.742 32.926 33.952 30.741 27.306 27.300 22.655 20.721 19.112 23.704 24.068 22.105 27.522 28.249 27.834 29.389 25.647 22.483 24.711 27.010 25.078 20.137 18.823 23.416 24.685 25.178 26.618 29.188 31.076 32.074 32.298 36.813 36.932 41.239 36.839 24.450 17.705 29.738 17.760 21.105 32.736 23.868 18.634 25.107 16.365 28.268 18.431 15.797 16.934 13.337 32.912 21.180 26.414 23.154 22.548 20.145 18.765 14.723 19.113 26.747 31.850
44.080 41.869 38.462 38.171 33.457 35.990 39.161 35.218 32.405 36.805 37.750 32.497 32.822 37.750 36.038 32.719 30.150 28.667 24.881 27.641 24.279 21.381 22.864 22.119 27.377 25.375 23.279 28.212 29.471 25.695 27.811 32.391 30.856 29.143 32.174 36.270 36.412 36.631 40.405 41.856 44.762 39.468 43.069 38.531 43.245 38.754 39.846 40.520 43.983 39.793 42.588 37.171 40.887 39.436 37.006 33.324 34.794 36.452 36.156 41.915 39.656 36.296 36.560 41.175 45.446 45.866 49.138 48.580 44.121 46.292 44.067 44.169 39.929 42.942 37.420 38.502 42.834 42.474 47.184 43.777 47.766 45.377 40.982 44.768 44.880 45.483 44.191 38.391 41.276 41.728 37.550 35.399 37.978 36.765 32.131 32.536 34.416 31.042 27.187 28.320 23.617 20.758 19.942 24.080 23.376 22.577 27.850 27.679 27.790 28.277 24.492 22.127 23.895 25.208 22.990 18.653 16.154 20.308 20.646 22.200 22.752 25.232 27.835 28.617 28.049 32.597 33.291 37.499 33.482 21.150 16.918 25.364 15.034 18.783 29.173 21.338 16.225 24.306 16.232 26.106 17.208 15.525 17.719 13.654 28.755 17.729 24.368 21.876 18.127 18.399 19.046 15.065 18.844 25.521 27.942
49.428 47.025 43.872 43.543 38.827 41.522 44.722 40.726 38.040 42.501 43.392 38.130 38.551 43.454 41.632 38.319 35.746 34.381 30.514 33.122 29.486 26.865 28.386 27.841 33.087 30.964 28.769 33.729 34.955 30.931 32.961 37.648 35.906 33.853 36.999 41.225 41.219 41.831 45.403 47.104 49.760 44.293 47.641 42.806 47.212 42.508 43.031 43.905 47.641 43.717 46.836 41.607 45.642 44.423 42.238 38.437 39.500 41.255 40.446 46.205 43.521 40.388 41.108 45.848 49.874 50.273 53.381 52.715 48.091 49.779 47.658 48.223 43.872 47.285 41.741 43.278 47.490 47.371 51.984 48.443 52.641 50.450 46.000 49.788 50.190 50.897 49.686 43.860 46.748 46.969 42.804 40.837 43.221 41.764 37.326 37.757 39.238 35.828 32.234 32.850 28.158 25.741 24.437 28.818 28.457 26.941 32.426 32.441 31.854 32.819 29.414 26.461 27.855 29.660 28.031 23.504 21.094 25.157 25.751 27.631 28.274 30.387 33.217 34.217 33.391 37.970 38.860 43.099 39.178 26.686 22.471 30.505 20.377 24.308 34.453 26.779 21.599 29.915 21.354 31.646 21.530 19.413 22.884 17.361 34.153 22.706 29.910 27.488 23.335 22.752 22.501 20.362 24.346 31.151 33.414
49.459 46.816 43.551 42.692 37.829 40.145 43.863 40.382 37.196 41.587 43.165 38.104 37.988 43.184 42.018 38.651 36.150 34.050 30.518 33.969 31.013 27.642 29.158 27.425 32.570 30.452 29.160 34.087 34.583 30.894 33.777 38.000 35.820 34.449 38.069 41.966 41.432 41.708 45.807 47.612 50.510 45.232 49.093 44.514 49.291 45.019 45.808 46.967 50.485 46.403 48.999 43.518 47.325 45.579 42.931 39.637 41.008 43.110 42.909 48.653 46.539 43.339 43.532 48.026 52.438 52.589 56.018 55.263 50.915 53.078 51.064 51.195 47.097 50.053 44.609 45.494 49.929 49.346 53.992 50.451 54.275 51.981 47.480 50.967 51.023 51.147 50.140 44.348 47.499 48.243 43.898 41.705 44.633 43.576 38.748 39.254 41.455 38.024 34.087 35.499 30.777 27.754 27.150 31.151 30.022 29.475 34.747 34.083 33.969 34.018 30.635 28.428 29.414 30.307 28.474 24.654 21.323 24.700 24.215 27.201 26.791 28.747 32.310 32.977 31.234 35.710 37.278 41.247 37.806 25.471 22.912 28.196 20.420 23.250 31.910 25.436 21.565 29.730 22.745 30.217 23.164 21.754 24.284 19.956 31.688 22.134 28.497 26.873 21.165 23.979 25.236 21.600 24.788 30.531 31.253
53.049 50.058 47.274 46.410 41.606 44.365 47.982 44.325 41.534 46.147 47.484 42.420 42.753 47.905 46.481 43.361 40.544 38.892 35.462 38.453 35.283 32.293 33.422 32.065 37.146 34.630 33.106 38.113 38.490 34.339 37.109 41.457 38.940 37.077 40.895 44.935 44.145 45.041 48.799 51.060 53.534 48.011 51.574 46.635 51.063 46.675 46.812 48.359 52.135 48.387 51.222 45.950 50.204 48.687 46.389 43.010 43.741 46.179 45.380 51.103 48.656 45.844 46.505 51.060 55.280 55.164 58.513 57.489 53.052 54.753 53.033 53.630 49.624 52.947 47.629 48.881 53.359 52.797 57.194 53.334 57.369 55.489 50.798 54.146 54.714 54.909 54.194 48.314 51.696 52.034 47.564 45.822 48.667 47.129 42.474 43.347 45.086 41.366 37.842 39.061 34.452 31.695 30.384 34.505 33.486 32.159 37.673 36.971 35.980 36.470 33.670 30.806 31.223 32.636 31.618 27.601 24.428 27.722 27.924 31.052 31.193 32.478 36.130 37.377 35.556 40.105 41.721 45.966 42.656 30.676 28.315 32.140 24.618 29.201 37.943 31.375 26.241 35.727 27.198 36.494 25.568 24.116 29.338 22.543 36.874 25.157 34.911 33.079 25.489 26.084 27.101 26.698 30.476 36.705 36.597
54.196 51.071 48.212 46.991 42.126 44.574 48.529 45.258 42.133 46.640 48.444 43.544 43.483 48.788 47.812 44.639 41.933 39.791 36.572 40.089 37.322 33.905 35.091 33.023 37.984 35.536 34.601 39.534 39.459 35.591 38.865 42.889 40.122 38.730 42.807 46.613 45.492 46.143 50.237 52.534 55.173 49.805 53.687 48.936 53.588 49.472 49.785 51.477 55.113 51.265 53.779 48.363 52.442 50.598 48.003 44.954 45.908 48.515 48.107 53.811 51.706 48.828 49.164 53.569 58.016 57.782 61.315 60.259 55.991 57.980 56.297 56.626 52.742 55.788 50.508 51.377 55.960 55.147 59.581 55.755 59.544 57.574 52.883 56.048 56.362 56.181 55.578 49.753 53.256 53.948 49.402 47.486 50.640 49.389 44.515 45.373 47.553 43.873 40.126 41.752 37.108 34.043 33.175 37.095 35.679 34.939 40.302 39.239 38.574 38.506 35.710 33.327 33.541 34.373 33.214 29.666 26.013 28.817 28.283 32.082 31.500 32.668 36.775 37.752 35.304 39.706 41.800 45.786 42.840 33.178 31.450 33.598 27.378 31.957 40.036 34.009 29.085 38.750 30.432 39.136 28.375 27.154 32.642 25.719 38.727 27.304 37.588 36.001 27.321 28.645 30.103 29.979 33.634 39.615 38.674
57.459 54.089 51.399 49.900 45.050 47.421 51.576 48.554 45.358 49.845 51.902 47.153 46.975 52.353 51.619 48.518 45.780 43.463 40.455 44.161 41.609 38.049 39.128 36.711 41.519 38.984 38.396 43.273 42.810 39.002 42.577 46.380 43.300 42.072 46.398 50.062 48.577 49.303 53.488 56.003 58.574 53.245 57.227 52.487 57.134 53.197 53.354 55.323 58.951 55.187 57.551 52.137 56.259 54.268 51.606 48.788 49.636 52.502 52.135 57.798 55.815 53.059 53.348 57.656 62.181 61.742 65.374 64.177 60.010 62.013 60.490 60.817 57.072 60.060 54.872 55.607 60.276 59.286 63.632 59.704 63.384 61.528 56.768 59.720 60.059 59.611 59.226 53.428 57.109 57.901 53.257 51.404 54.746 53.517 48.566 49.558 51.870 48.112 44.381 46.213 41.598 38.432 37.609 41.422 39.778 39.152 44.477 43.143 42.361 42.065 39.533 37.251 37.090 37.699 36.781 33.528 29.653 32.032 31.235 35.528 34.637 35.424 39.866 40.865 37.925 42.185 44.662 48.527 45.948 34.606 34.167 33.799 29.228 33.998 40.995 35.805 31.086 41.364 33.244 41.030 30.384 29.650 35.889 28.508 39.216 28.169 39.642 38.497 27.879 30.236 32.613 33.129 36.566 42.022 39.438
58.704 55.712 52.588 51.213 46.309 48.302 52.487 49.512 46.000 50.249 52.418 47.586 47.004 52.355 51.710 48.262 45.937 43.288 39.956 43.957 41.273 37.598 39.246 36.825 41.770 39.685 39.042 43.879 43.780 40.282 43.700 47.588 44.920 43.866 47.903 51.598 50.490 50.793 55.144 57.220 60.110 54.892 58.939 54.340 59.112 55.015 55.482 57.039 60.627 56.669 59.140 53.645 57.513 55.542 52.721 49.756 51.059 53.466 53.316 59.038 56.983 53.901 54.078 58.495 62.987 62.963 66.487 65.584 61.307 63.393 61.533 61.743 57.700 60.658 55.234 56.024 60.487 59.800 64.418 60.800 64.489 62.247 57.699 60.944 60.915 60.619 59.829 54.100 57.396 58.423 53.995 51.717 54.874 53.996 49.048 49.533 51.970 48.567 44.551 46.031 41.263 38.212 37.772 41.739 40.412 39.999 45.268 44.316 44.010 43.775 40.727 38.623 39.046 39.640 38.142 34.740 30.989 33.682 32.531 36.507 35.276 36.760 41.032 41.499 38.735 42.928 45.311 48.868 46.051 36.677 35.726 36.237 31.586 35.559 42.500 37.426 33.257 42.617 35.127 42.378 33.136 32.184 37.154 30.825 41.207 31.002 40.822 39.665 30.215 33.176 35.236 34.474 37.786 43.263 41.410
62.163 59.020 55.969 54.355 49.467 51.306 55.675 52.956 49.321 53.495 55.925 51.234 50.469 55.872 55.482 52.052 49.770 46.904 43.738 47.954 45.469 41.645 43.266 40.522 45.328 43.244 42.917 47.688 47.288 43.910 47.581 51.272 48.395 47.536 51.748 55.311 53.937 54.214 58.688 60.877 63.772 58.621 62.787 58.236 63.046 59.094 59.501 61.233 64.798 60.867 63.201 57.681 61.531 59.414 56.491 53.725 55.024 57.591 57.541 63.238 61.304 58.269 58.362 62.701 67.276 67.131 70.740 69.761 65.566 67.707 65.931 66.095 62.135 65.015 59.637 60.289 64.805 63.988 68.574 64.920 68.496 66.284 61.713 64.806 64.718 64.189 63.532 57.848 61.243 62.418 57.937 55.640 58.951 58.164 53.137 53.665 56.264 52.846 48.792 50.433 45.674 42.532 42.198 46.080 44.577 44.324 49.547 48.396 48.088 47.635 44.728 42.762 42.953 43.329 41.933 38.777 34.844 37.213 35.772 40.121 38.556 39.814 44.342 44.730 41.555 45.580 48.295 51.662 49.165 38.739 38.252 37.654 33.985 37.752 44.064 39.508 35.657 44.963 37.813 44.386 35.734 34.938 39.830 33.644 42.702 33.085 42.856 41.927 31.952 35.636 38.019 37.138 40.292 45.495 43.060
58.637 55.163 52.420 50.530 45.706 47.664 52.137 49.619 46.108 50.387 52.950 48.476 47.869 53.328 53.120 50.029 47.441 44.639 41.964 46.151 44.099 40.162 41.239 38.115 42.647 40.241 40.318 45.002 44.035 40.638 44.689 48.056 44.763 44.098 48.625 51.965 50.139 50.552 55.069 57.585 60.324 55.244 59.556 55.096 59.968 56.378 56.774 58.864 62.294 58.425 60.395 54.861 58.729 56.379 53.407 51.006 52.102 55.121 55.211 60.807 59.243 56.423 56.332 60.428 65.188 64.614 68.442 67.222 63.280 65.628 64.147 64.143 60.569 63.209 58.109 58.388 63.151 61.863 66.213 62.355 65.715 63.769 59.051 61.761 61.799 60.911 60.668 55.005 58.793 59.981 55.296 53.279 56.943 56.045 50.904 51.887 54.668 50.981 47.061 49.343 44.760 41.304 40.943 44.477 42.422 42.436 47.522 45.810 45.420 44.514 42.017 40.302 39.963 39.925 38.854 36.182 31.947 33.728 32.155 37.020 35.365 35.977 40.796 41.467 37.878 41.832 44.818 48.299 46.222 36.887 37.971 34.401 32.573 36.757 41.966 38.209 34.412 44.658 37.531 43.277 34.245 33.938 40.304 33.031 39.918 30.655 42.028 41.575 29.297 33.724 36.898 37.475 40.408 44.969 40.551
63.001 59.345 56.755 54.615 49.864 51.679 56.303 54.068 50.497 54.684 57.485 53.191 52.443 57.920 57.957 54.929 52.365 49.401 46.919 51.258 49.391 45.356 46.375 42.991 47.340 44.922 45.295 49.883 48.600 45.325 49.588 52.731 49.215 48.726 53.416 56.599 54.471 54.909 59.495 62.164 64.852 59.856 64.251 59.842 64.702 61.286 61.568 63.873 67.279 63.480 65.306 59.788 63.654 61.173 58.139 55.959 56.991 60.197 60.347 65.892 64.444 61.715 61.570 65.570 70.394 69.659 73.567 72.239 68.399 70.768 69.412 69.391 65.929 68.504 63.479 63.635 68.452 67.020 71.296 67.381 70.618 68.755 64.009 66.523 66.546 65.407 65.346 59.754 63.659 64.962 60.225 58.242 62.051 61.208 56.017 57.077 59.979 56.261 52.348 54.773 50.213 46.697 46.389 49.842 47.633 47.748 52.783 50.874 50.421 49.327 47.039 45.428 44.824 44.598 43.704 41.285 36.942 38.381 36.598 41.767 39.847 40.155 45.181 45.815 41.836 45.555 48.868 52.141 50.447 39.753 41.739 36.031 35.594 40.238 44.680 41.503 37.586 48.465 41.149 46.675 37.215 37.356 44.364 36.701 42.051 32.833 45.607 45.393 31.613 36.337 40.317 41.490 44.395 48.679 42.921
60.512 56.838 54.209 51.801 47.136 48.618 53.413 51.592 47.846 51.835 54.975 50.964 49.946 55.413 55.855 52.938 50.462 47.212 45.116 49.713 48.344 44.078 44.961 41.065 45.080 42.766 43.679 48.025 46.334 43.452 48.038 50.766 47.149 47.158 51.926 54.792 52.449 52.581 57.397 60.008 62.832 58.107 62.762 58.670 63.727 60.655 61.253 63.586 66.751 62.845 64.275 58.680 62.258 59.481 56.208 54.415 55.668 58.968 59.556 64.990 63.977 61.202 60.682 64.437 69.452 68.594 72.667 71.340 67.746 70.477 69.156 68.780 65.533 67.730 62.856 62.556 67.447 65.710 69.940 66.117 69.034 67.111 62.437 64.717 64.481 62.988 63.058 57.630 61.617 63.222 58.482 56.418 60.489 59.910 54.605 55.714 58.993 55.338 51.334 54.218 49.782 46.020 46.089 49.195 46.605 47.309 52.046 49.800 49.753 48.111 45.859 44.802 44.101 43.293 42.231 40.367 35.820 36.735 34.374 39.856 37.406 37.548 42.746 43.137 38.754 42.181 45.803 48.781 47.504 39.348 42.393 34.546 35.584 40.447 44.016 41.477 37.654 49.007 41.801 46.704 37.255 37.809 45.447 37.422 40.882 32.113 45.788 45.879 30.788 36.069 40.724 42.543 45.221 49.067 41.958
62.337 58.359 56.154 53.795 49.171 51.139 55.785 53.714 50.354 54.616 57.458 53.375 52.835 58.297 58.429 55.720 52.897 50.089 48.001 52.198 50.612 46.600 47.164 43.619 47.695 44.995 45.627 50.107 48.374 45.047 49.530 52.401 48.520 48.104 53.031 56.025 53.483 54.158 58.665 61.677 64.129 59.185 63.602 59.229 64.019 60.905 61.028 63.687 67.016 63.368 64.940 59.501 63.441 60.840 57.860 55.975 56.712 60.310 60.449 65.868 64.647 62.178 61.988 65.788 70.686 69.567 73.608 72.039 68.405 70.819 69.760 69.710 66.576 69.031 64.265 64.215 69.196 67.424 71.446 67.330 70.417 68.858 63.993 66.153 66.379 64.966 65.299 59.750 63.975 65.204 60.319 58.650 62.683 61.673 56.468 57.921 60.851 56.911 53.202 56.023 51.635 47.980 47.538 50.737 48.175 48.344 53.269 50.953 50.273 48.922 47.099 45.582 44.468 44.013 43.550 41.507 37.056 37.990 36.270 41.759 39.903 39.559 44.751 45.707 41.438 45.033 48.544 51.907 50.605 40.677 43.180 36.263 36.318 41.708 45.912 42.886 38.486 50.136 42.259 48.261 37.202 37.627 45.978 37.285 42.818 32.839 47.359 47.164 32.256 36.016 40.281 43.074 46.100 50.363 43.772
58.882 55.048 52.738 50.679 45.955 48.184 52.645 50.185 46.949 51.374 53.892 49.564 49.260 54.712 54.494 51.721 48.821 46.268 43.922 47.879 45.991 42.153 42.758 39.599 43.926 41.168 41.377 46.021 44.667 41.081 45.291 48.490 44.806 44.062 48.847 52.084 49.855 50.632 55.003 57.922 60.363 55.244 59.506 54.972 59.711 56.335 56.443 58.928 62.360 58.691 60.513 55.082 59.135 56.741 53.900 51.703 52.398 55.833 55.767 61.266 59.808 57.294 57.278 61.232 66.016 65.056 68.981 67.491 63.692 65.970 64.809 64.892 61.611 64.242 59.380 59.577 64.500 62.931 67.017 62.904 66.204 64.611 59.733 62.126 62.468 61.385 61.535 55.864 59.984 61.002 56.149 54.503 58.338 57.174 52.047 53.454 56.150 52.193 48.531 51.112 46.685 43.154 42.516 45.874 43.540 43.420 48.486 46.417 45.629 44.611 42.629 40.831 39.931 39.828 39.306 36.880 32.571 33.940 32.612 37.773 36.340 36.260 41.238 42.342 38.526 42.434 45.568 49.232 47.472 37.167 39.662 33.073 32.861 38.136 42.581 39.322 34.989 46.576 38.825 44.700 34.138 34.459 42.548 34.021 39.500 29.628 43.796 43.603 28.832 33.090 37.245 39.635 42.591 46.793 40.381
54.161 50.142 48.079 45.939 41.292 43.732 48.132 45.697 42.688 47.223 49.663 45.476 45.439 50.851 50.628 48.168 45.007 42.686 40.707 44.439 42.838 39.066 39.187 35.948 40.037 37.010 37.388 41.932 40.259 36.603 40.964 43.961 40.044 39.354 44.289 47.388 44.922 45.848 50.154 53.282 55.571 50.491 54.789 50.326 55.077 51.950 52.091 54.764 58.071 54.457 56.033 50.634 54.690 52.197 49.396 47.418 47.923 51.635 51.633 57.021 55.819 53.481 53.354 57.117 61.977 60.733 64.773 63.135 59.523 61.937 60.976 60.940 57.959 60.410 55.794 55.755 60.814 58.939 62.820 58.579 61.746 60.369 55.410 57.551 58.039 56.800 57.225 51.579 55.947 56.877 51.915 50.541 54.550 53.245 48.116 49.878 52.602 48.467 44.994 47.992 43.782 40.104 39.389 42.428 39.741 39.765 44.662 42.230 41.372 40.076 38.423 36.796 35.534 35.172 34.925 32.852 28.451 29.394 28.176 33.528 32.270 31.679 36.716 38.147 34.265 38.181 41.309 45.178 43.599 35.036 36.921 31.314 30.173 35.849 41.191 37.196 32.348 44.113 35.831 42.702 31.034 31.323 39.606 30.837 38.124 26.913 41.751 41.244 26.989 29.871 34.124 36.707 39.891 44.488 38.868
52.999 49.463 46.807 44.921 40.109 42.238 46.646 44.074 40.704 45.100 47.565 43.135 42.744 48.196 47.940 45.061 42.259 39.637 37.202 41.225 39.382 35.466 36.179 32.990 37.416 34.812 34.971 39.624 38.494 35.035 39.183 42.457 39.071 38.451 43.044 46.317 44.421 44.870 49.370 51.961 54.649 49.589 53.952 49.564 54.502 51.064 51.599 53.737 57.051 53.159 54.950 49.397 53.231 50.805 47.835 45.548 46.584 49.750 49.941 55.480 54.126 51.377 51.159 55.127 59.967 59.230 63.149 61.862 58.046 60.556 59.172 59.025 55.653 58.128 53.188 53.263 58.138 56.624 60.860 56.936 60.207 58.367 53.596 56.177 56.284 55.332 55.230 49.558 53.510 54.637 49.872 48.019 51.814 50.827 45.657 46.889 49.720 45.901 42.080 44.719 40.287 36.666 36.289 39.578 37.238 37.429 42.392 40.429 40.099 38.971 36.593 35.050 34.568 34.322 33.302 30.844 26.497 28.078 26.550 31.510 29.997 30.380 35.208 36.092 32.551 36.606 39.499 43.200 41.135 31.087 32.481 28.917 26.567 31.178 36.657 32.602 28.591 39.278 31.991 37.842 27.571 27.751 35.149 27.256 34.478 23.879 36.705 36.257 23.558 26.728 30.629 32.264 35.144 39.581 34.996
51.746 48.009 45.782 44.163 39.419 42.215 46.266 43.224 40.436 45.158 47.059 42.489 42.809 48.151 47.358 44.764 41.536 39.646 37.191 40.498 38.325 34.893 35.150 32.665 37.163 34.112 33.699 38.504 37.546 33.481 37.283 40.855 37.339 36.049 40.683 44.203 42.305 43.400 47.431 50.375 52.634 47.280 51.275 46.530 51.149 47.546 47.605 49.981 53.495 49.866 51.912 46.554 50.811 48.702 46.160 43.631 44.055 47.450 47.053 52.583 50.922 48.505 48.718 52.769 57.409 56.459 60.280 58.780 54.865 56.996 55.852 56.089 52.817 55.615 50.805 51.241 56.171 54.692 58.692 54.470 58.007 56.564 51.607 54.155 54.829 54.151 54.246 48.436 52.571 53.152 48.280 46.926 50.551 48.997 44.031 45.662 47.954 43.816 40.423 42.913 38.613 35.206 34.110 37.490 35.283 34.713 39.897 37.968 36.873 36.253 34.312 32.109 31.265 31.629 31.290 28.454 24.398 26.224 25.802 30.403 29.928 29.863 34.408 36.030 33.000 37.313 39.777 44.016 41.718 31.412 31.736 29.884 25.471 31.496 38.469 33.188 27.736 39.221 30.421 38.714 25.443 25.257 33.902 24.701 36.096 23.243 37.564 36.480 24.387 24.819 27.870 31.060 34.564 39.866 36.328
49.821 46.621 43.764 42.394 37.524 39.934 43.975 40.855 37.683 42.211 44.156 39.383 39.304 44.661 43.876 40.863 38.036 35.811 32.918 36.544 34.185 30.569 31.452 28.987 33.789 31.230 30.639 35.501 35.093 31.341 34.925 38.708 35.791 34.691 38.916 42.540 41.242 41.750 46.006 48.340 51.047 45.797 49.899 45.337 50.187 46.347 46.936 48.703 52.143 48.191 50.368 44.845 48.770 46.683 43.923 41.137 42.197 44.987 44.908 50.559 48.842 45.960 45.982 50.196 54.845 54.426 58.141 57.032 52.966 55.290 53.688 53.711 50.065 52.794 47.670 48.131 52.870 51.720 56.088 52.244 55.815 53.863 49.139 52.112 52.323 51.898 51.451 45.658 49.347 50.186 45.541 43.659 47.088 45.928 40.908 41.968 44.441 40.672 36.881 39.063 34.542 31.148 30.515 34.098 32.216 31.973 37.139 35.679 35.300 34.741 31.993 30.037 30.097 30.443 29.182 26.037 22.062 24.517 23.678 27.788 27.000 27.986 32.248 33.243 30.604 34.991 37.189 41.207 38.442 28.226 28.098 27.930 22.222 28.110 35.654 29.970 24.286 35.459 26.666 35.266 22.891 22.374 30.101 21.495 33.617 21.044 33.893 32.642 21.784 22.675 25.319 27.295 30.690 36.148 33.634
49.468 46.204 43.715 42.735 37.980 41.007 44.597 40.951 38.396 43.177 44.462 39.520 40.159 45.323 43.909 41.132 37.964 36.551 33.532 36.314 33.461 30.491 31.018 29.527 34.407 31.516 30.153 35.144 35.134 30.793 33.787 37.978 35.123 33.235 37.322 41.269 40.164 41.294 44.995 47.565 49.852 44.302 47.928 42.975 47.439 43.289 43.380 45.246 48.947 45.259 47.845 42.561 46.917 45.271 43.012 39.852 40.311 43.163 42.384 48.046 45.861 43.270 43.837 48.213 52.568 52.069 55.593 54.344 50.086 51.928 50.479 50.978 47.313 50.474 45.412 46.399 51.102 50.148 54.322 50.240 54.160 52.553 47.700 50.757 51.531 51.521 51.152 45.246 48.978 49.214 44.550 43.134 46.236 44.493 39.772 41.116 42.910 38.890 35.564 37.342 32.939 29.931 28.451 32.254 30.753 29.515 34.969 33.781 32.585 32.797 30.388 27.584 27.496 28.720 28.084 24.337 20.943 23.895 24.346 27.738 28.131 28.842 32.603 34.263 32.331 36.912 38.562 43.040 39.956 27.984 26.345 29.205 21.583 27.160 35.893 29.232 23.441 34.077 24.846 34.655 22.002 20.743 27.845 19.579 34.288 21.622 33.300 31.530 22.585 22.286 23.334 25.100 28.958 35.038 34.015
44.954 42.068 39.142 38.325 33.522 36.308 39.840 36.165 33.400 38.063 39.355 34.331 34.779 39.934 38.556 35.616 32.617 31.044 27.903 30.842 28.066 24.915 25.648 24.095 29.096 26.475 25.065 30.058 30.331 26.259 29.184 33.415 30.975 29.365 33.175 37.096 36.381 37.008 40.915 43.042 45.678 40.283 44.096 39.417 44.170 40.032 40.742 42.164 45.654 41.654 44.113 38.650 42.652 40.894 38.405 35.190 36.179 38.674 38.340 44.047 42.086 39.142 39.358 43.730 48.216 47.991 51.548 50.559 46.330 48.548 46.809 46.932 43.158 46.051 40.868 41.612 46.280 45.350 49.741 45.925 49.739 47.783 43.081 46.339 46.737 46.805 46.134 40.261 43.777 44.240 39.687 37.943 41.045 39.610 34.776 35.854 37.928 34.107 30.479 32.396 27.924 24.709 23.687 27.418 25.874 25.190 30.494 29.425 28.984 28.947 25.935 23.593 24.173 25.090 23.666 19.884 16.453 19.778 19.937 22.892 23.160 24.544 28.012 29.298 27.751 32.361 33.724 38.115 34.745 23.668 21.322 26.384 17.310 22.329 31.744 24.534 18.906 29.020 20.051 29.858 18.521 17.089 22.888 15.715 30.672 18.609 28.441 26.514 19.359 19.108 19.949 20.108 23.889 30.025 30.123
47.819 44.984 42.372 41.971 37.337 40.549 43.639 39.517 37.297 42.050 42.724 37.559 38.554 43.439 41.454 38.621 35.510 34.660 31.248 33.364 29.915 27.549 28.225 27.800 32.830 30.120 27.889 32.896 33.732 29.236 31.358 36.014 33.801 31.384 34.866 39.124 38.727 39.923 43.221 45.462 47.695 42.038 45.252 40.168 44.400 39.809 39.903 41.294 45.133 41.453 44.510 39.385 43.803 42.618 40.692 37.014 37.428 39.767 38.595 44.303 41.648 38.958 39.884 44.505 48.545 48.424 51.650 50.611 46.084 47.627 45.937 46.695 42.723 46.214 40.990 42.500 46.964 46.480 50.734 46.783 51.019 49.332 44.608 48.060 48.970 49.555 48.825 42.914 46.266 46.133 41.706 40.327 42.902 40.942 36.544 37.665 38.910 35.013 31.873 32.941 28.541 26.024 24.079 28.218 27.454 25.498 31.111 30.653 29.315 30.349 27.633 24.273 24.898 26.932 26.124 21.653 19.189 22.993 24.294 26.399 27.654 28.908 31.823 33.546 32.638 37.297 38.201 42.827 39.159 26.368 22.250 29.706 19.218 24.518 35.004 26.988 20.764 30.092 20.431 32.070 19.000 16.863 22.635 15.050 34.212 21.089 30.486 27.889 22.804 20.142 19.627 20.126 24.431 31.451 33.434
42.272 39.728 36.891 36.731 32.159 35.356 38.210 33.949 31.816 36.527 36.990 31.776 32.908 37.683 35.566 32.792 29.633 28.995 25.629 27.493 24.107 21.828 22.327 22.202 27.207 24.579 22.085 27.075 28.205 23.800 25.677 30.420 28.581 26.231 29.428 33.699 33.665 34.577 37.895 39.839 42.250 36.689 39.996 35.114 39.575 35.023 35.670 36.722 40.359 36.419 39.335 34.070 38.255 37.017 35.006 31.252 31.966 34.092 33.228 38.972 36.554 33.633 34.276 38.869 43.040 43.033 46.329 45.441 40.971 42.879 41.022 41.437 37.480 40.722 35.479 36.751 41.273 40.695 45.042 41.222 45.385 43.524 38.864 42.432 43.170 43.860 42.975 37.079 40.344 40.247 35.860 34.402 36.983 35.103 30.645 31.760 33.130 29.242 25.995 27.337 22.985 20.259 18.427 22.443 21.575 19.923 25.459 25.037 24.232 25.123 21.990 18.883 20.090 21.995 20.661 16.034 13.866 18.097 19.653 20.963 22.613 24.230 26.609 28.276 27.983 32.620 33.066 37.749 33.842 22.928 19.076 26.809 15.436 21.463 31.894 23.832 17.027 27.235 16.549 29.151 14.689 12.442 19.831 10.680 30.888 17.774 27.773 25.218 19.786 16.055 15.280 17.252 21.664 28.639 30.056
45.059 42.848 40.086 40.401 36.043 39.355 41.761 37.174 35.416 39.995 39.907 34.602 36.017 40.432 37.786 34.970 32.001 31.910 28.175 29.314 25.226 23.787 24.568 25.564 30.526 28.164 24.945 29.743 31.622 27.174 28.091 33.162 31.873 28.969 31.517 36.025 36.562 37.710 40.483 42.209 44.398 38.759 41.459 36.383 40.335 35.300 35.583 36.238 40.130 36.421 39.967 35.081 39.414 38.786 37.267 33.034 33.482 35.064 33.518 39.208 36.071 33.206 34.492 39.348 42.996 43.379 46.234 45.513 40.720 41.999 39.957 40.921 36.592 40.391 35.003 37.091 41.219 41.295 45.632 41.931 46.468 44.648 40.168 44.074 45.072 46.362 45.182 39.377 42.193 41.636 37.584 36.251 38.135 35.966 32.046 32.856 33.412 29.754 26.904 27.062 22.781 20.996 18.474 22.920 23.177 20.398 26.014 26.554 25.257 27.242 24.137 20.306 22.018 24.876 23.755 18.657 17.706 22.225 24.390 24.744 26.983 28.838 30.573 32.276 32.651 37.223 37.192 41.868 37.601 24.134 17.516 30.340 17.069 21.317 33.164 24.038 17.893 25.328 15.382 28.661 16.797 13.564 16.799 11.059 33.210 21.016 27.002 23.629 23.300 18.914 15.986 14.609 19.320 27.071 31.909
41.518 39.649 36.763 37.410 33.232 36.531 38.580 33.829 32.302 36.755 36.317 31.002 32.636 36.798 33.890 31.162 28.214 28.525 24.797 25.398 21.164 20.181 20.831 22.516 27.307 25.137 21.495 26.113 28.459 24.160 24.500 29.683 28.904 25.932 27.978 32.521 33.526 34.499 37.095 38.505 40.760 35.217 37.806 32.884 36.871 31.766 32.449 32.688 36.453 32.583 36.164 31.286 35.438 34.945 33.515 29.101 29.719 30.940 29.467 35.163 32.046 28.986 30.205 35.107 38.725 39.305 42.105 41.554 36.735 38.178 35.942 36.741 32.327 36.058 30.613 32.723 36.802 36.965 41.368 37.811 42.378 40.434 36.066 40.147 41.079 42.616 41.244 35.509 38.118 37.445 33.538 32.202 33.875 31.675 27.889 28.618 29.015 25.422 22.636 22.663 18.466 16.850 14.103 18.589 19.183 16.263 21.808 22.721 21.773 23.967 20.554 16.767 19.197 22.181 20.712 15.474 15.406 20.121 22.618 21.967 24.693 26.824 27.870 29.526 30.592 35.032 34.498 39.164 34.671 22.435 14.825 29.763 15.303 19.602 31.974 22.323 15.810 22.692 11.982 26.736 14.483 10.841 13.652 8.046 32.133 20.290 25.234 21.485 23.066 17.094 13.104 11.726 16.694 24.657 30.559
37.438 35.409 32.466 32.930 28.673 32.004 34.182 29.523 27.914 32.496 32.245 26.964 28.634 32.970 30.293 27.726 24.483 24.696 21.343 22.139 18.453 17.031 17.135 18.377 23.119 20.692 17.279 22.058 24.037 19.694 20.487 25.549 24.537 21.855 24.229 28.659 29.419 30.219 33.120 34.638 37.048 31.543 34.564 29.806 34.225 29.486 30.605 31.064 34.574 30.463 33.532 28.327 32.359 31.432 29.683 25.542 26.361 27.978 27.055 32.816 30.325 27.204 27.867 32.560 36.623 36.875 40.044 39.369 34.816 36.842 34.753 35.043 30.986 34.216 28.932 30.337 34.790 34.369 38.759 35.083 39.382 37.429 32.890 36.747 37.532 38.707 37.551 31.719 34.697 34.270 30.078 28.744 30.947 28.861 24.653 25.765 26.747 22.855 19.819 20.992 16.859 14.375 11.996 16.041 15.652 13.573 19.122 19.273 18.811 20.221 16.642 13.346 15.718 18.090 16.322 11.181 10.786 15.537 18.024 17.387 20.185 22.183 23.274 25.038 26.044 30.487 29.998 34.768 30.437 19.079 13.768 24.456 11.522 17.439 28.717 19.902 12.750 22.038 10.892 25.113 11.579 8.341 14.017 6.040 27.899 15.186 23.864 20.577 17.524 13.522 10.903 11.626 16.364 23.751 26.770
35.876 33.241 31.134 31.514 27.468 31.500 33.457 28.682 27.837 32.715 32.156 27.169 29.624 33.806 30.989 29.212 25.309 26.258 23.769 23.842 20.750 19.799 18.560 19.865 23.966 20.745 17.441 22.032 23.324 18.317 19.164 24.084 22.362 19.010 21.902 26.380 26.568 28.285 30.717 33.039 34.796 29.008 31.817 26.652 30.852 26.266 26.783 28.046 31.705 27.945 30.892 25.835 30.467 29.597 28.282 24.400 24.118 26.697 25.202 30.850 28.456 26.086 27.043 31.462 35.519 34.968 38.318 37.089 32.706 34.552 33.130 33.676 30.275 33.546 28.871 30.166 34.919 33.935 37.730 33.462 37.782 36.596 31.691 34.998 36.536 37.519 37.081 31.222 34.840 33.902 29.378 28.993 31.440 28.640 24.612 26.790 27.390 22.848 20.732 22.611 19.287 16.902 13.744 16.828 15.670 12.846 18.367 17.602 15.707 17.300 15.072 10.928 11.771 14.796 14.622 9.762 9.662 13.681 17.424 16.993 20.675 21.295 22.364 25.184 26.076 30.478 29.998 35.179 31.318 18.510 14.956 23.873 10.340 17.962 29.023 20.168 11.973 23.401 11.495 25.583 8.364 5.606 15.932 4.281 27.606 13.562 24.703 21.980 17.542 10.227 7.585 13.692 18.386 24.867 26.368
37.691 34.580 32.387 32.035 27.602 31.401 34.127 29.854 28.315 33.330 33.631 28.718 30.534 35.237 33.139 31.138 27.285 27.237 24.859 26.150 23.568 21.509 20.575 20.269 24.640 21.203 19.013 23.879 24.184 19.272 21.563 26.003 23.430 20.866 24.683 28.816 28.138 29.627 32.774 35.393 37.388 31.709 35.124 30.146 34.681 30.589 31.108 32.850 36.348 32.558 34.982 29.692 34.151 32.673 30.793 27.486 27.524 30.580 29.698 35.299 33.407 31.014 31.495 35.687 40.093 39.290 42.924 41.565 37.454 39.602 38.327 38.582 35.365 38.279 33.635 34.375 39.306 37.948 41.801 37.511 41.464 40.190 35.196 38.162 39.368 39.671 39.496 33.566 37.537 37.191 32.419 31.708 34.774 32.444 27.918 30.059 31.469 26.984 24.306 26.805 23.128 20.053 17.873 20.899 18.915 17.415 22.704 21.139 19.739 20.055 17.907 14.828 14.706 16.338 16.040 12.004 9.450 12.954 15.556 17.146 19.598 19.878 22.295 24.931 24.545 29.143 29.578 34.684 31.274 17.799 16.835 21.325 9.677 18.559 28.369 20.384 11.977 25.112 13.598 26.172 7.725 6.904 18.686 6.447 26.033 10.700 25.580 23.519 15.277 8.405 9.869 16.231 20.607 26.256 25.109
33.265 30.033 28.381 28.343 24.309 28.668 30.779 26.234 25.604 30.683 30.344 25.694 28.365 32.631 30.174 28.910 24.599 25.563 23.917 24.084 21.947 20.703 18.584 19.065 22.615 18.788 16.269 20.689 20.906 15.618 17.344 21.729 19.098 15.874 19.670 23.856 23.185 25.245 27.833 30.774 32.331 26.524 29.713 24.606 29.069 25.137 25.672 27.654 31.042 27.368 29.604 24.416 29.116 27.763 26.295 23.076 22.417 25.937 24.806 30.254 28.604 26.637 27.156 31.080 35.469 34.210 37.949 36.334 32.407 34.646 33.724 33.928 31.234 33.981 29.846 30.396 35.481 33.729 37.159 32.575 36.517 35.714 30.560 33.230 34.941 35.330 35.528 29.668 33.931 33.098 28.217 28.261 31.325 28.465 24.217 27.121 28.148 23.292 21.412 24.435 21.577 18.720 16.045 18.068 15.636 13.806 18.667 16.526 14.435 14.819 13.586 10.171 9.117 11.275 12.101 8.467 7.450 10.170 14.429 14.734 18.539 17.994 19.424 22.881 23.295 27.621 27.429 32.811 29.529 15.803 15.244 20.161 7.599 17.145 26.885 18.756 9.841 23.277 11.607 24.425 4.005 4.002 18.045 4.970 24.431 9.274 24.121 22.068 14.769 5.188 5.895 15.680 19.328 24.427 23.292
31.405 28.793 26.314 26.500 22.299 26.187 28.327 23.705 22.583 27.516 27.259 22.301 24.616 28.977 26.529 24.829 20.769 21.453 19.442 19.840 17.576 16.094 14.290 14.922 18.857 15.465 12.546 17.283 18.184 13.276 14.840 19.555 17.732 15.076 18.282 22.522 22.583 23.695 26.723 28.879 31.088 25.506 28.998 24.326 29.183 25.165 26.589 27.735 30.870 26.715 28.915 23.426 27.556 26.054 24.139 20.634 21.044 23.808 23.367 28.995 27.493 24.825 24.870 28.979 33.557 32.892 36.611 35.470 31.459 34.128 32.644 32.395 29.296 31.805 27.253 27.608 32.633 31.095 35.025 30.889 34.774 33.304 28.366 31.523 32.574 33.134 32.745 26.822 30.700 30.261 25.525 24.873 27.912 25.556 21.000 23.355 24.821 20.260 17.671 20.782 17.617 14.406 12.332 14.511 12.058 11.139 16.085 14.389 13.931 13.987 11.100 8.470 9.610 11.043 9.767 5.138 4.388 8.692 12.376 11.635 15.403 16.105 17.074 19.821 20.799 25.150 24.626 29.817 26.058 13.469 11.144 19.939 5.333 13.417 24.238 15.383 6.835 19.360 8.009 20.891 4.963 3.530 14.268 3.655 22.895 10.325 20.307 17.988 13.942 7.208 7.336 11.749 15.160 20.576 21.476
33.995 31.656 28.544 28.491 23.974 27.170 29.832 25.531 23.470 28.222 28.592 23.428 24.790 29.530 27.493 25.035 21.548 21.132 18.375 20.002 17.437 14.981 14.520 14.247 19.004 16.207 13.731 18.743 19.798 15.553 17.609 22.198 20.609 18.753 21.834 25.892 26.049 26.431 30.018 31.697 34.422 29.094 32.848 28.467 33.461 29.406 31.033 31.846 34.938 30.609 32.840 27.257 30.955 29.276 26.896 23.404 24.658 26.853 26.878 32.559 31.013 27.874 27.685 31.942 36.567 36.397 40.030 39.215 35.124 37.875 36.001 35.608 32.070 34.536 29.550 29.900 34.729 33.532 37.894 34.169 37.949 35.923 31.243 34.680 35.091 35.562 34.726 28.819 32.309 32.458 27.917 26.416 29.463 27.799 22.985 24.464 26.467 22.432 18.976 21.675 17.752 14.192 13.080 16.049 14.035 13.897 18.862 17.724 18.165 17.981 14.278 12.428 14.189 15.000 12.615 8.334 6.014 10.653 12.441 12.631 14.891 16.746 18.426 20.147 20.580 25.109 25.026 29.855 25.884 14.315 8.939 19.069 6.472 12.349 24.163 14.850 7.957 17.316 5.752 19.887 6.890 5.991 10.093 4.032 22.923 9.621 18.783 15.877 12.432 8.488 9.795 7.627 12.027 18.908 21.913
34.014 31.279 28.178 27.487 22.731 25.717 28.984 25.201 22.654 27.481 28.572 23.661 24.551 29.633 28.283 25.886 22.395 21.225 18.985 21.489 19.770 16.573 15.989 14.084 18.691 15.647 14.492 19.404 19.367 15.367 18.653 22.583 20.267 19.185 22.948 26.581 25.993 26.159 30.284 32.229 35.087 29.939 34.166 30.027 35.266 31.718 33.401 34.617 37.506 33.189 34.881 29.176 32.686 30.486 27.686 24.854 26.246 28.924 29.452 34.986 33.974 30.957 30.351 34.261 39.162 38.655 42.551 41.578 37.811 40.865 39.208 38.524 35.330 37.391 32.645 32.408 37.391 35.728 39.986 36.217 39.601 37.613 32.876 35.882 36.061 35.888 35.392 29.527 33.386 33.993 29.261 27.670 31.282 29.953 24.851 26.501 29.125 25.113 21.511 24.899 21.102 17.174 16.775 19.185 16.368 17.222 21.709 19.748 20.452 19.212 15.916 15.000 15.799 15.423 13.090 10.234 6.075 9.339 9.711 11.930 12.920 14.323 17.165 18.770 18.039 22.691 23.385 28.155 24.720 13.778 13.494 17.741 6.608 13.943 23.611 15.792 8.572 21.388 11.808 21.638 9.581 9.530 17.079 9.025 21.886 9.086 20.916 19.314 10.850 10.351 13.317 14.234 17.306 22.213 21.005
38.806 35.982 32.942 32.125 27.322 30.143 33.615 29.955 27.217 31.946 33.228 28.280 28.857 34.019 32.734 30.034 26.819 25.327 22.622 25.489 23.277 19.972 20.134 18.255 23.092 20.299 19.124 24.072 24.122 20.150 23.340 27.370 24.951 23.684 27.519 31.260 30.557 30.901 34.983 37.014 39.799 34.557 38.637 34.262 39.311 35.507 36.758 38.092 41.256 37.061 39.081 33.462 37.184 35.146 32.446 29.473 30.713 33.319 33.490 39.119 37.696 34.685 34.426 38.549 43.290 42.911 46.675 45.696 41.725 44.433 42.730 42.385 38.915 41.338 36.366 36.548 41.398 40.057 44.397 40.616 44.171 42.172 37.457 40.565 40.798 40.684 40.110 34.249 37.950 38.554 33.902 32.188 35.598 34.275 29.260 30.604 33.043 29.130 25.448 28.170 23.979 20.309 19.675 22.784 20.562 20.716 25.638 24.082 24.262 23.546 20.380 18.775 19.439 19.649 17.772 14.461 10.604 13.812 13.852 16.688 17.081 18.490 21.792 23.157 21.860 26.510 27.640 32.187 28.824 16.189 16.425 18.488 9.896 16.297 25.104 18.082 11.838 24.105 15.160 23.897 12.624 12.559 19.775 11.547 23.293 10.845 23.034 21.717 11.600 12.924 16.201 16.850 19.931 24.797 22.688
38.437 35.962 32.282 31.136 26.237 28.083 32.038 29.024 25.394 29.685 31.763 27.008 26.514 31.892 31.385 28.277 25.687 23.022 20.366 24.441 22.917 18.754 19.623 16.379 21.160 19.122 19.005 23.590 23.367 20.503 24.195 27.626 25.493 25.345 28.987 32.243 31.583 30.934 35.652 37.120 40.503 35.771 40.320 36.573 41.974 38.536 40.434 41.436 44.218 39.748 41.307 35.530 38.531 36.043 32.734 30.203 32.365 34.589 35.680 41.171 40.286 36.890 35.947 39.827 44.807 44.698 48.565 47.884 44.158 47.384 45.414 44.489 41.007 42.861 37.839 37.402 42.137 40.694 45.301 41.990 45.094 42.559 38.164 41.265 40.679 40.184 39.321 33.685 37.115 38.514 34.058 31.615 35.298 34.842 29.576 30.331 33.616 30.250 25.984 29.033 24.804 20.800 21.501 24.187 21.713 23.263 27.520 25.886 27.293 25.744 22.038 21.733 22.843 21.990 19.056 16.782 12.749 15.060 12.950 16.308 14.776 17.202 20.857 20.984 19.049 23.486 25.096 28.998 25.778 14.427 16.050 16.225 10.414 14.294 21.076 15.806 11.757 22.758 16.141 21.421 15.395 15.704 20.055 14.968 19.746 11.471 20.530 19.968 9.224 15.554 19.497 17.146 19.265 23.031 19.535
42.988 40.071 36.785 35.321 30.411 32.393 36.570 33.730 30.188 34.544 36.798 32.173 31.719 37.140 36.743 33.734 31.050 28.397 25.846 29.902 28.240 24.182 24.976 21.744 26.364 24.053 24.074 28.708 28.070 24.914 28.854 32.236 29.542 29.195 33.284 36.569 35.392 35.186 39.852 41.782 44.903 40.017 44.522 40.499 45.759 42.300 43.687 45.138 48.140 43.870 45.524 39.802 43.151 40.675 37.487 35.052 36.758 39.384 40.117 45.652 44.582 41.428 40.772 44.697 49.636 49.278 53.179 52.261 48.489 51.456 49.704 49.075 45.627 47.730 42.729 42.494 47.295 45.817 50.284 46.723 49.897 47.632 43.077 45.975 45.662 44.978 44.421 38.760 42.414 43.707 39.115 36.914 40.651 39.977 34.739 35.700 38.802 35.238 31.149 34.035 29.701 25.846 26.063 29.037 26.603 27.564 32.164 30.370 31.055 29.657 26.488 25.631 26.063 25.447 23.320 20.925 16.617 18.634 16.728 20.980 19.426 20.906 25.181 25.652 22.942 27.288 29.484 33.331 30.590 19.506 20.861 19.943 15.413 19.287 25.610 20.787 16.959 27.553 20.805 26.183 19.000 18.948 24.241 18.231 24.140 15.179 25.121 24.610 13.313 18.726 22.307 21.312 23.752 27.830 24.329
43.456 41.219 37.248 35.989 31.119 32.322 36.499 33.854 29.768 33.611 36.097 31.434 30.195 35.557 35.411 31.843 29.914 26.578 23.539 28.252 26.580 22.190 23.998 20.597 25.341 23.979 24.050 28.432 28.383 26.008 29.609 32.945 31.042 31.121 34.598 37.780 37.224 36.243 41.132 42.286 45.914 41.352 45.940 42.295 47.699 44.146 46.059 46.878 49.705 45.172 46.852 41.078 43.885 41.398 37.938 35.398 37.898 39.751 40.960 46.473 45.447 41.817 40.856 44.830 49.735 49.979 53.727 53.262 49.440 52.612 50.393 49.473 45.685 47.584 42.316 41.999 46.476 45.372 50.216 47.199 50.266 47.395 43.240 46.516 45.548 45.042 43.855 38.393 41.402 43.155 38.956 36.038 39.532 39.522 34.300 34.419 37.860 34.929 30.370 32.857 28.365 24.598 25.689 28.699 26.712 28.261 32.536 31.315 32.901 31.504 27.557 27.227 28.598 27.854 24.743 22.366 18.546 20.879 18.281 21.648 19.321 22.177 25.927 25.302 22.993 27.063 29.042 32.259 29.135 19.683 20.744 20.847 17.133 18.467 24.349 19.898 18.056 26.441 21.748 24.664 22.208 22.112 24.061 20.996 23.883 17.901 23.353 23.216 14.348 22.389 25.938 21.265 23.008 26.485 23.848
48.468 45.906 42.167 40.559 35.687 36.813 41.262 38.914 34.764 38.562 41.355 36.871 35.493 40.900 41.017 37.504 35.585 32.094 29.250 34.082 32.461 28.064 29.802 26.192 30.735 29.231 29.599 33.968 33.488 31.044 34.960 38.144 35.802 35.917 39.753 42.869 41.865 41.077 46.045 47.503 51.016 46.420 51.073 47.308 52.671 49.175 50.773 51.929 54.876 50.457 52.121 46.351 49.330 46.752 43.276 40.915 43.185 45.341 46.420 51.952 50.881 47.392 46.544 50.505 55.434 55.497 59.308 58.685 54.872 57.930 55.857 55.078 51.328 53.328 48.080 47.804 52.328 51.152 55.917 52.763 55.796 53.064 48.823 51.906 51.017 50.249 49.294 43.863 47.032 48.848 44.557 41.734 45.344 45.299 40.045 40.277 43.716 40.690 36.198 38.654 34.106 30.402 31.272 34.411 32.353 33.662 38.115 36.702 37.898 36.455 32.866 32.309 33.186 32.440 29.805 27.503 23.393 25.379 22.660 26.788 24.202 26.394 30.680 30.160 27.101 30.971 33.543 36.541 33.940 24.122 25.342 23.908 21.498 23.101 28.135 24.446 22.606 30.973 26.212 29.049 26.017 25.903 28.367 24.775 27.433 21.435 27.710 27.695 17.948 25.988 29.652 25.587 27.467 30.979 27.702
49.964 47.982 43.761 42.464 37.661 38.327 42.609 40.259 35.858 39.252 42.015 37.454 35.610 40.837 40.966 37.008 35.718 31.922 28.578 33.651 31.802 27.411 29.970 26.647 31.282 30.491 30.603 34.796 34.980 32.964 36.403 39.708 38.047 38.242 41.540 44.696 44.288 43.048 48.036 48.884 52.716 48.291 52.868 49.287 54.666 50.958 52.860 53.474 56.366 51.787 53.636 47.886 50.532 48.103 44.554 41.956 44.730 46.202 47.462 52.991 51.773 47.930 47.005 51.084 55.862 56.487 60.078 59.842 55.897 58.967 56.489 55.618 51.509 53.489 47.990 47.857 52.028 51.320 56.386 53.669 56.735 53.544 49.642 53.117 51.814 51.364 49.837 44.568 47.117 49.152 45.239 41.912 45.134 45.518 40.407 39.917 43.400 40.910 36.154 38.004 33.345 29.938 31.289 34.570 33.091 34.544 38.828 38.037 39.737 38.551 34.395 33.974 35.596 35.022 31.780 29.248 25.633 28.073 25.275 28.521 25.778 28.923 32.641 31.452 28.995 32.667 34.852 37.403 34.375 27.094 26.665 27.115 24.743 24.886 29.447 26.326 25.672 31.197 28.372 29.559 29.352 28.989 28.596 27.656 30.148 25.045 27.708 27.773 21.313 29.474 32.748 26.181 27.639 31.079 30.431
53.427 51.165 47.104 45.362 40.603 41.005 45.615 43.754 39.187 42.441 45.673 41.430 39.323 44.602 45.209 41.403 40.121 36.026 33.155 38.479 37.060 32.499 34.801 30.914 35.185 34.308 35.024 39.071 38.624 36.793 40.710 43.630 41.549 42.084 45.728 48.633 47.727 46.453 51.651 52.721 56.542 52.248 57.044 53.556 59.020 55.583 57.404 58.341 61.180 56.644 58.220 52.425 55.044 52.344 48.628 46.428 49.141 50.955 52.383 57.854 56.887 53.163 52.089 55.988 60.919 61.280 65.039 64.651 60.879 64.074 61.773 60.801 56.897 58.713 53.357 52.943 57.228 56.225 61.177 58.379 61.216 58.122 54.172 57.326 55.940 55.041 53.805 48.648 51.421 53.694 49.676 46.398 49.922 50.421 45.192 44.889 48.625 46.053 41.316 43.532 38.960 35.394 36.786 39.883 38.021 39.690 43.913 42.698 44.330 42.744 38.910 38.686 39.825 38.870 35.888 33.802 29.815 31.644 28.378 32.390 29.101 31.674 35.895 34.637 31.361 34.700 37.530 39.735 37.389 28.973 30.418 28.045 27.457 27.622 30.937 28.726 28.307 35.071 31.902 32.584 32.420 32.306 33.222 31.008 30.834 27.340 31.144 31.636 22.924 32.360 36.087 30.620 32.013 34.810 31.380
57.769 55.669 51.511 50.001 45.214 45.687 50.151 48.057 43.537 46.766 49.782 45.351 43.266 48.452 48.808 44.768 43.673 39.689 36.376 41.563 39.659 35.313 38.014 34.632 39.144 38.402 38.654 42.823 42.842 40.844 44.415 47.663 45.808 46.021 49.490 52.631 52.006 50.823 55.885 56.827 60.654 56.225 60.829 57.160 62.500 58.736 60.409 61.162 64.180 59.661 61.597 55.852 58.583 56.134 52.558 50.017 52.723 54.256 55.415 60.980 59.623 55.798 54.991 59.121 63.855 64.515 68.078 67.826 63.816 66.742 64.256 63.527 59.305 61.414 55.833 55.834 59.915 59.332 64.433 61.727 64.801 61.585 57.709 61.152 59.799 59.225 57.718 52.524 55.012 57.161 53.286 49.890 53.070 53.543 48.456 47.841 51.296 48.887 44.122 45.710 40.978 37.754 38.996 42.459 41.109 42.339 46.770 46.017 47.481 46.374 42.354 41.724 43.136 42.655 39.657 37.069 33.333 35.662 32.791 36.424 33.480 36.323 40.333 39.076 36.175 39.599 42.175 44.376 41.708 33.112 33.487 32.674 31.182 31.230 35.090 32.538 32.004 38.134 34.928 36.195 35.808 35.322 35.725 33.868 35.356 31.418 34.540 34.715 27.361 35.935 39.059 33.209 34.751 38.018 35.812
55.964 54.295 49.795 48.441 43.762 43.815 48.168 46.212 41.503 44.370 47.444 43.106 40.640 45.655 46.167 41.937 41.291 37.043 33.650 39.026 37.285 32.900 35.975 32.581 36.936 36.713 37.034 40.922 41.220 39.697 43.050 46.168 44.775 45.255 48.348 51.355 51.086 49.458 54.591 55.064 59.153 54.983 59.622 56.257 61.678 57.960 60.017 60.395 63.220 58.561 60.406 54.672 57.013 54.546 50.841 48.329 51.466 52.567 54.066 59.528 58.321 54.267 53.209 57.255 61.956 62.925 66.402 66.417 62.470 65.587 62.867 61.882 57.581 59.448 53.839 53.681 57.543 57.107 62.349 59.997 62.926 59.391 55.800 59.387 57.648 57.165 55.324 50.336 52.431 54.837 51.240 47.506 50.530 51.403 46.399 45.358 49.003 46.992 42.072 43.533 38.895 35.760 37.503 40.774 39.589 41.234 45.320 44.802 46.814 45.608 41.253 41.026 42.881 42.227 38.743 36.323 32.859 35.215 32.075 35.181 31.964 35.387 39.003 37.217 34.669 37.863 40.192 42.011 39.172 32.610 32.909 32.824 31.749 30.203 33.093 31.347 32.171 36.546 35.033 34.295 37.121 36.470 35.143 34.867 34.334 32.621 32.554 33.078 27.775 37.452 40.253 32.828 33.705 36.216 34.733
52.796 50.907 46.536 44.907 40.242 40.231 44.774 43.069 38.302 41.214 44.543 40.394 37.903 43.042 43.827 39.837 38.972 34.598 31.662 37.194 35.925 31.313 33.964 30.032 34.156 33.759 34.562 38.359 38.141 36.747 40.487 43.285 41.601 42.381 45.705 48.490 47.883 46.207 51.486 52.146 56.206 52.141 56.974 53.745 59.279 55.874 58.007 58.628 61.315 56.659 58.165 52.377 54.661 51.938 48.097 45.930 49.024 50.463 52.185 57.574 56.722 52.798 51.513 55.346 60.250 60.884 64.569 64.411 60.686 64.034 61.527 60.346 56.360 57.977 52.585 52.040 56.133 55.264 60.349 57.861 60.569 57.188 53.489 56.768 55.030 54.191 52.660 47.689 50.114 52.635 48.859 45.267 48.664 49.528 44.365 43.675 47.588 45.370 40.485 42.578 38.074 34.592 36.419 39.368 37.658 39.676 43.615 42.610 44.707 43.043 38.918 39.031 40.549 39.455 36.054 34.109 30.357 32.208 28.686 32.249 28.669 31.764 35.655 33.892 30.880 33.981 36.639 38.452 35.993 29.032 29.387 29.389 28.171 26.632 29.890 27.806 28.556 33.165 31.513 30.928 33.722 33.280 31.815 31.789 30.892 29.234 29.215 29.695 24.345 34.053 37.124 29.450 30.317 32.856 31.285
49.141 47.519 42.954 41.522 36.900 36.784 41.176 39.396 34.592 37.408 40.632 36.448 33.878 38.960 39.695 35.627 34.905 30.482 27.461 33.041 31.858 27.222 30.017 26.131 30.241 30.102 30.849 34.512 34.542 33.369 36.904 39.683 38.332 39.201 42.244 44.987 44.670 42.775 48.031 48.423 52.600 48.645 53.453 50.388 55.948 52.565 54.944 55.322 57.879 53.151 54.609 48.842 50.919 48.223 44.353 42.148 45.465 46.652 48.545 53.868 53.109 49.080 47.655 51.440 56.325 57.105 60.742 60.719 57.033 60.493 57.878 56.549 52.560 54.036 48.658 48.017 52.031 51.208 56.348 54.022 56.684 53.164 49.589 52.972 51.088 50.380 48.661 43.743 45.992 48.568 44.915 41.187 44.504 45.510 40.391 39.535 43.526 41.473 36.529 38.634 34.217 30.732 32.837 35.615 33.967 36.246 39.951 39.077 41.511 39.814 35.475 35.847 37.674 36.504 32.779 30.927 27.421 29.343 25.769 28.832 25.225 28.777 32.303 30.301 27.710 30.821 33.147 34.946 32.189 26.027 27.286 26.241 25.418 24.114 27.138 25.135 25.856 31.192 29.371 28.521 31.160 31.013 30.232 29.722 27.880 26.163 26.997 27.709 21.087 31.326 34.870 27.768 28.551 30.784 28.241
45.262 43.523 39.075 37.789 33.071 33.400 37.669 35.518 30.934 34.121 37.035 32.624 30.504 35.715 36.091 32.150 31.022 26.943 23.834 29.181 27.850 23.229 25.764 22.019 26.413 25.947 26.435 30.323 30.440 28.937 32.418 35.400 33.999 34.635 37.711 40.600 40.327 38.657 43.787 44.342 48.380 44.241 48.970 45.763 51.288 47.853 50.178 50.609 53.208 48.511 50.027 44.254 46.510 43.893 40.145 37.793 40.927 42.249 43.979 49.354 48.542 44.603 43.277 47.120 52.021 52.664 56.331 56.201 52.478 55.891 53.373 52.123 48.202 49.773 44.429 43.857 48.030 47.111 52.180 49.659 52.455 49.110 45.359 48.756 47.147 46.568 44.965 39.840 42.314 44.612 40.791 37.287 40.659 41.350 36.184 35.615 39.463 37.146 32.286 34.563 30.129 26.502 28.402 31.191 29.434 31.601 35.408 34.463 36.766 35.149 30.833 31.094 32.913 31.845 28.162 26.178 22.681 24.771 21.474 24.410 21.197 24.771 28.224 26.592 24.284 27.794 29.851 32.212 29.147 22.238 22.143 22.847 21.261 19.512 24.420 20.886 21.447 26.255 24.328 24.378 27.150 26.675 24.863 25.197 24.746 23.051 22.644 22.811 17.869 27.721 30.538 22.431 23.281 26.075 25.210
46.236 43.900 39.888 38.066 33.311 33.778 38.416 36.605 32.074 35.462 38.726 34.588 32.626 37.996 38.684 35.169 33.600 29.554 27.139 32.442 31.525 26.832 28.607 24.293 28.357 27.307 28.402 32.316 31.518 29.838 33.992 36.629 34.455 35.279 38.966 41.661 40.637 39.249 44.520 45.649 49.461 45.289 50.219 46.945 52.516 49.397 51.462 52.463 55.071 50.510 51.731 45.916 48.384 45.489 41.680 39.759 42.499 44.516 46.220 51.561 50.998 47.378 46.025 49.675 54.768 54.860 58.780 58.290 54.764 58.239 56.104 54.865 51.311 52.804 47.721 46.890 51.369 49.951 54.737 51.864 54.491 51.528 47.513 50.429 49.054 47.954 46.944 41.784 44.839 47.134 42.984 39.874 43.703 44.162 38.833 38.889 42.843 40.106 35.455 38.345 34.034 30.137 31.690 34.294 31.910 34.084 37.983 36.341 38.244 36.190 32.481 32.763 33.757 32.310 29.218 27.688 23.581 24.927 21.290 25.459 21.936 24.411 28.674 27.469 24.074 27.521 30.359 32.808 30.540 22.084 24.779 21.034 20.663 21.568 24.982 22.490 21.680 29.807 25.926 26.905 25.727 25.976 28.304 25.053 24.187 20.290 25.797 26.465 15.686 25.524 29.753 25.538 27.002 29.478 24.677
40.436 38.059 34.088 32.336 27.538 28.267 32.817 30.831 26.440 30.084 33.178 29.005 27.374 32.816 33.368 30.129 28.200 24.398 22.316 27.399 26.804 22.125 23.343 18.823 22.827 21.511 22.756 26.639 25.675 23.977 28.234 30.766 28.573 29.502 33.172 35.787 34.774 33.370 38.626 39.811 43.577 39.417 44.388 41.222 46.844 43.907 46.149 47.154 49.604 45.037 46.052 40.236 42.642 39.671 35.858 34.046 36.757 38.913 40.749 46.000 45.684 42.164 40.657 44.152 49.331 49.232 53.242 52.676 49.296 52.933 50.923 49.532 46.234 47.537 42.666 41.591 46.222 44.523 49.170 46.205 48.752 45.924 41.822 44.616 43.346 42.215 41.361 36.123 39.420 41.601 37.325 34.419 38.435 38.748 33.369 33.770 37.782 34.868 30.349 33.739 29.685 25.574 27.155 29.343 26.569 29.077 32.717 30.780 32.867 30.530 26.891 27.535 28.477 26.717 23.502 22.368 18.256 19.287 15.467 19.617 16.114 18.613 22.805 21.800 18.570 22.330 24.932 27.839 25.415 15.577 19.613 13.432 13.705 16.407 21.081 17.336 15.113 25.246 20.443 22.537 18.851 20.057 23.936 19.891 18.452 12.055 21.752 22.174 7.834 18.149 23.650 21.117 22.513 25.051 18.970
43.707 40.746 37.375 35.518 30.653 32.121 36.640 34.362 30.461 34.543 37.344 33.048 32.082 37.558 37.733 34.736 32.287 29.092 26.939 31.488 30.388 26.017 26.842 22.858 27.071 24.996 25.797 30.103 28.941 26.346 30.711 33.572 30.728 31.008 35.205 38.114 36.638 36.064 41.046 42.915 46.211 41.627 46.411 42.713 48.128 45.016 46.607 48.129 50.923 46.598 47.879 42.111 45.154 42.356 38.877 36.892 38.857 41.559 42.732 48.134 47.453 44.265 43.259 46.938 52.040 51.592 55.628 54.718 51.180 54.424 52.707 51.786 48.512 50.271 45.397 44.740 49.556 47.834 52.281 48.847 51.687 49.322 44.871 47.529 46.887 45.783 45.334 39.863 43.558 45.259 40.694 38.315 42.321 42.015 36.665 37.560 41.091 37.686 33.471 36.706 32.486 28.469 29.164 31.796 29.044 30.622 34.871 32.774 33.847 31.890 28.806 28.555 28.815 27.567 25.299 23.622 19.142 20.363 17.476 22.313 19.770 21.103 25.770 25.777 22.301 26.308 29.085 32.484 30.265 20.577 24.128 17.552 18.022 21.146 25.134 22.076 19.650 29.830 24.767 27.090 22.171 23.109 28.059 22.780 23.019 15.733 26.219 26.672 12.596 21.351 26.651 25.200 26.869 29.640 23.678
39.450 36.356 33.134 31.256 26.389 28.143 32.588 30.230 26.544 30.831 33.495 29.273 28.658 34.119 34.223 31.571 28.785 25.897 24.185 28.411 27.654 23.403 23.591 19.490 23.475 21.042 22.040 26.271 24.799 22.115 26.672 29.361 26.341 26.723 31.025 33.820 32.209 31.702 36.666 38.684 41.884 37.318 42.159 38.552 44.014 41.124 42.833 44.445 47.092 42.792 43.836 38.076 41.091 38.191 34.723 32.921 34.765 37.700 38.978 44.274 43.854 40.814 39.673 43.167 48.348 47.658 51.798 50.775 47.407 50.800 49.247 48.191 45.205 46.773 42.146 41.243 46.197 44.175 48.442 44.894 47.623 45.439 40.900 43.358 42.847 41.637 41.420 35.923 39.884 41.476 36.786 34.674 38.866 38.406 33.037 34.319 37.876 34.289 30.274 33.980 30.052 25.891 26.530 28.735 25.569 27.404 31.407 28.934 30.074 27.785 24.927 24.987 25.008 23.396 21.203 19.990 15.390 16.103 13.108 18.224 15.857 16.758 21.505 21.882 18.435 22.628 25.278 29.039 26.878 18.061 21.108 16.482 14.546 18.892 24.482 20.046 16.251 27.625 21.018 25.595 18.514 19.269 25.072 18.846 21.876 12.620 24.833 24.740 10.461 17.782 22.876 22.148 24.304 27.717 22.146
36.109 33.128 29.896 28.402 23.498 25.725 29.805 26.938 23.589 28.147 30.296 25.825 25.738 31.131 30.766 28.240 25.151 22.806 21.019 24.721 23.805 19.822 19.640 16.016 20.224 17.493 17.971 22.418 21.302 18.208 22.515 25.537 22.708 22.739 26.902 29.922 28.631 28.275 33.036 35.021 38.148 33.409 38.115 34.397 39.841 36.811 38.607 40.073 42.730 38.400 39.564 33.799 36.913 34.178 30.869 28.794 30.552 33.432 34.574 39.916 39.412 36.380 35.318 38.887 44.020 43.358 47.453 46.448 43.004 46.367 44.794 43.777 40.791 42.426 37.815 37.016 42.010 40.025 44.275 40.660 43.554 41.428 36.816 39.424 39.111 38.208 37.919 32.275 36.264 37.560 32.824 30.884 34.968 34.247 28.924 30.384 33.720 29.989 26.102 29.869 26.057 21.895 22.324 24.431 21.227 22.971 26.989 24.565 25.708 23.574 20.571 20.556 20.790 19.341 16.987 15.543 10.974 12.116 9.772 14.336 12.892 14.009 18.273 19.094 16.557 21.085 23.017 27.265 24.606 12.442 16.320 12.863 8.476 14.098 20.348 15.131 10.293 22.954 15.954 21.058 13.368 14.625 20.973 14.663 17.644 7.764 20.653 20.445 5.894 12.911 18.186 18.152 20.049 23.091 17.571
37.145 33.624 31.196 29.807 25.055 28.190 31.906 28.631 26.145 31.063 32.620 28.145 28.981 34.173 33.272 31.216 27.560 26.185 24.521 27.259 25.938 22.641 21.765 19.149 23.198 19.735 19.535 24.158 22.950 18.858 22.928 26.254 22.841 21.918 26.520 29.839 28.153 28.868 33.055 35.777 38.246 33.072 37.408 33.128 38.238 35.071 36.150 38.185 41.151 37.166 38.579 32.992 36.798 34.364 31.606 29.362 30.110 33.595 33.929 39.307 38.463 35.936 35.445 39.095 44.054 42.940 47.020 45.613 42.073 44.993 43.829 43.315 40.521 42.580 38.162 37.785 42.930 40.870 44.751 40.625 43.816 42.316 37.372 39.765 40.262 39.502 39.682 33.894 38.266 38.883 33.914 32.752 36.711 35.207 30.111 32.234 34.882 30.618 27.353 30.990 27.314 23.428 22.737 25.021 21.856 22.429 26.900 24.260 24.100 22.479 20.386 19.292 18.547 17.825 16.915 14.954 10.408 11.660 11.480 15.885 16.095 15.771 19.905 21.977 19.735 24.294 26.007 30.758 28.242 15.793 17.692 16.499 9.549 17.110 24.995 18.545 11.900 25.262 16.136 24.534 11.702 12.496 21.488 12.493 22.090 7.964 23.990 23.005 10.200 11.104 15.937 18.621 21.512 25.822 21.784
31.324 27.930 25.383 24.136 19.403 22.773 26.242 22.829 20.584 25.612 26.942 22.572 23.776 28.818 27.874 26.220 22.300 21.320 20.320 22.575 21.927 18.867 17.130 14.467 17.979 14.189 14.249 18.630 17.163 13.067 17.401 20.473 17.118 16.551 21.098 24.222 22.664 23.095 27.394 29.980 32.578 27.549 32.098 28.169 33.528 30.700 32.369 34.183 36.774 32.638 33.622 27.949 31.424 28.770 25.862 23.862 24.827 28.369 29.190 34.401 34.080 31.538 30.604 33.951 39.073 37.851 42.065 40.710 37.435 40.780 39.633 38.688 36.225 37.814 33.696 32.803 38.042 35.626 39.405 35.349 38.299 36.781 31.856 34.119 34.503 33.665 33.922 28.161 32.698 33.346 28.322 27.306 31.481 30.024 24.882 27.334 30.190 25.907 22.807 27.136 24.002 19.981 19.624 20.994 17.190 18.653 22.411 19.272 19.829 17.438 15.303 15.250 14.596 12.879 11.440 10.596 5.958 5.983 6.161 10.243 11.174 10.511 14.183 16.651 15.112 19.683 20.816 25.856 23.265 8.986 14.270 10.445 5.186 11.961 17.955 12.627 7.060 20.652 13.693 18.610 8.770 10.252 19.437 10.927 15.004 4.075 18.653 18.549 3.690 8.021 13.385 16.843 18.338 20.763 14.499
32.054 28.790 26.509 25.872 21.373 25.214 28.067 24.030 22.448 27.551 28.102 23.455 25.317 30.077 28.388 26.785 22.669 22.543 21.067 22.444 20.993 18.638 16.796 15.637 19.416 15.582 14.217 18.882 18.354 13.522 16.742 20.621 17.644 15.823 20.098 23.815 22.752 23.847 27.465 30.137 32.374 26.940 30.958 26.488 31.553 28.172 29.455 31.244 34.191 30.163 31.738 26.174 30.180 28.081 25.737 23.062 23.460 26.925 26.960 32.371 31.442 29.018 28.675 32.371 37.220 36.080 40.092 38.686 35.065 37.974 36.828 36.348 33.673 35.788 31.535 31.294 36.489 34.423 38.164 33.905 37.342 36.031 30.987 33.554 34.461 34.232 34.356 28.466 32.849 32.872 27.882 27.218 30.905 28.865 24.006 26.586 28.701 24.152 21.406 25.178 22.007 18.361 17.048 18.854 15.585 15.757 20.149 17.472 17.104 15.827 13.742 12.291 11.731 11.532 10.769 8.241 4.254 6.697 9.505 11.391 13.956 13.621 16.118 19.032 18.582 23.096 23.523 28.748 25.685 14.421 16.222 16.888 7.071 16.373 24.801 17.729 9.742 23.947 13.487 23.724 6.391 7.829 19.861 8.677 21.896 6.447 23.449 22.177 11.015 5.576 10.477 17.265 20.370 24.671 21.166
29.581 25.692 24.093 23.038 18.745 23.018 25.846 22.126 21.061 26.236 26.845 22.788 25.017 29.586 28.192 27.318 22.885 23.059 22.629 23.677 23.136 20.980 18.262 16.679 19.355 15.020 14.639 18.573 16.821 11.967 15.888 18.849 14.888 13.398 18.402 21.584 19.564 21.101 24.702 28.032 29.912 24.594 28.831 24.568 29.680 27.045 28.292 30.655 33.277 29.482 30.358 24.912 28.878 26.416 24.091 22.228 22.096 26.371 26.635 31.651 31.389 29.474 28.847 31.958 36.945 35.120 39.394 37.622 34.501 37.652 37.013 36.301 34.355 36.013 32.411 31.587 36.954 34.220 37.450 32.933 35.955 35.145 29.963 31.790 32.969 32.177 33.027 27.308 32.260 32.239 27.046 27.005 31.102 28.918 24.154 27.439 29.673 24.954 22.769 27.268 24.744 21.112 19.921 20.748 16.756 17.462 20.962 17.245 16.661 14.257 13.614 13.088 10.926 9.242 9.919 9.700 6.476 4.913 8.371 10.934 13.637 11.379 14.097 17.876 17.016 21.212 21.831 27.226 24.924 13.597 17.813 13.684 8.223 17.757 23.884 18.280 10.881 25.404 14.944 24.122 6.532 8.849 21.643 10.296 19.571 2.862 24.512 23.904 10.091 4.449 11.368 19.140 22.075 25.787 19.088
34.162 30.159 28.537 27.181 22.750 26.655 29.925 26.484 24.923 30.041 31.087 26.938 28.652 33.499 32.328 31.043 26.849 26.409 25.490 27.233 26.281 23.667 21.681 19.641 22.896 18.797 18.548 22.795 21.078 16.467 20.483 23.526 19.517 18.136 23.137 26.341 24.139 25.663 29.372 32.746 34.632 29.320 33.482 29.062 33.991 31.171 31.963 34.520 37.400 33.715 34.852 29.467 33.573 31.176 28.814 26.868 26.767 30.943 30.977 36.109 35.508 33.551 33.172 36.494 41.407 39.679 43.875 42.077 38.798 41.667 41.006 40.566 38.358 40.315 36.450 35.926 41.237 38.737 42.090 37.574 40.693 39.825 34.662 36.556 37.673 36.801 37.589 31.855 36.696 36.827 31.669 31.349 35.403 33.337 28.493 31.435 33.708 29.050 26.550 30.629 27.588 23.886 22.627 24.212 20.611 20.880 24.972 21.657 20.727 18.858 17.990 16.815 14.794 13.875 14.424 13.260 9.290 9.103 10.772 14.712 16.250 14.343 18.036 21.268 19.440 23.788 25.132 30.300 28.130 17.357 20.375 16.630 10.716 20.287 27.521 21.339 13.464 27.963 17.659 27.351 9.156 11.295 24.186 12.593 23.483 6.931 27.307 26.292 12.246 7.369 13.611 21.593 24.591 28.606 23.233
31.657 27.627 25.736 23.866 19.322 22.801 26.509 23.669 21.656 26.625 28.281 24.505 25.741 30.687 30.173 29.004 24.970 23.968 23.706 25.949 25.867 22.841 20.716 17.598 20.257 16.247 17.247 21.021 18.443 14.647 19.511 21.716 17.482 17.383 22.463 25.043 22.495 23.265 27.598 30.786 33.052 28.213 32.903 29.140 34.413 32.181 33.594 35.987 38.409 34.546 35.032 29.533 33.004 30.061 27.164 25.901 26.405 30.578 31.477 36.375 36.473 34.357 33.312 36.234 41.423 39.641 44.038 42.350 39.458 42.872 42.160 41.147 39.197 40.533 36.865 35.621 40.965 38.076 41.438 37.176 39.768 38.679 33.675 35.269 35.846 34.409 35.325 29.779 34.749 35.444 30.295 29.712 34.204 32.685 27.633 30.523 33.469 29.078 26.343 31.047 28.216 24.214 23.817 24.782 20.625 22.185 25.538 21.764 21.933 18.928 17.933 18.191 16.385 13.948 13.705 14.069 9.871 7.833 7.353 12.618 12.934 10.350 14.853 17.759 15.118 19.334 21.175 26.159 24.503 15.601 20.904 12.970 11.217 19.475 24.800 20.292 13.735 28.010 19.216 26.247 11.100 13.787 25.263 15.070 20.062 4.342 26.253 25.900 9.280 8.422 16.164 22.506 24.994 28.297 20.036
36.974 33.062 30.903 28.877 24.217 27.087 31.201 28.614 25.979 30.751 32.869 28.921 29.472 34.692 34.418 32.672 29.032 27.291 26.375 29.436 28.895 25.356 24.165 20.664 23.994 20.465 21.395 25.515 23.274 19.732 24.511 26.982 22.986 22.872 27.837 30.562 28.127 28.691 33.178 36.176 38.618 33.786 38.447 34.547 39.759 37.221 38.387 40.762 43.433 39.536 40.346 34.797 38.334 35.463 32.452 30.959 31.709 35.602 36.379 41.482 41.216 38.880 38.009 41.225 46.376 44.874 49.177 47.595 44.468 47.683 46.783 45.964 43.608 45.227 41.164 40.219 45.471 42.919 46.559 42.409 45.133 43.793 38.863 40.703 41.052 39.636 40.276 34.709 39.406 40.352 35.296 34.242 38.633 37.361 32.181 34.548 37.611 33.376 30.187 34.406 31.000 26.929 26.638 28.366 24.653 25.917 29.845 26.569 26.644 24.154 22.641 22.355 20.959 19.210 18.602 17.958 13.318 12.784 11.314 16.964 16.153 14.704 19.643 21.668 18.273 22.498 24.997 29.518 27.864 17.248 22.883 12.464 13.166 20.661 24.589 21.150 15.681 29.653 21.340 27.008 14.468 16.754 27.392 17.714 19.871 7.592 27.017 27.291 8.761 12.494 19.436 24.617 26.919 29.626 20.458
34.422 31.019 28.111 25.925 21.144 23.131 27.615 25.508 22.105 26.528 29.239 25.447 25.197 30.540 30.851 28.872 25.697 23.153 22.511 26.268 26.375 22.373 21.489 17.017 20.080 17.163 18.989 22.721 20.323 17.864 22.932 24.920 21.444 22.382 26.910 29.236 27.144 26.606 31.667 33.963 37.029 32.689 37.737 34.473 40.022 37.724 39.653 41.484 43.777 39.562 40.012 34.318 37.120 33.902 30.348 29.173 30.858 34.241 35.867 40.852 41.047 38.300 36.809 39.823 45.160 44.000 48.350 47.128 44.187 47.898 46.667 45.291 42.894 43.992 39.890 38.409 43.536 40.920 44.816 41.150 43.497 41.616 37.012 38.944 38.516 36.871 37.163 31.792 36.211 37.806 32.963 31.284 35.868 35.325 29.972 31.867 35.591 31.839 28.217 32.734 29.419 25.135 25.836 27.139 23.242 25.689 29.011 25.781 27.130 24.015 21.784 22.665 22.089 19.519 17.591 17.738 13.204 12.215 8.499 14.441 11.962 11.465 16.628 17.518 13.613 17.801 20.598 24.685 23.080 13.665 20.725 9.570 11.622 17.507 20.870 17.671 13.574 26.616 20.245 23.414 15.507 17.920 25.882 18.723 16.472 6.691 23.612 24.280 4.980 13.861 20.927 23.200 24.636 26.372 16.899
39.881 36.317 33.571 31.156 26.475 28.172 32.855 31.046 27.497 31.701 34.702 30.989 30.398 35.785 36.304 34.103 31.158 28.279 27.325 31.467 31.277 27.080 26.711 22.219 25.462 22.775 24.510 28.344 25.965 23.504 28.538 30.575 26.939 27.735 32.423 34.782 32.439 32.076 37.114 39.560 42.542 38.182 43.184 39.761 45.203 42.815 44.394 46.457 48.940 44.815 45.411 39.744 42.717 39.531 36.011 34.820 36.370 39.824 41.242 46.311 46.294 43.570 42.270 45.407 50.705 49.536 53.868 52.574 49.541 53.064 51.865 50.689 48.147 49.456 45.203 43.926 49.022 46.536 50.470 46.755 49.151 47.296 42.682 44.581 44.167 42.404 42.741 37.429 41.781 43.463 38.640 36.867 41.398 40.901 35.536 37.248 40.949 37.212 33.468 37.658 34.021 29.783 30.365 32.148 28.515 30.551 34.256 31.182 32.130 29.293 27.168 27.545 26.778 24.594 23.043 22.685 17.992 17.486 14.169 20.082 17.391 16.924 22.209 22.860 18.459 22.222 25.565 29.174 27.928 18.427 24.618 13.370 16.354 21.301 23.308 21.637 18.258 30.536 24.419 27.156 19.585 21.199 29.403 21.663 19.447 12.054 27.039 27.830 9.387 17.897 24.010 26.572 28.201 30.237 20.554
41.955 38.930 35.560 33.243 28.537 29.448 34.278 32.705 28.546 32.304 35.667 31.898 30.511 35.947 36.783 34.051 31.742 28.136 26.777 31.613 31.382 26.823 27.308 22.519 25.962 24.067 25.871 29.624 27.706 25.847 30.679 32.765 29.744 30.838 35.104 37.452 35.600 34.583 39.874 41.694 45.130 40.989 46.089 42.885 48.464 45.905 47.820 49.429 51.867 47.512 48.210 42.446 45.057 41.849 38.064 36.747 38.949 41.809 43.559 48.696 48.628 45.495 44.004 47.255 52.554 51.881 56.105 55.161 52.020 55.667 54.078 52.730 49.840 51.067 46.518 45.226 50.094 47.927 52.218 48.913 51.262 48.885 44.563 46.801 45.824 44.163 43.968 38.786 42.627 44.746 40.205 37.785 42.165 42.220 36.799 37.813 41.823 38.547 34.354 38.208 34.337 30.120 31.301 33.282 30.004 32.392 36.045 33.446 35.017 32.279 29.445 30.055 30.047 27.926 25.552 24.955 20.421 20.499 16.571 21.913 18.369 19.263 24.235 23.825 19.496 23.000 26.402 29.342 27.880 20.171 25.949 15.416 18.694 22.310 24.236 22.671 20.328 31.493 26.269 27.861 22.991 24.540 30.585 24.606 21.062 15.273 27.540 28.542 11.425 21.726 27.923 27.745 29.181 31.075 22.091
40.604 37.467 34.271 31.434 27.064 27.373 32.446 31.726 27.485 30.804 34.702 31.645 29.938 35.177 36.698 34.400 32.212 28.379 27.981 32.856 33.503 28.947 28.967 23.615 26.026 24.302 27.081 30.127 27.366 26.310 31.492 32.674 29.449 31.352 35.641 37.331 35.018 33.626 39.116 40.952 44.419 40.803 46.151 43.488 49.138 47.213 49.375 51.128 53.186 48.887 48.957 43.295 45.468 41.872 37.862 37.318 39.625 42.692 44.958 49.745 50.311 47.333 45.403 48.149 53.593 52.614 57.010 55.985 53.304 57.306 55.922 54.182 51.762 52.449 48.326 46.408 51.303 48.648 52.668 49.475 51.275 48.995 44.825 46.521 45.273 42.983 43.168 38.384 42.398 44.878 40.394 38.073 42.798 43.151 37.763 38.983 43.367 40.210 36.185 40.618 37.173 32.860 34.373 35.685 31.935 34.979 37.997 34.886 36.820 33.353 30.960 32.350 31.973 29.051 26.788 27.292 22.894 21.808 17.205 22.757 18.486 18.570 23.653 22.928 17.737 20.385 24.490 26.839 26.437 20.651 28.166 13.438 21.086 23.627 22.607 23.287 22.538 32.792 28.829 27.859 25.716 27.503 33.044 27.676 18.697 17.358 27.947 29.885 12.149 24.294 30.837 30.276 31.290 31.916 20.301
45.571 42.470 39.209 36.484 32.037 32.364 37.420 36.541 32.210 35.512 39.376 36.082 34.238 39.541 40.949 38.301 36.282 32.303 31.330 36.436 36.590 31.920 32.466 27.328 30.239 28.622 30.968 34.344 31.979 30.629 35.667 37.248 34.081 35.627 39.963 41.936 39.735 38.499 43.939 45.764 49.244 45.437 50.694 47.763 53.370 51.127 53.068 54.826 57.127 52.808 53.207 47.488 49.874 46.431 42.482 41.608 43.897 46.851 48.866 53.853 54.061 50.968 49.272 52.297 57.674 56.883 61.196 60.217 57.291 61.087 59.578 58.062 55.328 56.318 51.902 50.324 55.158 52.807 57.011 53.810 55.838 53.450 49.257 51.196 49.971 47.874 47.857 42.975 46.807 49.262 44.806 42.308 46.845 47.194 41.774 42.723 46.996 43.868 39.655 43.648 39.853 35.621 37.025 38.849 35.446 38.089 41.537 38.746 40.429 37.370 34.763 35.648 35.406 32.958 30.721 30.554 26.021 25.609 21.354 26.857 22.782 23.279 28.359 27.588 22.637 25.358 29.362 31.568 30.919 24.229 30.860 17.672 23.915 26.567 26.470 26.567 25.381 35.696 31.566 31.226 28.392 30.115 35.626 30.234 22.994 20.102 31.029 32.644 15.567 26.931 33.446 32.843 33.882 34.978 24.500
45.658 42.347 39.286 36.835 32.172 33.264 38.124 36.578 32.583 36.408 39.759 36.018 34.772 40.204 40.999 38.320 35.899 32.419 30.997 35.741 35.298 30.808 31.268 26.656 30.151 28.044 29.715 33.597 31.557 29.403 34.288 36.444 33.109 33.969 38.486 40.903 38.757 38.099 43.279 45.417 48.641 44.370 49.399 45.983 51.449 48.853 50.417 52.318 54.915 50.693 51.485 45.760 48.637 45.476 41.817 40.487 42.365 45.475 46.948 52.136 51.913 48.931 47.656 50.975 56.242 55.407 59.648 58.541 55.348 58.808 57.363 56.230 53.341 54.766 50.202 49.085 54.013 51.844 56.050 52.558 54.991 52.809 48.362 50.494 49.747 48.015 48.019 42.797 46.778 48.765 44.125 41.885 46.266 46.125 40.716 41.872 45.721 42.279 38.180 41.913 37.925 33.767 34.619 36.839 33.616 35.590 39.517 36.861 37.954 35.381 32.839 33.042 32.675 30.786 28.902 28.082 23.426 23.551 20.050 25.641 22.411 22.785 27.949 27.871 23.353 26.754 30.352 33.292 32.072 25.435 30.101 19.423 23.779 26.823 28.510 27.481 25.496 35.633 30.625 32.335 27.119 28.559 34.082 28.612 25.100 19.687 31.617 32.444 16.635 25.623 31.731 31.216 32.869 35.287 26.446
42.040 38.296 35.765 33.004 28.524 29.919 34.768 33.446 29.858 33.820 37.142 33.783 32.978 38.290 39.176 37.112 34.267 31.201 30.564 34.844 34.932 30.670 30.254 25.508 28.358 25.767 27.914 31.478 28.681 26.536 31.748 33.382 29.526 30.631 35.432 37.494 34.779 34.374 39.476 42.055 44.973 40.831 45.926 42.675 48.092 45.986 47.503 49.772 52.159 48.118 48.469 42.869 45.738 42.381 38.790 37.961 39.455 43.086 44.637 49.572 49.768 47.154 45.742 48.690 54.043 52.687 57.103 55.709 52.862 56.461 55.401 54.141 51.779 52.934 48.830 47.351 52.466 49.786 53.588 49.869 52.034 50.277 45.702 47.305 46.822 44.706 45.287 40.165 44.614 46.465 41.648 39.928 44.611 44.230 38.872 40.651 44.498 40.791 37.097 41.437 37.873 33.608 34.276 35.930 32.162 34.329 37.890 34.605 35.526 32.441 30.617 31.164 30.100 27.667 26.364 26.370 21.701 20.749 17.246 23.316 20.275 19.337 24.758 25.282 20.338 23.578 27.410 30.625 30.008 22.280 29.790 14.432 21.341 25.863 26.264 25.755 23.181 35.159 29.624 30.911 24.325 26.401 34.729 26.950 21.442 16.040 31.069 32.456 13.104 22.417 29.340 31.883 33.353 34.582 22.918
46.713 42.714 40.518 37.596 33.260 34.686 39.550 38.377 34.918 38.829 42.208 38.955 38.177 43.458 44.398 42.374 39.502 36.460 35.781 40.066 40.018 35.771 35.399 30.746 33.599 30.930 33.010 36.619 33.703 31.416 36.638 38.249 34.144 35.091 40.073 42.118 39.096 38.996 43.965 46.825 49.527 45.353 50.369 46.987 52.255 50.194 51.360 53.936 56.437 52.556 52.937 47.419 50.481 47.147 43.668 42.900 44.108 47.961 49.293 54.227 54.328 51.874 50.630 53.593 58.914 57.382 61.817 60.257 57.416 60.850 59.954 58.872 56.550 57.845 53.760 52.395 57.551 54.842 58.538 54.669 56.848 55.283 50.630 52.073 51.767 49.520 50.312 45.225 49.777 51.562 46.687 45.112 49.807 49.302 43.970 45.843 49.590 45.770 42.152 46.392 42.729 38.511 38.950 40.796 37.084 38.922 42.679 39.344 39.844 36.895 35.373 35.592 34.191 31.965 31.119 30.967 26.264 25.364 22.241 28.371 25.500 24.244 29.706 30.398 25.306 28.284 32.313 35.363 35.061 26.907 33.022 20.036 24.797 29.730 31.250 30.023 26.822 38.957 32.702 35.307 27.517 29.316 37.513 29.675 26.920 19.885 35.140 36.110 17.734 25.707 32.288 34.618 36.469 38.593 28.278
48.907 45.142 42.628 40.082 35.486 37.075 41.853 40.173 36.586 40.663 43.804 40.060 39.277 44.697 45.266 42.814 40.038 36.976 35.581 39.962 39.278 35.009 35.155 30.874 34.407 31.833 33.265 37.317 35.088 32.413 37.321 39.581 35.782 36.221 41.073 43.596 41.043 41.023 45.931 48.605 51.417 46.914 51.769 48.032 53.271 50.670 51.701 54.059 56.854 52.886 53.784 48.173 51.474 48.426 45.039 43.686 44.973 48.517 49.529 54.738 54.326 51.667 50.728 54.093 59.292 58.121 62.388 60.981 57.757 60.925 59.779 58.974 56.206 57.901 53.430 52.547 57.607 55.353 59.337 55.496 58.073 56.297 51.614 53.545 53.279 51.506 51.877 46.548 50.837 52.482 47.649 45.837 50.235 49.656 44.306 45.851 49.377 45.598 41.778 45.466 41.453 37.374 37.653 40.051 36.809 38.182 42.404 39.579 39.919 37.574 35.579 35.234 34.267 32.697 31.607 30.587 25.871 25.940 23.183 29.011 26.430 26.000 31.322 31.929 27.343 30.789 34.445 37.682 36.657 28.580 33.061 22.432 25.227 30.612 33.296 31.354 27.369 39.594 32.429 36.824 27.333 28.562 36.952 28.601 29.250 21.049 36.339 36.712 19.531 25.840 31.554 34.006 36.397 39.525 30.478
44.654 40.989 38.391 36.126 31.409 33.348 37.933 35.842 32.418 36.735 39.533 35.560 35.103 40.533 40.758 38.341 35.376 32.626 31.121 35.218 34.397 30.272 30.250 26.236 29.964 27.210 28.327 32.533 30.553 27.597 32.360 34.875 31.200 31.394 36.169 38.883 36.584 36.650 41.459 44.082 46.882 42.220 46.989 43.149 48.400 45.649 46.765 48.978 51.795 47.781 48.801 43.167 46.542 43.622 40.334 38.754 40.007 43.479 44.391 49.652 49.149 46.468 45.595 49.038 54.193 53.091 57.309 55.946 52.636 55.780 54.580 53.807 51.002 52.760 48.273 47.489 52.562 50.374 54.379 50.508 53.232 51.460 46.730 48.820 48.678 47.169 47.434 41.967 46.254 47.693 42.833 41.104 45.409 44.661 39.341 40.969 44.339 40.481 36.728 40.413 36.452 32.381 32.529 34.904 31.678 32.963 37.218 34.463 34.802 32.585 30.470 30.039 29.213 27.771 26.586 25.389 20.682 20.979 18.507 24.174 22.032 21.742 26.916 27.782 23.659 27.517 30.739 34.407 32.923 24.079 28.263 20.122 21.098 25.595 29.192 26.400 22.993 34.530 28.084 31.764 23.749 25.183 32.243 25.177 26.090 17.442 31.161 31.559 15.581 22.093 28.087 29.314 31.436 34.418 26.907
44.935 40.841 38.896 36.728 32.134 34.820 39.097 36.656 33.901 38.559 40.863 36.864 37.161 42.475 42.256 40.226 36.767 34.759 33.368 36.758 35.704 32.036 31.440 28.044 31.720 28.385 29.072 33.394 31.324 27.692 32.288 34.962 30.871 30.426 35.470 38.341 35.725 36.609 40.947 44.151 46.410 41.453 45.912 41.699 46.633 43.870 44.410 47.090 50.091 46.399 47.545 42.108 45.971 43.276 40.418 38.756 39.241 43.180 43.506 48.725 48.021 45.778 45.309 48.758 53.771 52.272 56.478 54.778 51.455 54.251 53.423 53.022 50.439 52.475 48.200 47.689 52.889 50.594 54.271 49.998 52.916 51.670 46.685 48.562 49.071 47.663 48.326 42.739 47.359 48.260 43.211 42.100 46.345 44.989 39.842 42.011 44.885 40.622 37.352 41.024 37.218 33.308 32.712 35.109 31.857 32.406 36.866 33.921 33.348 31.458 30.059 28.995 27.449 26.450 26.269 24.891 20.338 20.544 19.307 24.870 23.825 22.631 27.679 29.482 25.679 29.679 32.625 36.811 35.342 25.033 28.360 21.546 20.178 26.951 32.267 28.029 22.557 35.605 27.010 33.862 21.227 22.247 31.942 22.348 28.570 16.372 33.338 33.007 16.950 19.896 25.100 29.014 31.927 35.894 29.089
41.103 37.463 35.020 33.282 28.507 31.234 35.321 32.460 29.603 34.338 36.368 32.028 32.366 37.696 37.182 34.923 31.531 29.603 27.860 31.175 29.888 26.247 25.831 22.704 26.762 23.557 23.799 28.341 26.873 23.139 27.456 30.546 26.975 26.378 31.091 34.241 32.275 32.855 37.243 40.000 42.541 37.492 41.937 37.719 42.814 39.728 40.659 42.833 45.836 41.893 43.260 37.680 41.427 38.867 35.958 33.900 34.754 38.255 38.672 44.041 43.197 40.642 40.126 43.768 48.758 47.651 51.752 50.331 46.815 49.700 48.540 48.049 45.189 47.258 42.759 42.359 47.468 45.433 49.369 45.294 48.382 46.814 41.919 44.224 44.550 43.540 43.756 38.050 42.390 43.272 38.330 36.959 41.007 39.735 34.564 36.469 39.318 35.185 31.725 35.235 31.346 27.431 26.960 29.461 26.393 27.038 31.568 28.967 28.815 27.121 25.064 24.019 23.185 22.363 21.479 19.651 15.069 16.035 14.924 19.965 19.211 18.894 23.559 25.190 22.123 26.495 28.858 33.236 31.080 20.967 23.688 18.993 15.854 22.321 27.972 23.472 18.190 31.004 22.252 29.204 17.149 17.844 27.133 17.745 24.986 13.245 28.554 28.278 13.266 16.243 20.949 24.212 27.253 31.226 25.298
42.437 38.376 36.690 35.095 30.553 33.997 37.694 34.508 32.422 37.407 38.892 34.594 35.703 40.825 39.846 38.014 34.178 33.067 31.453 33.951 32.388 29.352 28.368 26.046 29.929 26.223 25.943 30.496 28.999 24.600 28.552 31.799 27.849 26.446 31.372 34.693 32.422 33.948 37.717 41.092 42.988 37.634 41.641 36.982 41.637 38.497 38.681 41.398 44.644 41.116 42.683 37.391 41.703 39.463 37.104 34.945 34.874 38.854 38.527 43.819 42.682 40.661 40.671 44.316 49.079 47.549 51.588 49.792 46.244 48.660 47.928 47.918 45.299 47.722 43.479 43.450 48.639 46.543 50.087 45.585 48.903 47.936 42.803 44.871 45.935 45.072 45.704 39.935 44.564 44.830 39.747 39.076 42.975 41.028 36.141 38.596 40.816 36.283 33.438 36.802 33.132 29.526 28.162 30.694 27.732 27.386 32.129 29.407 28.078 26.920 25.769 23.868 22.154 22.052 22.464 20.382 16.286 17.181 17.650 22.247 22.702 21.456 25.789 28.348 25.659 30.011 32.088 36.867 34.789 23.843 24.844 22.090 17.219 25.013 32.288 26.590 19.673 32.801 22.660 32.530 16.397 16.832 27.618 16.805 28.785 14.372 31.818 30.540 16.787 15.510 19.373 24.783 28.407 33.565 28.928
40.034 36.401 34.448 33.442 28.884 32.546 35.816 32.067 30.204 35.261 36.195 31.555 32.995 37.970 36.452 34.507 30.644 29.998 27.978 29.973 27.915 25.272 24.339 22.884 27.088 23.454 22.288 27.062 26.397 21.669 24.931 28.782 25.423 23.437 27.925 31.670 30.133 31.667 35.175 38.215 40.170 34.613 38.359 33.504 38.121 34.502 34.813 37.100 40.492 36.839 38.830 33.516 37.933 36.047 33.899 31.177 31.152 34.726 34.125 39.586 38.072 35.877 36.121 40.042 44.643 43.457 47.309 45.714 41.879 44.153 43.166 43.300 40.386 43.060 38.611 38.957 44.033 42.294 46.000 41.582 45.224 44.106 39.017 41.528 42.668 42.367 42.606 36.721 41.057 41.036 36.075 35.371 38.893 36.762 32.016 34.324 36.177 31.655 28.862 31.824 28.118 24.733 23.016 25.800 23.264 22.405 27.424 25.210 23.815 23.322 21.709 19.259 18.178 18.866 18.975 15.989 12.351 14.470 15.982 19.340 20.733 20.231 23.754 26.387 24.773 29.343 30.641 35.636 32.867 18.939 19.281 20.890 11.184 20.409 29.348 22.013 13.730 27.429 16.203 27.938 8.948 9.372 22.157 9.880 26.390 10.284 27.484 25.754 15.195 8.645 12.003 19.538 23.215 28.424 25.727
43.893 40.094 38.627 37.795 33.436 37.423 40.426 36.470 35.055 40.172 40.739 36.097 37.918 42.725 40.853 39.051 35.069 34.884 32.726 34.234 31.755 29.594 28.614 27.819 31.997 28.263 26.645 31.372 30.919 25.895 28.619 32.647 29.252 26.614 30.983 34.897 33.328 35.519 38.466 41.829 43.293 37.531 40.750 35.506 39.570 35.721 35.215 37.837 41.549 38.325 40.715 35.767 40.633 39.172 37.532 34.601 33.886 37.579 36.206 41.591 39.569 37.792 38.652 42.678 46.927 45.591 49.229 47.415 43.430 45.076 44.355 45.079 42.181 45.328 40.981 41.880 46.856 45.331 48.786 44.129 48.052 47.337 42.166 44.631 46.310 46.264 46.656 40.773 45.115 44.615 39.690 39.396 42.604 39.999 35.602 38.074 39.301 34.633 32.307 34.725 31.106 28.195 25.760 28.794 26.757 24.845 30.077 28.166 25.729 26.087 25.075 21.753 20.254 21.899 22.882 19.538 16.705 18.914 21.136 24.076 26.000 25.215 28.469 31.461 30.039 34.564 35.735 40.853 38.065 25.404 24.294 26.096 17.741 26.372 35.248 28.173 20.115 32.712 21.000 34.079 14.491 13.767 25.785 13.510 32.230 16.350 33.276 31.003 20.418 14.452 15.492 23.281 27.667 34.010 31.841
38.636 35.044 33.643 33.226 29.068 33.355 35.859 31.569 30.661 35.796 35.828 31.201 33.547 38.051 35.811 34.335 30.144 30.635 28.718 29.459 27.063 25.447 23.883 23.811 27.685 23.840 21.732 26.293 26.157 20.920 23.091 27.286 24.191 21.115 25.220 29.279 28.085 30.417 33.038 36.312 37.669 31.835 34.897 29.612 33.716 29.782 29.536 31.986 35.628 32.313 34.714 29.763 34.672 33.370 31.957 28.872 27.966 31.640 30.172 35.545 33.590 31.865 32.723 36.698 40.921 39.548 43.188 41.394 37.417 39.195 38.473 39.094 36.338 39.397 35.215 36.070 41.077 39.468 42.813 38.118 42.106 41.482 36.299 38.815 40.668 40.882 41.250 35.392 39.717 38.923 34.028 34.034 37.104 34.243 30.022 32.772 33.740 28.936 26.971 29.566 26.347 23.563 20.812 23.431 21.324 19.172 24.262 22.297 19.688 20.272 19.405 15.840 14.304 16.403 17.628 14.151 12.139 14.544 17.908 19.658 22.598 21.784 24.172 27.527 27.012 31.473 31.952 37.271 34.245 21.440 20.675 23.744 13.402 22.546 32.026 24.311 15.803 28.995 17.170 30.130 9.836 9.509 22.870 9.839 29.203 12.976 29.577 27.480 18.115 9.452 11.431 20.378 24.436 30.198 28.456
43.128 39.497 38.426 38.162 34.158 38.576 40.907 36.492 35.835 40.956 40.739 36.099 38.617 42.994 40.483 39.021 34.862 35.601 33.445 33.909 31.080 29.819 28.454 28.843 32.790 29.005 26.581 31.077 31.201 25.887 27.567 31.879 28.889 25.392 29.212 33.369 32.252 35.025 37.166 40.594 41.559 35.625 38.137 32.569 36.050 31.859 30.787 33.434 37.390 34.530 37.379 32.863 38.090 37.235 36.270 32.980 31.566 35.153 32.966 38.213 35.690 34.331 35.807 39.893 43.698 42.309 45.654 43.730 39.585 40.665 40.135 41.374 38.554 42.099 37.976 39.428 44.233 42.952 46.102 41.291 45.542 45.214 40.053 42.588 44.848 45.338 45.739 39.930 44.131 42.955 38.192 38.447 41.149 37.953 34.105 36.819 37.210 32.420 30.822 32.726 29.544 27.267 23.994 26.923 25.458 22.405 27.601 26.134 22.718 24.177 23.697 19.496 17.888 20.758 22.455 18.728 17.291 19.793 23.262 24.860 27.928 27.098 29.378 32.822 32.364 36.815 37.261 42.603 39.516 26.722 24.652 29.087 18.533 27.316 37.333 29.286 20.755 33.082 20.835 34.961 14.145 12.907 25.809 12.813 34.658 18.350 34.226 31.698 23.469 14.501 13.943 23.524 28.040 34.535 33.889
46.121 42.609 40.998 40.490 36.147 40.122 42.933 38.719 37.351 42.418 42.720 37.876 39.742 44.453 42.266 40.262 36.434 36.412 33.819 35.113 32.104 30.235 29.622 29.411 33.840 30.332 28.174 32.981 33.135 28.063 30.224 34.618 31.668 28.691 32.633 36.797 35.711 37.916 40.637 43.761 45.211 39.355 42.250 36.841 40.657 36.387 35.679 38.000 41.931 38.777 41.641 36.837 41.804 40.708 39.284 35.939 35.212 38.490 36.733 42.187 39.658 37.815 39.053 43.339 47.311 46.305 49.674 48.012 43.748 45.011 44.105 45.170 41.939 45.464 40.909 42.325 47.083 46.014 49.582 45.023 49.233 48.424 43.353 46.152 47.901 48.269 48.352 42.447 46.467 45.763 41.022 40.643 43.449 40.737 36.556 38.734 39.567 35.035 32.762 34.484 30.742 28.230 25.476 28.936 27.565 25.018 30.486 29.233 26.598 27.705 26.405 22.562 21.639 23.991 24.780 20.806 18.547 21.450 23.904 26.210 28.386 28.146 31.034 33.874 32.886 37.480 38.363 43.466 40.301 28.177 25.084 30.896 20.138 27.827 38.220 30.045 22.153 33.494 21.803 35.585 16.583 15.035 25.728 14.360 36.180 20.417 34.506 31.832 24.694 17.074 16.259 23.373 28.035 34.991 35.419
43.306 40.354 38.211 38.087 33.711 37.475 40.082 35.644 34.151 39.074 39.168 34.101 35.877 40.480 38.076 35.805 32.216 32.249 29.277 30.435 27.081 25.371 25.115 25.417 30.069 26.937 24.273 29.147 30.017 25.108 26.773 31.516 29.268 26.283 29.683 34.043 33.684 35.408 38.195 40.723 42.532 36.732 39.635 34.362 38.381 33.788 33.670 35.274 39.158 35.653 38.737 33.780 38.488 37.521 36.009 32.280 32.076 34.720 33.137 38.760 36.087 33.772 34.927 39.442 43.391 42.913 46.159 44.881 40.413 41.849 40.463 41.359 37.724 41.272 36.387 37.945 42.549 41.825 45.727 41.487 45.816 44.570 39.690 42.953 44.373 45.109 44.681 38.771 42.369 41.731 37.204 36.460 38.979 36.464 32.303 34.045 34.843 30.555 28.030 29.378 25.461 23.072 20.363 24.133 23.221 20.628 26.247 25.589 23.564 24.967 22.829 18.943 19.171 21.766 21.677 17.095 15.340 19.132 21.669 23.019 25.417 26.067 28.380 30.830 30.545 35.175 35.571 40.578 36.912 25.780 21.772 28.734 17.728 24.936 35.307 27.226 19.487 30.159 18.385 32.694 14.847 12.412 22.123 11.073 33.714 18.881 31.465 28.652 22.219 16.156 14.220 19.856 24.607 31.779 32.952
45.627 42.268 40.158 39.441 34.865 38.410 41.585 37.607 35.657 40.624 41.382 36.462 37.774 42.721 40.898 38.541 34.976 34.310 31.550 33.541 30.662 28.223 28.067 27.222 31.891 28.631 26.838 31.786 31.862 27.111 29.733 34.055 31.167 28.763 32.801 36.871 35.813 37.414 40.682 43.490 45.422 39.719 43.063 37.926 42.187 38.005 37.883 39.912 43.667 40.144 42.797 37.666 42.280 40.847 38.947 35.694 35.643 38.716 37.565 43.158 40.905 38.615 39.408 43.728 47.972 47.218 50.722 49.293 45.056 46.756 45.538 46.195 42.766 46.020 41.205 42.299 47.087 46.002 49.902 45.590 49.625 48.374 43.396 46.337 47.551 47.721 47.569 41.636 45.547 45.336 40.599 39.691 42.704 40.491 35.974 37.785 39.173 34.856 32.007 33.916 29.843 26.965 24.873 28.463 26.902 25.136 30.614 29.312 27.549 28.081 26.118 22.873 22.449 24.132 24.086 20.184 17.239 20.281 21.830 24.623 26.030 26.279 29.558 31.860 30.510 35.148 36.321 41.185 38.008 24.958 23.619 26.301 17.481 25.247 34.483 27.233 19.762 31.970 20.773 32.991 15.936 14.835 24.843 13.882 31.987 16.851 31.975 29.970 20.122 15.983 17.118 22.276 26.692 33.191 31.535
42.093 38.866 36.311 35.347 30.603 33.732 37.228 33.566 31.109 35.968 37.192 32.334 33.165 38.303 36.939 34.432 31.026 29.771 27.177 29.806 27.444 24.396 24.348 22.654 27.337 24.238 23.045 27.987 27.759 23.430 26.647 30.675 27.794 26.141 30.301 34.112 32.998 33.931 37.766 40.281 42.681 37.242 41.119 36.415 41.190 37.334 37.962 39.761 43.166 39.265 41.441 35.983 40.117 38.216 35.789 32.844 33.477 36.476 36.141 41.755 40.082 37.428 37.559 41.708 46.318 45.649 49.390 48.137 44.116 46.457 45.042 45.083 41.713 44.434 39.575 40.035 44.932 43.569 47.680 43.605 47.292 45.670 40.784 43.692 44.349 44.180 43.925 38.030 41.956 42.282 37.512 36.180 39.563 37.876 32.998 34.642 36.738 32.587 29.251 31.786 27.635 24.213 22.976 26.248 24.125 23.540 28.714 27.047 26.328 25.940 23.457 21.201 21.097 21.752 20.850 17.463 13.708 16.529 17.065 20.391 21.015 21.599 25.216 27.050 25.362 29.994 31.404 36.068 32.996 21.948 21.044 22.767 14.890 21.955 30.677 23.903 17.018 29.129 18.959 29.656 14.961 14.245 23.291 13.425 28.290 14.683 28.662 26.892 16.332 15.190 17.329 20.473 24.321 30.103 28.036
46.081 42.381 40.245 38.855 34.156 37.303 41.070 37.744 35.294 40.175 41.708 37.095 37.850 43.077 42.001 39.655 36.163 34.737 32.444 35.273 33.149 29.980 29.780 27.639 32.063 28.766 28.090 32.906 32.043 27.723 31.358 35.033 31.564 30.037 34.627 38.227 36.461 37.709 41.560 44.539 46.692 41.262 45.177 40.401 45.034 41.435 41.613 43.950 47.406 43.757 45.767 40.417 44.723 42.686 40.281 37.685 37.956 41.421 40.968 46.471 44.885 42.546 42.752 46.748 51.384 50.340 54.181 52.647 48.771 50.979 49.893 50.071 46.943 49.678 45.009 45.390 50.388 48.792 52.680 48.385 51.953 50.632 45.621 48.153 48.999 48.462 48.615 42.765 46.992 47.346 42.431 41.320 44.925 43.152 38.255 40.153 42.297 38.004 34.822 37.524 33.435 29.997 28.681 31.844 29.489 28.845 33.969 31.920 30.744 30.141 28.305 26.042 25.122 25.565 25.359 22.482 18.514 20.435 20.638 24.881 25.068 24.839 29.063 31.078 28.558 33.033 35.056 39.634 37.130 24.878 25.486 23.639 18.719 25.767 32.851 27.362 20.994 33.401 23.564 33.193 18.694 18.449 27.912 17.909 29.890 16.685 32.385 31.000 17.899 18.329 20.971 25.066 28.767 34.204 30.014
46.087 42.718 39.962 38.364 33.513 35.919 40.075 37.167 33.995 38.559 40.677 36.109 36.055 41.452 40.903 38.150 35.148 32.874 30.466 34.150 32.318 28.544 28.967 26.027 30.537 27.783 27.673 32.396 31.485 27.855 31.843 35.275 32.085 31.330 35.777 39.152 37.545 37.967 42.378 44.844 47.557 42.446 46.773 42.417 47.436 43.957 44.764 46.694 49.916 45.919 47.693 42.101 45.883 43.520 40.606 38.185 39.267 42.345 42.591 48.131 46.855 44.057 43.762 47.716 52.567 51.869 55.784 54.563 50.756 53.399 51.959 51.687 48.371 50.753 45.872 45.879 50.791 49.230 53.455 49.550 52.860 51.007 46.230 48.910 49.067 48.319 48.135 42.395 46.352 47.322 42.551 40.791 44.546 43.443 38.295 39.657 42.418 38.529 34.779 37.598 33.298 29.592 29.168 32.289 29.844 30.132 35.015 33.038 32.885 31.741 29.203 27.745 27.473 27.219 25.991 23.450 19.113 20.939 19.731 24.344 23.313 23.868 28.391 29.494 26.521 30.864 33.257 37.325 34.876 24.848 27.168 22.689 20.423 25.659 31.224 26.932 22.441 34.148 25.863 32.481 21.439 21.428 29.952 20.868 28.547 18.084 31.623 31.279 17.156 20.890 24.426 27.050 30.208 34.403 28.969
48.048 44.119 42.014 40.079 35.395 38.099 42.307 39.608 36.788 41.473 43.634 39.362 39.623 44.981 44.531 42.211 38.869 36.855 34.957 38.381 36.823 33.201 33.028 29.984 34.076 30.883 31.087 35.661 34.094 30.269 34.540 37.635 33.801 32.988 37.868 41.041 38.748 39.701 43.935 47.011 49.298 44.158 48.435 43.979 48.801 45.652 45.992 48.539 51.776 48.089 49.637 44.206 48.245 45.793 43.048 40.990 41.481 45.176 45.202 50.584 49.457 47.110 46.928 50.661 55.531 54.286 58.334 56.729 53.132 55.654 54.671 54.539 51.630 54.003 49.462 49.360 54.453 52.519 56.367 52.120 55.314 53.954 48.977 51.168 51.723 50.630 51.023 45.325 49.726 50.515 45.536 44.279 48.266 46.847 41.748 43.656 46.309 42.100 38.728 41.891 37.825 34.099 33.311 36.176 33.373 33.450 38.268 35.771 34.988 33.653 31.966 30.392 29.175 28.785 28.491 26.420 22.018 23.012 22.096 27.270 26.421 25.805 30.660 32.337 28.847 32.998 35.760 39.946 38.100 27.018 29.167 24.341 21.231 28.595 34.271 29.932 23.695 36.841 27.323 35.744 21.167 21.759 32.206 21.752 30.926 17.914 34.937 34.343 19.567 20.040 24.355 29.320 32.699 37.384 31.580
49.839 46.258 43.597 41.531 36.752 38.742 43.258 40.924 37.476 41.810 44.468 40.228 39.739 45.201 45.190 42.460 39.630 36.877 34.796 38.935 37.516 33.452 33.928 30.342 34.508 31.884 32.462 36.943 35.463 32.241 36.668 39.626 36.125 35.869 40.548 43.585 41.516 41.772 46.433 49.020 51.784 46.901 51.458 47.305 52.397 49.242 50.033 52.204 55.313 51.350 52.815 47.206 50.836 48.184 45.051 43.062 44.228 47.511 48.031 53.471 52.479 49.729 49.218 52.977 57.968 57.093 61.147 59.839 56.230 59.024 57.700 57.275 54.118 56.287 51.508 51.211 56.171 54.379 58.546 54.658 57.691 55.848 51.102 53.487 53.450 52.245 52.278 46.696 50.772 52.073 47.272 45.423 49.443 48.598 43.339 44.697 47.796 43.976 40.134 43.208 38.931 35.096 34.982 37.922 35.214 35.890 40.582 38.295 38.273 36.678 34.369 33.295 32.689 31.938 30.814 28.852 24.311 25.403 23.435 28.709 26.857 27.028 32.021 32.830 29.005 32.949 36.025 39.650 37.845 28.892 31.605 25.333 25.321 29.561 33.331 30.614 27.213 38.060 31.391 35.709 26.740 27.278 34.856 26.965 30.833 22.168 34.821 34.982 20.744 25.687 30.239 31.937 34.416 38.127 31.677
52.279 48.244 46.122 43.718 39.131 41.255 45.838 43.791 40.595 44.955 47.723 43.795 43.489 48.903 49.061 46.690 43.624 41.018 39.393 43.380 42.242 38.252 38.270 34.530 38.306 35.382 36.295 40.605 38.541 35.276 39.960 42.557 38.546 38.362 43.366 46.160 43.494 44.104 48.654 51.714 54.152 49.329 53.884 49.733 54.679 51.871 52.334 54.999 58.071 54.350 55.558 50.084 53.850 51.073 48.032 46.417 47.160 50.936 51.363 56.645 55.847 53.447 52.961 56.500 61.534 60.201 64.386 62.768 59.380 62.131 61.180 60.810 58.010 60.109 55.621 55.164 60.275 58.138 61.992 57.855 60.724 59.268 54.385 56.322 56.549 54.982 55.513 50.015 54.451 55.674 50.716 49.245 53.492 52.453 47.217 48.997 52.079 48.029 44.456 47.856 43.762 39.871 39.542 42.253 39.225 39.834 44.428 41.697 41.268 39.434 37.790 36.727 35.410 34.452 34.004 32.491 27.895 28.298 26.450 32.144 30.340 29.578 34.819 36.009 31.709 35.373 38.813 42.424 41.226 31.805 35.226 26.547 27.872 33.279 37.279 34.271 30.024 42.009 34.463 39.733 29.202 30.367 38.630 30.171 33.673 23.555 39.032 39.085 23.141 27.607 33.089 35.683 38.387 42.100 34.700
53.717 49.825 47.464 44.818 40.291 41.837 46.657 45.084 41.513 45.532 48.751 45.055 44.216 49.631 50.260 47.773 45.036 41.924 40.460 44.900 44.102 39.828 40.086 35.848 39.397 36.833 38.234 42.314 40.044 37.322 42.224 44.488 40.574 40.928 45.865 48.393 45.683 45.812 50.663 53.474 56.184 51.658 56.462 52.633 57.770 55.156 55.942 58.471 61.364 57.494 58.455 52.892 56.312 53.288 49.954 48.613 49.760 53.396 54.263 59.488 58.969 56.383 55.570 58.977 64.144 62.911 67.171 65.683 62.429 65.459 64.385 63.721 60.923 62.740 58.236 57.464 62.526 60.307 64.265 60.352 62.958 61.261 56.543 58.414 58.224 56.382 56.838 51.527 55.838 57.474 52.622 50.841 55.226 54.607 49.269 50.804 54.273 50.462 46.654 50.204 46.097 42.083 42.243 44.806 41.660 42.812 47.174 44.380 44.472 42.256 40.397 39.834 38.716 37.312 36.450 35.304 30.610 30.740 28.133 33.984 31.422 30.878 36.238 36.865 32.154 35.435 39.242 42.324 41.481 34.599 38.595 28.774 31.268 35.951 38.477 36.718 33.381 44.750 37.989 41.776 33.103 33.992 42.071 33.822 35.338 27.388 41.063 41.626 25.857 31.735 36.929 39.126 41.528 44.572 36.549
55.967 52.405 49.664 47.407 42.675 44.269 48.979 46.969 43.257 47.336 50.327 46.205 45.296 50.772 51.065 48.144 45.612 42.467 40.311 44.815 43.408 39.177 40.022 36.217 40.326 37.986 38.772 43.169 41.626 38.679 43.185 46.020 42.528 42.475 47.156 50.098 47.937 48.023 52.824 55.335 58.208 53.440 58.078 53.988 59.091 55.951 56.689 58.878 62.016 58.044 59.508 53.885 57.433 54.703 51.444 49.546 50.863 54.068 54.678 60.131 59.114 56.281 55.737 59.517 64.523 63.739 67.788 66.527 62.904 65.682 64.292 63.869 60.599 62.776 57.890 57.595 62.479 60.774 65.038 61.250 64.214 62.240 57.577 59.960 59.722 58.368 58.340 52.859 56.809 58.350 53.624 51.552 55.576 54.968 49.672 50.777 54.023 50.370 46.364 49.266 44.855 41.072 41.153 44.228 41.645 42.389 47.103 44.912 44.972 43.357 40.973 39.946 39.397 38.608 37.397 35.464 30.931 31.981 29.672 35.031 32.709 33.019 38.123 38.552 34.391 38.014 41.428 44.596 43.063 33.498 36.052 29.841 29.760 34.147 38.313 35.290 31.681 42.585 35.694 40.467 32.027 32.401 39.098 31.828 35.690 27.019 39.500 39.497 25.325 31.121 35.567 36.189 38.816 42.679 36.537
56.133 52.825 49.753 47.290 42.645 43.551 48.470 46.984 42.852 46.495 49.962 46.123 44.590 50.015 50.846 47.801 45.693 41.981 40.040 45.032 44.079 39.553 40.655 36.306 40.101 38.233 39.571 43.643 41.919 39.644 44.344 46.781 43.486 44.060 48.598 51.220 49.093 48.573 53.707 55.850 59.069 54.675 59.592 55.919 61.261 58.356 59.551 61.519 64.404 60.235 61.387 55.666 58.752 55.746 52.147 50.565 52.397 55.379 56.552 61.911 61.262 58.194 57.221 60.817 65.968 65.337 69.461 68.390 64.943 68.093 66.533 65.711 62.464 64.253 59.377 58.673 63.468 61.671 66.057 62.582 65.219 62.928 58.502 60.830 60.067 58.438 58.265 53.036 56.781 58.813 54.255 51.805 55.959 55.878 50.494 51.286 54.995 51.668 47.404 50.504 46.148 42.232 42.938 45.750 43.022 44.466 48.826 46.569 47.309 45.227 42.571 42.194 41.911 40.579 38.844 37.386 32.795 33.510 30.370 35.783 32.626 33.267 38.393 38.134 33.642 36.817 40.534 43.069 41.875 33.786 38.016 28.278 31.558 35.046 36.957 35.752 33.342 43.768 38.239 40.567 34.695 35.683 41.406 35.312 33.964 28.044 39.801 40.553 25.125 33.423 38.936 38.565 40.711 43.479 35.270
60.026 56.997 53.635 51.408 46.680 47.476 52.325 50.654 46.374 49.923 53.304 49.245 47.524 52.928 53.623 50.224 48.410 44.578 42.146 47.249 45.897 41.402 43.043 38.989 43.091 41.515 42.481 46.683 45.473 43.173 47.575 50.336 47.381 47.756 52.070 54.920 53.173 52.546 57.669 59.537 62.911 58.424 63.241 59.451 64.768 61.523 62.712 64.406 67.437 63.190 64.672 58.924 62.023 59.204 55.625 53.700 55.722 58.332 59.386 64.875 63.896 60.616 59.796 63.632 68.654 68.399 72.355 71.489 67.799 70.785 68.962 68.281 64.670 66.678 61.519 61.135 65.735 64.350 68.977 65.669 68.508 65.960 61.644 64.328 63.437 62.116 61.560 56.292 59.689 61.742 57.345 54.610 58.471 58.511 53.185 53.555 57.147 54.044 49.608 52.163 47.598 43.911 44.664 47.826 45.563 46.775 51.318 49.537 50.328 48.642 45.603 44.966 45.120 44.173 42.163 40.216 35.808 37.105 34.110 39.111 36.027 37.286 42.188 41.667 37.546 40.806 44.283 46.693 45.100 36.123 38.242 32.960 33.736 35.722 38.744 36.784 35.119 43.643 38.954 41.113 37.460 37.551 41.081 36.576 37.403 32.115 39.864 40.280 28.682 36.928 41.078 38.327 40.264 43.475 38.337
55.328 52.475 48.928 46.644 41.974 42.457 47.357 45.919 41.471 44.828 48.393 44.505 42.542 47.909 48.858 45.499 43.826 39.771 37.588 42.874 41.918 37.275 38.874 34.482 38.338 36.976 38.292 42.256 40.912 39.012 43.518 45.999 43.190 43.956 48.146 50.770 49.086 48.091 53.373 55.013 58.570 54.327 59.303 55.822 61.293 58.266 59.826 61.362 64.159 59.790 60.997 55.208 57.984 54.990 51.228 49.530 51.847 54.349 55.796 61.173 60.526 57.148 56.001 59.647 64.774 64.545 68.568 67.801 64.289 67.576 65.696 64.694 61.218 62.893 57.847 57.110 61.699 60.150 64.782 61.647 64.250 61.564 57.382 59.988 58.823 57.356 56.754 51.630 54.966 57.257 52.941 50.066 54.049 54.351 48.984 49.289 53.168 50.209 45.690 48.553 44.138 40.296 41.438 44.269 41.788 43.535 47.745 45.827 47.096 45.038 41.872 41.751 42.048 40.677 38.330 36.796 32.371 33.377 29.902 34.873 31.365 32.807 37.646 36.790 32.585 35.671 39.201 41.390 39.912 32.243 34.902 29.214 30.292 32.018 34.671 32.949 31.598 40.117 35.786 37.269 34.446 34.735 38.082 33.856 33.328 28.671 36.122 36.748 24.824 33.876 38.337 35.316 37.014 39.841 34.250
53.697 50.567 47.335 45.231 40.437 41.637 46.361 44.392 40.348 44.198 47.300 43.115 41.807 47.268 47.679 44.471 42.308 38.822 36.459 41.273 39.902 35.503 36.785 32.856 37.052 35.157 35.972 40.290 39.069 36.491 40.876 43.741 40.703 40.897 45.262 48.194 46.455 46.034 51.031 53.049 56.281 51.666 56.411 52.537 57.824 54.591 55.766 57.514 60.534 56.327 57.799 52.070 55.291 52.529 49.071 47.082 48.912 51.669 52.609 58.090 57.133 53.973 53.204 57.021 62.047 61.639 65.623 64.659 60.992 63.972 62.263 61.608 58.133 60.156 55.108 54.721 59.444 57.929 62.439 58.975 61.885 59.517 55.073 57.717 57.070 55.846 55.418 50.015 53.613 55.420 50.897 48.410 52.323 52.090 46.767 47.437 50.898 47.575 43.290 46.057 41.581 37.794 38.339 41.404 38.982 40.117 44.675 42.758 43.419 41.739 38.815 38.119 38.164 37.242 35.354 33.393 28.941 30.245 27.491 32.518 29.794 30.884 35.775 35.632 31.691 35.288 38.550 41.449 39.637 31.296 33.722 27.470 28.803 31.655 34.702 32.690 30.411 39.597 34.133 37.464 32.316 32.466 36.473 31.455 32.521 26.369 36.286 36.328 23.240 31.466 35.973 33.673 35.907 39.619 33.507
57.468 54.726 51.124 49.284 44.449 45.410 50.042 47.946 43.706 47.354 50.393 46.022 44.422 49.808 50.126 46.511 44.770 41.098 38.210 43.174 41.411 37.051 39.001 35.392 39.849 38.393 38.846 43.213 42.583 40.119 44.131 47.283 44.709 44.778 48.806 51.927 50.656 50.014 55.011 56.633 60.083 55.449 60.092 56.181 61.450 57.881 59.135 60.502 63.626 59.313 61.107 55.366 58.499 55.930 52.466 50.140 52.268 54.524 55.417 61.000 59.728 56.295 55.634 59.679 64.551 64.612 68.392 67.708 63.806 66.650 64.608 64.046 60.170 62.370 57.019 56.941 61.397 60.356 65.145 61.947 65.026 62.318 58.066 61.105 60.231 59.337 58.441 53.062 56.199 58.090 53.811 50.949 54.511 54.502 49.273 49.391 52.762 49.779 45.285 47.418 42.739 39.238 39.944 43.347 41.478 42.452 47.115 45.768 46.612 45.330 41.935 41.062 41.678 41.119 38.835 36.412 32.251 34.153 31.475 35.932 33.204 35.048 39.609 39.055 35.550 39.134 42.124 44.771 42.552 32.919 34.132 31.317 30.391 31.881 35.757 33.129 31.634 39.452 34.933 37.347 34.178 33.916 36.696 32.709 35.049 29.627 35.919 36.088 26.189 33.981 37.504 33.985 35.929 39.382 35.677
52.342 49.794 46.036 44.395 39.535 40.545 45.041 42.766 38.546 42.236 45.108 40.634 39.107 44.483 44.656 41.017 39.264 35.667 32.688 37.600 35.833 31.466 33.441 29.915 34.471 33.086 33.406 37.775 37.366 34.942 38.806 42.035 39.703 39.771 43.606 46.761 45.753 44.978 49.951 51.387 54.917 50.307 54.929 51.101 56.420 52.826 54.308 55.462 58.498 54.099 55.882 50.126 53.144 50.615 47.147 44.730 47.004 49.089 50.082 55.652 54.435 50.911 50.161 54.201 59.070 59.233 62.986 62.400 58.505 61.449 59.317 58.643 54.759 56.873 51.523 51.392 55.828 54.809 59.640 56.528 59.614 56.821 52.621 55.769 54.840 54.096 53.064 47.664 50.717 52.577 48.348 45.432 48.941 48.958 43.742 43.806 47.194 44.263 39.729 41.912 37.268 33.713 34.552 37.871 36.017 37.152 41.707 40.448 41.540 40.251 36.645 35.920 36.815 36.224 33.654 31.204 27.148 29.224 26.550 30.680 28.045 30.245 34.565 33.946 30.803 34.550 37.230 40.034 37.497 30.269 31.169 29.274 27.519 29.128 33.676 30.484 28.707 36.698 31.971 34.850 31.529 31.232 33.508 29.823 33.003 27.078 33.400 33.376 23.762 31.432 34.779 30.833 33.036 36.719 33.472
52.376 50.160 46.221 45.040 40.165 41.348 45.512 42.789 38.715 42.435 44.856 40.077 38.725 43.973 43.676 39.798 38.185 34.870 31.312 35.934 33.564 29.488 31.896 29.120 34.028 32.829 32.436 36.943 37.279 34.671 37.942 41.626 39.770 39.413 42.854 46.314 45.856 45.131 49.861 51.027 54.576 49.821 54.159 50.180 55.353 51.366 52.828 53.612 56.786 52.369 54.567 48.888 51.967 49.793 46.533 43.632 45.960 47.597 48.311 53.966 52.330 48.653 48.172 52.475 57.101 57.653 61.153 60.775 56.616 59.305 56.921 56.463 52.233 54.640 49.052 49.381 53.590 53.051 58.049 55.075 58.456 55.509 51.413 54.965 54.093 53.864 52.449 46.980 49.671 51.298 47.258 44.229 47.293 47.228 42.206 41.927 44.952 42.201 37.649 39.152 34.354 31.154 31.855 35.544 34.317 35.006 39.723 39.083 40.132 39.444 35.487 34.368 35.812 35.803 33.026 29.943 26.370 29.203 27.116 30.398 28.357 31.138 34.921 34.306 31.980 35.938 38.016 40.989 37.817 27.885 27.754 28.248 24.698 26.231 31.984 27.835 25.779 33.485 28.506 32.248 28.686 28.086 29.096 26.659 31.674 25.076 30.659 30.229 22.120 28.897 31.763 26.648 29.149 33.690 31.837
49.509 46.771 43.324 41.957 37.043 38.779 42.980 40.139 36.420 40.566 42.868 38.121 37.344 42.724 42.295 38.878 36.608 33.724 30.611 34.873 32.678 28.670 30.233 27.346 32.195 30.283 29.981 34.672 34.482 31.381 34.989 38.626 36.179 35.625 39.526 42.994 42.044 41.822 46.438 48.186 51.381 46.429 50.773 46.588 51.707 47.898 49.057 50.348 53.579 49.331 51.381 45.711 49.138 46.882 43.762 41.027 42.816 45.095 45.578 51.229 49.712 46.402 46.029 50.224 54.968 54.971 58.664 57.907 53.867 56.523 54.546 54.195 50.332 52.772 47.451 47.669 52.224 51.237 55.921 52.507 55.893 53.423 48.992 52.190 51.784 51.335 50.457 44.818 48.096 49.425 45.026 42.540 45.933 45.384 40.261 40.717 43.631 40.332 36.087 38.178 33.523 30.045 30.215 33.748 31.986 32.463 37.348 36.137 36.648 35.797 32.397 31.073 31.821 31.751 29.596 26.646 22.685 25.207 23.455 27.359 25.721 27.620 31.778 31.904 29.254 33.451 35.700 39.201 36.309 26.641 25.834 26.440 22.498 25.020 31.991 26.845 23.744 32.205 26.058 31.595 25.829 25.016 27.883 23.538 31.140 22.739 30.015 29.113 20.610 26.162 28.605 25.134 27.820 32.656 31.397
46.013 43.808 39.950 39.001 34.128 35.703 39.611 36.540 32.764 36.752 38.790 33.865 32.996 38.246 37.598 33.929 31.938 29.067 25.537 29.778 27.363 23.382 25.416 22.910 27.972 26.501 25.795 30.434 30.921 28.066 31.177 35.013 33.246 32.697 36.046 39.596 39.293 38.696 43.261 44.474 47.915 43.072 47.332 43.330 48.502 44.532 46.110 46.852 49.965 45.532 47.694 42.017 45.152 43.043 39.901 36.895 39.113 40.814 41.482 47.134 45.572 41.956 41.462 45.745 50.404 50.830 54.371 53.930 49.808 52.572 50.267 49.756 45.666 48.032 42.549 42.821 47.178 46.481 51.381 48.284 51.720 48.916 44.711 48.258 47.592 47.503 46.172 40.582 43.438 44.813 40.665 37.865 40.971 40.642 35.608 35.627 38.546 35.566 31.125 32.917 28.197 24.807 25.350 28.929 27.540 28.238 32.948 32.221 33.295 32.622 28.632 27.522 29.078 29.110 26.265 23.078 19.605 22.686 21.013 23.877 22.412 25.254 28.722 28.462 26.666 30.904 32.528 35.981 32.506 22.854 22.493 24.162 18.595 21.559 28.813 23.351 19.898 28.747 22.572 28.306 22.155 21.560 24.618 20.137 28.016 19.242 26.642 25.644 17.410 22.455 25.231 21.894 24.399 29.211 27.876
43.735 41.125 37.797 36.939 32.080 34.433 38.106 34.629 31.469 35.925 37.489 32.474 32.465 37.688 36.577 33.388 30.699 28.653 25.401 28.833 26.254 22.720 23.858 21.878 26.954 24.716 23.582 28.490 28.832 25.218 28.273 32.356 30.188 29.048 32.685 36.454 35.920 36.011 40.221 41.972 44.960 39.789 43.836 39.467 44.457 40.430 41.602 42.724 46.012 41.786 44.059 38.462 42.083 40.135 37.345 34.225 35.758 37.960 38.112 43.808 42.095 38.854 38.704 43.019 47.635 47.640 51.238 50.467 46.313 48.847 46.881 46.665 42.807 45.419 40.133 40.596 45.200 44.282 48.879 45.338 48.974 46.672 42.143 45.507 45.466 45.453 44.537 38.745 42.056 42.887 38.453 36.298 39.471 38.468 33.495 34.221 36.694 33.156 29.168 31.201 26.634 23.218 22.866 26.481 24.869 24.884 29.932 28.918 29.214 28.806 25.324 23.593 24.633 25.072 22.948 19.424 15.860 19.152 18.542 21.458 21.088 23.093 26.551 27.267 25.684 30.217 31.624 35.736 32.285 21.359 19.534 24.321 16.406 19.490 28.180 21.591 17.570 26.462 19.412 26.625 19.553 18.558 21.404 16.997 27.749 18.173 25.088 23.605 17.187 20.101 22.055 18.633 21.666 27.195 27.250
40.677 38.673 34.739 34.094 29.283 31.059 34.651 31.289 27.735 31.833 33.504 28.455 27.927 33.103 32.158 28.612 26.413 23.903 20.355 24.263 21.859 17.940 19.742 17.548 22.736 21.219 20.170 24.847 25.652 22.767 25.592 29.544 28.101 27.491 30.556 34.141 34.165 33.483 37.921 38.970 42.431 37.611 41.822 37.934 43.152 39.220 41.094 41.620 44.586 40.065 42.151 36.465 39.482 37.419 34.325 31.209 33.536 35.102 35.891 41.511 40.088 36.415 35.785 40.027 44.721 45.164 48.717 48.332 44.266 47.194 44.855 44.176 40.178 42.399 36.986 37.129 41.551 40.761 45.646 42.577 46.010 43.195 38.994 42.614 41.975 42.062 40.664 35.028 37.886 39.125 34.976 32.244 35.337 34.918 29.881 30.013 32.926 29.881 25.449 27.510 22.904 19.314 19.965 23.328 21.829 22.786 27.323 26.619 28.023 27.306 23.078 22.214 24.149 24.121 20.914 17.699 14.539 17.923 16.604 18.611 17.697 20.900 23.780 23.643 22.621 26.983 28.014 31.762 27.926 17.561 16.080 21.165 12.412 16.087 25.128 18.147 13.610 23.225 15.960 23.394 16.210 15.446 18.546 14.081 24.489 14.653 21.817 20.476 13.909 16.976 19.244 15.652 18.612 23.971 23.831
37.863 35.896 32.262 32.128 27.484 29.960 32.941 28.941 26.157 30.540 31.365 26.103 26.540 31.433 29.708 26.512 23.800 22.434 18.848 21.507 18.524 15.430 16.576 15.816 21.054 19.110 16.951 21.853 23.248 19.714 21.774 26.260 25.060 23.671 26.451 30.400 30.798 30.620 34.509 35.682 38.803 33.702 37.515 33.333 38.329 34.114 35.845 36.277 39.388 34.953 37.362 31.792 35.145 33.479 30.844 27.272 29.151 30.699 30.958 36.660 34.909 31.369 31.122 35.550 40.068 40.461 43.901 43.437 39.199 41.885 39.604 39.196 35.175 37.710 32.314 32.857 37.347 36.661 41.410 38.120 41.884 39.346 34.992 38.758 38.634 39.181 37.833 32.048 34.977 35.575 31.366 29.121 31.919 30.872 26.051 26.565 28.831 25.431 21.380 23.261 18.729 15.302 15.039 18.662 17.452 17.578 22.465 22.046 22.998 22.946 18.734 17.165 19.430 20.162 17.212 13.153 10.839 15.125 15.441 16.118 16.942 19.845 21.878 22.548 22.605 27.096 27.332 31.625 27.432 15.359 9.351 20.805 10.191 12.762 22.869 15.089 10.913 17.168 8.592 20.148 12.721 10.009 10.142 7.489 23.092 14.143 18.573 15.293 13.569 14.757 13.339 7.347 11.490 18.729 22.065
33.922 31.782 27.981 27.380 22.593 24.784 28.182 24.637 21.408 25.846 27.275 22.266 22.348 27.547 26.494 23.524 20.649 18.658 15.913 19.297 17.661 13.792 14.227 11.716 16.750 14.618 13.714 18.466 18.910 15.873 18.988 22.759 21.194 20.786 23.944 27.368 27.294 26.591 31.051 32.257 35.654 30.877 35.271 31.588 36.991 33.468 35.686 36.335 38.997 34.428 36.036 30.265 33.174 30.859 27.685 24.843 27.131 29.083 30.213 35.703 34.843 31.354 30.344 34.262 39.212 39.224 43.032 42.466 38.714 42.035 39.964 38.930 35.461 37.248 32.253 31.807 36.565 35.148 39.780 36.517 39.729 37.152 32.768 36.084 35.580 35.466 34.419 28.689 32.036 33.169 28.742 26.388 29.927 29.292 24.072 24.933 28.069 24.635 20.419 23.654 19.627 15.513 16.244 18.641 16.114 17.901 21.964 20.499 22.302 20.884 16.749 16.680 18.447 17.705 14.194 11.697 8.317 11.355 10.223 11.734 11.483 14.513 17.023 17.411 16.915 21.431 22.024 26.309 22.497 9.477 10.686 13.852 6.593 9.960 17.543 11.151 7.516 18.173 10.140 16.997 11.276 10.677 14.388 9.600 16.336 9.428 16.447 15.747 6.803 12.573 14.527 11.468 14.026 18.936 15.543
32.556 31.146 27.125 27.401 22.990 25.258 27.795 23.655 20.966 25.154 25.645 20.311 20.877 25.571 23.664 20.490 17.777 16.689 13.133 15.442 12.755 9.573 10.520 10.346 15.528 14.037 11.435 16.138 18.191 15.260 16.733 21.147 20.802 19.810 21.838 25.593 26.626 25.845 29.731 30.310 33.739 28.955 32.860 29.195 34.382 30.421 32.915 32.822 35.494 30.807 32.877 27.254 30.027 28.261 25.448 21.851 24.400 25.442 26.366 31.927 30.655 26.823 25.998 30.252 34.924 35.521 39.005 38.799 34.765 37.941 35.465 34.506 30.611 32.626 27.309 27.344 31.853 31.017 35.901 32.918 36.472 33.624 29.462 33.384 32.893 33.593 31.948 26.236 28.946 29.695 25.625 23.113 25.943 25.188 20.261 20.619 23.269 20.073 15.719 18.237 14.010 10.041 10.855 13.635 12.142 13.614 17.675 17.360 19.578 19.095 14.187 13.854 17.046 17.188 13.153 9.706 8.774 12.750 13.124 11.724 13.108 16.799 17.561 17.857 19.175 23.364 22.750 26.992 22.396 10.032 3.062 18.202 6.195 6.830 18.228 9.300 5.567 11.331 3.503 14.523 12.044 10.739 5.752 9.268 18.975 12.369 13.347 10.247 11.784 13.746 14.186 3.043 6.212 13.109 17.418
27.932 26.732 22.408 22.706 18.396 20.437 22.869 18.833 16.009 20.181 20.747 15.462 16.046 20.827 19.166 16.249 13.253 12.088 9.357 11.726 10.540 6.974 6.567 5.488 10.568 9.222 7.037 11.533 13.478 11.342 13.016 16.874 16.899 16.758 18.494 21.768 22.902 21.473 25.654 25.932 29.673 25.265 29.537 26.475 31.938 28.577 31.676 31.487 33.645 28.829 30.203 24.495 26.669 24.449 21.214 18.092 21.252 22.298 24.119 29.392 28.943 25.107 23.511 27.275 32.268 32.680 36.400 36.231 32.637 36.392 34.017 32.432 29.040 30.297 25.396 24.499 29.185 27.754 32.575 29.744 32.837 29.853 25.754 29.449 28.570 28.959 27.367 21.684 24.608 25.735 21.567 18.891 22.279 21.901 16.666 17.296 20.714 17.606 13.147 17.040 13.709 9.373 11.320 12.301 9.573 13.043 15.775 14.738 18.145 16.573 11.486 13.007 16.136 15.080 10.186 8.692 8.400 10.805 10.632 7.685 9.155 13.303 13.170 13.106 15.219 19.107 18.006 22.283 17.635 5.325 5.408 15.487 4.994 3.557 15.062 5.585 2.937 10.835 7.391 10.837 11.729 11.677 11.396 11.008 15.332 11.287 10.373 9.017 10.125 13.088 15.201 9.321 9.111 11.253 13.444
29.135 27.774 23.146 22.608 18.029 19.092 22.497 19.481 15.458 19.345 21.269 16.488 15.589 20.915 20.561 17.406 15.100 11.988 9.875 14.310 14.356 9.842 10.282 5.685 10.439 9.664 10.204 13.829 14.282 13.251 16.316 19.043 18.482 19.519 21.794 24.399 24.814 22.735 27.662 27.904 31.992 28.043 32.818 30.190 35.858 32.999 36.174 36.255 38.197 33.395 34.235 28.494 30.239 27.447 23.637 21.448 24.944 26.232 28.661 33.682 33.744 29.957 27.929 31.259 36.435 36.704 40.593 40.413 37.167 41.202 38.919 37.016 33.870 34.667 29.986 28.494 33.089 31.340 36.116 33.510 36.044 32.885 28.995 32.243 30.758 30.352 28.904 23.517 26.515 28.500 24.406 21.292 25.196 25.595 20.242 20.585 24.777 22.100 17.540 21.626 18.365 14.089 16.584 17.415 14.404 18.314 20.693 19.077 22.646 20.186 15.626 17.703 20.008 17.985 13.203 12.909 10.947 12.064 9.316 8.816 6.600 11.733 12.965 11.569 12.073 16.015 16.001 19.761 15.577 4.278 9.371 10.296 5.463 5.929 13.660 6.580 4.853 15.106 10.892 12.500 12.389 14.354 14.663 13.859 12.490 6.954 11.824 12.048 4.917 12.087 17.436 12.148 12.768 14.854 11.450
33.628 32.674 27.949 27.864 23.431 24.419 27.470 24.182 20.363 23.840 25.327 20.291 19.238 24.181 23.308 19.412 17.849 14.908 10.992 15.453 13.820 9.242 11.861 9.558 14.642 14.526 13.528 17.379 19.108 17.695 19.725 23.217 23.192 23.433 25.273 28.368 29.379 27.530 32.056 31.960 36.030 31.901 36.227 33.273 38.693 35.161 38.138 37.787 40.065 35.220 36.798 31.157 33.079 30.863 27.409 24.434 27.955 28.508 30.404 35.667 34.944 30.797 29.267 33.152 37.956 38.906 42.406 42.548 38.820 42.420 39.690 38.174 34.288 35.660 30.363 29.734 33.926 33.097 38.253 35.906 38.903 35.427 31.768 35.646 34.165 34.453 32.384 27.057 29.252 31.024 27.347 23.861 26.887 27.333 22.290 21.663 25.341 23.074 18.156 20.735 16.638 12.715 15.323 17.393 15.856 18.711 21.769 21.411 24.652 23.351 18.276 19.210 22.313 21.462 16.785 14.792 13.240 15.980 14.205 13.495 12.320 17.270 18.340 16.931 17.714 21.498 21.304 24.610 19.994 8.944 3.734 17.164 8.935 3.508 16.024 6.371 6.864 9.953 7.504 10.934 15.566 14.841 8.284 13.565 17.546 13.724 9.678 7.615 10.748 16.950 17.883 6.165 6.101 10.935 15.994
37.886 36.275 31.967 31.430 26.709 28.055 31.577 28.366 24.552 28.378 30.157 25.161 24.259 29.407 28.655 24.942 23.053 20.174 16.572 20.885 18.879 14.601 16.732 14.183 19.327 18.353 17.546 21.922 22.925 20.685 23.399 27.094 26.129 26.002 28.672 32.012 32.346 31.103 35.702 36.289 40.059 35.554 39.907 36.437 41.807 38.085 40.456 40.647 43.311 38.624 40.440 34.724 37.258 35.045 31.713 28.740 31.614 32.814 34.143 39.626 38.553 34.660 33.598 37.667 42.455 43.092 46.662 46.496 42.596 45.862 43.356 42.279 38.335 40.157 34.787 34.541 38.878 38.031 43.043 40.287 43.483 40.363 36.390 40.075 39.011 39.074 37.422 31.930 34.543 36.108 32.136 29.042 32.184 32.202 27.108 26.918 30.243 27.530 22.843 25.169 20.719 16.930 18.433 21.307 19.694 21.529 25.492 24.836 27.059 25.964 21.360 21.315 23.697 23.180 19.288 16.630 13.851 16.929 15.065 16.340 14.953 18.948 21.340 20.575 19.984 24.147 24.886 28.377 24.326 13.681 12.046 18.395 11.271 10.387 19.511 12.476 11.363 17.674 13.940 17.113 17.042 16.833 15.101 15.509 20.572 14.006 15.532 14.561 11.281 17.710 20.693 12.423 14.123 17.988 19.544
36.682 35.595 31.267 31.530 27.114 28.811 31.506 27.636 24.496 28.246 29.024 23.731 23.510 28.146 26.458 22.666 20.825 19.012 14.680 17.749 14.567 11.171 13.801 13.459 18.694 18.003 15.695 20.034 22.361 19.922 21.254 25.567 25.497 24.656 26.454 30.158 31.385 30.319 34.287 34.480 38.122 33.507 37.312 33.729 38.799 34.624 37.068 36.668 39.421 34.724 37.057 31.550 34.112 32.498 29.636 25.946 28.806 29.282 30.195 35.730 34.146 30.048 29.341 33.748 38.183 39.303 42.527 42.626 38.426 41.407 38.588 37.737 33.394 35.571 29.923 30.305 34.383 34.137 39.296 36.708 40.301 37.074 33.256 37.459 36.604 37.468 35.370 29.867 31.961 32.991 29.327 26.276 28.670 28.399 23.696 23.124 25.761 23.229 18.604 19.974 15.277 11.920 13.237 16.631 16.156 17.292 21.330 21.734 23.982 23.858 18.826 18.263 21.646 22.042 18.000 14.470 13.349 17.329 16.983 16.163 16.479 20.716 21.765 21.297 22.286 26.344 25.976 29.663 24.918 15.322 8.664 22.336 10.992 11.087 22.105 13.898 10.474 15.889 9.385 18.111 15.364 13.488 10.377 11.412 23.325 16.548 16.186 13.572 15.376 17.345 16.981 7.532 10.614 17.159 22.128
40.641 39.126 35.204 35.336 30.792 32.920 35.744 31.729 28.814 32.849 33.567 28.234 28.334 33.020 31.168 27.547 25.430 23.916 19.699 22.411 18.833 15.963 18.148 17.960 23.254 21.979 19.512 24.172 26.225 23.066 24.538 29.148 28.527 27.100 29.341 33.349 34.242 33.822 37.596 38.302 41.581 36.597 40.182 36.078 40.912 36.412 38.199 38.149 41.313 36.847 39.592 34.166 37.319 35.937 33.383 29.515 31.694 32.555 32.733 38.421 36.309 32.488 32.401 37.033 41.274 42.226 45.362 45.233 40.788 43.264 40.609 40.324 35.852 38.591 32.880 33.844 37.934 37.856 42.859 39.936 43.839 40.963 36.920 41.069 40.708 41.629 39.790 34.153 36.474 37.122 33.304 30.671 32.941 32.162 27.609 27.372 29.422 26.556 22.336 23.178 18.350 15.508 15.511 19.605 19.385 19.229 24.028 24.464 25.617 26.080 21.524 19.828 22.708 23.814 20.607 16.346 14.775 19.173 19.349 19.464 20.080 23.588 25.259 25.403 25.806 30.128 30.151 34.085 29.564 18.247 11.392 24.701 14.043 14.320 24.956 16.917 13.944 17.962 11.582 21.204 17.296 14.883 10.277 12.394 26.123 18.445 19.284 16.080 17.459 19.432 18.173 8.320 11.968 19.686 24.941
43.946 42.305 38.168 37.800 33.077 34.650 38.053 34.598 31.017 34.845 36.344 31.200 30.473 35.437 34.309 30.411 28.690 26.165 22.050 25.885 22.904 19.275 21.873 20.354 25.607 24.586 23.093 27.650 29.085 26.353 28.609 32.787 31.817 31.006 33.647 37.375 37.838 37.061 41.340 42.038 45.586 40.788 44.756 40.835 45.887 41.632 43.471 43.619 46.697 42.170 44.625 39.061 42.006 40.243 37.280 33.830 36.318 37.333 37.939 43.586 41.764 37.882 37.478 41.942 46.366 47.285 50.558 50.441 46.144 48.820 46.172 45.678 41.268 43.743 38.048 38.639 42.711 42.487 47.583 44.787 48.406 45.336 41.371 45.349 44.582 45.048 43.228 37.691 40.028 41.238 37.411 34.401 36.994 36.728 31.943 31.473 34.108 31.470 26.950 28.076 23.246 20.199 20.900 24.706 24.050 24.582 29.181 29.212 30.629 30.477 25.968 24.782 27.226 27.697 24.363 20.714 18.186 21.962 20.889 22.259 21.474 25.102 27.597 27.144 26.526 30.741 31.525 34.993 30.847 19.199 16.278 23.153 16.417 15.568 23.631 17.727 16.495 21.714 17.170 21.768 20.562 18.723 17.574 16.543 24.650 19.818 19.833 18.566 16.413 22.073 22.337 15.011 17.552 22.197 24.104
46.473 44.475 40.730 40.327 35.559 37.597 40.983 37.319 34.060 38.179 39.483 34.273 33.996 38.979 37.595 33.918 31.827 29.740 25.723 29.098 25.818 22.567 24.720 23.541 28.839 27.311 25.554 30.347 31.644 28.330 30.585 34.997 33.640 32.330 35.259 39.213 39.433 39.226 43.272 44.413 47.617 42.516 46.279 41.957 46.791 42.339 43.647 44.114 47.481 43.172 45.901 40.427 43.844 42.272 39.593 35.997 37.910 39.268 39.304 45.039 42.860 39.258 39.310 43.914 48.208 48.909 52.140 51.791 47.344 49.636 47.191 47.126 42.712 45.586 39.914 40.895 45.049 44.862 49.785 46.665 50.529 47.806 43.616 47.519 47.221 47.753 46.195 40.512 43.107 43.935 39.935 37.338 39.879 39.127 34.438 34.347 36.532 33.548 29.365 30.287 25.444 22.620 22.462 26.593 26.030 25.710 30.762 30.755 31.349 31.620 27.532 25.589 27.594 28.587 25.939 21.865 19.233 23.185 22.739 24.495 24.249 27.214 29.976 30.137 29.312 33.715 34.632 38.424 34.407 23.649 19.838 27.875 18.782 20.634 30.086 23.012 19.536 26.463 19.982 27.505 21.956 20.207 20.840 18.135 30.534 21.715 25.622 23.668 20.672 23.188 23.760 18.248 21.376 27.385 29.810
51.214 49.300 45.475 45.064 40.287 42.145 45.597 42.013 38.620 42.586 43.982 38.778 38.256 43.186 41.860 37.980 36.191 33.921 29.709 33.208 29.749 26.591 29.126 28.005 33.294 31.991 30.240 34.963 36.381 33.165 35.333 39.775 38.492 37.158 40.016 44.005 44.286 44.048 48.096 49.139 52.384 47.291 50.968 46.597 51.324 46.720 47.878 48.251 51.720 47.468 50.393 44.994 48.410 46.950 44.298 40.615 42.570 43.730 43.643 49.375 46.957 43.303 43.514 48.215 52.347 53.273 56.349 56.110 51.541 53.619 51.047 51.154 46.523 49.568 43.765 45.004 48.939 49.066 54.083 51.093 55.036 52.196 48.125 52.159 51.781 52.409 50.680 45.063 47.419 48.300 44.455 41.697 44.020 43.392 38.828 38.418 40.483 37.741 33.537 33.941 29.040 26.571 26.438 30.742 30.547 30.016 35.085 35.372 35.868 36.368 32.253 30.155 32.208 33.380 30.776 26.619 24.075 28.015 27.435 29.290 28.813 31.876 34.727 34.678 33.710 38.022 39.074 42.632 38.616 27.267 23.190 31.124 22.407 24.111 33.313 26.491 23.190 29.586 23.329 30.775 25.230 23.323 23.693 21.170 33.879 25.085 28.778 26.788 23.994 26.444 26.733 21.260 24.412 30.539 33.243
50.351 48.111 44.377 43.551 38.682 40.438 44.247 40.989 37.379 41.413 43.248 38.211 37.501 42.668 41.766 38.022 36.060 33.428 29.631 33.585 30.686 27.049 29.249 27.279 32.449 30.928 29.819 34.565 35.312 32.172 34.997 39.109 37.350 36.389 39.702 43.475 43.249 42.955 47.304 48.610 51.892 46.861 50.872 46.592 51.539 47.270 48.478 49.229 52.590 48.296 50.832 45.272 48.669 46.832 43.926 40.644 42.602 44.225 44.444 50.169 48.164 44.612 44.522 49.017 53.451 54.002 57.365 56.923 52.577 54.951 52.608 52.475 48.155 50.912 45.284 46.041 50.258 49.897 54.815 51.661 55.355 52.622 48.398 52.099 51.651 51.804 50.402 44.760 47.499 48.632 44.542 41.831 44.645 44.108 39.252 39.171 41.681 38.711 34.411 35.590 30.748 27.765 27.854 31.841 30.934 30.925 35.935 35.566 36.148 36.025 32.132 30.411 31.956 32.561 30.050 26.384 23.162 26.567 25.411 28.144 27.085 29.782 33.204 33.148 31.461 35.742 37.311 40.816 37.241 28.137 25.075 30.729 23.516 25.405 33.813 27.614 24.458 31.411 25.280 32.004 26.482 24.894 26.011 22.932 34.009 25.476 30.097 28.479 23.891 27.404 28.361 23.488 26.476 32.191 33.668
53.081 50.395 47.046 45.962 41.061 43.081 47.046 43.847 40.382 44.625 46.546 41.586 41.093 46.365 45.510 42.002 39.719 37.213 33.701 37.557 34.752 31.150 32.906 30.764 35.840 33.891 32.956 37.806 38.094 34.635 37.768 41.814 39.524 38.419 42.154 45.930 45.226 45.342 49.643 51.426 54.440 49.254 53.256 48.753 53.596 49.403 50.187 51.405 54.906 50.805 53.321 47.796 51.512 49.629 46.818 43.676 45.193 47.304 47.258 52.994 50.950 47.695 47.788 52.247 56.714 56.897 60.359 59.629 55.314 57.521 55.479 55.556 51.423 54.313 48.826 49.617 54.014 53.434 58.148 54.681 58.405 56.004 51.555 54.996 54.865 54.806 53.784 48.053 51.164 52.150 47.831 45.450 48.463 47.635 42.732 43.073 45.481 42.184 38.101 39.504 34.725 31.679 31.348 35.326 34.146 33.829 39.033 38.305 38.314 38.167 34.778 32.764 33.652 34.314 32.424 28.835 25.299 28.380 27.378 30.787 29.804 31.765 35.637 36.012 33.808 38.133 40.073 43.747 40.536 30.034 28.000 31.451 25.270 27.931 35.609 29.971 26.595 34.471 28.016 34.571 27.334 26.162 29.281 24.599 35.335 25.703 32.805 31.479 24.858 27.730 29.441 26.667 29.675 35.138 35.173
56.791 54.323 50.660 49.465 44.560 46.062 50.211 47.327 43.467 47.379 49.653 44.792 43.728 48.990 48.484 44.685 42.869 39.836 36.218 40.554 37.876 34.044 36.303 33.834 38.834 37.338 36.700 41.382 41.698 38.689 41.908 45.788 43.684 42.948 46.568 50.207 49.586 49.288 53.837 55.314 58.615 53.627 57.788 53.494 58.466 54.302 55.312 56.326 59.739 55.509 57.960 52.369 55.802 53.798 50.754 47.705 49.631 51.465 51.732 57.454 55.493 52.006 51.896 56.338 60.834 61.281 64.713 64.184 59.879 62.219 59.962 59.871 55.578 58.327 52.708 53.391 57.617 57.189 62.098 58.908 62.502 59.780 55.535 59.076 58.539 58.393 57.124 51.540 54.363 55.718 51.579 48.794 51.767 51.377 46.436 46.335 49.019 46.076 41.724 42.957 38.102 35.109 35.284 39.243 38.182 38.254 43.281 42.700 43.148 42.822 39.150 37.480 38.627 39.033 36.752 33.354 29.792 32.744 31.126 34.594 32.949 35.304 39.244 39.035 36.606 40.674 42.834 46.011 42.896 32.977 31.340 33.836 28.588 30.997 38.029 32.933 29.835 37.618 31.460 37.435 31.309 30.139 32.648 28.471 37.689 29.162 35.671 34.551 27.433 31.730 33.526 30.057 32.945 38.190 37.701
55.106 52.161 48.873 47.287 42.386 44.048 48.419 45.773 41.999 46.093 48.598 43.951 43.049 48.459 48.195 44.765 42.546 39.529 36.474 40.851 38.648 34.630 36.236 33.230 37.980 36.033 35.898 40.572 40.155 37.035 40.797 44.348 41.646 41.094 45.195 48.628 47.396 47.319 51.962 53.906 57.014 52.033 56.383 52.097 57.137 53.339 54.214 55.736 59.076 54.941 57.029 51.392 54.950 52.667 49.555 46.911 48.541 50.987 51.339 56.999 55.390 52.184 51.931 56.142 60.867 60.778 64.480 63.621 59.561 62.069 60.187 59.989 56.115 58.672 53.340 53.646 58.200 57.224 61.870 58.371 61.764 59.380 54.901 57.995 57.648 57.051 56.301 50.681 54.029 55.397 50.956 48.507 51.937 51.373 46.249 46.723 49.612 46.284 42.077 44.058 39.357 35.972 36.022 39.658 37.924 38.211 43.202 41.929 42.152 41.338 38.175 36.682 37.119 37.103 35.271 32.364 28.317 30.612 28.797 33.082 31.259 32.809 37.256 37.404 34.316 38.350 40.967 44.289 41.714 33.445 33.337 31.583 29.382 32.414 38.351 34.126 30.961 39.549 33.497 38.722 31.865 31.496 35.126 30.261 36.660 27.950 37.116 36.393 26.169 31.487 34.851 32.445 35.165 39.937 37.187
60.537 57.688 54.261 52.600 47.713 49.069 53.552 51.099 47.111 50.988 53.702 49.111 47.867 53.251 53.179 49.551 47.635 44.327 41.158 45.781 43.545 39.461 41.414 38.320 43.034 41.358 41.324 45.921 45.556 42.648 46.408 49.913 47.298 46.874 50.919 54.316 53.113 52.871 57.619 59.424 62.659 57.755 62.145 57.902 62.954 59.103 59.973 61.416 64.785 60.622 62.768 57.121 60.590 58.291 55.089 52.451 54.248 56.533 56.950 62.626 60.944 57.628 57.366 61.623 66.314 66.399 70.045 69.291 65.177 67.647 65.642 65.459 61.429 64.014 58.563 58.928 63.350 62.545 67.312 63.953 67.327 64.774 60.406 63.581 63.041 62.415 61.518 55.982 59.136 60.688 56.363 53.687 57.036 56.692 51.580 51.764 54.727 51.610 47.272 48.999 44.217 40.962 41.190 44.928 43.379 43.706 48.686 47.580 47.908 47.130 43.844 42.385 42.944 42.930 40.975 38.062 34.065 36.358 34.306 38.592 36.451 38.182 42.666 42.495 39.257 43.084 45.869 48.839 46.366 36.580 36.639 35.375 32.683 35.478 40.921 37.070 34.161 42.813 36.765 41.680 35.403 34.799 38.566 33.494 39.877 31.913 40.150 39.622 29.798 35.292 38.150 35.863 38.543 43.119 40.332
58.370 55.189 52.027 49.979 45.169 46.472 51.163 49.078 45.094 48.984 51.998 47.708 46.458 51.914 52.191 48.883 46.741 43.333 40.738 45.479 43.798 39.510 40.957 37.294 41.647 39.729 40.285 44.729 43.678 40.903 45.150 48.213 45.158 45.092 49.475 52.563 50.841 50.618 55.507 57.607 60.752 55.996 60.613 56.539 61.700 58.277 59.188 60.993 64.189 60.064 61.771 56.085 59.496 56.880 53.540 51.370 53.053 55.792 56.460 62.019 60.783 57.654 57.127 61.098 66.018 65.671 69.569 68.584 64.767 67.505 65.785 65.371 61.741 64.016 58.848 58.750 63.418 62.098 66.646 63.123 66.203 63.869 59.385 62.130 61.610 60.513 60.041 54.577 58.120 59.809 55.292 52.822 56.590 56.246 50.980 51.577 54.838 51.499 47.240 49.670 45.067 41.459 41.777 45.119 42.957 43.696 48.480 46.761 47.117 45.762 42.868 41.795 41.823 41.254 39.550 37.257 32.900 34.469 32.035 36.967 34.476 35.560 40.428 40.388 36.534 40.163 43.391 46.307 44.416 35.758 37.480 32.920 32.374 35.577 39.729 36.830 34.018 43.596 37.593 41.606 35.227 35.225 40.144 34.304 37.944 30.510 40.379 40.366 28.111 34.655 38.569 37.323 39.775 43.666 38.725
63.899 60.636 57.589 55.599 50.775 52.231 56.876 54.654 50.770 54.731 57.627 53.231 52.093 57.543 57.655 54.282 52.119 48.840 46.041 50.655 48.661 44.524 46.076 42.703 47.198 45.213 45.503 50.073 49.173 46.169 50.268 53.532 50.433 50.077 54.485 57.733 56.010 56.034 60.784 63.007 66.022 61.110 65.567 61.270 66.267 62.656 63.245 65.136 68.522 64.518 66.474 60.859 64.493 62.043 58.854 56.502 57.980 60.731 61.080 66.701 65.165 62.109 61.863 65.985 70.777 70.464 74.264 73.233 69.264 71.715 70.016 69.885 66.120 68.675 63.410 63.629 68.245 67.118 71.673 68.062 71.328 69.071 64.530 67.359 67.018 66.055 65.571 60.034 63.551 65.080 60.553 58.150 61.770 61.265 56.075 56.643 59.660 56.280 52.094 54.182 49.483 46.076 46.116 49.717 47.811 48.109 53.114 51.581 51.572 50.567 47.758 46.282 46.247 46.053 44.590 41.981 37.743 39.540 37.460 42.306 40.089 41.111 45.957 46.076 42.307 45.989 49.179 52.159 50.193 40.502 41.809 37.648 36.935 40.135 44.377 41.462 38.591 47.949 41.857 46.157 39.492 39.316 44.158 38.306 42.689 35.115 44.837 44.712 32.896 38.964 42.569 41.382 43.960 48.079 43.492
66.663 63.259 60.316 58.051 53.317 54.557 59.363 57.493 53.514 57.336 60.521 56.360 55.035 60.487 60.922 57.643 55.519 52.035 49.523 54.323 52.641 48.357 49.798 46.066 50.309 48.340 49.024 53.445 52.171 49.379 53.745 56.706 53.405 53.338 57.900 60.928 58.907 58.849 63.726 66.046 69.068 64.309 68.919 64.763 69.825 66.458 67.071 69.139 72.428 68.436 70.147 64.512 68.052 65.400 62.084 60.028 61.528 64.460 65.002 70.554 69.256 66.254 65.837 69.805 74.717 74.233 78.158 77.042 73.232 75.830 74.240 73.971 70.366 72.743 67.587 67.551 72.242 70.894 75.376 71.747 74.811 72.599 68.057 70.656 70.218 68.941 68.644 63.216 66.854 68.571 64.000 61.602 65.425 65.045 59.776 60.430 63.668 60.273 56.065 58.434 53.796 50.250 50.441 53.863 51.701 52.266 57.143 55.338 55.410 54.080 51.442 50.218 49.945 49.424 48.044 45.797 41.401 42.785 40.386 45.554 42.988 43.724 48.768 48.790 44.613 48.013 51.538 54.256 52.725 43.730 45.409 40.044 40.309 43.573 47.317 44.808 42.011 51.491 45.448 49.477 42.667 42.661 47.841 41.800 45.442 38.027 48.215 48.234 35.881 41.905 45.724 45.056 47.594 51.558 46.386
27.646 25.928 23.171 21.143 17.227 19.329 21.319 19.156 16.720 19.270 21.149 17.058 17.476 20.839 21.289 18.161 14.311 12.625 11.511 13.762 13.119 9.370 9.987 6.836 10.551 9.905 7.661 12.090 13.711 11.539 13.922 16.708 16.884 14.601 19.006 21.688 22.043 18.127 24.476 26.719 29.019 26.770 29.280 27.933 31.504 28.501 32.546 31.798 35.143 31.604 30.258 26.767 26.420 24.799 21.427 18.588 23.231 24.102 26.671 30.193 31.691 28.842 25.174 30.231 33.646 35.463 38.370 37.707 34.990 36.960 35.864 35.664 33.063 32.373 29.562 26.892 31.839 30.620 33.133 31.854 33.554 31.236 28.086 30.662 28.879 28.330 27.879 22.177 26.015 26.483 23.227 21.497 24.287 23.565 20.224 20.868 23.027 20.864 16.434 19.799 16.088 12.687 14.180 15.723 12.267 14.502 17.810 16.383 16.766 14.855 9.589 12.861 14.294 11.875 8.016 8.161 6.563 5.067 5.996 6.033 7.065 9.083 11.313 11.239 8.925 15.960 17.097 19.882 15.841 7.882 11.023 13.920 4.492 8.747 17.335 10.004 5.111 17.419 11.273 16.016 11.728 12.717 16.249 12.652 16.084 8.458 15.646 15.135 7.409 12.187 16.219 13.647 14.891 17.627 14.953
26.167 25.689 22.528 21.404 18.754 20.102 20.800 17.844 16.412 18.425 18.401 14.507 15.590 17.835 16.156 12.655 9.503 9.903 6.817 6.672 5.144 3.117 3.512 5.058 8.607 9.800 5.070 8.210 12.326 12.164 12.378 14.956 16.958 15.949 16.194 20.063 21.312 18.316 23.220 24.286 26.556 24.543 26.621 25.202 28.456 25.064 29.235 27.581 30.583 26.886 25.714 22.909 22.249 21.653 18.621 14.907 19.464 18.812 21.523 24.945 25.792 22.526 18.324 24.117 27.595 30.092 32.748 33.444 29.670 31.280 29.503 29.129 26.226 25.431 22.313 20.128 24.923 24.484 27.678 27.052 29.073 26.557 22.802 26.481 25.577 25.576 24.186 18.774 20.627 20.770 17.778 16.161 17.858 16.796 13.368 13.952 15.673 13.416 8.840 11.617 8.009 5.082 7.153 8.315 7.112 9.574 12.230 11.728 14.838 14.111 6.177 11.578 13.682 13.565 10.104 8.050 9.266 10.206 12.030 8.237 11.064 13.915 13.966 13.378 15.071 19.814 19.177 21.108 16.525 9.392 2.883 20.055 7.620 5.570 18.097 8.031 5.284 10.321 5.117 12.414 13.050 12.445 8.630 11.669 19.364 14.852 11.548 8.854 14.923 15.067 15.226 6.673 7.109 11.439 17.239
25.641 24.701 22.198 20.985 18.518 20.192 21.415 17.636 17.154 19.430 19.994 15.166 17.692 20.143 18.979 15.951 12.298 13.059 10.844 10.404 9.379 7.347 5.183 7.367 10.273 9.192 4.473 9.595 11.998 10.010 11.107 13.775 15.327 12.989 14.342 18.459 19.538 17.120 22.174 24.154 26.028 23.369 25.443 23.276 26.768 23.360 27.319 26.147 29.634 26.022 25.103 21.739 22.063 20.993 17.948 14.773 18.902 19.232 21.322 24.745 25.939 22.840 19.186 24.814 28.340 30.247 33.039 32.559 29.273 30.985 29.794 29.741 26.953 26.742 23.574 21.694 26.615 25.768 28.544 27.429 29.561 27.479 23.448 26.839 26.014 26.273 25.288 19.962 22.567 22.397 19.092 18.261 20.178 18.600 15.291 16.632 17.904 15.101 11.285 14.473 10.747 7.296 8.572 9.743 7.533 8.310 11.670 10.924 11.892 10.920 3.884 8.371 10.097 9.727 6.153 4.082 4.758 6.764 9.008 6.530 9.639 12.260 11.845 13.413 13.637 19.490 18.984 22.215 17.686 9.588 6.922 18.522 3.824 8.818 20.112 10.745 2.808 14.633 5.172 16.004 8.665 8.495 11.502 8.261 19.692 11.194 15.546 13.355 13.093 10.623 11.592 9.213 11.266 15.689 17.882
27.674 26.396 24.234 22.872 19.838 21.937 23.554 19.764 19.196 21.636 22.501 17.604 20.178 22.651 21.688 18.603 14.929 15.243 12.864 12.982 11.603 9.452 7.751 9.281 12.555 11.194 6.795 12.005 14.202 11.259 12.972 15.752 16.834 13.750 15.887 20.143 21.105 18.878 24.044 26.233 28.095 25.185 27.210 24.533 27.977 24.618 28.312 27.213 31.119 27.563 26.931 23.258 24.235 23.045 20.050 17.107 20.826 21.529 23.312 26.658 27.756 24.677 21.179 27.011 30.558 32.139 35.093 34.181 30.945 32.533 31.507 31.650 28.737 28.946 25.551 24.122 29.016 28.220 30.942 29.671 31.855 29.972 25.803 29.058 28.399 28.687 27.829 22.514 25.260 25.022 21.687 20.954 22.820 21.130 17.858 19.225 20.268 17.300 13.769 16.706 12.856 9.009 9.258 11.683 9.878 9.137 13.372 12.312 12.647 11.758 5.969 8.327 10.360 10.013 6.460 3.955 3.837 6.034 8.626 7.909 10.624 12.961 12.975 14.991 13.922 20.561 20.545 23.862 19.538 11.235 8.929 18.752 3.842 10.690 21.744 12.712 4.581 16.982 6.776 18.217 7.863 7.412 12.838 6.924 20.899 10.370 17.601 15.439 12.714 9.742 11.021 10.248 13.067 18.056 19.356
26.663 26.388 22.875 20.948 17.806 18.281 19.821 17.446 14.977 16.762 17.918 14.862 12.429 16.415 16.603 13.052 10.041 7.531 5.022 9.097 9.139 5.170 6.326 4.599 7.395 9.029 7.491 10.406 13.623 14.117 15.605 17.788 19.233 18.672 20.849 23.100 23.957 19.324 25.288 25.975 29.084 27.827 30.382 30.065 33.303 30.540 34.966 33.550 36.218 32.576 30.763 27.907 26.208 25.167 21.772 18.329 23.545 22.952 26.693 30.218 31.565 28.428 24.060 29.080 32.347 34.912 37.642 38.596 35.350 37.280 35.448 34.757 31.998 30.514 27.529 24.679 29.354 28.531 31.472 30.833 32.212 29.329 26.356 29.559 27.522 26.479 25.532 19.743 22.766 23.818 21.071 17.995 21.027 21.108 17.808 16.659 19.897 18.939 14.034 16.722 13.800 11.618 13.606 14.820 11.825 16.143 18.583 16.853 20.222 18.597 11.658 17.092 18.823 16.950 13.027 13.205 12.598 11.064 10.588 8.681 7.344 11.891 13.558 10.025 11.735 15.830 16.053 17.300 12.876 7.109 8.544 16.478 9.870 2.793 12.673 4.277 8.051 11.739 11.929 9.410 17.303 17.655 14.007 17.088 14.683 14.979 8.556 8.868 11.682 18.340 20.846 12.112 10.858 11.342 12.922
32.663 31.669 30.310 29.586 26.933 29.229 30.536 25.851 26.696 29.010 29.149 23.624 27.162 29.575 27.385 24.497 21.390 22.459 19.434 18.281 16.051 15.800 11.889 17.174 20.158 18.569 13.817 18.466 20.746 17.018 17.950 20.709 22.087 18.314 17.940 23.730 25.198 24.855 28.660 30.738 31.771 28.365 28.911 24.810 27.686 24.107 26.353 25.053 30.006 26.410 27.574 23.704 26.942 26.342 24.106 21.487 22.774 23.971 23.607 27.026 26.820 23.574 21.128 27.960 31.506 32.510 35.470 33.950 30.022 30.732 29.935 30.798 27.179 29.331 24.966 25.976 30.413 30.395 33.279 30.890 34.131 33.486 28.323 31.986 32.999 34.162 32.820 28.315 29.747 28.696 25.544 25.102 26.124 23.753 20.943 22.079 21.790 18.441 16.928 18.245 14.181 11.432 8.406 12.997 12.815 8.425 13.786 13.595 13.241 14.295 9.888 8.483 10.571 12.910 12.251 4.716 9.773 12.205 15.652 15.138 18.724 20.865 19.753 23.117 21.940 28.753 28.384 31.968 27.626 19.440 13.427 26.498 11.721 17.945 29.909 20.347 12.546 21.678 9.387 25.165 9.454 5.683 13.680 2.948 29.246 16.460 24.161 20.749 20.358 12.217 8.120 11.661 16.343 23.515 27.658
27.497 25.915 23.482 21.789 18.238 20.444 22.351 19.259 17.795 20.352 21.786 17.196 19.133 21.759 21.594 18.454 14.603 13.909 12.212 13.417 12.445 9.337 9.054 7.782 11.412 10.202 6.814 11.805 13.702 10.964 13.127 15.982 16.485 13.684 17.291 20.691 21.305 18.267 24.052 26.350 28.432 25.816 28.115 26.111 29.656 26.493 30.369 29.506 33.146 29.605 28.588 24.945 25.283 23.809 20.590 17.731 22.024 22.835 25.018 28.469 29.808 26.888 23.329 28.719 32.203 33.830 36.811 35.934 33.032 34.846 33.830 33.805 31.069 30.824 27.750 25.637 30.586 29.520 32.100 30.805 32.773 30.625 26.974 29.870 28.582 28.446 27.836 22.296 25.700 25.820 22.487 21.326 23.797 22.461 19.137 20.308 21.924 19.248 15.211 18.478 14.641 10.988 11.932 13.865 11.115 11.918 15.667 14.261 14.531 12.989 7.615 10.354 12.137 10.460 6.477 5.806 4.461 4.763 6.641 6.376 8.418 10.613 11.672 12.971 11.113 18.062 18.610 21.753 17.607 9.315 10.010 16.008 2.819 9.647 19.562 11.317 4.028 17.349 9.145 17.198 9.352 9.918 14.754 9.783 18.368 8.585 16.730 15.407 9.716 10.341 13.489 12.111 14.130 17.977 17.046
26.549 24.286 22.886 22.308 18.508 21.865 24.143 19.877 20.680 23.524 24.980 19.412 23.367 26.125 25.812 23.521 19.614 19.943 19.355 18.786 18.219 16.147 13.168 13.773 15.884 12.814 10.335 14.314 14.544 9.534 12.685 15.323 14.499 9.999 14.607 18.178 18.305 17.586 22.432 25.270 26.947 23.345 24.933 21.862 25.182 22.509 25.154 25.511 29.864 26.697 25.939 21.682 24.185 22.298 19.626 18.005 19.908 22.445 23.638 26.752 28.052 25.925 23.325 28.222 31.735 31.633 35.377 32.665 30.632 32.496 32.472 32.648 30.424 31.247 28.298 26.863 31.670 30.155 32.028 30.062 32.221 31.022 26.806 28.373 28.734 29.362 29.173 24.400 28.025 27.458 23.970 24.071 26.314 24.338 21.397 23.163 24.290 20.432 18.523 21.626 18.527 15.300 14.813 16.078 13.182 11.308 15.366 12.140 10.455 9.010 7.402 6.064 5.498 5.868 5.381 2.964 3.693 3.739 7.313 8.560 12.035 12.797 11.323 16.457 14.532 21.278 21.087 25.296 22.195 14.481 15.803 18.086 6.895 16.914 25.637 18.128 9.313 23.371 12.410 23.836 3.199 6.050 19.410 8.007 22.611 7.127 23.850 22.246 13.398 2.795 8.421 17.142 20.080 24.297 21.558
29.651 29.248 26.676 25.833 23.457 25.258 25.857 22.023 21.842 23.790 23.599 19.003 21.221 23.401 21.065 17.793 14.940 15.681 12.317 11.391 8.845 8.759 6.220 10.862 14.266 14.208 9.371 12.695 16.522 15.048 14.860 17.798 19.736 17.443 16.808 22.042 23.575 21.892 26.196 27.827 29.396 26.596 28.012 25.111 28.308 24.515 28.025 26.173 30.069 26.183 26.277 23.053 24.263 23.889 21.257 17.835 20.876 20.745 22.136 25.384 25.504 22.163 18.293 25.144 28.743 31.036 33.522 33.550 29.307 30.355 28.770 28.962 25.649 26.175 22.135 21.867 26.493 26.567 29.865 28.514 31.193 29.659 24.995 29.235 29.164 29.812 28.321 23.307 24.497 23.963 20.943 19.737 20.834 19.061 15.867 16.441 16.980 14.073 11.134 12.531 8.956 4.781 3.912 8.020 8.793 6.592 11.528 12.555 13.835 14.165 6.355 9.644 12.298 13.791 11.042 4.724 8.932 11.513 14.162 11.961 15.032 17.701 17.272 18.440 18.784 24.663 24.141 26.746 22.163 14.444 6.152 23.782 9.031 11.259 23.853 13.874 8.210 14.476 3.687 18.136 11.381 9.056 7.627 7.184 24.555 16.044 16.951 13.382 17.810 14.116 11.924 5.083 9.210 16.251 22.628
26.468 25.999 23.158 22.161 19.696 21.451 22.116 18.518 18.028 19.991 20.019 15.532 17.626 19.877 18.052 14.822 11.571 12.378 9.607 8.741 7.082 5.907 3.716 7.215 10.493 10.455 5.758 9.678 12.905 11.788 11.971 14.746 16.659 14.884 14.998 19.468 20.805 18.482 23.172 24.770 26.598 24.111 26.036 23.863 27.261 23.647 27.601 26.071 29.433 25.704 24.952 21.876 22.058 21.401 18.488 14.986 19.098 18.782 20.907 24.272 25.041 21.789 17.842 23.919 27.473 29.781 32.382 32.503 28.735 30.239 28.711 28.600 25.654 25.392 21.989 20.433 25.266 24.825 27.922 27.012 29.192 27.127 22.965 26.746 26.174 26.515 25.198 19.952 21.798 21.580 18.439 17.247 18.834 17.320 13.961 14.901 16.088 13.363 9.469 12.235 8.381 4.696 6.485 7.729 6.827 7.499 10.914 11.278 12.861 12.417 4.397 9.370 11.460 11.891 8.663 5.267 7.337 9.392 11.637 8.437 11.565 14.332 13.894 14.671 15.652 21.036 20.342 22.937 18.382 10.722 4.439 20.620 6.489 8.174 20.406 10.496 4.830 12.601 3.235 15.109 10.696 9.719 8.807 8.887 20.930 13.887 14.332 11.449 15.200 13.002 12.570 6.579 8.683 13.965 18.922
31.697 31.055 29.310 28.688 26.423 28.383 29.333 24.753 25.517 27.645 27.475 22.127 25.440 27.742 25.236 22.295 19.406 20.484 17.419 15.991 13.616 13.803 9.610 15.470 18.618 17.513 12.616 16.523 19.567 16.662 16.827 19.746 21.437 18.199 17.158 23.050 24.675 24.124 27.858 29.704 30.827 27.566 28.206 24.386 27.310 23.555 26.332 24.510 29.236 25.404 26.438 22.914 25.606 25.238 22.983 20.077 21.550 22.334 22.269 25.667 25.474 22.090 19.142 26.198 29.774 31.290 33.992 33.079 28.842 29.539 28.417 29.120 25.621 27.321 22.899 23.862 28.288 28.456 31.548 29.382 32.596 31.802 26.662 30.787 31.568 32.705 31.164 26.659 27.714 26.697 23.638 22.971 23.852 21.569 18.720 19.626 19.366 16.100 14.527 15.580 11.519 8.875 5.682 10.521 11.050 6.613 12.086 12.650 12.982 14.111 8.468 8.087 11.184 13.195 12.085 3.574 9.848 12.524 15.861 14.618 18.159 20.537 19.507 22.174 21.730 28.157 27.571 30.879 26.377 18.374 11.095 26.482 11.330 16.206 28.528 18.697 11.551 19.184 7.119 23.153 10.223 6.564 10.973 3.837 28.441 17.083 22.067 18.403 20.413 13.219 8.920 9.066 13.772 21.133 26.667
33.989 33.489 31.111 30.230 27.833 29.573 30.333 26.468 26.233 28.202 28.051 23.490 25.527 27.702 25.228 21.843 19.210 19.704 15.775 15.381 12.388 12.521 10.356 15.032 18.512 18.518 13.681 17.052 20.967 18.967 19.108 22.061 23.904 21.121 20.409 26.008 27.577 26.182 30.416 32.100 33.573 30.545 31.556 28.135 31.131 27.282 30.297 28.239 32.640 28.692 29.514 26.191 28.168 27.924 25.449 22.131 24.457 24.564 25.179 28.496 28.069 24.323 21.041 28.371 31.956 34.209 36.571 36.446 31.879 32.485 30.891 31.375 27.767 28.997 24.465 25.279 29.661 30.153 33.576 31.908 34.933 33.714 28.808 33.300 33.494 34.263 32.672 27.772 28.651 27.975 25.066 23.809 24.582 22.724 19.693 19.920 20.034 17.165 14.924 15.160 11.430 8.364 5.694 11.309 12.628 9.197 14.716 15.939 16.772 17.516 10.461 12.028 15.027 16.721 14.486 6.818 11.803 14.314 17.132 15.895 18.763 21.293 21.211 22.481 21.970 28.407 28.290 30.901 26.255 18.423 9.900 26.950 12.368 14.862 27.468 17.649 12.148 17.730 7.892 21.783 13.624 10.467 9.221 7.767 28.266 18.615 20.237 16.443 20.415 16.373 13.262 6.901 11.773 19.640 26.504
32.527 31.547 30.538 30.130 27.631 30.039 31.302 26.269 27.767 30.085 30.086 24.201 28.350 30.814 28.454 25.840 22.785 24.131 21.490 19.786 17.777 17.804 13.014 18.918 21.670 19.682 15.082 19.371 21.394 17.420 18.136 20.817 21.861 18.156 17.239 23.224 24.774 25.138 28.406 30.496 31.130 27.675 27.778 23.312 25.994 22.495 24.224 23.124 28.182 24.869 26.357 22.408 26.235 25.849 23.895 21.560 21.994 23.622 22.557 25.966 25.338 22.288 20.646 27.299 30.771 31.285 34.390 32.403 28.581 29.179 28.676 29.694 25.840 28.659 24.432 25.865 30.154 30.105 32.810 30.042 33.493 33.230 27.917 31.340 32.948 34.406 33.002 28.897 30.174 28.866 25.744 25.623 26.542 23.942 21.379 22.738 22.102 18.663 17.808 18.803 15.035 12.981 9.785 13.754 12.994 8.320 13.453 13.031 12.266 13.800 10.473 7.496 9.026 12.396 12.843 5.934 10.944 13.274 16.864 16.202 20.164 22.186 20.374 24.551 23.524 30.186 29.515 33.327 29.148 21.067 15.295 27.887 13.264 20.026 31.831 22.300 14.186 23.330 10.783 27.046 9.318 5.377 15.244 3.605 30.867 17.458 26.194 22.715 22.100 12.088 6.478 13.574 18.182 25.250 29.259
32.318 32.028 29.324 28.462 26.010 27.660 28.251 24.664 24.046 26.057 25.754 21.466 23.129 25.266 22.718 19.276 16.758 17.207 13.293 12.818 9.760 10.078 8.311 12.786 16.329 16.777 12.038 14.747 19.148 17.846 17.588 20.551 22.545 20.273 19.403 24.779 26.370 24.655 28.931 30.405 31.987 29.236 30.497 27.473 30.559 26.678 29.997 27.912 31.910 27.939 28.377 25.209 26.608 26.433 23.879 20.371 23.170 22.889 24.049 27.286 26.977 23.279 19.618 26.830 30.410 32.812 35.244 35.523 30.970 31.734 29.941 30.196 26.691 27.415 23.074 23.388 27.822 28.286 31.790 30.445 33.267 31.791 27.066 31.518 31.570 32.207 30.570 25.587 26.375 25.845 22.991 21.540 22.344 20.672 17.556 17.645 18.031 15.320 12.656 12.979 9.554 5.996 4.280 9.405 10.832 8.350 13.527 15.056 16.345 16.896 9.153 11.900 14.825 16.440 13.761 6.839 11.407 13.920 16.491 14.442 17.373 20.041 19.961 20.686 20.825 26.810 26.524 28.806 24.172 16.609 7.318 25.880 11.467 12.578 25.315 15.383 10.700 15.091 6.070 19.260 13.778 11.040 7.024 8.684 26.512 18.291 17.710 13.831 19.589 16.524 13.842 4.421 9.187 16.996 24.617
38.509 36.068 32.226 29.545 25.327 24.693 29.777 29.437 24.687 27.380 31.629 28.787 26.304 31.410 33.382 30.851 29.308 24.877 24.653 29.933 31.045 26.367 26.786 21.121 23.101 22.292 25.437 27.955 25.476 25.389 30.287 31.155 28.701 31.144 34.813 36.234 34.485 32.250 37.946 39.014 42.953 39.783 45.232 43.070 48.850 47.013 49.731 50.945 52.718 48.216 48.118 42.463 44.012 40.319 36.028 35.624 38.644 41.084 43.918 48.544 49.368 46.076 43.738 46.321 51.765 51.196 55.502 54.848 52.282 56.576 54.877 52.751 50.259 50.560 46.431 44.193 48.826 46.283 50.501 47.820 49.355 46.589 42.828 44.698 42.794 40.523 40.232 35.757 39.263 42.233 38.121 35.259 39.900 40.888 35.564 36.224 40.994 38.384 34.132 38.540 35.284 31.036 33.267 34.231 30.624 34.356 36.832 34.010 36.809 33.168 30.253 32.315 32.625 29.449 26.354 27.198 23.274 22.237 17.083 21.645 16.552 17.846 22.201 20.296 15.405 17.499 21.467 23.037 22.546 18.808 27.057 12.463 21.604 21.184 17.272 20.282 22.314 29.679 29.025 23.646 27.112 29.223 32.409 29.558 14.791 18.135 23.858 26.730 12.065 25.676 32.492 30.051 29.551 28.314 16.532
35.298 33.608 29.141 26.853 22.793 21.447 26.319 26.073 20.953 23.122 27.468 24.700 21.597 26.580 28.780 26.019 25.056 20.183 20.104 25.609 27.144 22.497 23.222 17.482 19.028 19.172 22.457 24.432 22.461 23.231 27.623 28.304 26.743 29.510 32.457 33.705 32.665 29.729 35.468 35.767 40.105 37.286 42.710 40.969 46.794 44.977 48.188 48.840 50.355 45.698 45.517 39.924 40.918 37.249 32.793 32.394 36.042 37.813 41.094 45.552 46.552 42.993 40.331 42.784 48.166 48.017 52.183 51.892 49.397 53.896 51.904 49.467 46.905 46.885 42.769 40.301 44.666 42.282 46.684 44.475 45.848 42.643 39.262 41.383 38.952 36.892 36.060 31.814 34.794 38.104 34.364 31.023 35.500 37.007 31.810 31.946 36.978 34.888 30.501 34.842 31.858 27.756 30.603 31.163 27.773 32.073 33.972 31.517 35.084 31.425 28.022 30.662 31.667 28.403 24.564 25.669 22.423 21.539 16.296 19.427 13.916 16.576 19.837 16.846 12.916 14.626 17.910 18.954 17.909 14.565 23.467 10.573 19.297 17.132 12.069 15.792 19.241 25.263 25.842 18.778 26.142 28.126 29.046 28.368 10.023 18.037 19.285 22.524 10.810 25.281 31.343 26.934 25.845 23.717 11.544
41.162 39.489 35.032 32.711 28.677 27.236 32.102 31.944 26.779 28.723 33.129 30.319 26.968 31.830 34.089 30.976 30.361 25.290 24.595 30.402 31.464 26.660 28.052 22.532 24.541 24.785 27.692 29.958 28.269 28.764 33.125 34.088 32.470 35.002 38.076 39.505 38.439 35.618 41.351 41.634 45.998 43.107 48.500 46.585 52.406 50.362 53.411 54.078 55.780 51.086 51.140 45.491 46.610 43.030 38.596 37.992 41.651 43.314 46.439 51.053 51.784 48.084 45.580 48.245 53.565 53.618 57.709 57.495 54.823 59.189 57.054 54.758 51.901 52.092 47.706 45.503 49.737 47.656 52.227 50.098 51.581 48.230 44.918 47.197 44.680 42.687 41.681 37.504 40.209 43.612 39.985 36.428 40.687 42.323 37.127 36.899 41.882 39.922 35.314 39.175 35.823 31.809 34.648 35.731 32.686 36.649 38.956 36.781 40.144 36.770 33.198 35.392 36.468 33.530 29.764 30.270 26.730 26.361 21.245 24.753 19.433 22.072 25.624 22.706 18.756 20.313 23.712 24.276 23.366 19.516 26.372 15.844 23.008 20.351 16.143 19.560 23.123 27.790 29.186 21.750 29.826 31.358 31.170 31.204 16.035 21.898 21.504 24.637 14.708 29.098 34.866 28.984 27.982 26.251 17.437
40.071 38.944 34.031 32.365 28.218 26.902 31.357 30.572 25.340 27.291 31.218 27.897 24.432 29.298 31.090 27.415 27.182 22.007 20.443 26.445 27.064 22.249 24.405 19.372 21.950 22.731 24.916 27.318 26.673 27.124 30.833 32.333 31.446 33.606 36.156 37.935 37.649 34.697 40.263 40.047 44.613 41.579 46.746 44.738 50.513 48.046 51.260 51.420 53.200 48.372 48.823 43.171 44.219 40.969 36.627 35.437 39.436 40.454 43.503 48.236 48.620 44.611 42.206 45.157 50.300 50.894 54.739 54.847 51.894 56.135 53.635 51.407 48.140 48.503 43.797 41.924 45.913 44.360 49.265 47.399 49.180 45.459 42.317 45.175 42.528 41.187 39.529 35.223 37.385 40.717 37.338 33.368 37.180 38.969 33.871 33.038 37.910 36.286 31.436 34.725 31.229 27.432 30.570 31.855 29.395 33.291 35.608 34.116 37.765 34.905 30.704 32.761 34.593 32.136 27.823 27.756 24.699 25.167 20.479 22.858 17.920 21.844 24.652 21.410 18.793 20.826 23.178 23.977 21.794 17.290 21.910 17.612 20.136 16.468 14.226 16.211 19.872 23.902 24.892 18.336 27.341 28.155 26.419 27.520 15.925 21.004 17.768 20.660 14.174 27.283 31.829 24.233 23.417 22.467 16.446
43.788 42.956 37.949 36.127 32.347 30.285 34.709 34.613 29.257 30.425 34.727 31.975 27.923 32.315 34.707 31.050 31.454 25.998 24.790 30.829 31.784 27.104 29.452 24.446 26.383 27.649 30.139 32.062 31.296 32.308 35.962 37.037 36.328 38.853 41.231 42.676 42.378 39.049 44.683 44.136 48.866 46.269 51.500 49.853 55.637 53.377 56.761 56.805 58.407 53.559 53.797 48.238 48.893 45.526 41.056 40.203 44.453 45.238 48.605 53.137 53.744 49.656 47.021 49.741 54.835 55.584 59.378 59.654 56.883 61.272 58.675 56.225 53.004 53.076 48.478 46.369 50.084 48.574 53.470 51.968 53.413 49.473 46.695 49.419 46.322 44.745 42.955 39.151 40.910 44.662 41.635 37.429 41.125 43.408 38.488 37.297 42.361 41.159 36.308 39.453 36.127 32.527 35.936 37.067 34.721 38.825 40.858 39.430 43.324 40.302 36.139 38.432 40.287 37.645 33.299 33.476 30.489 30.740 25.869 28.203 23.027 26.738 29.391 25.700 22.949 24.085 26.630 26.329 24.846 22.376 27.268 21.447 25.961 21.596 18.218 21.104 25.615 27.759 30.570 22.374 33.193 34.079 31.402 33.434 19.955 26.429 21.521 24.507 19.330 33.015 37.742 29.578 28.018 26.212 20.806
44.779 44.065 38.913 37.589 33.514 32.076 36.240 35.301 30.082 31.707 35.384 31.929 28.235 32.776 34.386 30.238 30.624 25.420 23.088 29.103 29.145 24.498 27.540 23.224 26.104 27.318 28.866 31.330 31.441 31.834 35.039 36.903 36.467 38.327 40.550 42.555 42.729 39.710 45.134 44.529 49.230 46.186 51.156 49.079 54.769 51.944 55.173 54.967 56.867 51.966 52.785 47.178 48.157 45.190 40.949 39.359 43.576 44.034 46.959 51.770 51.783 47.499 45.252 48.444 53.349 54.481 58.060 58.479 55.283 59.341 56.485 54.376 50.667 51.225 46.198 44.716 48.318 47.374 52.558 51.026 52.987 48.914 46.050 49.326 46.472 45.554 43.364 39.193 40.705 44.086 41.075 36.727 39.987 42.044 37.158 35.615 40.300 39.135 34.097 36.516 32.799 29.420 32.717 34.423 32.690 36.260 38.725 37.914 41.608 39.265 34.664 36.364 38.695 36.732 32.222 31.510 28.709 29.889 25.598 27.475 22.973 27.333 29.816 26.424 24.445 26.412 28.328 28.778 26.194 22.834 24.587 24.353 24.854 20.190 20.250 20.608 24.401 26.028 27.964 22.410 31.881 31.935 27.780 30.738 22.702 26.768 20.924 22.600 20.510 32.288 35.727 25.908 24.983 25.081 23.308
47.850 47.567 42.239 40.914 37.197 35.080 39.087 38.694 33.383 34.249 38.145 35.195 30.958 34.969 37.066 32.909 33.988 28.564 26.564 32.525 32.935 28.515 31.735 27.513 29.761 31.536 33.318 35.251 35.404 36.396 39.416 40.894 40.800 42.997 44.909 46.601 46.934 43.492 48.931 47.873 52.770 50.174 55.152 53.475 59.156 56.508 59.983 59.536 61.218 56.284 56.916 51.433 51.949 48.929 44.588 43.266 47.804 47.890 51.158 55.732 55.961 51.563 49.067 52.019 56.818 58.208 61.674 62.339 59.319 63.525 60.513 58.152 54.470 54.704 49.797 48.090 51.334 50.516 55.716 54.635 56.277 51.921 49.492 52.719 49.382 48.369 45.922 42.266 43.255 47.029 44.453 39.824 42.867 45.457 40.817 38.830 43.673 43.028 38.014 40.233 36.788 33.683 37.310 38.759 37.201 41.037 43.100 42.445 46.489 44.025 39.383 41.393 43.872 41.743 37.085 36.647 34.057 35.050 30.608 32.193 27.490 31.872 34.024 30.142 28.303 29.544 31.392 30.898 28.722 26.172 28.512 27.345 29.466 23.728 21.592 23.626 28.780 28.109 32.485 23.858 36.776 37.032 31.511 35.942 24.990 31.202 22.445 24.906 24.452 37.089 40.756 30.009 28.221 26.723 25.358
51.119 51.014 45.589 44.529 40.756 38.811 42.630 41.932 36.713 37.612 41.193 38.015 33.877 37.754 39.511 35.096 36.379 31.131 28.582 34.377 34.264 30.049 33.723 30.036 32.626 34.477 35.748 37.847 38.508 39.272 41.966 43.806 43.935 45.810 47.556 49.496 50.128 46.781 52.081 50.874 55.787 53.058 57.855 56.022 61.612 58.654 62.063 61.391 63.210 58.258 59.222 53.774 54.363 51.598 47.397 45.708 50.278 50.045 53.095 57.757 57.639 53.096 50.814 53.989 58.589 60.323 63.585 64.428 61.186 65.181 61.948 59.764 55.760 56.231 51.094 49.774 52.775 52.413 57.782 56.841 58.709 54.194 51.871 55.415 52.094 51.454 48.698 45.014 45.663 49.303 46.904 42.137 44.779 47.380 42.893 40.538 45.109 44.680 39.606 41.186 37.592 34.811 38.388 40.165 39.108 42.591 44.826 44.633 48.588 46.547 41.671 43.337 46.118 44.392 39.664 38.733 36.311 37.800 33.682 35.001 30.672 35.309 37.331 33.541 32.080 33.556 35.113 34.756 32.172 28.901 30.117 30.699 31.427 25.830 24.194 25.892 30.796 29.723 33.850 25.926 38.491 38.363 32.823 37.005 28.147 33.513 24.355 26.562 27.121 39.001 42.143 31.155 29.682 28.433 28.351
52.851 52.160 47.012 45.654 41.573 40.083 44.269 43.395 38.173 39.655 43.343 39.899 36.123 40.465 42.070 37.747 38.392 33.236 30.591 36.498 36.079 31.601 35.024 31.049 34.117 35.308 36.591 39.228 39.499 39.679 42.834 44.910 44.417 46.077 48.382 50.544 50.713 47.794 53.207 52.580 57.294 54.180 59.084 56.845 62.489 59.418 62.469 62.221 64.307 59.404 60.492 54.880 55.969 53.131 48.948 47.177 51.360 51.682 54.401 59.317 59.016 54.624 52.595 55.973 60.728 62.113 65.552 66.085 62.701 66.554 63.530 61.614 57.598 58.397 53.147 52.009 55.378 54.820 60.134 58.720 60.804 56.599 53.842 57.276 54.365 53.551 51.197 47.119 48.354 51.753 48.898 44.428 47.389 49.524 44.752 42.894 47.369 46.385 41.284 43.080 39.138 36.068 39.189 41.355 40.031 43.162 45.950 45.447 48.898 46.871 42.188 43.448 45.829 44.195 39.811 38.629 35.690 37.221 33.069 35.244 30.890 35.081 37.816 34.519 32.339 34.233 36.341 36.516 34.125 30.825 31.539 31.944 32.673 27.829 26.886 28.210 32.233 32.623 34.998 28.925 39.407 39.058 33.891 37.550 30.175 34.701 27.409 29.256 28.410 39.963 42.882 32.128 31.377 31.606 30.550
55.328 54.929 49.635 48.632 44.555 43.178 47.087 45.898 40.794 42.227 45.546 41.904 38.205 42.342 43.591 39.021 39.943 34.995 31.848 37.502 36.603 32.431 36.304 32.970 36.265 37.652 38.393 41.082 41.957 42.016 44.709 47.114 46.989 48.337 50.336 52.717 53.304 50.418 55.641 54.760 59.507 56.314 60.987 58.654 64.171 60.795 63.831 63.261 65.440 60.529 61.950 56.424 57.509 54.969 50.950 48.806 53.067 52.959 55.483 60.433 59.790 55.245 53.417 56.988 61.493 63.284 66.470 67.232 63.642 67.277 63.999 62.241 57.906 58.911 53.461 52.712 55.772 55.714 61.193 59.988 62.284 57.888 55.304 59.084 56.152 55.775 53.044 48.986 49.795 53.057 50.454 45.824 48.319 50.501 45.953 43.668 47.840 47.156 42.039 43.135 39.128 36.471 39.577 41.992 41.244 44.047 46.890 46.931 50.365 48.800 43.860 44.834 47.607 46.397 41.890 40.257 37.654 39.685 35.932 37.581 33.663 38.207 40.608 37.320 35.725 37.777 39.438 39.691 36.814 32.348 32.873 34.040 34.341 29.043 28.921 29.519 33.789 33.312 36.511 30.221 41.202 40.873 35.046 39.371 32.390 36.454 28.497 30.101 30.241 41.776 44.678 33.463 32.474 32.343 32.618
52.856 52.991 47.472 46.863 43.023 41.438 44.922 43.675 38.683 39.733 42.747 39.199 35.363 39.089 40.228 35.532 36.966 32.113 28.847 34.257 33.424 29.593 33.765 30.929 33.947 35.865 36.369 38.656 40.064 40.501 42.641 44.984 45.479 46.859 48.293 50.580 51.687 48.523 53.548 52.159 57.030 54.090 58.571 56.523 61.934 58.562 61.883 60.873 62.855 57.917 59.341 53.991 54.697 52.336 48.395 46.169 50.723 50.051 52.753 57.498 56.900 52.211 50.252 53.723 58.022 60.188 63.156 64.214 60.678 64.355 60.858 58.940 54.542 55.355 49.950 49.184 51.883 52.120 57.673 56.873 59.090 54.433 52.216 56.193 53.002 52.947 49.806 46.019 46.273 49.603 47.413 42.553 44.640 47.139 42.896 40.128 44.246 44.064 38.992 39.722 35.999 33.698 37.159 39.295 38.933 41.915 44.301 44.754 48.579 47.155 42.003 43.224 46.440 45.291 40.485 38.933 36.900 39.038 35.496 36.234 32.565 37.560 39.246 35.655 34.886 36.747 37.764 37.788 34.510 30.349 29.554 34.065 32.819 26.085 26.542 26.609 31.794 28.972 33.666 26.356 39.849 39.257 31.356 37.630 31.229 36.083 24.405 25.897 30.111 40.805 42.920 30.135 28.491 27.981 30.967
58.582 58.759 53.236 52.659 48.800 47.235 50.704 49.427 44.463 45.477 48.428 44.859 41.049 44.650 45.705 40.953 42.492 37.749 34.335 39.570 38.440 34.803 39.117 36.518 39.654 41.532 41.847 44.234 45.774 46.065 48.123 50.623 51.122 52.344 53.779 56.183 57.347 54.258 59.239 57.816 62.677 59.681 64.071 61.915 67.258 63.703 66.906 65.813 67.909 62.995 64.628 59.315 60.089 57.862 54.000 51.626 56.137 55.336 57.861 62.645 61.804 57.066 55.289 58.875 63.012 65.381 68.203 69.363 65.696 69.188 65.565 63.808 59.208 60.198 54.681 54.196 56.686 57.231 62.843 62.142 64.465 59.735 57.608 61.714 58.521 58.601 55.336 51.603 51.666 54.938 52.873 47.978 49.821 52.322 48.209 45.265 49.152 49.105 44.066 44.341 40.554 38.522 41.806 44.195 44.125 46.789 49.338 50.029 53.688 52.513 47.313 48.250 51.527 50.617 45.881 44.042 41.990 44.349 40.920 41.767 38.211 43.156 44.949 41.432 40.595 42.482 43.560 43.516 40.277 35.927 34.702 39.232 37.954 31.608 32.191 32.260 37.059 34.201 38.664 32.032 44.762 43.983 35.942 42.209 36.730 41.076 30.016 31.260 35.172 45.740 47.679 34.863 33.453 33.325 36.583
54.953 55.481 49.861 49.671 45.953 44.457 47.535 46.010 41.261 42.161 44.692 41.063 37.379 40.710 41.445 36.611 38.396 33.927 30.294 35.177 33.919 30.641 35.158 33.138 36.188 38.344 38.292 40.462 42.512 42.921 44.462 47.041 48.009 49.097 50.086 52.511 54.111 50.955 55.687 53.957 58.825 55.914 60.073 58.040 63.243 59.626 62.977 61.551 63.543 58.644 60.366 55.213 55.803 53.803 50.098 47.543 52.169 50.951 53.475 58.129 57.225 52.410 50.637 54.214 58.155 60.794 63.424 64.776 61.095 64.538 60.768 58.978 54.303 55.251 49.740 49.366 51.611 52.425 58.083 57.608 59.980 55.129 53.209 57.512 54.280 54.722 51.172 47.538 47.238 50.389 48.589 43.615 45.090 47.673 43.818 40.563 44.270 44.535 39.581 39.487 35.892 34.188 37.635 39.865 40.169 42.824 45.077 46.145 49.993 49.050 43.711 44.714 48.341 47.600 42.705 40.816 39.274 41.810 38.726 38.798 35.660 40.913 42.124 38.565 38.475 40.391 40.878 40.933 37.227 35.258 32.712 40.005 37.252 30.233 31.784 31.044 36.085 31.653 36.853 30.285 43.959 42.888 33.434 40.974 36.969 41.193 28.066 28.883 35.672 45.246 46.442 32.585 30.950 30.940 36.456
59.031 59.856 54.183 54.252 50.651 49.153 51.959 50.327 45.749 46.472 48.701 45.106 41.503 44.471 44.980 40.114 42.188 38.012 34.233 38.662 37.130 34.327 39.013 37.544 40.548 42.856 42.468 44.522 46.963 47.372 48.514 51.217 52.494 53.394 54.077 56.571 58.495 55.337 59.856 57.865 62.721 59.878 63.786 61.787 66.807 63.019 66.365 64.621 66.615 61.777 63.722 58.755 59.233 57.510 53.991 51.240 55.897 54.263 56.640 61.181 60.035 55.151 53.542 57.160 60.768 63.796 66.125 67.726 63.955 67.180 63.193 61.521 56.643 57.686 52.141 52.090 53.898 55.200 60.898 60.726 63.177 58.178 56.545 61.059 57.767 58.550 54.702 51.268 50.508 53.542 52.094 47.059 48.030 50.702 47.204 43.585 46.923 47.576 42.777 42.002 38.575 37.387 40.745 43.043 43.850 46.212 48.358 49.881 53.701 53.116 47.688 48.505 52.382 51.938 47.028 44.909 43.673 46.452 43.646 43.365 40.540 45.894 46.841 43.294 43.559 45.444 45.651 45.617 41.750 36.771 33.077 42.468 38.587 31.252 33.590 32.213 37.256 31.560 37.257 31.063 45.081 43.730 33.122 41.680 39.155 43.090 28.702 29.070 37.934 46.612 47.146 32.587 30.841 31.032 38.398
57.468 58.296 52.717 53.084 49.422 48.379 50.956 48.830 44.548 45.581 47.324 43.411 40.286 43.262 43.180 38.271 40.148 36.460 32.269 36.234 34.127 31.695 36.486 35.683 38.990 41.133 40.168 42.402 45.276 45.321 46.071 49.149 50.570 51.034 51.546 54.309 56.483 53.620 57.865 55.931 60.617 57.537 61.169 58.942 63.772 59.714 62.900 61.012 63.147 58.390 60.668 55.805 56.495 55.088 51.840 48.703 53.161 51.370 53.364 57.967 56.451 51.576 50.293 54.134 57.538 60.710 62.867 64.498 60.518 63.455 59.393 57.999 52.915 54.290 48.600 49.006 50.733 52.355 58.088 57.832 60.599 55.688 53.981 58.727 55.751 56.932 53.002 49.369 48.569 51.189 49.743 44.855 45.518 47.862 44.525 40.864 43.750 44.383 39.706 38.399 34.900 34.056 37.142 39.671 40.917 42.802 45.077 46.980 50.555 50.435 44.961 45.397 49.470 49.463 44.651 42.129 41.224 44.382 42.108 41.430 39.220 44.634 45.357 42.163 42.869 45.102 44.964 45.443 41.125 37.544 32.622 43.762 38.810 31.739 34.911 32.902 37.570 31.243 36.572 31.643 44.783 43.038 31.702 40.774 40.590 43.639 29.195 29.039 38.923 46.522 46.369 31.449 29.979 31.094 39.693
54.998 56.189 50.486 50.964 47.577 46.169 48.512 46.648 42.389 42.968 44.698 41.112 37.725 40.319 40.458 35.600 37.924 34.166 30.271 34.142 32.517 30.240 35.016 34.237 37.036 39.600 38.838 40.584 43.526 44.078 44.638 47.363 49.128 49.894 50.079 52.546 54.910 51.710 55.909 53.605 58.419 55.711 59.339 57.510 62.341 58.542 62.042 59.951 61.797 57.009 59.009 54.264 54.516 53.050 49.740 46.842 51.577 49.498 51.873 56.219 55.041 50.112 48.499 52.056 55.425 58.723 60.835 62.635 58.891 62.066 57.946 56.222 51.313 52.274 46.794 46.845 48.356 49.942 55.643 55.726 58.198 53.104 51.722 56.400 53.091 54.254 50.142 46.866 45.708 48.576 47.447 42.391 42.927 45.673 42.520 38.593 41.682 42.704 38.082 36.894 33.785 33.023 36.519 38.552 39.761 42.102 43.847 45.758 49.756 49.402 43.916 44.828 49.016 48.729 43.727 41.633 40.974 43.848 41.444 40.352 38.029 43.566 43.878 40.357 41.393 43.253 42.842 42.913 38.645 36.170 32.088 42.787 38.451 30.391 32.390 31.179 36.964 29.310 36.368 29.117 44.770 43.235 31.706 41.119 38.603 43.422 26.814 27.230 38.491 46.490 46.509 31.446 29.369 28.691 37.598
54.353 55.357 49.615 49.721 46.296 44.564 47.244 45.796 41.212 41.675 43.947 40.558 36.771 39.583 40.290 35.472 37.760 33.467 29.940 34.426 33.338 30.508 35.121 33.544 36.178 38.761 38.594 40.308 42.712 43.498 44.580 46.989 48.456 49.621 50.124 52.382 54.372 50.975 55.501 53.320 58.261 55.664 59.633 57.919 62.989 59.454 63.041 61.247 63.018 58.142 59.804 54.870 55.064 53.218 49.607 47.083 51.928 50.215 52.917 57.303 56.493 51.601 49.693 53.089 56.792 59.761 62.167 63.796 60.231 63.709 59.767 57.810 53.144 53.851 48.478 48.050 49.878 50.963 56.618 56.570 58.790 53.723 52.214 56.612 53.121 53.799 49.919 46.659 45.807 49.037 47.689 42.564 43.621 46.531 43.047 39.372 42.984 43.771 38.968 38.531 35.338 34.033 37.732 39.617 40.236 43.038 44.803 46.190 50.343 49.479 44.073 45.316 49.219 48.482 43.431 41.712 40.626 43.124 40.191 39.609 36.668 42.104 42.751 38.974 39.472 41.105 41.118 40.861 37.015 33.375 29.854 39.604 35.809 27.791 29.735 28.568 34.258 27.582 34.302 26.908 42.496 41.297 30.125 39.381 35.688 40.548 24.609 25.215 35.371 44.047 44.625 29.748 27.473 26.891 34.782
49.502 50.803 44.991 45.257 42.096 40.140 42.538 41.226 36.745 36.868 39.032 35.889 31.965 34.469 35.291 30.540 33.154 28.874 25.638 29.976 29.376 26.712 31.219 29.747 31.879 34.828 34.790 36.029 38.531 39.758 40.598 42.691 44.496 45.889 46.060 48.054 50.236 46.588 51.015 48.545 53.557 51.259 55.201 53.830 58.880 55.602 59.457 57.518 59.023 54.138 55.529 50.710 50.544 48.651 45.015 42.698 47.743 45.821 48.847 53.001 52.523 47.630 45.424 48.557 52.274 55.260 57.671 59.385 56.045 59.747 55.821 53.573 49.130 49.466 44.311 43.522 45.270 46.213 51.812 51.974 53.954 48.793 47.498 51.815 48.109 48.789 44.795 41.781 40.700 44.094 42.957 37.738 38.749 41.938 38.589 34.770 38.587 39.629 34.909 34.712 31.902 30.619 34.664 36.023 36.558 39.784 41.027 42.379 46.896 45.824 40.457 42.151 46.139 45.161 39.976 38.688 37.932 40.146 37.230 36.105 33.218 38.742 38.884 34.886 35.865 37.205 36.822 36.341 32.414 30.736 28.404 36.841 34.248 25.527 25.799 25.841 32.522 25.211 33.142 23.517 41.286 40.476 29.377 38.829 32.143 38.825 21.505 22.930 33.330 42.680 43.747 29.053 26.135 24.092 31.248
49.883 50.521 44.844 44.643 41.069 39.349 42.362 41.026 36.232 36.929 39.565 36.121 32.243 35.524 36.495 31.724 33.634 28.979 25.644 30.691 29.955 26.545 30.923 28.662 31.345 33.746 33.992 35.843 37.771 38.560 40.118 42.379 43.476 44.861 45.728 47.906 49.510 46.123 50.901 49.044 53.990 51.301 55.563 53.799 59.076 55.740 59.319 57.904 59.678 54.741 56.147 50.999 51.339 49.168 45.342 43.050 47.843 46.637 49.497 54.014 53.480 48.688 46.603 49.949 54.040 56.535 59.293 60.616 57.157 60.872 57.196 55.121 50.706 51.316 45.996 45.197 47.554 48.050 53.643 53.218 55.355 50.483 48.617 52.761 49.363 49.636 46.126 42.607 42.334 45.685 43.899 38.865 40.542 43.317 39.404 36.197 40.237 40.538 35.568 35.967 32.593 30.665 34.446 36.234 36.236 39.383 41.269 42.104 46.277 44.992 39.703 41.171 44.767 43.680 38.651 37.223 35.790 37.980 34.724 34.539 31.222 36.548 37.495 33.698 33.789 35.468 35.804 35.677 32.001 28.220 26.621 33.627 31.470 23.328 23.762 23.703 29.966 24.496 31.193 22.242 38.607 37.943 28.137 36.348 29.549 35.620 20.223 21.785 29.926 39.828 41.374 27.407 24.906 23.378 28.840
45.765 46.544 40.804 40.466 37.144 34.943 37.942 37.084 32.166 32.429 35.389 32.382 28.091 31.230 32.758 28.182 30.319 25.319 22.694 27.960 28.117 24.562 28.563 25.805 27.784 30.528 31.382 32.709 34.274 35.677 37.375 39.063 40.250 42.145 42.913 44.664 46.164 42.410 47.304 45.275 50.345 48.042 52.485 51.139 56.516 53.622 57.477 56.126 57.590 52.633 53.551 48.432 48.390 45.927 41.894 40.103 45.108 43.975 47.324 51.603 51.617 46.905 44.381 47.333 51.611 53.884 56.812 58.095 54.988 59.065 55.545 53.079 49.069 49.174 44.193 42.765 45.223 45.249 50.695 50.382 52.104 47.209 45.473 49.302 45.602 45.512 42.104 38.862 38.618 42.343 40.615 35.516 37.514 40.615 36.653 33.566 38.076 38.444 33.527 34.647 31.658 29.448 33.578 34.735 34.246 38.051 39.427 39.854 44.423 42.603 37.479 39.591 43.021 41.397 36.266 35.559 34.166 35.756 32.147 31.821 28.095 33.364 34.060 29.862 29.982 31.146 31.444 30.811 27.446 26.221 26.545 30.642 30.429 22.196 20.384 22.040 28.949 24.217 31.163 20.464 37.877 37.614 28.984 36.202 26.133 33.949 18.901 21.448 27.759 38.788 41.142 28.094 25.336 22.678 25.671
45.244 45.328 39.815 39.205 35.390 33.826 37.296 36.025 31.018 32.169 35.216 31.657 27.835 31.777 32.977 28.385 29.611 24.621 21.588 27.241 26.890 22.790 26.686 23.512 26.345 28.336 29.098 31.212 32.465 33.126 35.334 37.456 37.984 39.577 40.967 43.089 44.153 40.889 45.952 44.606 49.480 46.608 51.196 49.301 54.790 51.680 55.166 54.259 56.070 51.114 52.244 46.859 47.470 44.934 40.899 38.873 43.479 42.985 45.926 50.600 50.345 45.751 43.540 46.836 51.353 53.220 56.383 57.293 53.947 57.869 54.563 52.429 48.342 48.904 43.692 42.528 45.531 45.318 50.766 49.813 51.895 47.361 45.003 48.805 45.649 45.434 42.475 38.580 39.134 42.505 40.122 35.338 37.788 40.242 35.820 33.349 37.778 37.383 32.304 33.734 30.173 27.482 31.185 32.878 32.074 35.534 37.630 37.739 41.808 40.038 34.968 36.629 39.763 38.276 33.362 32.271 30.348 32.141 28.495 28.937 25.162 30.274 31.707 28.016 27.478 29.340 30.163 30.387 26.942 23.595 24.490 27.460 27.353 19.907 18.799 19.886 26.115 23.370 28.832 19.399 34.798 34.581 27.135 33.111 23.773 30.474 17.830 20.272 24.223 35.548 38.264 25.782 23.854 21.956 23.448
43.124 43.292 37.757 36.800 33.303 31.009 34.621 34.150 28.924 29.474 33.126 30.253 25.861 29.615 31.671 27.452 28.905 23.476 21.567 27.403 28.140 23.945 27.226 23.302 25.151 27.459 29.149 30.624 31.183 32.611 35.153 36.481 36.957 39.247 40.641 42.189 42.968 39.253 44.525 43.043 48.050 45.687 50.531 49.145 54.751 52.200 55.953 55.183 56.642 51.694 52.224 46.885 47.050 44.120 39.812 38.501 43.300 42.978 46.478 50.846 51.237 46.776 44.083 46.875 51.582 53.162 56.518 57.368 54.462 58.777 55.669 53.109 49.508 49.489 44.715 42.832 45.901 45.138 50.355 49.545 51.076 46.551 44.370 47.701 44.161 43.370 40.630 37.151 37.790 41.646 39.340 34.542 37.402 40.241 35.793 33.535 38.460 38.144 33.200 35.418 32.326 29.382 33.352 34.358 32.942 37.094 38.641 38.194 42.638 40.181 35.417 37.796 40.598 38.421 33.495 33.315 31.293 32.242 28.016 28.625 24.144 28.965 30.325 26.119 25.200 26.262 27.376 26.757 24.082 22.927 25.454 25.173 26.832 20.275 17.927 20.007 25.874 24.829 29.498 20.153 34.327 34.628 28.957 33.611 21.995 29.067 18.882 21.696 22.374 34.755 38.247 27.413 25.429 23.282 22.088
40.158 39.719 34.419 33.257 29.353 27.690 31.660 30.785 25.547 26.953 30.601 27.277 23.413 27.878 29.602 25.521 26.061 20.731 18.723 24.773 25.333 20.733 23.601 19.187 21.618 23.236 24.987 27.018 27.210 28.083 31.076 32.654 32.577 34.686 36.571 38.350 38.750 35.443 40.827 39.948 44.749 41.943 46.908 45.136 50.825 48.214 51.711 51.338 52.997 48.080 48.667 43.144 43.806 40.782 36.483 35.067 39.501 39.780 43.002 47.618 47.920 43.640 41.132 44.101 49.031 50.165 53.752 54.244 51.234 55.481 52.638 50.285 46.778 47.029 42.205 40.407 43.984 42.878 48.007 46.625 48.400 44.257 41.531 44.753 41.725 40.808 38.530 34.487 35.902 39.409 36.513 32.088 35.409 37.650 32.827 31.250 36.134 35.123 30.152 32.883 29.516 26.105 29.718 30.904 29.034 33.058 35.020 34.156 38.245 35.694 31.076 33.267 35.740 33.529 28.791 28.548 26.147 27.037 22.731 23.897 19.325 24.010 25.900 22.153 20.741 22.484 23.955 24.293 21.462 19.970 23.201 21.772 23.723 17.794 14.303 17.523 22.907 23.540 26.988 17.867 31.203 31.566 27.126 30.568 18.159 25.684 17.132 20.245 18.958 31.510 35.259 25.304 23.703 21.873 18.377
40.631 40.289 35.043 33.465 29.992 27.471 31.582 31.689 26.315 26.946 31.237 28.774 24.366 28.425 31.051 27.424 28.289 22.706 21.860 27.799 29.240 24.780 27.113 22.246 23.554 25.441 28.055 29.394 28.857 30.493 33.760 34.511 34.350 37.132 39.010 40.188 40.261 36.526 42.072 41.046 45.942 43.709 48.874 47.623 53.364 51.286 54.987 54.723 56.056 51.187 51.228 45.817 46.022 42.657 38.143 37.465 42.032 42.425 46.127 50.403 51.266 47.117 44.212 46.685 51.704 52.630 56.333 56.809 54.222 58.778 56.088 53.373 50.281 50.010 45.601 43.215 46.718 45.205 50.084 48.922 50.130 45.990 43.533 46.264 42.831 41.317 39.265 35.780 37.166 41.146 38.440 34.036 37.609 40.255 35.539 34.078 39.300 38.480 33.713 36.908 33.974 30.537 34.306 34.958 32.689 37.185 38.652 37.360 41.708 38.584 34.341 37.089 39.215 36.419 31.803 32.360 29.883 29.971 25.177 26.623 21.468 25.548 27.427 23.233 21.235 21.886 23.852 23.041 21.393 20.340 25.754 19.996 25.063 19.750 14.666 18.823 24.406 25.654 29.455 19.689 32.530 33.588 29.965 33.096 17.111 25.835 19.198 22.507 18.618 32.385 37.105 28.253 26.370 23.960 17.872
35.865 35.061 30.018 28.251 24.529 22.427 26.822 26.702 21.343 22.631 26.955 24.299 20.353 24.944 27.388 24.119 24.178 18.770 18.388 24.228 25.905 21.334 22.895 17.543 18.816 20.183 23.154 24.628 23.569 25.038 28.671 29.340 28.779 31.620 33.794 34.966 34.717 31.197 36.828 36.254 40.976 38.522 43.799 42.413 48.200 46.266 49.859 49.905 51.251 46.451 46.351 40.867 41.324 37.816 33.290 32.738 37.019 37.926 41.543 45.864 46.857 42.949 40.067 42.493 47.698 48.166 52.079 52.247 49.729 54.319 51.924 49.260 46.445 46.208 41.965 39.450 43.365 41.410 46.096 44.499 45.764 41.994 39.138 41.642 38.599 36.895 35.309 31.444 33.536 37.249 34.085 30.087 34.120 36.302 31.351 30.594 35.819 34.461 29.854 33.695 30.842 27.071 30.559 30.989 28.181 32.774 34.258 32.467 36.652 33.256 29.303 32.190 33.953 30.907 26.468 27.400 24.801 24.449 19.521 21.221 15.867 19.706 21.809 17.866 15.460 16.510 18.743 18.772 17.070 17.176 23.844 16.470 22.248 17.440 11.944 16.270 21.641 24.307 27.169 17.777 29.668 31.003 28.828 30.742 13.607 22.704 17.742 21.329 15.479 29.375 34.411 26.971 25.235 22.549 14.445
38.707 37.390 32.803 30.414 26.804 24.606 29.376 29.848 24.604 25.864 30.586 28.378 24.594 29.090 31.897 29.058 28.820 23.580 23.659 29.345 31.129 26.519 27.655 22.015 23.053 23.839 27.264 28.785 26.873 28.216 32.426 32.743 31.473 34.544 37.241 38.179 37.209 33.876 39.639 39.538 44.056 41.696 47.149 45.772 51.590 49.943 53.328 53.822 55.171 50.484 50.128 44.636 45.223 41.470 36.897 36.783 40.722 42.182 45.772 50.045 51.231 47.555 44.674 46.932 52.255 52.307 56.402 56.304 53.967 58.604 56.483 53.831 51.269 50.981 46.925 44.253 48.335 46.035 50.462 48.644 49.694 46.235 43.243 45.273 42.360 40.097 39.076 35.352 37.859 41.609 38.255 34.610 38.935 40.967 35.948 35.633 40.874 39.236 34.781 38.913 36.019 32.090 35.273 35.763 32.581 37.064 38.723 36.436 40.268 36.536 33.083 35.899 37.033 33.688 29.765 30.955 27.821 26.940 21.676 24.549 18.960 21.582 24.504 20.992 17.243 17.817 21.159 20.860 20.517 19.598 26.895 15.918 24.492 20.515 13.822 19.317 24.158 27.601 29.999 20.956 31.389 33.115 31.944 33.071 13.697 23.267 21.034 24.635 16.009 30.578 36.512 29.987 28.447 25.833 15.339
34.129 33.029 28.324 26.015 22.601 20.080 24.757 25.404 20.153 21.191 25.989 24.050 20.196 24.595 27.575 25.042 24.803 19.633 20.412 25.795 28.129 23.768 24.442 18.780 19.053 20.125 23.892 24.871 22.816 24.722 28.751 28.656 27.684 31.063 33.435 34.081 33.269 29.636 35.373 35.055 39.641 37.538 42.991 41.934 47.724 46.330 49.943 50.307 51.410 46.753 46.136 40.763 41.045 37.213 32.592 32.756 36.826 38.188 42.040 46.076 47.563 43.968 40.863 42.847 48.177 48.160 52.267 52.201 50.079 54.872 52.815 49.955 47.655 47.070 43.292 40.313 44.380 41.860 46.150 44.438 45.277 41.829 38.949 40.839 37.800 35.455 34.461 30.880 33.413 37.242 33.968 30.385 34.821 36.947 32.036 31.852 37.194 35.651 31.406 35.854 33.377 29.497 32.808 32.764 29.414 34.252 35.390 32.978 37.122 33.164 29.834 33.121 34.303 30.698 26.661 28.410 25.722 24.448 19.252 21.386 15.769 18.461 20.715 16.834 13.495 13.575 16.634 16.176 15.891 15.984 24.065 13.768 21.680 17.425 10.329 15.854 21.127 24.493 27.144 17.482 28.934 30.645 29.409 30.680 10.405 21.522 17.941 21.760 14.345 28.397 33.878 27.573 25.787 22.639 11.845
29.894 29.286 24.285 22.301 19.194 16.195 20.547 21.305 16.013 16.583 21.397 19.733 15.611 19.822 22.996 20.686 20.680 15.537 17.076 22.056 24.984 21.018 21.347 15.936 15.221 16.955 20.899 21.140 19.260 21.919 25.458 24.969 24.635 28.266 30.054 30.414 30.042 25.980 31.613 30.825 35.576 33.795 39.171 38.500 44.227 43.023 46.939 47.005 47.836 43.183 42.361 37.148 37.002 33.168 28.507 28.875 33.223 34.241 38.408 42.173 43.927 40.336 36.979 38.693 43.971 44.051 48.093 48.177 46.240 51.183 49.086 45.989 43.881 42.969 39.441 36.169 40.108 37.488 41.718 40.254 40.892 37.313 34.667 36.549 33.254 30.982 29.784 26.406 28.739 32.716 29.666 25.992 30.415 32.775 28.060 27.803 33.251 31.983 27.943 32.558 30.575 26.884 30.410 29.786 26.453 31.657 32.151 29.820 34.399 30.350 27.017 30.793 32.225 28.498 24.234 26.454 24.456 22.997 18.171 19.008 13.679 16.730 17.789 13.293 11.259 10.672 12.714 11.894 11.220 13.016 21.805 11.138 19.230 14.987 5.117 12.790 18.652 20.986 24.976 13.345 26.327 28.289 27.234 28.565 6.761 18.926 14.399 18.724 12.064 25.697 31.334 25.778 23.318 18.872 7.609
31.716 30.798 25.748 24.172 20.232 18.629 22.964 22.321 17.022 18.919 22.936 19.907 16.416 21.395 23.419 20.305 19.808 14.620 14.443 20.088 21.899 17.384 18.414 12.885 14.207 15.375 18.394 19.922 18.874 20.256 23.859 24.625 24.103 26.863 28.989 30.260 30.115 26.707 32.293 31.855 36.503 33.843 39.095 37.611 43.400 41.455 45.063 45.129 46.469 41.686 41.589 36.078 36.662 33.181 28.702 28.039 32.231 33.271 36.822 41.173 42.183 38.371 35.514 37.963 43.230 43.540 47.513 47.572 45.035 49.620 47.329 44.703 42.000 41.804 37.633 35.101 39.227 37.108 41.736 39.917 41.322 37.714 34.629 37.167 34.396 32.834 31.361 27.154 29.592 33.028 29.615 25.822 30.034 31.894 26.835 26.448 31.611 29.976 25.480 29.668 26.963 23.067 26.434 26.610 23.562 28.270 29.636 27.690 31.909 28.466 24.537 27.582 29.350 26.253 21.734 22.888 20.540 20.048 15.295 16.475 11.185 15.406 17.182 13.323 11.436 13.150 14.883 15.932 13.476 9.736 17.717 12.122 15.941 10.998 6.542 9.328 14.984 18.472 20.797 11.891 23.397 24.934 23.259 24.967 8.075 17.223 12.407 15.846 10.796 23.250 28.050 21.505 19.669 16.827 8.031
26.310 25.786 20.510 19.181 15.621 13.554 17.565 17.087 11.721 13.324 17.400 14.753 11.096 16.062 18.347 15.815 15.259 10.193 11.702 16.523 19.413 15.572 15.574 10.239 9.638 11.580 15.233 15.596 14.352 16.862 20.021 20.022 20.112 23.374 24.885 25.643 25.802 21.886 27.402 26.576 31.353 29.122 34.373 33.425 39.157 37.642 41.600 41.475 42.415 37.689 37.151 31.841 31.905 28.279 23.699 23.524 27.955 28.828 32.834 36.784 38.303 34.641 31.401 33.378 38.673 38.857 42.864 42.966 40.784 45.627 43.451 40.485 38.227 37.531 33.838 30.769 34.883 32.372 36.780 35.126 36.181 32.583 29.668 31.979 28.992 27.310 25.860 21.839 24.358 27.940 24.636 20.931 25.383 27.409 22.528 22.402 27.744 26.276 22.200 26.932 25.021 21.319 24.803 24.014 20.697 25.965 26.384 24.224 28.944 25.145 21.497 25.333 27.124 23.647 19.046 21.193 19.742 18.578 14.362 13.892 9.069 13.193 13.360 8.689 8.606 9.469 9.838 11.005 7.911 8.561 16.052 10.275 15.770 9.249 3.815 7.002 14.283 15.644 19.473 8.574 23.159 24.571 21.537 24.614 3.610 17.794 9.496 13.344 11.724 23.303 27.456 20.136 17.679 13.793 4.173
28.245 28.448 22.834 22.417 18.989 17.270 20.352 19.086 14.066 15.328 18.404 15.056 11.132 15.808 17.355 13.624 14.063 8.527 8.137 13.790 16.119 12.167 13.651 9.370 9.924 12.857 14.978 15.559 16.204 18.363 20.441 21.300 22.348 24.898 25.732 26.988 28.116 24.251 29.341 27.865 32.812 30.440 35.297 34.202 39.804 37.723 41.804 41.070 42.144 37.263 37.289 32.016 31.994 28.887 24.536 23.470 28.335 28.250 32.123 36.237 37.249 33.134 30.030 32.431 37.464 38.431 42.085 42.632 40.066 44.718 42.038 39.170 36.301 35.842 31.642 29.037 32.764 31.062 35.979 34.746 36.193 32.048 29.450 32.566 29.376 28.630 26.218 22.167 23.661 27.210 24.379 19.944 23.624 26.016 21.299 20.032 25.337 24.464 19.927 23.781 21.649 18.268 22.315 21.822 19.468 24.585 25.051 23.961 28.954 25.970 21.512 24.988 27.712 25.013 19.910 21.060 20.191 20.233 16.767 15.135 11.445 16.653 16.173 11.746 13.270 14.600 13.822 14.796 10.321 9.830 14.207 14.931 15.504 7.725 4.885 6.673 13.906 13.264 18.134 6.250 23.123 23.872 19.190 23.417 9.672 18.694 6.331 10.899 13.033 23.701 27.035 17.704 15.318 11.082 8.815
29.268 28.312 23.253 22.263 17.994 17.508 21.385 19.578 14.636 17.490 20.561 16.617 14.073 19.416 20.374 17.101 15.895 11.238 10.276 15.756 17.102 12.526 13.378 7.890 10.457 11.248 13.500 15.641 15.357 16.062 19.324 20.830 20.539 22.699 24.692 26.477 26.753 23.732 29.075 28.757 33.275 30.112 35.172 33.300 39.053 36.743 40.288 40.237 41.760 36.934 37.199 31.597 32.538 29.339 25.074 23.758 27.845 28.837 32.052 36.644 37.317 33.462 30.850 33.638 38.882 39.252 43.175 43.202 40.383 44.794 42.454 40.052 37.164 37.300 32.921 30.738 35.048 33.087 37.840 35.763 37.633 34.115 30.729 33.652 31.331 30.346 28.748 23.976 26.599 29.485 25.810 22.150 26.272 27.630 22.421 22.232 27.121 25.160 20.590 24.809 21.992 17.975 21.195 21.433 18.421 23.018 24.566 22.817 26.990 23.912 19.638 22.511 24.628 21.910 17.114 17.894 15.948 15.988 11.965 12.028 7.533 12.807 14.008 10.753 10.451 13.381 13.917 16.430 12.650 2.879 11.888 11.588 10.210 5.538 7.552 4.211 8.820 14.033 14.557 9.111 17.600 19.016 17.736 19.054 8.214 13.401 9.814 11.831 8.941 17.818 21.896 15.913 14.557 12.950 6.645
34.046 33.602 28.285 27.468 23.456 22.328 26.030 24.537 19.483 21.435 24.602 20.838 17.471 22.304 23.489 19.487 19.487 14.357 12.268 18.318 19.081 14.397 16.863 12.371 15.019 16.622 18.194 20.237 20.712 21.538 24.283 25.997 26.157 28.137 29.805 31.680 32.332 29.115 34.354 33.521 38.246 35.270 40.159 38.347 44.016 41.421 45.011 44.589 46.185 41.274 41.836 36.310 37.037 34.072 29.851 28.270 32.679 32.999 36.209 40.827 41.196 36.998 34.455 37.429 42.435 43.415 47.064 47.461 44.460 48.750 46.012 43.639 40.285 40.518 35.789 33.909 37.737 36.421 41.498 39.909 41.819 37.828 34.884 38.175 35.418 34.722 32.506 28.111 29.833 33.035 29.906 25.649 29.148 31.073 26.129 24.892 29.778 28.494 23.591 26.797 23.633 20.001 23.660 24.445 22.333 26.617 28.333 27.370 31.622 29.045 24.373 26.831 29.440 27.198 22.279 22.271 20.346 21.177 17.266 17.444 13.283 18.489 19.718 16.102 15.726 18.001 18.652 19.957 16.218 10.989 14.122 16.234 15.219 8.835 10.549 8.509 14.033 15.167 18.068 11.240 22.873 23.531 18.395 22.789 13.512 18.248 9.906 11.767 12.432 23.363 26.931 16.667 14.901 14.130 12.666
35.712 34.946 29.914 29.444 25.080 25.115 28.589 26.095 21.592 24.423 26.738 22.178 19.954 24.918 24.964 20.795 20.083 15.961 12.443 17.963 17.163 12.385 15.391 11.961 16.239 16.901 17.063 20.248 21.444 20.920 23.380 26.194 26.158 27.120 28.997 31.642 32.451 30.029 34.939 34.534 38.927 35.237 39.822 37.273 42.812 39.573 42.739 42.356 44.431 39.540 40.796 35.170 36.634 34.118 30.308 27.858 31.787 32.196 34.596 39.653 39.266 35.025 33.134 36.730 41.590 42.663 46.186 46.482 42.974 46.797 43.984 42.175 38.360 39.351 34.155 33.126 37.088 36.216 41.437 39.453 42.046 38.267 34.936 38.648 36.574 36.465 34.247 29.301 31.194 33.639 30.233 26.282 29.427 30.593 25.581 24.479 28.678 26.933 21.902 24.464 20.574 16.883 19.993 21.761 20.152 23.481 26.129 25.627 29.216 27.452 22.490 23.909 26.788 25.419 20.652 19.335 17.341 19.374 16.405 16.563 13.745 18.935 20.428 17.991 17.946 21.229 21.633 24.032 19.782 13.512 13.930 18.701 15.058 9.915 13.925 10.816 14.152 16.754 17.299 13.526 22.254 22.117 17.803 20.960 16.847 18.886 12.105 13.281 13.951 23.156 25.764 15.688 15.025 16.075 16.081
39.853 39.616 34.303 33.982 29.876 29.270 32.580 30.428 25.777 27.840 30.252 25.984 23.077 27.520 27.827 23.241 23.583 19.156 15.386 20.918 19.953 15.614 19.497 16.704 20.418 21.862 21.928 24.628 26.255 26.208 28.228 30.929 31.380 32.428 33.884 36.424 37.594 34.833 39.682 38.727 43.340 39.956 44.400 42.080 47.518 44.163 47.462 46.670 48.685 43.754 45.148 39.675 40.771 38.423 34.615 32.115 36.393 36.145 38.669 43.594 43.067 38.566 36.645 40.248 44.843 46.479 49.722 50.399 46.835 50.591 47.423 45.557 41.426 42.362 37.002 36.138 39.556 39.242 44.681 43.235 45.747 41.535 38.697 42.660 40.122 40.226 37.473 32.959 34.036 36.797 33.960 29.525 32.106 33.857 29.209 27.207 31.371 30.386 25.268 26.899 23.027 20.008 23.470 25.383 24.540 27.729 30.161 30.288 34.087 32.610 27.454 28.801 32.042 30.888 26.011 24.513 22.807 25.029 22.028 21.982 19.029 24.333 25.580 22.577 22.652 25.366 25.707 27.202 22.981 16.531 15.866 22.206 18.172 12.201 15.532 13.284 17.143 17.698 19.419 14.710 25.279 24.688 18.282 23.062 20.125 22.093 12.788 14.198 17.026 26.292 28.333 16.440 15.857 16.759 19.392
42.416 41.517 36.621 36.131 31.646 31.862 35.424 32.817 28.409 31.264 33.501 28.831 26.692 31.503 31.339 26.957 26.420 22.565 18.571 23.687 21.849 17.517 21.037 18.415 22.982 23.354 22.949 26.559 27.963 26.813 29.179 32.484 32.218 32.630 34.722 37.751 38.514 36.499 41.283 41.050 45.301 41.313 45.689 42.699 48.078 44.360 47.090 46.726 49.194 44.372 46.173 40.568 42.434 40.226 36.649 33.792 37.415 37.752 39.565 44.852 43.820 39.513 38.163 42.154 46.756 48.093 51.404 51.750 47.872 51.240 48.260 46.925 42.633 44.198 38.626 38.323 42.056 41.757 47.115 45.098 48.049 44.259 40.917 44.880 43.005 43.150 40.805 35.817 37.482 39.705 36.392 32.460 35.151 36.132 31.302 29.910 33.566 31.878 26.852 28.328 23.899 20.722 23.214 25.996 25.132 27.381 30.784 30.791 33.698 32.625 27.644 28.041 30.939 30.300 25.935 23.596 21.290 24.090 21.488 22.401 19.948 24.682 26.756 24.697 24.119 27.543 28.349 30.637 26.548 15.175 14.714 20.071 14.416 11.972 19.060 13.608 14.143 19.195 17.135 17.664 20.965 20.590 18.092 19.264 20.518 17.832 16.020 15.836 13.679 21.838 24.393 15.703 16.293 19.135 19.782
46.072 45.673 40.576 40.453 36.164 36.159 39.369 36.696 32.392 34.821 36.758 32.120 29.810 34.147 33.777 29.092 29.230 25.534 21.115 25.836 23.514 19.805 24.003 22.301 26.681 27.581 26.691 30.018 32.115 31.156 32.853 36.315 36.621 36.837 38.405 41.516 42.807 40.658 45.204 44.498 48.842 44.978 49.055 46.140 51.321 47.330 50.116 49.264 51.751 46.933 49.060 43.651 45.309 43.450 40.049 36.891 40.713 40.361 42.057 47.261 45.887 41.354 40.171 44.297 48.534 50.465 53.414 54.129 50.076 53.217 49.868 48.643 43.957 45.666 39.881 40.001 43.201 43.583 49.140 47.556 50.629 46.514 43.564 47.901 45.817 46.420 43.553 38.820 39.759 41.966 39.151 34.924 36.930 38.185 33.772 31.632 34.945 33.884 28.878 29.265 24.852 22.461 25.076 28.065 28.100 29.992 33.241 34.030 37.030 36.488 31.264 31.434 34.834 34.636 30.156 27.468 25.756 28.930 26.700 26.922 24.827 29.825 31.393 29.094 29.097 32.275 32.673 34.577 30.203 22.570 19.529 27.959 22.299 17.779 23.914 19.460 21.624 22.082 22.686 21.529 28.466 27.330 21.048 25.381 27.151 26.331 19.208 18.764 22.031 29.757 31.020 19.234 19.249 22.060 26.374
48.635 47.599 42.802 42.216 37.651 37.921 41.612 39.021 34.613 37.469 39.765 35.079 32.924 37.680 37.493 33.029 32.586 28.796 24.697 29.636 27.369 23.331 26.959 24.587 29.233 29.437 28.875 32.676 34.063 32.598 35.004 38.518 38.030 38.170 40.460 43.677 44.318 42.547 47.299 47.217 51.379 47.221 51.496 48.233 53.503 49.519 51.908 51.622 54.347 49.607 51.724 46.145 48.267 46.210 42.747 39.724 43.128 43.490 44.938 50.341 48.918 44.626 43.623 47.817 52.255 53.716 56.899 57.250 53.160 56.210 53.164 52.155 47.603 49.522 43.767 43.895 47.475 47.500 52.910 50.860 54.002 50.228 46.875 50.937 49.174 49.397 47.022 42.023 43.595 45.723 42.451 38.549 41.019 41.900 37.181 35.672 39.010 37.352 32.398 33.264 28.634 25.838 27.858 31.153 30.653 32.248 36.068 36.299 38.723 38.024 33.139 32.938 35.700 35.462 31.432 28.620 26.093 29.162 26.708 28.175 25.792 30.179 32.669 30.788 29.773 33.222 34.372 36.542 32.649 25.679 22.655 29.818 24.913 21.145 27.040 22.849 24.486 25.510 25.490 25.037 30.222 29.074 23.859 27.181 29.998 27.611 22.730 22.230 23.814 31.118 32.837 22.004 22.414 25.554 29.400
52.190 51.481 46.627 46.454 41.991 42.385 45.702 42.794 38.647 41.389 43.205 38.383 36.418 40.828 40.181 35.549 35.401 32.046 27.497 31.835 28.897 25.527 29.562 28.192 32.907 33.312 32.063 35.821 37.902 36.299 38.032 41.897 41.847 41.553 43.416 46.870 47.997 46.346 50.763 50.418 54.521 50.292 54.182 50.796 55.794 51.428 53.695 53.013 55.876 51.213 53.793 48.420 50.571 48.956 45.796 42.335 45.701 45.534 46.607 51.997 50.067 45.662 45.032 49.457 53.493 55.436 58.249 58.858 54.507 57.168 53.837 53.134 48.184 50.451 44.483 45.222 48.373 49.065 54.597 52.783 56.206 52.290 49.160 53.598 51.902 52.661 49.901 44.982 46.046 47.901 44.969 41.000 42.820 43.649 39.328 37.351 40.124 38.835 34.022 33.820 29.165 27.118 28.897 32.540 32.908 33.860 37.732 38.716 40.962 40.960 35.909 35.232 38.425 38.815 34.814 31.461 29.528 33.121 31.296 32.071 30.336 34.907 36.936 35.141 34.765 38.237 38.920 41.097 36.813 28.521 24.689 33.214 27.116 23.849 30.310 25.729 26.795 26.859 27.230 27.863 32.450 30.900 24.284 28.740 33.207 30.785 25.245 23.988 26.977 33.787 34.549 23.123 23.545 27.231 32.581
56.534 55.609 50.803 50.338 45.785 46.056 49.667 46.996 42.655 45.386 47.546 42.822 40.648 45.182 44.835 40.215 40.056 36.426 32.080 36.697 33.945 30.382 34.289 32.459 37.136 37.420 36.509 40.346 42.044 40.410 42.529 46.289 45.903 45.726 47.912 51.326 52.130 50.510 55.111 54.946 59.064 54.805 58.843 55.383 60.448 56.122 58.238 57.787 60.728 56.087 58.619 53.170 55.418 53.657 50.381 47.076 50.375 50.455 51.532 56.973 55.065 50.723 50.099 54.506 58.621 60.440 63.337 63.850 59.509 62.155 58.908 58.250 53.334 55.620 49.666 50.343 53.559 54.146 59.658 57.759 61.129 57.252 54.049 58.360 56.633 57.149 54.527 49.604 50.815 52.813 49.778 45.806 47.811 48.682 44.244 42.377 45.275 43.888 39.050 39.016 34.335 32.165 33.840 37.532 37.666 38.611 42.641 43.379 45.457 45.302 40.395 39.660 42.533 42.810 38.976 35.697 33.342 36.746 34.613 36.062 33.930 38.243 40.749 38.921 37.937 41.345 42.498 44.500 40.566 31.997 28.213 36.193 30.441 27.436 33.554 29.288 30.235 31.298 30.623 31.439 35.559 33.779 28.565 31.485 36.387 33.825 29.036 28.175 30.009 36.845 37.325 26.831 27.748 31.554 35.882
55.140 53.811 49.307 48.752 44.060 44.812 48.502 45.592 41.450 44.625 46.670 41.773 40.056 44.832 44.257 39.841 39.118 35.786 31.480 35.924 32.986 29.383 32.881 31.061 36.002 35.738 34.685 38.870 40.354 38.213 40.513 44.466 43.680 43.209 45.728 49.314 49.842 48.646 53.170 53.457 57.323 52.775 56.785 53.018 58.035 53.648 55.450 55.339 58.461 53.921 56.539 51.045 53.693 51.948 48.798 45.419 48.308 48.827 49.577 55.152 53.120 48.991 48.596 53.104 57.299 58.773 61.790 62.022 57.614 60.120 57.114 56.681 51.867 54.386 48.457 49.257 52.779 53.145 58.517 56.217 59.754 56.213 52.674 56.861 55.550 56.006 53.724 48.528 50.199 51.900 48.528 44.918 47.139 47.545 42.968 41.608 44.341 42.460 37.748 37.968 33.139 30.754 31.915 35.826 35.743 36.308 40.719 41.210 42.803 42.749 38.090 36.972 39.515 39.975 36.515 33.007 30.423 33.928 32.103 33.916 32.119 36.022 38.819 37.523 36.333 40.065 41.349 43.854 39.960 31.824 27.894 35.636 29.023 27.723 34.958 29.805 29.214 32.258 29.443 32.792 33.121 31.271 28.146 29.007 36.923 32.019 30.479 29.184 29.043 34.386 34.781 26.144 27.982 32.787 36.439
51.491 50.390 45.833 45.585 40.981 41.861 45.249 42.086 38.148 41.331 43.017 38.014 36.520 41.156 40.263 35.837 35.122 32.095 27.574 31.697 28.519 25.146 28.769 27.463 32.463 32.309 30.870 35.000 36.899 34.760 36.645 40.741 40.304 39.680 41.865 45.519 46.393 45.178 49.506 49.604 53.455 48.922 52.766 49.049 53.989 49.523 51.462 51.097 54.166 49.604 52.311 46.897 49.466 47.892 44.874 41.306 44.251 44.503 45.212 50.749 48.649 44.448 44.085 48.637 52.729 54.357 57.268 57.609 53.163 55.652 52.543 52.096 47.214 49.752 43.790 44.703 48.139 48.651 54.050 51.842 55.456 51.870 48.410 52.749 51.475 52.201 49.763 44.572 46.076 47.615 44.358 40.754 42.758 43.106 38.662 37.184 39.747 37.964 33.286 33.278 28.456 26.224 27.424 31.350 31.549 32.050 36.348 37.130 38.861 39.017 34.194 33.072 35.969 36.599 32.971 29.319 27.179 30.939 29.466 30.580 29.223 33.394 35.705 34.455 33.888 37.685 38.492 41.162 36.916 28.244 24.569 32.046 25.619 24.319 31.463 26.337 25.774 29.022 26.195 29.511 30.082 28.403 24.901 26.221 33.294 28.644 27.291 26.027 25.467 31.334 32.017 23.015 24.699 29.642 32.810
47.670 46.195 41.908 41.541 36.838 38.128 41.583 38.268 34.508 38.091 39.718 34.624 33.553 38.425 37.419 33.283 31.969 29.188 24.885 28.901 25.806 22.253 25.307 23.821 28.995 28.306 26.870 31.283 32.859 30.337 32.495 36.648 35.827 35.077 37.594 41.308 41.880 40.962 45.279 45.784 49.441 44.721 48.644 44.761 49.760 45.396 47.208 47.196 50.313 45.789 48.375 42.865 45.707 44.018 41.031 37.532 40.170 40.917 41.519 47.145 45.168 41.171 40.826 45.351 49.642 50.831 53.962 54.006 49.626 52.187 49.365 48.937 44.315 46.864 41.037 41.798 45.625 45.708 50.930 48.340 51.978 48.715 44.929 49.046 48.095 48.642 46.595 41.179 43.205 44.550 40.930 37.682 40.051 40.018 35.356 34.482 37.079 34.764 30.174 30.801 25.923 23.223 24.079 28.006 27.715 28.162 32.705 33.036 34.501 34.500 29.899 28.667 31.233 31.802 28.413 24.734 22.302 26.054 24.777 26.189 25.097 28.899 31.427 30.652 29.928 33.987 34.877 38.012 33.864 25.370 21.564 29.859 22.207 21.283 29.056 23.399 22.468 25.936 22.812 26.500 26.402 24.676 22.265 22.501 30.936 25.542 24.202 22.828 23.140 27.712 28.285 19.984 21.748 26.458 30.287
44.871 43.576 38.987 38.408 33.753 34.461 38.123 35.269 31.075 34.333 36.437 31.590 29.906 34.852 34.417 30.184 29.194 25.729 21.695 26.444 24.128 19.991 23.192 20.812 25.707 25.459 24.755 28.821 30.086 28.262 30.773 34.418 33.709 33.674 36.143 39.460 39.964 38.459 43.139 43.356 47.342 42.998 47.275 43.859 49.139 45.188 47.488 47.410 50.177 45.473 47.554 41.924 44.276 42.198 38.814 35.754 38.905 39.595 40.905 46.380 44.997 40.856 39.914 44.124 48.676 49.833 53.148 53.287 49.214 52.278 49.433 48.476 44.094 46.071 40.403 40.488 44.362 44.108 49.384 47.029 50.251 46.743 43.124 47.072 45.623 45.810 43.711 38.488 40.461 42.338 38.783 35.190 37.887 38.395 33.534 32.501 35.778 33.697 28.828 30.119 25.442 22.315 24.063 27.365 26.556 28.078 32.071 32.034 34.267 33.523 28.760 28.462 31.064 30.836 26.940 24.057 21.417 24.561 22.357 23.868 21.842 26.045 28.588 27.148 26.203 29.967 31.029 33.724 29.753 22.483 18.665 26.586 20.085 18.415 25.698 20.563 19.998 23.438 20.513 23.750 25.045 23.491 19.737 21.389 27.479 23.752 21.523 20.279 20.085 26.429 27.173 17.493 19.162 23.900 26.933
44.710 43.990 39.223 39.255 34.834 35.571 38.639 35.415 31.546 34.557 36.018 31.026 29.529 34.018 33.024 28.560 27.989 25.021 20.375 24.469 21.454 17.991 21.862 20.792 25.669 25.911 24.361 28.192 30.456 28.745 30.272 34.226 34.316 33.930 35.645 39.126 40.390 38.812 43.086 42.793 46.806 42.524 46.389 43.038 48.073 43.810 46.253 45.566 48.322 43.610 46.061 40.656 42.823 41.201 38.107 34.580 37.909 37.825 38.958 44.360 42.610 38.238 37.491 41.887 46.068 47.802 50.746 51.243 46.973 49.817 46.606 45.760 41.001 43.158 37.274 37.830 41.267 41.661 47.116 45.124 48.564 44.799 41.502 45.901 44.393 45.222 42.597 37.510 38.824 40.467 37.354 33.578 35.558 36.136 31.697 30.029 32.848 31.269 26.438 26.694 21.982 19.558 21.446 24.943 25.126 26.289 30.068 30.943 33.364 33.280 28.162 27.672 31.036 31.358 27.217 23.913 22.312 25.989 24.527 24.643 23.442 28.122 29.709 28.181 28.396 32.055 32.277 34.930 30.349 20.851 16.522 27.110 19.433 15.863 23.629 17.992 18.825 19.872 19.222 20.479 25.106 23.667 17.054 21.633 26.631 23.993 18.114 17.018 20.661 26.624 27.305 15.534 16.075 20.517 25.653
38.955 38.255 33.456 33.537 29.170 29.966 32.927 29.647 25.833 28.954 30.341 25.317 23.980 28.589 27.578 23.262 22.399 19.466 14.919 19.155 16.552 12.628 16.312 15.028 19.933 20.187 18.729 22.487 24.717 23.208 24.763 28.549 28.754 28.615 30.235 33.555 34.847 33.098 37.426 37.100 41.169 36.994 41.014 37.882 43.074 39.105 41.860 41.210 43.729 38.924 41.018 35.526 37.517 35.688 32.460 29.106 32.600 32.640 34.138 39.476 38.164 33.813 32.696 36.897 41.332 42.817 45.972 46.379 42.332 45.536 42.467 41.284 36.851 38.646 32.961 33.017 36.743 36.678 42.058 39.985 43.242 39.530 36.136 40.385 38.837 39.521 37.033 31.875 33.441 35.145 31.866 28.134 30.465 31.048 26.385 25.003 28.201 26.420 21.472 22.601 18.046 14.976 17.365 20.319 19.959 21.857 25.284 25.793 28.673 28.139 22.943 23.071 26.496 26.373 21.928 19.101 17.694 21.084 19.571 19.125 18.026 22.905 24.106 22.557 23.194 26.852 26.762 29.637 24.932 15.358 10.515 22.609 14.185 9.969 19.042 12.395 13.121 14.846 13.567 15.646 20.260 19.051 12.809 17.277 21.789 19.710 13.462 11.697 16.487 21.931 22.582 10.626 11.077 15.381 20.585
41.093 41.020 35.783 35.917 31.838 31.711 34.596 31.879 27.679 29.920 31.632 27.035 24.712 28.891 28.432 23.712 24.031 20.376 15.871 20.589 18.572 14.826 19.207 17.736 21.847 23.170 22.233 25.162 27.572 27.048 28.383 31.649 32.423 32.842 33.974 36.894 38.506 36.075 40.525 39.492 43.942 40.315 44.369 41.780 46.980 43.196 46.340 45.254 47.468 42.583 44.477 39.133 40.437 38.552 35.114 32.032 36.145 35.510 37.556 42.587 41.522 36.912 35.408 39.352 43.639 45.631 48.592 49.418 45.541 48.938 45.551 44.015 39.491 40.858 35.206 34.995 38.182 38.443 44.011 42.609 45.518 41.280 38.482 42.840 40.575 41.269 38.251 33.627 34.391 36.686 34.013 29.649 31.634 33.099 28.732 26.424 29.974 29.120 24.057 24.722 20.581 18.090 21.313 23.735 23.731 26.201 28.877 29.719 33.248 32.512 27.159 27.895 31.572 31.124 26.325 24.071 22.905 25.851 23.713 23.007 21.097 26.426 27.286 24.750 25.515 28.506 28.334 30.216 25.532 18.303 13.401 26.084 18.882 12.219 19.802 14.045 17.617 14.349 17.534 15.029 25.148 23.934 14.719 22.070 23.951 23.887 12.381 11.199 20.141 26.707 27.476 13.534 12.118 14.460 22.580
37.188 37.362 31.941 32.080 28.213 27.666 30.455 28.031 23.679 25.575 27.459 23.109 20.382 24.516 24.422 19.699 20.313 16.218 12.037 17.250 16.224 12.189 16.439 14.495 18.001 19.884 19.475 21.811 24.110 24.303 25.636 28.378 29.439 30.384 31.266 33.785 35.465 32.587 37.151 35.825 40.471 37.215 41.437 39.301 44.618 41.244 44.762 43.614 45.480 40.533 41.961 36.636 37.482 35.339 31.672 28.989 33.465 32.743 35.361 40.150 39.635 35.028 33.018 36.595 41.058 42.949 46.042 46.911 43.359 47.143 43.830 41.857 37.684 38.508 33.153 32.296 35.541 35.419 40.933 39.714 42.252 37.888 35.249 39.423 36.811 37.284 34.227 29.798 30.505 33.168 30.585 26.016 28.269 30.140 25.704 23.347 27.453 26.788 21.685 23.092 19.462 16.697 20.550 22.111 21.644 24.997 26.969 27.497 31.620 30.341 25.022 26.583 30.234 29.214 24.141 22.720 21.784 24.091 21.619 20.403 18.128 23.680 24.056 21.013 22.160 24.756 24.300 25.880 21.146 15.074 12.600 22.218 16.649 9.526 15.515 10.971 15.279 13.676 16.773 11.789 23.680 23.145 15.550 21.732 20.155 21.367 9.436 10.334 16.934 24.941 26.577 13.989 12.409 12.869 18.936
33.124 32.780 27.663 27.798 23.676 23.970 26.778 23.784 19.743 22.544 24.093 19.265 17.518 22.182 21.552 17.252 16.572 13.072 8.775 13.849 12.690 8.002 11.575 9.432 13.824 14.864 14.117 17.107 19.282 18.835 20.373 23.451 24.143 24.812 26.017 28.779 30.234 27.793 32.320 31.559 35.943 32.270 36.567 34.103 39.504 36.135 39.504 38.718 40.702 35.776 37.179 31.679 32.990 30.767 27.171 24.341 28.445 28.339 30.727 35.730 35.244 30.866 28.968 32.654 37.376 38.725 42.085 42.567 38.984 42.785 39.802 37.954 34.026 35.017 29.746 28.844 32.695 32.061 37.389 35.561 38.307 34.403 31.193 35.219 33.185 33.584 31.042 26.064 27.629 29.816 26.598 22.564 25.348 26.466 21.618 20.225 24.267 22.717 17.630 19.984 16.216 12.637 16.169 17.666 16.515 19.962 22.234 22.258 26.173 24.767 19.512 21.061 24.525 23.462 18.443 17.011 16.094 18.425 16.392 14.875 13.290 18.721 19.071 16.788 18.193 21.396 20.778 23.431 18.537 10.940 5.566 20.244 12.617 4.394 13.330 6.716 10.489 7.666 10.377 8.894 19.231 18.477 8.616 17.128 17.329 18.492 6.700 4.742 15.098 20.912 21.333 7.538 4.969 8.491 15.765
29.197 29.248 23.834 24.009 20.232 19.871 22.501 19.926 15.631 17.922 19.716 15.236 12.839 17.529 17.443 13.205 12.918 8.578 5.077 11.034 11.763 7.249 9.908 6.879 9.882 12.043 12.298 14.085 16.080 16.894 18.340 20.517 21.707 23.174 23.934 26.058 27.643 24.521 29.194 27.970 32.643 29.533 34.028 32.237 37.730 34.940 38.771 37.869 39.366 34.416 35.187 29.789 30.411 27.845 23.928 21.729 26.345 26.068 29.238 33.824 34.070 29.753 27.199 30.315 35.207 36.449 39.934 40.499 37.375 41.628 38.741 36.345 32.911 33.168 28.377 26.617 30.460 29.336 34.553 33.019 35.234 31.156 28.210 31.969 29.428 29.525 26.909 22.215 23.699 26.412 23.358 19.034 22.213 23.915 19.059 17.636 22.388 21.187 16.255 19.530 16.741 13.226 17.276 17.444 15.700 20.253 21.380 20.983 25.665 23.543 18.499 21.210 24.529 22.704 17.444 17.389 16.931 18.156 15.753 13.365 11.282 16.885 16.329 13.173 15.388 17.896 16.710 18.962 13.882 7.011 10.321 15.446 13.157 4.401 6.097 3.361 11.245 9.785 14.612 3.912 20.610 21.290 15.114 20.614 10.322 17.260 3.971 7.188 12.859 21.370 24.319 13.781 11.193 8.200 8.121
31.992 32.421 26.765 26.616 23.155 21.609 24.474 22.948 18.148 19.272 21.922 18.346 14.555 18.736 19.831 15.467 16.518 11.307 9.095 14.970 16.253 12.193 15.084 11.736 13.385 16.224 17.373 18.434 19.886 21.510 23.191 24.668 25.920 27.970 28.664 30.301 31.765 28.091 32.976 31.308 36.255 33.729 38.339 37.016 42.515 39.995 43.993 42.971 44.249 39.305 39.799 34.546 34.634 31.889 27.751 26.120 31.041 30.479 34.059 38.344 38.867 34.472 31.637 34.406 39.191 40.672 44.060 44.864 41.983 46.390 43.374 40.708 37.327 37.193 32.564 30.497 33.882 32.867 38.086 37.087 38.830 34.411 32.010 35.578 32.356 32.105 29.230 25.249 26.099 29.534 27.026 22.289 25.286 27.813 23.288 21.246 26.277 25.781 20.941 23.803 21.229 18.144 22.411 22.547 21.005 25.646 26.492 26.135 31.003 28.629 23.748 26.646 29.835 27.713 22.494 22.731 21.877 22.766 19.531 17.999 14.701 20.187 19.972 15.878 17.252 18.857 18.199 18.961 14.472 12.281 13.552 18.844 16.700 8.047 8.783 7.919 14.941 13.031 17.934 8.452 24.193 24.399 17.773 23.570 14.105 20.985 7.198 9.786 15.953 25.143 27.624 16.451 13.840 11.646 12.944
32.618 33.672 27.934 28.475 25.352 23.980 26.043 24.108 19.902 20.660 22.370 18.711 15.268 18.582 18.930 14.130 16.024 11.652 8.478 13.393 14.153 10.992 14.705 13.182 14.720 17.965 18.060 18.774 21.387 22.994 23.608 25.388 27.440 29.054 28.998 30.779 32.999 29.345 33.716 31.497 36.444 34.022 38.177 36.952 42.186 39.404 43.539 41.949 43.172 38.229 39.041 34.046 33.881 31.624 27.829 25.716 30.833 29.412 32.892 37.047 37.283 32.648 29.903 32.800 37.214 39.321 42.331 43.527 40.493 44.732 41.357 38.715 35.000 34.916 30.101 28.379 31.254 30.926 36.378 35.836 37.759 33.001 31.022 35.074 31.738 32.228 28.710 24.968 24.907 28.160 26.239 21.201 23.297 26.098 22.084 19.114 23.830 24.052 19.242 21.102 18.761 16.440 21.018 21.073 20.528 24.885 25.364 25.918 30.952 29.214 24.073 26.770 30.562 28.989 23.686 23.484 23.446 24.877 22.452 19.878 17.707 23.260 22.258 18.425 20.865 22.415 20.922 21.642 16.672 14.401 13.117 22.452 18.704 9.274 11.836 9.027 16.704 9.807 18.033 6.432 25.966 25.775 15.742 24.579 18.000 23.556 4.195 7.170 18.873 27.179 28.781 15.188 11.718 8.065 16.358
31.829 32.432 27.015 27.819 24.335 24.133 26.086 23.135 19.462 21.346 22.264 17.709 15.705 19.457 18.530 13.802 14.371 11.193 6.382 10.821 9.961 6.365 10.836 10.507 13.474 15.795 14.636 16.331 19.574 20.066 20.356 23.098 24.978 25.768 25.842 28.293 30.620 27.690 31.789 30.099 34.696 31.563 35.506 33.622 38.792 35.517 39.345 37.841 39.450 34.497 35.842 30.695 31.248 29.324 25.874 22.969 27.647 26.441 29.239 33.837 33.493 28.844 26.620 30.105 34.532 36.529 39.553 40.536 37.076 40.993 37.644 35.462 31.430 32.022 26.789 25.749 29.029 28.866 34.400 33.289 35.864 31.454 28.902 33.270 30.728 31.662 28.387 23.915 24.413 26.788 24.347 19.762 21.792 23.617 19.334 16.789 20.944 20.461 15.410 17.082 14.036 11.395 15.830 16.448 16.224 20.026 21.142 22.007 26.614 25.465 20.082 22.134 26.187 25.233 20.021 19.003 19.301 21.434 19.900 16.898 15.958 21.449 20.462 17.687 20.450 22.897 21.244 23.257 17.911 12.906 8.601 22.844 16.337 6.602 13.859 7.445 14.016 7.147 13.576 6.836 22.645 21.821 11.024 20.533 18.837 22.209 4.139 3.853 18.862 24.485 24.625 10.537 6.914 6.719 16.775
37.253 38.020 32.646 33.573 30.079 29.883 31.781 28.791 25.228 26.922 27.684 23.212 21.205 24.493 23.367 18.541 19.588 16.804 12.020 15.438 13.291 10.823 15.654 15.988 19.236 21.370 19.719 21.685 25.212 25.289 25.302 28.443 30.363 30.694 30.681 33.418 35.953 33.250 37.117 35.310 39.804 36.577 40.170 38.060 42.973 39.246 42.837 41.023 42.872 37.992 39.886 34.924 35.614 34.140 31.009 27.706 32.194 30.544 32.822 37.469 36.484 31.666 29.952 33.753 37.701 40.260 42.874 44.136 40.352 43.816 40.117 38.315 33.720 34.783 29.190 28.983 31.665 32.396 38.081 37.255 40.115 35.547 33.287 37.991 35.496 36.859 33.248 29.003 28.885 31.030 29.026 24.423 25.587 27.407 23.653 20.490 23.825 23.839 18.948 18.877 15.414 13.833 17.816 19.375 20.266 23.001 24.576 26.252 30.400 30.003 24.508 25.704 30.048 29.773 24.751 22.831 23.083 25.929 24.592 22.022 21.180 26.670 26.041 23.405 25.806 28.357 26.936 28.686 23.424 16.835 9.831 26.281 17.771 10.137 17.742 11.688 15.764 9.899 14.346 11.273 23.674 22.293 10.610 20.570 22.810 24.240 8.476 7.149 21.554 25.724 25.226 10.046 7.583 10.058 20.958
37.837 37.779 32.787 33.410 29.414 30.028 32.377 28.948 25.442 28.114 28.946 23.970 22.682 26.720 25.309 20.793 20.522 18.024 13.059 16.604 13.603 10.412 14.835 14.868 19.291 20.249 18.235 21.382 24.495 23.449 24.034 27.814 28.882 28.677 29.457 32.706 34.706 32.704 36.673 35.737 39.900 35.991 39.686 36.854 41.853 37.812 40.878 39.629 41.952 37.116 39.324 34.076 35.648 34.142 31.105 27.510 31.338 30.561 32.177 37.310 35.924 31.331 30.139 34.345 38.502 40.513 43.372 44.153 40.082 43.274 39.879 38.571 33.925 35.618 29.836 30.047 33.354 33.769 39.313 37.696 40.973 36.948 33.963 38.549 36.777 37.962 34.966 30.075 30.936 32.577 29.804 25.801 27.494 28.359 24.117 22.003 24.997 23.871 18.921 19.259 14.879 12.481 15.517 18.159 18.669 20.655 23.434 24.723 28.064 27.887 22.451 22.814 26.872 26.964 22.272 19.542 19.228 22.640 21.609 19.823 19.326 24.491 24.675 22.877 24.595 27.896 27.016 29.642 24.514 17.616 10.449 26.698 17.320 11.042 20.133 13.143 15.774 12.066 14.425 14.030 23.078 21.491 10.612 19.516 24.449 23.403 11.318 9.140 20.756 25.057 24.738 9.822 8.796 12.561 22.702
38.157 38.333 33.622 34.817 31.086 32.222 33.914 29.943 27.240 29.975 29.872 24.795 24.412 27.876 25.538 21.306 20.881 19.749 14.757 16.396 12.138 10.821 14.916 16.882 21.076 21.836 18.728 21.747 25.659 24.202 23.704 27.947 29.480 28.527 28.701 32.261 34.823 33.267 36.548 35.517 39.334 35.265 38.335 35.295 39.860 35.403 38.302 36.625 39.099 34.404 37.169 32.250 34.004 33.156 30.734 26.549 30.003 28.703 29.649 34.764 32.754 28.119 27.502 32.028 35.710 38.093 40.564 41.505 37.131 39.864 36.252 35.349 30.320 32.529 26.520 27.591 30.581 31.653 37.188 35.621 39.330 35.422 32.539 37.479 36.149 38.040 34.860 30.001 30.507 31.406 28.916 25.287 26.143 26.470 22.829 20.543 22.440 21.468 16.968 15.847 11.296 10.175 12.513 15.609 17.438 18.279 21.066 23.350 26.285 27.093 21.719 21.362 25.899 26.855 22.524 19.183 19.948 23.818 23.943 21.249 22.081 26.882 26.404 25.246 27.738 31.093 29.607 32.556 27.180 18.442 8.200 28.546 16.395 12.207 22.863 14.780 14.774 10.793 10.942 16.048 20.603 18.320 6.284 16.136 26.715 23.394 13.479 9.324 22.571 23.140 21.016 5.445 5.861 12.580 24.841
41.867 42.274 37.350 38.474 34.758 35.453 37.264 33.597 30.576 32.929 33.107 28.226 27.233 30.538 28.547 24.039 24.297 22.616 17.576 19.718 15.840 14.422 18.888 20.339 24.391 25.556 22.827 25.629 29.480 28.342 27.982 32.028 33.646 32.909 33.046 36.475 39.078 37.267 40.667 39.361 43.347 39.483 42.549 39.668 44.183 39.717 42.629 40.777 43.206 38.543 41.337 36.526 38.032 37.203 34.691 30.629 34.296 32.705 33.770 38.733 36.671 31.954 31.310 35.742 39.213 41.939 44.209 45.389 41.028 43.668 39.859 38.949 33.765 35.903 29.886 31.027 33.562 35.012 40.640 39.451 43.039 38.862 36.322 41.336 39.666 41.574 38.104 33.528 33.571 34.771 32.638 28.679 29.258 30.059 26.648 23.822 25.760 25.366 20.907 19.270 15.084 14.459 16.884 19.870 21.827 22.720 25.339 27.761 30.769 31.558 26.155 25.854 30.353 31.248 26.830 23.561 23.999 27.837 27.497 25.181 25.376 30.432 30.162 28.531 30.759 33.944 32.646 35.111 29.776 22.268 13.183 31.917 21.244 15.598 25.703 17.989 19.616 14.429 16.484 18.684 25.975 23.728 11.166 21.448 29.921 27.896 15.975 12.547 26.002 28.383 26.517 10.972 10.470 15.743 28.043
41.145 41.542 36.323 37.059 33.266 33.362 35.583 32.454 28.813 30.883 31.785 27.111 25.272 28.846 27.658 22.892 23.524 20.766 15.865 19.348 16.527 13.945 18.688 18.821 22.728 24.291 22.460 25.095 28.416 27.848 28.175 31.728 33.175 33.141 33.567 36.644 38.923 36.604 40.524 39.108 43.443 39.852 43.409 40.848 45.719 41.656 44.850 43.225 45.428 40.610 42.877 37.835 39.014 37.654 34.630 31.089 35.200 33.849 35.606 40.512 39.059 34.302 33.062 37.171 41.025 43.542 46.108 47.246 43.189 46.306 42.613 41.239 36.382 37.959 32.141 32.473 35.194 36.130 41.804 40.715 43.869 39.486 36.994 41.746 39.572 40.940 37.501 33.034 33.174 35.071 32.852 28.482 29.640 31.046 27.227 24.351 27.249 26.908 22.061 21.536 17.513 15.992 19.213 21.688 22.741 24.692 27.074 28.812 32.348 32.309 26.824 27.274 31.506 31.639 26.863 24.243 24.042 27.381 26.100 24.285 23.408 28.769 28.813 26.512 28.276 31.209 30.275 32.258 27.138 21.294 14.657 29.758 21.108 14.902 23.226 17.001 19.652 15.039 18.395 17.675 26.830 25.109 13.598 23.005 27.727 27.001 14.890 12.939 23.928 28.817 28.328 13.192 12.263 15.664 26.181
45.344 46.222 40.873 41.831 38.286 38.037 39.985 37.032 33.466 34.997 35.749 31.381 29.277 32.236 31.079 26.255 27.634 24.989 20.269 23.236 20.448 18.680 23.499 24.036 27.487 29.475 27.588 29.781 33.408 33.151 33.063 36.494 38.357 38.322 38.323 41.293 43.934 41.427 45.143 43.263 47.663 44.358 47.635 45.302 49.937 45.788 49.051 46.980 49.081 44.350 46.774 42.031 42.865 41.791 38.927 35.347 39.608 37.630 39.368 43.999 42.366 37.500 36.346 40.370 43.770 46.856 49.017 50.546 46.472 49.385 45.377 44.037 38.949 40.492 34.692 35.316 37.319 38.920 44.652 44.120 47.214 42.539 40.584 45.534 43.076 44.768 40.885 36.883 36.250 38.211 36.615 32.042 32.490 34.286 31.049 27.501 30.012 30.456 25.894 24.354 20.826 20.259 23.414 25.758 27.452 29.157 31.168 33.458 37.063 37.332 31.834 32.223 36.673 37.005 32.224 29.577 29.641 33.028 31.769 29.757 28.847 34.294 34.094 31.518 33.473 36.095 34.990 36.454 31.347 24.602 17.798 33.248 25.359 18.058 24.344 19.565 23.686 16.778 21.729 18.579 30.928 29.032 16.692 26.860 29.866 31.491 15.821 14.558 28.178 33.066 32.026 16.514 14.999 16.916 28.270
41.998 43.462 37.944 39.169 36.080 35.371 36.850 34.183 30.771 31.636 32.185 28.266 25.889 28.188 27.169 22.373 24.524 21.961 17.685 20.217 18.239 17.002 21.725 22.547 25.082 27.758 26.094 27.402 31.266 31.799 31.268 34.156 36.639 37.010 36.408 38.929 41.940 38.958 42.520 40.044 44.618 41.865 45.071 43.350 47.937 44.174 47.902 45.490 47.136 42.379 44.402 39.881 40.023 38.923 36.021 32.751 37.438 34.927 37.243 41.449 40.316 35.370 33.702 37.295 40.618 43.941 46.008 47.816 44.084 47.335 43.230 41.389 36.560 37.460 31.973 32.062 33.710 35.315 41.043 41.040 43.735 38.757 37.307 42.221 39.291 41.071 36.852 33.357 32.107 34.381 33.310 28.455 28.595 31.027 28.147 24.062 26.863 28.024 23.608 22.181 19.494 19.214 23.047 24.398 26.107 28.528 29.549 31.923 36.181 36.141 30.682 31.830 36.432 36.373 31.368 29.447 30.009 32.898 31.567 28.791 27.881 33.428 32.477 29.482 32.104 34.178 32.526 33.492 28.342 25.139 18.796 34.027 26.926 18.541 23.493 19.844 24.921 15.700 23.134 17.824 32.746 31.043 17.830 29.030 29.700 33.074 15.257 14.155 29.495 34.861 33.907 18.055 15.575 15.767 28.078
46.212 47.375 41.775 42.551 39.191 38.234 40.274 37.932 34.009 34.920 36.148 32.252 29.376 32.083 31.656 26.764 28.810 25.497 21.280 24.796 22.967 20.889 25.696 25.510 28.377 30.899 29.718 31.421 34.735 35.170 35.342 38.217 40.200 40.760 40.705 43.260 45.835 42.803 46.772 44.537 49.223 46.371 49.882 48.003 52.790 49.002 52.576 50.463 52.270 47.466 49.463 44.721 45.055 43.685 40.516 37.419 42.089 39.992 42.319 46.710 45.569 40.651 39.013 42.651 46.143 49.287 51.504 53.182 49.417 52.672 48.644 46.881 42.040 43.028 37.492 37.515 39.326 40.742 46.466 46.313 48.948 43.994 42.387 47.148 44.122 45.500 41.456 37.884 36.928 39.492 38.178 33.250 33.820 36.292 33.071 29.244 32.317 33.163 28.525 27.469 24.357 23.567 27.236 29.046 30.332 32.756 34.308 36.299 40.388 40.119 34.623 35.635 39.979 39.768 34.746 32.701 32.534 35.445 33.534 31.694 30.019 35.615 35.407 32.184 33.938 36.046 35.080 35.775 30.980 26.105 20.783 34.020 28.331 19.937 23.925 20.976 26.512 18.182 25.257 19.335 34.581 33.068 20.297 31.120 29.976 33.849 16.772 16.193 29.478 36.543 36.045 20.379 17.770 18.050 28.654
42.283 42.967 37.437 37.907 34.281 33.515 35.935 33.541 29.394 30.763 32.315 28.167 25.326 28.713 28.429 23.520 24.956 21.262 16.945 21.247 19.614 16.655 21.369 20.477 23.694 25.915 25.019 27.079 29.967 30.229 30.935 33.820 35.356 36.043 36.454 39.048 41.204 38.270 42.530 40.735 45.413 42.324 46.172 44.113 49.161 45.501 49.017 47.363 49.253 44.360 46.154 41.106 41.732 40.014 36.611 33.645 38.224 36.761 39.181 43.821 42.904 38.089 36.318 40.004 43.968 46.548 49.183 50.479 46.756 50.237 46.517 44.693 40.086 41.069 35.525 35.202 37.710 38.448 44.129 43.452 46.093 41.393 39.274 43.808 40.981 41.953 38.344 34.334 34.139 36.756 34.832 30.026 31.362 33.552 29.733 26.519 30.076 30.209 25.281 25.251 21.739 20.060 23.825 25.677 26.253 29.015 30.874 32.253 36.314 35.644 30.186 31.349 35.406 34.894 29.858 27.970 27.415 30.152 28.000 26.523 24.585 30.151 30.281 27.152 28.563 30.913 30.235 31.312 26.540 22.508 18.168 30.730 25.066 16.359 20.716 17.313 23.159 15.622 22.884 15.704 31.606 30.404 18.941 28.578 26.650 30.412 13.117 13.157 26.058 33.295 33.661 18.660 15.735 15.065 25.143
39.728 40.985 35.227 35.788 32.655 31.127 33.222 31.422 27.219 27.690 29.392 25.908 22.391 25.146 25.472 20.619 22.977 18.940 15.474 19.735 19.382 16.716 21.115 20.034 22.050 25.103 24.816 25.864 28.685 29.959 30.459 32.570 34.623 35.939 35.865 37.862 40.227 36.668 40.927 38.526 43.459 41.041 44.952 43.597 48.659 45.508 49.490 47.603 49.003 44.093 45.340 40.486 40.349 38.437 34.849 32.441 37.494 35.644 38.774 42.947 42.675 37.845 35.468 38.590 42.557 45.251 47.868 49.392 46.114 50.001 46.261 43.880 39.661 39.891 34.786 33.726 35.934 36.465 42.066 41.925 43.999 38.996 37.405 41.738 38.283 39.089 35.206 31.819 31.069 34.257 32.832 27.690 28.967 31.935 28.386 24.772 28.846 29.618 24.850 25.264 22.610 21.041 25.394 26.235 26.560 30.157 31.044 32.269 37.001 35.824 30.490 32.523 36.581 35.506 30.257 29.282 29.044 31.092 28.620 26.600 24.308 29.930 29.410 25.613 27.483 29.048 27.974 28.201 23.587 21.087 18.905 28.323 24.665 15.694 17.772 16.086 22.810 16.040 23.728 14.356 31.758 31.171 20.394 29.754 23.855 29.545 12.128 13.467 24.530 33.142 34.377 19.978 16.837 15.048 22.590
37.464 38.248 32.537 32.679 29.295 27.765 30.354 28.699 24.137 24.951 27.197 23.610 19.918 23.384 24.103 19.349 21.116 16.471 13.259 18.462 18.581 15.041 19.075 16.917 19.082 21.904 22.200 23.499 25.668 26.924 28.098 30.058 31.602 33.188 33.622 35.556 37.421 33.871 38.491 36.509 41.457 38.896 43.172 41.711 47.017 44.059 47.974 46.543 47.989 43.032 44.023 38.910 38.996 36.693 32.828 30.699 35.663 34.470 37.726 42.065 42.052 37.376 34.864 37.937 42.309 44.455 47.446 48.618 45.438 49.523 46.091 43.651 39.709 39.890 34.877 33.456 36.244 36.117 41.602 41.013 43.003 38.256 36.233 40.254 36.923 37.215 33.802 30.086 30.096 33.415 31.435 26.439 28.516 31.258 27.175 24.241 28.760 28.881 23.943 25.382 22.498 20.135 24.452 25.253 24.772 28.729 29.855 30.382 35.078 33.410 28.203 30.457 34.121 32.643 27.406 26.752 26.022 27.717 24.794 23.318 20.453 26.030 25.942 22.057 23.382 25.048 24.417 24.823 20.386 18.712 17.957 25.727 23.129 13.843 14.399 13.664 21.310 14.578 22.805 11.247 30.405 30.083 20.166 28.837 20.774 27.705 9.383 11.984 22.479 31.622 33.318 19.539 16.384 12.946 19.502
36.574 37.747 31.911 31.962 29.027 26.708 29.146 28.229 23.564 23.487 26.110 23.297 18.908 21.806 23.351 18.873 21.325 16.355 14.376 19.388 20.591 17.358 20.832 18.346 19.324 22.713 23.707 24.173 25.983 28.083 29.261 30.466 32.258 34.423 34.599 35.976 37.837 33.780 38.452 36.059 41.189 39.227 43.596 42.710 48.023 45.527 49.737 48.225 49.297 44.371 44.876 39.931 39.431 36.901 32.860 31.346 36.590 35.236 39.030 42.970 43.496 38.890 35.936 38.493 42.870 45.000 48.005 49.298 46.520 50.905 47.526 44.679 41.112 40.702 36.121 34.095 36.658 36.263 41.581 41.385 42.837 37.926 36.322 40.031 36.177 36.144 32.639 29.531 29.189 33.043 31.441 26.283 28.429 31.758 27.904 24.849 29.728 30.259 25.563 27.386 25.130 22.863 27.390 27.525 26.762 31.243 31.711 31.986 37.075 34.955 29.987 32.847 36.357 34.401 29.133 29.221 28.583 29.653 26.389 24.788 21.495 26.876 26.436 21.988 23.380 24.205 23.464 22.881 18.915 18.265 19.218 23.536 23.444 14.583 12.098 13.985 21.775 16.398 23.995 11.757 31.019 31.075 22.225 30.018 18.453 27.005 10.439 13.655 21.044 31.803 34.269 21.455 18.174 14.503 17.545
34.516 35.275 29.530 29.083 26.055 23.490 26.426 25.926 20.922 20.944 24.261 21.658 17.012 20.444 22.595 18.517 20.407 14.955 13.902 19.378 21.213 17.504 20.229 16.666 17.285 20.475 22.304 22.743 23.665 25.977 27.826 28.617 29.911 32.497 33.112 34.244 35.558 31.416 36.421 34.389 39.514 37.587 42.294 41.461 46.955 44.785 48.959 47.873 48.891 43.982 44.120 39.029 38.609 35.671 31.370 30.340 35.465 34.740 38.717 42.667 43.552 39.167 36.040 38.394 43.095 44.675 48.007 48.979 46.411 51.005 47.955 44.998 41.808 41.238 36.897 34.453 37.463 36.403 41.494 40.953 42.181 37.555 35.647 38.911 35.112 34.461 31.487 28.255 28.627 32.649 30.615 25.703 28.593 31.750 27.536 25.204 30.421 30.431 25.777 28.527 26.274 23.452 27.828 27.762 26.207 31.031 31.540 31.080 36.136 33.450 28.791 31.967 34.983 32.522 27.377 28.018 26.951 27.420 23.644 22.628 18.646 23.742 23.664 19.009 19.731 20.313 20.094 19.361 15.896 15.976 19.473 21.316 22.373 13.557 8.418 12.086 20.550 16.432 23.973 9.822 29.895 30.580 23.619 30.051 15.146 25.677 9.608 14.058 19.886 30.508 33.585 22.758 19.305 14.170 14.176
30.996 31.883 26.159 25.549 22.947 19.774 22.619 22.774 17.764 17.137 20.895 19.028 13.990 17.174 20.092 16.676 18.590 13.097 13.674 18.652 21.515 18.115 19.845 15.990 15.256 18.729 21.306 20.946 21.251 24.321 26.241 26.228 27.598 30.727 31.195 31.766 32.916 28.417 33.463 31.300 36.473 35.011 39.843 39.483 44.976 43.331 47.691 46.717 47.401 42.584 42.186 37.238 36.424 33.194 28.745 28.402 33.578 33.020 37.410 41.004 42.457 38.311 34.824 36.666 41.483 42.725 46.205 47.074 44.926 49.796 46.997 43.725 41.066 40.004 36.177 33.124 36.220 34.591 39.363 38.882 39.636 35.135 33.350 36.142 32.111 30.985 28.269 25.398 25.950 30.283 28.294 23.557 26.845 30.177 26.052 24.138 29.619 29.616 25.335 28.791 27.110 24.213 28.546 27.788 25.724 30.991 30.908 29.955 35.235 32.035 27.819 31.582 34.262 31.295 26.300 27.799 26.901 26.610 22.733 21.478 17.356 21.946 21.385 16.382 17.315 17.026 16.557 15.100 12.117 15.870 21.014 19.020 22.726 14.666 6.736 12.843 21.091 17.526 25.245 10.242 30.258 31.291 25.447 30.976 12.694 25.061 10.767 15.578 18.718 30.577 34.284 24.530 21.062 15.041 12.433
31.106 31.278 25.833 24.552 21.640 18.499 22.134 22.575 17.287 17.233 21.616 19.766 15.020 18.839 21.938 18.948 19.937 14.404 15.311 20.548 23.366 19.523 20.732 15.951 15.406 18.113 21.349 21.398 20.697 23.535 26.293 26.138 26.681 30.033 31.183 31.715 32.141 27.833 33.221 31.709 36.725 35.068 40.195 39.636 45.280 43.785 47.926 47.451 48.251 43.476 42.923 37.794 37.338 33.807 29.214 29.156 33.980 34.175 38.451 42.194 43.742 39.812 36.402 38.247 43.309 44.027 47.785 48.288 46.192 51.093 48.595 45.425 42.959 42.016 38.254 35.133 38.650 36.581 41.149 40.191 40.923 36.822 34.604 37.008 33.299 31.620 29.593 26.436 27.844 32.046 29.520 25.219 29.079 31.962 27.484 26.320 31.827 31.197 26.927 30.917 28.968 25.624 29.617 29.036 26.369 31.614 31.917 30.327 35.284 31.696 27.799 31.527 33.661 30.357 25.629 27.369 25.849 25.108 20.683 20.502 15.648 19.732 20.031 15.147 14.683 14.347 15.048 13.771 11.775 15.033 21.711 16.136 21.541 15.090 5.835 13.073 20.440 19.702 25.645 12.125 29.044 30.467 26.625 30.354 10.863 22.729 12.794 17.407 15.976 28.914 33.605 25.439 22.451 17.412 11.096
35.119 34.866 29.654 27.959 24.821 21.838 25.909 26.486 21.136 21.395 25.975 24.052 19.506 23.443 26.527 23.467 24.223 18.678 19.044 24.620 26.962 22.753 24.229 19.107 19.289 21.399 24.669 25.294 24.243 26.580 29.851 29.901 29.855 33.132 34.804 35.488 35.469 31.420 36.974 35.852 40.757 38.913 44.161 43.346 49.069 47.478 51.394 51.183 52.180 47.399 46.950 41.685 41.535 37.938 33.325 33.220 37.826 38.350 42.420 46.360 47.748 43.821 40.584 42.600 47.718 48.328 52.158 52.536 50.334 55.147 52.691 49.681 47.090 46.371 42.436 39.508 43.116 41.088 45.668 44.529 45.347 41.361 38.977 41.302 37.745 35.867 34.086 30.843 32.458 36.599 33.894 29.700 33.614 36.337 31.697 30.632 36.069 35.218 30.784 34.655 32.285 28.767 32.593 32.502 29.771 34.753 35.584 33.864 38.488 34.889 31.025 34.404 36.295 33.007 28.457 29.889 27.742 27.076 22.227 23.192 17.901 21.652 22.960 18.433 16.642 16.523 18.336 17.093 15.911 17.226 23.910 16.966 23.784 17.268 8.593 15.491 22.634 22.520 27.721 15.182 31.309 32.677 28.829 32.504 12.255 24.731 15.599 19.987 17.687 31.203 35.824 27.437 24.779 20.337 13.028
38.142 38.465 32.945 31.794 28.729 25.770 29.331 29.564 24.295 24.223 28.313 26.163 21.372 24.875 27.672 24.002 25.562 19.950 19.396 25.058 26.942 22.894 25.321 20.934 21.538 24.202 26.720 27.376 27.328 29.602 32.242 32.720 33.301 36.233 37.446 38.379 39.000 34.856 40.191 38.536 43.611 41.782 46.778 45.952 51.582 49.632 53.664 52.978 54.030 49.151 49.060 43.863 43.550 40.291 35.803 35.218 40.145 39.957 43.979 47.955 49.016 44.769 41.613 43.842 48.697 49.938 53.461 54.226 51.801 56.479 53.623 50.650 47.628 47.012 42.779 40.175 43.332 41.959 46.860 46.159 47.149 42.720 40.705 43.539 39.711 38.418 35.931 32.859 33.634 37.849 35.619 30.938 34.199 37.301 32.918 30.999 36.312 36.039 31.392 34.436 31.966 28.857 33.001 33.167 31.172 35.979 36.812 35.840 40.655 37.576 33.209 36.349 38.855 36.044 31.160 31.982 30.170 30.242 25.757 26.061 21.232 25.705 26.586 21.927 21.091 21.250 22.283 20.899 18.856 18.662 22.943 20.585 24.592 16.849 10.931 15.593 23.184 20.955 27.230 14.517 32.254 33.053 27.161 32.481 15.489 26.810 14.166 18.252 19.926 32.592 36.311 25.961 23.056 18.862 15.783
36.593 36.685 31.147 30.338 26.772 24.749 28.276 27.478 22.298 23.195 26.678 23.569 19.381 23.523 25.364 21.245 22.296 16.843 15.154 21.099 22.234 17.928 20.768 16.640 18.350 20.711 22.500 23.848 24.412 25.947 28.415 29.676 30.252 32.580 33.868 35.383 36.235 32.539 37.769 36.375 41.334 38.884 43.744 42.381 48.000 45.577 49.408 48.696 50.064 45.133 45.523 40.171 40.360 37.371 33.058 31.775 36.547 36.376 39.948 44.288 44.854 40.515 37.717 40.433 45.286 46.609 50.097 50.797 47.973 52.392 49.455 46.824 43.458 43.346 38.722 36.628 40.000 38.893 44.021 42.982 44.542 40.189 37.785 41.053 37.710 36.938 34.351 30.589 31.599 35.303 32.739 28.090 31.263 33.875 29.272 27.386 32.447 31.850 26.980 29.789 26.905 23.695 27.718 28.303 26.539 30.998 32.286 31.597 36.180 33.553 28.863 31.559 34.330 31.987 26.986 27.174 25.443 26.143 22.078 22.097 17.753 22.803 23.720 19.500 19.166 20.470 21.109 21.104 17.830 13.564 18.985 16.677 19.917 12.689 6.784 11.317 18.596 17.757 23.106 11.319 27.517 28.669 23.561 28.310 11.433 21.961 10.980 14.921 15.542 27.667 31.819 22.221 19.528 15.819 11.107
40.534 41.201 35.483 35.068 31.767 29.536 32.588 31.782 26.805 27.136 30.234 27.262 22.909 26.300 27.992 23.547 25.467 20.265 18.039 23.551 24.262 20.478 24.076 20.918 22.593 25.403 26.601 27.736 29.039 30.672 32.510 33.939 35.077 37.198 37.998 39.575 40.949 37.112 42.083 40.152 45.223 42.971 47.549 46.319 51.775 49.131 53.077 51.892 53.229 48.274 48.914 43.749 43.656 40.991 36.844 35.293 40.309 39.424 42.976 47.201 47.527 42.940 40.206 42.989 47.490 49.432 52.567 53.672 50.738 55.017 51.708 49.081 45.374 45.274 40.487 38.684 41.462 41.021 46.350 45.846 47.436 42.688 40.781 44.401 40.741 40.423 37.240 33.884 33.995 37.789 35.833 30.826 33.244 36.284 32.126 29.394 34.209 34.322 29.432 31.261 28.442 25.871 30.114 30.868 29.908 34.110 35.255 35.291 40.014 37.848 32.875 35.362 38.616 36.669 31.522 31.279 29.931 31.128 27.415 26.922 23.055 28.307 28.824 24.515 24.759 25.844 26.035 25.518 22.080 20.230 20.604 24.536 24.488 16.053 14.530 15.957 22.898 18.689 25.214 14.834 31.942 31.839 23.519 30.670 20.004 28.163 13.157 15.718 21.894 32.912 35.206 22.514 19.723 17.185 19.518
41.855 42.156 36.584 36.332 32.588 31.234 34.356 32.734 27.942 29.157 31.769 28.019 24.416 28.277 29.084 24.378 25.663 20.913 17.544 23.011 22.551 18.620 22.704 20.036 22.906 25.096 25.470 27.466 29.202 29.890 31.650 33.905 34.812 36.239 37.280 39.470 40.893 37.637 42.487 40.964 45.820 42.931 47.347 45.489 50.888 47.714 51.304 50.181 51.935 46.977 48.184 42.882 43.420 41.055 37.148 34.917 39.594 38.834 41.755 46.383 46.080 41.436 39.227 42.559 46.995 48.994 52.067 53.064 49.684 53.584 50.206 48.057 43.932 44.492 39.260 38.160 41.110 41.017 46.515 45.626 47.808 43.227 40.917 44.894 41.797 41.892 38.752 34.794 35.190 38.399 36.107 31.285 33.541 35.962 31.646 29.017 33.360 33.082 28.019 29.321 25.869 23.304 27.179 28.705 28.129 31.631 33.505 33.871 38.092 36.504 31.308 33.039 36.456 35.117 30.068 28.937 27.495 29.448 26.208 25.857 22.579 27.975 28.842 25.206 25.463 27.467 27.672 28.209 24.202 21.191 19.189 26.925 23.723 16.006 17.567 16.808 22.264 18.492 23.583 16.634 30.771 30.096 21.213 28.544 22.955 28.198 14.357 15.341 23.050 32.053 33.551 20.113 18.028 17.676 22.305
43.188 44.247 38.464 38.599 35.359 33.474 36.016 34.680 30.092 30.431 32.764 29.514 25.558 28.481 29.422 24.674 26.982 22.425 19.339 24.137 23.986 20.868 25.138 23.215 25.261 28.191 28.447 29.659 31.895 33.225 34.307 36.241 37.889 39.472 39.803 41.700 43.672 40.003 44.578 42.324 47.342 44.981 49.139 47.780 52.988 49.926 53.841 52.181 53.626 48.692 49.816 44.839 44.743 42.585 38.782 36.650 41.696 40.152 43.372 47.599 47.425 42.631 40.208 43.263 47.344 49.891 52.623 54.067 50.850 54.801 51.131 48.728 44.567 44.757 39.693 38.501 40.767 41.125 46.668 46.487 48.399 43.414 41.792 45.911 42.307 42.706 39.003 35.713 35.143 38.611 37.082 31.929 33.505 36.570 32.847 29.436 33.689 34.311 29.464 30.125 27.279 25.436 29.666 30.732 30.713 34.369 35.533 36.419 41.065 39.614 34.345 36.374 40.162 38.857 33.640 32.731 31.908 33.798 30.752 29.577 26.547 32.067 32.161 28.127 29.138 30.524 30.119 29.885 25.845 23.776 22.061 29.779 27.242 18.833 19.758 19.165 25.631 19.878 26.698 17.801 34.447 33.853 23.334 32.212 25.589 31.571 15.756 17.201 26.051 35.669 37.159 22.742 20.109 18.980 24.690
46.972 47.674 42.045 42.210 38.594 37.345 40.054 38.167 33.684 34.693 36.767 32.960 29.566 32.857 33.181 28.296 30.055 25.876 22.007 26.653 25.391 22.278 26.879 25.344 28.335 30.666 30.291 32.270 34.738 35.232 36.329 38.954 40.297 41.283 41.902 44.327 46.254 43.103 47.605 45.740 50.559 47.656 51.669 49.732 54.862 51.298 54.817 53.228 55.090 50.186 51.862 46.789 47.277 45.391 41.805 39.121 43.807 42.398 44.982 49.561 48.749 43.923 42.056 45.606 49.560 52.192 54.822 56.184 52.549 56.079 52.324 50.427 45.840 46.690 41.221 40.763 43.094 43.844 49.508 49.015 51.441 46.613 44.673 49.072 45.945 46.639 43.005 39.266 38.932 41.905 40.117 35.166 36.562 39.071 35.271 31.966 35.680 35.980 31.050 31.044 27.599 25.917 29.629 31.536 31.940 34.788 36.702 37.909 41.984 41.099 35.695 36.919 40.787 40.072 35.040 33.279 32.272 34.829 32.136 31.337 28.704 34.198 34.766 31.286 32.032 34.077 33.906 34.358 30.086 26.674 23.739 32.777 28.815 21.279 23.209 22.034 27.410 22.101 28.061 20.609 35.609 34.606 24.778 32.810 29.061 33.350 18.373 19.436 28.224 37.021 38.057 23.955 22.015 21.189 28.110
46.781 48.196 42.436 43.059 39.924 38.352 40.418 38.646 34.493 34.820 36.435 33.033 29.549 31.955 32.183 27.359 29.928 26.149 22.530 26.350 25.352 23.120 27.762 27.028 29.292 32.231 31.653 32.887 35.892 36.930 37.288 39.642 41.729 42.792 42.666 44.830 47.338 43.874 48.012 45.478 50.372 47.946 51.630 50.168 55.055 51.611 55.443 53.305 54.841 49.999 51.605 46.900 46.795 45.179 41.782 39.142 44.111 41.934 44.749 48.897 48.201 43.277 41.235 44.505 48.062 51.213 53.478 55.264 51.798 55.344 51.332 49.206 44.626 45.124 39.870 39.366 41.018 42.228 47.885 48.052 50.259 45.112 43.818 48.362 44.867 45.951 41.813 38.669 37.448 40.508 39.449 34.295 34.973 37.981 34.817 30.836 34.336 35.488 30.864 30.239 27.502 26.556 30.565 31.913 32.853 35.837 36.980 38.701 43.168 42.448 37.017 38.549 42.778 42.111 36.943 35.438 35.131 37.599 35.198 33.469 31.216 36.836 36.571 32.844 34.445 36.039 35.169 35.152 30.724 28.047 24.667 35.399 31.351 22.368 23.942 22.822 29.509 20.941 29.480 20.156 38.070 36.950 25.285 35.140 30.516 36.405 17.975 18.919 31.475 39.679 40.179 25.162 22.030 19.980 29.257
50.968 52.360 46.657 47.370 44.140 42.787 44.836 42.848 38.800 39.293 40.721 37.158 33.915 36.295 36.224 31.389 33.848 30.344 26.442 29.972 28.405 26.430 31.201 30.814 33.408 36.142 35.209 36.704 39.910 40.605 40.826 43.495 45.556 46.298 46.176 48.576 51.178 47.932 51.945 49.467 54.257 51.656 55.153 53.470 58.217 54.488 58.124 55.869 57.583 52.809 54.755 50.124 50.210 48.844 45.632 42.704 47.505 45.203 47.655 51.872 50.778 45.833 44.135 47.612 50.916 54.294 56.346 58.222 54.545 57.776 53.626 51.797 46.943 47.777 42.367 42.358 43.780 45.413 51.107 51.303 53.746 48.614 47.346 52.076 48.754 50.093 45.868 42.671 41.334 44.129 43.148 38.085 38.440 41.244 38.254 34.182 37.222 38.431 33.903 32.629 29.756 29.173 32.836 34.585 35.938 38.392 39.811 41.870 46.038 45.727 40.240 41.319 45.657 45.374 40.316 38.357 38.070 40.899 38.726 37.095 35.080 40.687 40.563 37.059 38.599 40.410 39.595 39.751 35.249 32.143 27.716 39.185 34.558 26.259 28.801 27.091 32.884 25.172 31.972 25.094 40.759 39.157 27.100 37.052 35.002 39.763 22.725 23.041 34.910 42.607 42.320 26.974 24.937 24.579 33.867
51.427 52.172 46.567 46.814 43.164 42.017 44.681 42.682 38.283 39.315 41.246 37.379 34.111 37.269 37.405 32.497 34.303 30.348 26.308 30.646 28.957 26.145 30.860 29.662 32.830 35.056 34.401 36.526 39.177 39.443 40.397 43.246 44.607 45.349 45.938 48.530 50.558 47.546 51.941 50.058 54.818 51.821 55.672 53.588 58.595 54.797 58.164 56.450 58.447 53.598 55.554 50.559 51.154 49.480 46.042 43.141 47.723 46.152 48.464 53.075 51.937 47.076 45.476 49.175 52.896 55.769 58.197 59.675 55.873 59.142 55.246 53.575 48.747 49.847 44.253 44.193 46.266 47.411 53.120 52.721 55.311 50.443 48.594 53.156 50.101 51.011 47.246 43.542 43.005 45.819 44.174 39.246 40.313 42.744 39.138 35.666 39.008 39.449 34.611 33.998 30.485 29.178 32.607 34.838 35.633 38.031 40.143 41.668 45.510 44.975 39.526 40.373 44.339 43.951 39.017 36.882 35.897 38.751 36.243 35.532 33.087 38.543 39.211 35.872 36.570 38.715 38.582 39.051 34.767 32.171 27.898 38.492 33.829 26.453 29.730 27.546 32.431 26.380 32.088 26.502 40.272 38.882 27.689 36.804 35.247 38.614 24.032 23.984 33.738 41.879 42.185 27.276 25.475 25.966 34.313
52.626 53.365 47.918 48.506 44.795 44.204 46.595 44.029 40.029 41.415 42.749 38.539 35.904 38.995 38.400 33.501 35.047 31.791 27.279 30.893 28.356 26.132 30.940 30.656 34.210 36.155 34.738 37.129 40.297 40.039 40.504 43.855 45.348 45.491 45.897 48.851 51.166 48.569 52.600 50.805 55.325 52.026 55.496 53.087 57.819 53.626 56.726 54.819 57.042 52.317 54.765 49.927 50.826 49.592 46.537 43.129 47.404 45.621 47.361 52.053 50.356 45.511 44.412 48.422 51.811 54.920 57.073 58.614 54.512 57.336 53.310 52.067 46.916 48.511 42.713 43.351 45.235 46.887 52.624 52.154 55.160 50.407 48.504 53.363 50.715 52.132 48.267 44.371 43.737 45.998 44.403 39.702 40.295 42.283 38.947 35.414 38.054 38.494 33.866 32.393 28.763 28.021 30.954 33.603 35.057 36.680 39.041 41.114 44.538 44.681 39.201 39.429 43.625 43.876 39.142 36.395 35.795 39.176 37.369 36.284 34.639 40.058 40.539 37.701 38.823 41.362 40.900 41.927 37.231 33.220 27.413 40.047 34.026 27.190 31.696 28.563 32.639 26.179 31.293 27.764 39.777 37.878 26.234 35.583 37.121 38.965 25.081 24.062 34.652 41.702 41.067 26.083 24.631 26.303 36.038
57.001 57.406 52.071 52.460 48.520 48.129 50.802 48.165 44.072 45.754 47.248 42.874 40.332 43.715 43.118 38.224 39.443 36.131 31.539 35.321 32.521 30.101 34.814 34.307 38.220 39.789 38.358 41.156 44.104 43.443 44.209 47.782 48.881 48.829 49.614 52.773 54.821 52.489 56.618 55.159 59.583 56.010 59.524 56.787 61.526 57.142 59.924 58.253 60.732 56.058 58.711 53.775 55.040 53.806 50.764 47.250 51.271 49.800 51.230 56.118 54.156 49.399 48.578 52.777 56.186 59.164 61.356 62.743 58.472 61.077 57.128 56.176 50.915 52.836 46.919 47.816 49.844 51.499 57.224 56.493 59.685 55.088 52.945 57.792 55.369 56.702 53.019 48.901 48.562 50.703 48.861 44.302 45.046 46.753 43.264 39.997 42.501 42.610 37.969 36.473 32.554 31.694 34.184 37.273 38.658 39.873 42.737 44.707 47.705 47.995 42.588 42.386 46.365 46.817 42.306 39.223 38.249 41.813 39.997 39.511 37.795 43.018 44.006 41.396 42.019 44.793 44.725 45.933 41.376 34.688 29.222 40.767 34.494 28.887 34.451 30.586 33.539 29.509 32.624 30.686 40.091 38.228 28.393 35.891 39.009 39.160 28.017 27.079 35.053 41.810 41.607 27.663 27.178 29.640 38.110
52.824 52.991 47.809 48.222 44.175 44.158 46.833 43.916 39.970 42.025 43.356 38.746 36.576 40.207 39.334 34.503 35.278 32.192 27.434 31.136 28.076 25.570 30.181 29.810 33.998 35.263 33.613 36.663 39.622 38.647 39.421 43.187 44.137 43.883 44.789 48.095 50.063 47.977 52.045 50.851 55.136 51.340 54.847 51.913 56.663 52.226 54.900 53.396 55.977 51.307 54.013 48.999 50.523 49.297 46.326 42.686 46.506 45.280 46.537 51.568 49.546 44.859 44.145 48.470 52.013 54.749 57.074 58.264 53.926 56.517 52.706 51.851 46.627 48.707 42.724 43.681 46.034 47.486 53.176 52.125 55.471 51.084 48.649 53.472 51.347 52.687 49.215 44.813 44.833 46.740 44.607 40.255 41.187 42.543 38.880 35.935 38.387 38.112 33.444 32.142 27.980 26.918 29.223 32.484 33.785 34.843 37.932 39.807 42.623 42.983 37.619 37.248 41.181 41.743 37.337 34.095 33.150 36.841 35.285 34.742 33.345 38.475 39.475 37.193 37.903 40.949 40.812 42.481 37.770 30.764 25.216 37.137 30.342 25.012 31.259 26.821 29.394 25.424 28.556 27.523 35.914 34.074 23.561 31.765 35.580 35.133 24.862 23.236 31.250 37.652 37.487 23.218 22.689 25.992 34.591
50.510 50.847 45.428 45.616 41.697 41.062 43.891 41.516 37.198 38.805 40.629 36.374 33.542 37.131 36.921 32.022 33.220 29.464 25.095 29.459 27.271 24.271 28.933 27.787 31.512 33.235 32.299 34.938 37.547 37.247 38.349 41.572 42.591 42.990 43.893 46.786 48.628 46.016 50.402 48.951 53.529 50.126 53.974 51.485 56.496 52.488 55.566 54.101 56.361 51.540 53.721 48.597 49.664 48.038 44.692 41.541 45.799 44.588 46.524 51.399 49.991 45.218 43.914 47.886 51.710 54.342 56.881 58.116 54.112 57.205 53.439 52.059 47.141 48.624 42.852 43.075 45.495 46.541 52.245 51.411 54.304 49.700 47.441 52.034 49.408 50.342 46.840 42.703 42.644 45.128 43.078 38.406 39.676 41.600 37.757 34.681 37.845 37.772 32.881 32.323 28.395 26.883 29.918 32.593 33.343 35.336 37.958 39.406 42.838 42.503 37.090 37.503 41.351 41.222 36.484 33.951 32.791 35.925 33.664 33.224 31.056 36.374 37.353 34.463 34.980 37.587 37.602 38.681 34.250 29.454 24.109 35.470 29.918 23.442 29.060 25.041 28.651 24.060 27.885 24.974 35.854 34.154 23.726 31.954 33.611 34.691 22.301 21.439 30.060 37.643 37.490 23.029 22.005 24.134 32.852
54.896 54.845 49.540 49.392 45.252 44.692 47.911 45.638 41.135 42.969 45.129 40.821 37.951 41.847 41.830 36.974 37.875 33.917 29.647 34.309 32.068 28.760 33.235 31.602 35.580 36.927 36.206 39.206 41.388 40.781 42.368 45.673 46.188 46.550 47.938 50.938 52.374 49.953 54.542 53.454 57.978 54.369 58.372 55.624 60.718 56.634 59.438 58.303 60.771 55.972 58.221 52.952 54.331 52.577 49.148 46.042 50.089 49.291 51.052 56.109 54.585 49.907 48.758 52.838 56.776 59.192 61.855 62.900 58.807 61.799 58.160 56.964 52.025 53.710 47.872 48.177 50.798 51.707 57.382 56.284 59.253 54.796 52.297 56.774 54.288 54.976 51.724 47.414 47.708 50.203 47.877 43.321 44.870 46.609 42.543 39.779 42.968 42.549 37.610 37.241 33.060 31.303 33.976 36.993 37.482 39.239 42.325 43.492 46.559 46.175 40.889 41.005 44.510 44.402 39.893 37.184 35.475 38.622 36.139 36.542 34.069 39.099 40.734 37.997 37.775 40.520 41.109 42.233 38.137 31.649 27.555 36.661 31.313 26.468 31.361 28.108 30.613 28.487 30.736 28.589 37.061 35.488 27.746 33.295 35.359 35.371 26.049 25.601 31.046 38.515 39.066 26.434 26.216 28.427 34.729
52.248 51.791 46.651 46.259 41.940 41.610 45.094 42.783 38.222 40.421 42.757 38.328 35.618 39.909 39.942 35.206 35.611 31.570 27.395 32.336 30.180 26.460 30.643 28.556 32.766 33.716 33.184 36.477 38.264 37.401 39.403 42.725 42.813 43.185 44.971 48.012 49.079 46.848 51.579 50.886 55.314 51.517 55.701 52.783 58.000 54.001 56.677 55.912 58.462 53.658 55.793 50.360 52.002 50.053 46.538 43.531 47.380 47.079 48.799 54.004 52.589 48.047 46.886 50.988 55.190 57.192 60.113 60.868 56.805 59.887 56.494 55.316 50.555 52.280 46.473 46.617 49.666 50.151 55.737 54.257 57.246 53.037 50.187 54.466 52.205 52.622 49.735 45.155 45.988 48.428 45.699 41.349 43.352 44.815 40.424 38.154 41.522 40.603 35.595 35.825 31.438 29.182 31.694 34.790 34.805 36.615 39.975 40.699 43.579 42.969 37.830 37.910 41.096 40.840 36.478 33.813 31.718 34.753 32.142 33.043 30.438 35.242 37.270 34.769 34.128 37.094 37.994 39.443 35.489 29.723 27.181 33.804 29.819 25.178 29.089 26.562 29.264 28.927 30.398 27.871 35.923 34.771 28.271 32.810 32.752 33.207 25.612 25.689 28.356 37.066 38.488 26.676 26.517 28.691 32.368
50.171 49.336 44.331 43.565 39.128 38.799 42.629 40.536 35.810 38.198 40.914 36.565 33.806 38.429 38.782 34.236 34.271 29.963 26.176 31.515 29.793 25.599 29.353 26.497 30.692 31.339 31.322 34.735 35.900 35.011 37.587 40.686 40.304 40.929 43.146 46.054 46.649 44.451 49.424 49.069 53.467 49.643 54.104 51.179 56.572 52.826 55.469 55.101 57.620 52.801 54.640 49.049 50.796 48.526 44.820 42.129 45.874 46.097 47.974 53.229 52.121 47.728 46.391 50.360 54.866 56.420 59.638 60.121 56.218 59.514 56.395 55.090 50.628 52.197 46.543 46.310 49.748 49.701 55.152 53.382 56.215 52.212 49.103 53.060 50.867 50.845 48.354 43.648 44.993 47.557 44.483 40.290 42.832 44.197 39.483 37.702 41.413 40.085 35.025 36.054 31.633 28.821 31.314 34.254 33.599 35.722 39.173 39.285 42.120 41.042 36.120 36.412 39.164 38.506 34.262 31.938 29.331 31.968 28.930 30.527 27.462 31.968 34.481 32.041 30.753 33.749 35.129 36.655 33.082 26.179 23.935 30.411 26.231 21.765 26.362 23.180 25.694 26.075 27.104 24.939 32.438 31.414 25.439 29.547 29.627 29.636 22.703 22.746 24.834 33.541 35.156 23.674 23.582 25.846 29.151
46.131 45.761 40.495 39.943 35.752 35.015 38.582 36.649 31.863 33.821 36.499 32.343 29.251 33.617 34.128 29.492 29.994 25.485 21.781 27.238 25.964 21.790 25.758 22.933 26.702 27.966 28.091 30.987 32.409 32.149 34.408 37.200 37.355 38.315 40.051 42.688 43.643 40.993 45.939 45.101 49.704 46.245 50.705 48.210 53.631 50.105 53.170 52.470 54.676 49.773 51.360 45.862 47.117 44.803 40.999 38.467 42.622 42.434 44.751 49.775 48.994 44.468 42.765 46.498 50.992 52.740 55.906 56.608 52.906 56.469 53.224 51.561 47.215 48.378 42.865 42.283 45.540 45.479 50.971 49.555 52.137 47.885 45.086 49.074 46.511 46.547 43.783 39.349 40.324 43.145 40.369 35.904 38.342 40.128 35.542 33.412 37.393 36.477 31.364 32.509 28.417 25.655 28.771 31.171 30.547 33.275 36.105 36.332 39.785 38.487 33.386 34.292 37.377 36.423 31.773 29.913 27.776 30.176 27.001 27.782 24.580 29.562 31.413 28.460 27.797 30.445 31.355 32.522 28.733 23.913 22.242 27.316 24.874 19.754 23.209 20.977 24.334 23.130 25.969 21.932 31.552 31.014 23.527 29.445 26.313 27.739 19.634 19.952 22.272 32.368 34.803 22.174 21.267 22.796 26.047
43.973 42.929 38.008 37.060 32.585 32.308 36.280 34.273 29.491 32.082 34.966 30.673 27.994 32.891 33.413 29.129 28.761 24.324 20.968 26.568 25.430 20.837 24.062 20.524 24.624 25.084 25.532 28.899 29.607 28.851 31.792 34.604 34.009 34.940 37.332 40.035 40.374 38.105 43.218 43.048 47.425 43.667 48.340 45.562 51.101 47.699 50.496 50.361 52.700 47.861 49.309 43.632 45.322 42.770 38.912 36.542 40.275 40.874 43.027 48.217 47.545 43.300 41.672 45.409 50.191 51.327 54.809 55.078 51.424 55.020 52.163 50.609 46.548 47.815 42.425 41.700 45.501 44.878 50.155 48.172 50.799 46.991 43.690 47.342 45.203 44.855 42.701 37.895 39.701 42.329 38.975 34.959 38.002 39.277 34.311 33.024 37.085 35.422 30.373 32.324 28.075 24.705 27.362 29.836 28.484 31.162 34.395 33.929 36.967 35.358 30.598 31.381 33.870 32.702 28.394 26.632 23.825 25.972 22.568 24.333 20.928 25.398 27.996 25.561 24.087 27.165 28.646 30.420 26.960 19.911 19.904 23.767 21.101 16.292 19.821 17.265 20.484 22.031 23.265 19.464 27.996 27.655 22.862 26.250 22.740 24.112 17.627 18.537 18.650 28.784 31.420 20.874 20.304 21.419 22.335
39.874 39.201 34.019 33.029 28.841 27.861 31.787 30.293 25.250 27.281 30.510 26.658 23.368 28.118 29.219 25.022 25.090 20.123 17.441 23.407 23.307 18.600 21.623 17.495 20.745 21.903 23.084 25.691 26.184 26.391 29.322 31.449 31.232 32.855 34.890 37.073 37.525 34.632 39.896 39.294 43.929 40.697 45.542 43.363 49.009 46.080 49.351 49.041 50.950 46.044 46.968 41.364 42.441 39.613 35.491 33.635 37.821 38.217 41.034 45.894 45.830 41.554 39.367 42.657 47.560 48.679 52.243 52.638 49.366 53.385 50.542 48.482 44.773 45.416 40.363 38.965 42.694 41.743 46.945 45.285 47.437 43.438 40.432 43.866 41.239 40.614 38.376 33.929 35.559 38.656 35.521 31.262 34.512 36.316 31.384 29.963 34.552 33.230 28.192 30.730 27.025 23.538 26.865 28.472 26.749 30.355 32.765 32.047 35.807 33.607 28.865 30.593 33.146 31.318 26.644 25.848 23.375 24.767 20.831 22.027 17.943 22.762 24.817 21.600 20.372 22.835 24.139 25.305 21.970 17.945 20.046 20.498 19.731 15.525 16.814 16.060 19.300 22.034 23.202 18.043 26.834 27.018 23.752 25.963 19.747 21.852 16.645 18.587 15.802 27.249 30.781 21.690 20.904 20.975 19.616
38.075 36.747 31.983 30.890 26.329 26.321 30.396 28.329 23.604 26.593 29.509 25.211 22.871 28.071 28.609 24.742 23.735 19.399 16.634 22.237 21.703 16.863 19.207 14.950 19.008 19.058 19.962 23.343 23.537 22.787 26.114 28.678 27.809 28.978 31.572 34.109 34.178 31.942 37.146 37.255 41.534 37.769 42.611 39.925 45.570 42.501 45.396 45.519 47.696 42.882 43.968 38.230 39.940 37.145 33.198 31.121 34.729 35.780 38.114 43.230 42.955 38.934 37.087 40.591 45.614 46.278 50.009 50.023 46.606 50.438 47.890 46.154 42.533 43.551 38.480 37.324 41.503 40.292 45.330 43.061 45.533 42.017 38.462 41.791 39.840 39.208 37.470 32.496 34.875 37.423 33.728 30.041 33.592 34.618 29.427 28.811 33.090 30.993 26.087 29.002 25.040 21.165 23.797 25.723 23.597 26.766 29.763 28.657 31.811 29.686 25.166 26.428 28.586 26.916 22.598 21.467 18.498 20.068 16.354 18.261 14.601 19.024 21.699 19.461 17.869 21.232 22.724 25.040 21.629 13.878 16.594 16.608 14.245 11.928 14.419 12.266 14.603 19.535 18.779 15.525 20.759 21.203 20.555 20.406 16.257 15.546 14.438 16.144 10.423 20.906 25.001 17.999 18.533 18.634 15.923
34.437 33.141 28.302 26.781 22.446 21.679 26.063 24.802 19.721 22.291 25.903 22.282 19.387 24.590 25.985 22.595 21.690 16.843 15.562 21.316 22.164 17.362 18.805 13.475 16.179 16.585 18.869 21.361 20.604 20.915 24.686 26.224 25.293 27.414 29.967 31.794 31.536 28.720 34.232 34.213 38.658 35.449 40.611 38.545 44.327 41.942 45.193 45.427 47.153 42.359 42.722 37.052 38.219 34.952 30.663 29.444 33.300 34.550 37.564 42.289 42.786 38.936 36.511 39.413 44.649 44.978 48.927 48.873 45.973 50.260 47.938 45.703 42.663 42.998 38.458 36.474 40.733 38.888 43.655 41.523 43.385 39.905 36.507 39.300 36.965 35.689 34.252 29.631 32.233 35.265 31.595 27.933 32.000 33.414 28.193 27.877 32.705 30.721 26.034 29.859 26.579 22.552 25.552 26.471 23.610 27.708 29.859 28.074 31.764 28.746 24.639 26.944 28.702 26.077 21.697 21.977 19.105 19.301 14.660 16.670 11.746 15.985 18.574 15.578 13.335 16.044 17.982 19.773 17.054 11.997 17.295 11.593 14.416 11.859 12.750 11.831 14.298 20.410 19.825 15.876 21.527 22.526 22.326 22.107 12.244 15.290 15.252 17.231 8.687 21.422 26.153 20.007 19.520 19.485 12.816
31.325 29.823 25.164 24.077 19.461 19.856 23.850 21.575 17.017 20.524 23.264 18.951 17.208 22.633 23.056 19.826 18.015 14.062 12.350 17.490 17.867 13.151 14.015 8.881 12.705 12.256 13.799 16.998 16.668 16.103 19.727 21.922 20.962 22.482 25.081 27.368 27.319 25.012 30.263 30.551 34.748 31.040 36.028 33.562 39.296 36.646 39.767 40.034 41.931 37.156 37.790 32.049 33.649 30.613 26.583 24.854 28.399 29.833 32.451 37.378 37.612 33.854 31.703 34.861 40.092 40.292 44.247 44.046 40.941 45.056 42.820 40.826 37.749 38.399 33.783 32.099 36.614 34.768 39.506 37.005 39.271 36.054 32.288 35.280 33.514 32.660 31.328 26.196 29.169 31.575 27.566 24.291 28.351 29.107 23.763 23.936 28.390 25.909 21.318 25.328 21.992 17.778 20.375 21.341 18.319 22.207 24.610 22.799 26.271 23.514 19.265 21.348 23.233 20.897 16.414 16.377 13.687 14.294 10.331 11.651 7.687 12.491 14.763 12.732 11.629 15.398 16.427 19.579 16.028 7.751 13.920 10.173 10.435 9.070 11.882 9.257 10.458 18.018 15.678 14.176 17.583 18.092 18.436 17.412 10.631 12.018 13.727 14.797 5.662 17.824 21.822 15.854 16.268 17.387 10.275
29.709 28.174 23.498 21.671 17.383 16.575 21.171 20.200 15.138 17.933 21.769 18.553 15.961 21.237 22.899 20.292 18.841 14.308 14.523 19.620 21.397 16.982 17.087 11.258 12.725 12.793 16.131 18.009 16.267 17.137 21.286 22.075 20.891 23.605 26.222 27.571 26.958 23.964 29.610 29.795 34.159 31.185 36.528 34.794 40.615 38.760 42.155 42.603 44.029 39.346 39.177 33.590 34.558 30.978 26.569 25.984 29.714 31.384 34.701 39.131 40.175 36.643 33.929 36.376 41.767 41.612 45.765 45.492 42.981 47.517 45.531 43.051 40.584 40.519 36.498 33.978 38.456 35.987 40.379 38.089 39.601 36.436 32.933 35.218 32.960 31.226 30.304 25.741 28.901 31.937 28.061 24.838 29.390 30.663 25.432 25.830 30.794 28.573 24.328 28.984 26.316 22.199 25.050 25.153 21.591 26.169 27.713 25.231 29.082 25.403 21.864 24.870 26.138 22.820 18.626 20.091 17.455 16.448 11.475 13.368 7.820 11.529 13.960 10.849 8.058 10.782 12.940 15.208 12.970 6.940 17.416 7.074 13.358 11.130 7.407 9.110 13.157 18.873 19.607 12.557 20.458 22.173 22.980 22.223 3.565 12.706 13.779 16.813 5.494 19.707 25.512 20.744 20.092 17.400 3.667
29.191 26.700 22.820 20.431 15.902 16.122 21.008 19.977 15.560 19.110 22.766 19.712 18.218 23.455 24.867 22.990 20.614 17.054 17.713 21.992 23.652 19.519 18.613 12.968 14.316 12.817 16.422 18.625 15.749 15.771 20.730 21.367 18.979 21.645 25.107 26.428 24.875 22.597 28.253 29.406 33.262 29.988 35.432 33.403 39.202 37.580 40.572 41.670 43.199 38.735 38.397 32.797 34.271 30.548 26.313 26.018 28.942 31.550 34.501 38.943 40.068 36.994 34.507 36.854 42.345 41.514 45.891 45.140 42.745 47.182 45.664 43.395 41.302 41.381 37.639 35.137 39.970 37.054 41.030 38.160 39.695 37.188 33.232 35.000 33.413 31.293 31.224 26.455 30.451 33.018 28.660 26.284 31.157 31.731 26.437 27.793 32.421 29.530 25.735 30.806 28.196 23.939 26.009 26.112 21.989 26.151 27.975 24.740 27.845 23.821 21.133 23.897 24.184 20.521 17.220 19.093 15.862 13.886 8.535 12.373 7.214 8.347 12.397 10.966 6.213 9.854 13.018 16.269 15.040 9.163 18.481 4.504 12.594 12.896 12.501 11.982 12.972 21.864 20.000 16.691 19.006 20.941 24.261 21.242 9.142 10.707 17.198 19.345 3.538 18.010 24.251 21.931 21.621 20.853 9.678
33.071 30.114 26.678 24.408 19.666 20.818 25.535 23.881 19.898 23.917 27.103 23.519 22.570 27.945 28.752 26.612 23.888 20.699 20.332 24.597 25.238 20.974 20.367 15.230 17.908 15.674 18.186 21.444 18.989 17.540 22.607 24.152 21.190 22.861 26.939 28.914 27.116 25.768 31.154 32.885 36.375 32.466 37.715 34.947 40.651 38.549 40.963 42.417 44.427 40.041 40.231 34.516 36.749 33.320 29.419 28.517 30.853 33.811 36.024 40.857 41.378 38.380 36.463 39.285 44.703 43.795 48.142 47.182 44.403 48.427 46.980 45.225 42.827 43.536 39.456 37.592 42.573 39.929 43.973 40.697 42.740 40.479 36.172 38.144 37.133 35.326 35.345 30.203 34.344 36.431 31.818 29.678 34.354 34.378 28.983 30.480 34.659 31.328 27.457 32.118 28.940 24.602 26.014 26.968 23.045 26.267 29.071 25.950 28.138 24.684 22.039 23.693 23.656 20.660 17.934 18.637 14.512 13.313 8.450 13.827 9.948 10.488 15.414 15.199 10.924 14.906 17.934 21.536 20.005 12.114 19.873 7.277 12.200 15.741 15.968 15.258 13.541 24.983 20.323 20.217 17.613 19.661 25.192 20.091 12.007 9.205 20.564 22.379 3.622 16.444 22.940 22.546 23.418 24.152 12.893
37.300 34.517 30.905 28.513 23.895 24.387 29.289 28.034 23.675 27.221 30.814 27.333 25.703 31.078 32.246 29.711 27.515 23.712 22.969 27.856 28.331 23.754 23.923 18.647 21.477 19.855 22.324 25.563 23.341 22.198 27.135 28.694 25.918 27.647 31.638 33.593 31.845 30.285 35.769 37.278 40.935 37.165 42.440 39.712 45.423 43.218 45.597 46.984 49.067 44.625 44.916 39.178 41.312 37.876 33.865 32.936 35.504 38.221 40.496 45.392 45.797 42.617 40.696 43.617 49.013 48.334 52.623 51.792 48.935 52.930 51.320 49.572 46.941 47.700 43.406 41.622 46.456 44.031 48.257 45.176 47.182 44.678 40.540 42.621 41.311 39.441 39.236 34.257 38.075 40.469 36.037 33.514 38.079 38.445 33.033 34.054 38.396 35.327 31.164 35.471 31.994 27.688 29.348 30.674 27.079 30.230 33.231 30.417 32.654 29.389 26.501 27.957 28.119 25.361 22.535 22.803 18.572 17.934 13.199 18.299 14.008 15.119 19.902 18.992 14.468 17.804 21.266 24.053 22.757 15.085 22.152 10.057 16.186 17.204 17.032 16.903 17.060 26.240 23.466 21.378 22.087 23.863 27.305 23.910 14.521 13.547 21.300 23.259 7.369 20.968 27.304 24.696 25.102 25.325 15.511
35.982 33.811 29.647 27.956 23.202 23.758 28.258 26.339 21.846 25.448 28.580 24.510 22.815 28.265 28.941 25.862 23.907 20.021 18.385 23.476 23.457 18.748 19.606 14.651 18.336 17.183 18.861 22.413 21.323 20.104 24.390 26.596 24.657 25.999 29.416 31.780 30.926 29.148 34.501 35.448 39.362 35.436 40.513 37.686 43.400 40.724 43.333 44.160 46.332 41.699 42.410 36.612 38.676 35.557 31.598 30.019 33.003 35.052 37.278 42.352 42.402 38.862 37.022 40.273 45.536 45.410 49.476 48.981 45.814 49.721 47.714 46.015 42.943 43.886 39.228 37.766 42.413 40.487 45.080 42.249 44.573 41.671 37.671 40.376 38.910 37.695 36.820 31.665 34.983 37.307 33.075 30.119 34.296 34.781 29.385 29.858 34.117 31.305 26.823 30.663 26.965 22.733 24.691 26.279 23.190 26.350 29.447 27.321 29.949 27.214 23.498 24.842 25.946 23.707 20.080 19.637 15.830 16.341 12.004 15.716 11.712 14.717 18.568 17.227 14.231 18.033 20.380 23.370 20.819 9.698 15.145 11.239 8.850 11.335 16.615 11.910 9.677 20.567 15.987 17.604 15.467 16.823 20.367 16.806 14.501 9.280 17.311 17.869 4.639 15.185 20.355 17.728 18.572 20.294 14.366
39.532 37.604 33.236 31.253 26.763 26.347 31.090 29.961 25.041 27.872 31.648 28.071 25.469 30.722 32.131 28.857 27.638 23.035 21.600 27.233 27.566 22.713 24.110 18.891 21.936 21.548 23.736 26.761 25.497 25.057 29.359 31.085 29.312 31.157 34.428 36.433 35.509 33.248 38.812 39.426 43.591 40.091 45.312 42.839 48.608 46.123 48.892 49.622 51.646 46.961 47.470 41.710 43.378 40.078 35.884 34.662 38.003 39.807 42.404 47.331 47.587 43.906 41.812 44.886 50.161 50.210 54.258 53.930 50.909 54.977 52.843 50.923 47.826 48.508 43.857 42.154 46.577 44.698 49.370 46.885 48.889 45.707 42.030 44.634 42.651 41.132 40.103 35.359 38.316 41.172 37.238 33.889 38.048 39.115 33.788 33.786 38.386 36.022 31.377 35.055 31.378 27.277 29.689 31.218 28.291 31.737 34.585 32.562 35.500 32.574 28.833 30.450 31.606 29.153 25.442 25.263 21.546 21.802 17.085 20.758 16.030 18.977 22.784 20.589 17.034 19.857 22.791 24.627 22.719 16.343 21.055 14.952 17.584 16.190 17.338 16.434 18.030 24.360 23.465 20.132 24.133 25.227 25.537 24.828 16.864 17.129 19.293 21.008 10.640 23.698 28.899 23.107 22.996 23.502 17.489
42.357 40.758 36.156 34.681 30.099 29.914 34.317 32.626 27.779 30.646 33.948 29.882 27.331 32.520 33.399 29.580 28.653 24.150 21.613 27.291 26.741 21.919 24.232 19.812 23.652 23.526 24.727 28.146 27.882 27.047 30.749 33.179 31.872 33.117 36.087 38.566 38.214 36.087 41.432 41.777 46.005 42.237 47.187 44.412 50.077 47.042 49.719 50.105 52.388 47.626 48.695 42.922 44.759 41.852 37.848 35.952 39.397 40.704 42.958 48.115 47.806 43.857 42.091 45.592 50.646 51.192 54.983 54.894 51.479 55.250 52.781 51.136 47.508 48.603 43.514 42.393 46.583 45.335 50.329 47.985 50.399 46.954 43.359 46.519 44.564 43.654 42.102 37.210 39.688 42.356 38.611 34.971 38.608 39.661 34.441 33.878 38.166 36.015 31.131 33.955 29.863 26.041 28.441 30.612 28.440 31.362 34.617 33.345 36.179 33.987 29.719 30.734 32.501 30.801 26.849 25.669 22.216 23.603 19.615 22.529 18.547 22.272 25.633 23.467 20.918 24.050 26.282 28.237 25.476 18.610 20.011 18.478 17.772 16.650 19.480 17.771 18.155 24.160 22.058 21.614 23.868 23.898 23.515 22.788 19.652 19.077 20.170 20.725 14.050 24.141 27.756 20.999 21.608 23.813 20.167
42.976 41.806 36.910 35.426 31.111 30.177 34.541 33.349 28.233 30.432 34.054 30.369 27.142 32.051 33.430 29.482 29.216 24.238 21.953 27.912 27.834 23.025 25.636 21.066 24.297 24.898 26.471 29.322 29.107 29.033 32.575 34.590 33.693 35.391 38.003 40.152 40.000 37.339 42.791 42.655 47.154 43.816 48.841 46.493 52.208 49.371 52.376 52.494 54.529 49.688 50.530 44.829 46.171 43.151 38.962 37.336 41.214 42.140 44.833 49.782 49.744 45.640 43.545 46.822 51.853 52.636 56.368 56.515 53.276 57.265 54.635 52.684 49.088 49.825 44.821 43.397 47.329 46.132 51.196 49.262 51.368 47.611 44.384 47.528 45.067 44.044 42.224 37.720 39.769 42.874 39.477 35.469 39.018 40.629 35.537 34.526 39.119 37.458 32.488 35.261 31.408 27.739 30.672 32.496 30.425 33.825 36.592 35.446 38.799 36.392 31.991 33.500 35.503 33.525 29.262 28.501 25.360 26.465 22.155 24.594 20.132 24.175 27.122 24.214 21.807 24.257 26.450 27.565 25.003 20.496 23.642 21.015 22.247 18.942 19.525 19.250 22.136 26.122 26.531 21.992 29.145 29.569 27.550 28.639 20.924 23.284 20.835 22.660 16.897 29.232 33.362 25.301 24.883 25.169 21.303
46.797 45.551 40.710 39.161 34.817 33.906 38.328 37.164 32.054 34.233 37.885 34.186 30.946 35.807 37.179 33.148 32.952 27.999 25.537 31.466 31.113 26.352 29.146 24.741 28.106 28.619 30.051 33.051 32.862 32.599 36.173 38.319 37.299 38.860 41.597 43.849 43.617 41.076 46.530 46.470 50.939 47.518 52.521 50.035 55.727 52.758 55.612 55.783 57.950 53.122 54.110 48.389 49.859 46.893 42.741 41.021 44.818 45.759 48.299 53.334 53.116 48.985 47.036 50.430 55.411 56.261 59.952 60.104 56.756 60.623 57.947 56.131 52.387 53.288 48.159 46.928 50.801 49.760 54.878 52.931 55.124 51.351 48.116 51.315 48.883 47.880 46.039 41.536 43.522 46.612 43.231 39.202 42.647 44.238 39.166 38.059 42.540 40.893 35.888 38.375 34.351 30.797 33.577 35.697 33.803 36.917 39.931 38.897 42.037 39.797 35.400 36.612 38.565 36.776 32.656 31.608 28.316 29.612 25.395 28.122 23.763 27.604 30.781 27.996 25.382 27.809 30.186 31.192 28.779 24.046 26.898 24.120 25.843 22.302 22.193 22.587 25.731 29.012 29.902 24.871 32.660 32.984 30.505 31.954 23.865 26.765 23.632 25.542 20.350 32.745 36.802 28.333 27.842 28.001 24.391
47.593 46.647 41.633 40.452 36.112 35.299 39.438 37.946 32.924 35.062 38.362 34.432 31.238 35.956 36.988 32.676 32.732 27.917 24.897 30.702 29.903 25.322 28.619 24.797 28.437 29.194 30.080 33.144 33.586 33.231 36.341 38.817 38.198 39.469 41.885 44.350 44.554 42.014 47.296 46.973 51.496 47.997 52.798 50.234 55.832 52.581 55.462 55.324 57.567 52.703 53.987 48.321 49.777 47.074 43.054 40.966 44.879 45.410 47.805 52.892 52.384 48.088 46.289 49.874 54.668 55.878 59.365 59.721 56.182 59.890 56.981 55.279 51.245 52.320 46.986 46.073 49.718 49.094 54.387 52.616 55.009 51.046 47.948 51.486 49.024 48.433 46.226 41.706 43.315 46.293 43.116 38.906 41.961 43.601 38.686 37.180 41.447 40.047 34.966 36.882 32.748 29.487 32.332 34.684 33.303 36.179 39.246 38.717 41.905 40.084 35.386 36.371 38.754 37.357 33.047 31.560 28.622 30.450 26.640 28.727 24.805 29.110 31.873 29.048 27.124 29.704 31.565 32.651 29.687 25.253 26.852 26.333 26.671 22.771 23.657 23.323 26.452 28.860 29.984 25.389 33.411 33.395 29.695 32.136 25.873 28.198 23.871 25.383 22.089 33.741 37.235 27.664 27.266 28.034 26.168
48.542 48.155 42.851 41.976 37.882 36.661 40.471 39.084 34.043 35.645 38.815 35.045 31.493 35.777 36.872 32.336 33.072 28.165 24.996 30.713 29.958 25.664 29.435 26.052 29.377 30.783 31.503 34.150 35.098 35.205 37.814 40.203 40.191 41.558 43.446 45.804 46.489 43.590 48.761 47.882 52.604 49.395 54.059 51.782 57.312 54.030 57.182 56.599 58.683 53.761 55.075 49.548 50.602 48.041 44.030 41.885 46.165 46.094 48.699 53.618 53.117 48.613 46.681 50.197 54.792 56.450 59.712 60.407 56.890 60.635 57.444 55.588 51.402 52.306 46.941 46.034 49.266 49.006 54.439 53.134 55.427 51.112 48.429 52.185 49.345 49.010 46.337 42.149 43.117 46.293 43.577 39.015 41.649 43.730 39.103 36.978 41.249 40.434 35.316 36.747 32.812 29.953 33.201 35.384 34.463 37.500 40.175 40.110 43.699 42.027 37.068 38.262 41.102 39.778 35.150 33.693 31.262 33.222 29.528 30.810 26.984 31.742 33.876 30.596 29.346 31.561 32.933 33.507 30.302 26.782 27.324 29.195 28.385 23.412 23.749 23.872 27.930 28.084 30.713 24.738 35.135 34.783 29.353 33.301 27.336 30.648 23.027 24.734 24.745 35.749 38.599 27.635 27.048 27.072 27.364
53.792 53.180 48.012 47.125 42.850 41.982 45.872 44.230 39.288 41.188 44.218 40.206 36.942 41.320 42.119 37.514 38.041 33.388 29.872 35.383 34.019 29.858 33.737 30.665 34.431 35.468 35.811 38.877 39.924 39.495 42.125 44.907 44.654 45.620 47.733 50.403 51.003 48.465 53.571 52.944 57.528 54.002 58.561 55.906 61.354 57.750 60.564 60.080 62.458 57.592 59.269 53.709 55.139 52.755 48.895 46.445 50.454 50.481 52.653 57.773 56.843 52.354 50.805 54.608 59.089 60.809 63.986 64.630 60.849 64.278 61.048 59.550 55.097 56.425 50.833 50.399 53.610 53.626 59.120 57.651 60.244 56.016 53.182 57.088 54.514 54.340 51.692 47.308 48.343 51.263 48.444 44.000 46.475 48.267 43.649 41.557 45.472 44.504 39.402 40.363 36.125 33.450 36.238 38.970 38.333 40.743 43.924 44.053 47.163 45.888 40.938 41.520 44.295 43.404 39.034 37.005 34.388 36.756 33.353 35.016 31.504 36.038 38.532 35.649 34.172 36.700 38.253 39.116 35.883 30.070 29.610 32.595 31.255 26.372 28.072 27.215 30.756 30.865 33.039 28.395 37.855 37.262 31.619 35.615 31.412 33.763 26.454 27.513 28.033 38.605 41.065 29.902 29.288 30.163 31.400
51.764 51.719 46.319 45.913 41.860 40.871 44.275 42.451 37.679 39.252 41.853 37.841 34.534 38.492 39.024 34.237 35.271 30.818 27.002 32.175 30.672 26.937 31.243 28.881 32.477 34.044 33.969 36.686 38.428 38.299 40.247 43.086 43.525 44.411 45.892 48.549 49.764 46.998 51.846 50.689 55.379 52.050 56.349 53.921 59.225 55.530 58.606 57.610 59.835 54.943 56.731 51.363 52.456 50.339 46.618 43.961 48.250 47.626 49.886 54.831 53.830 49.162 47.565 51.348 55.565 57.744 60.645 61.623 57.823 61.220 57.713 56.124 51.511 52.743 47.120 46.810 49.615 50.052 55.663 54.607 57.210 52.705 50.240 54.436 51.652 51.920 48.801 44.645 45.070 47.968 45.588 40.907 42.864 44.919 40.650 37.998 41.746 41.313 36.250 36.641 32.628 30.420 33.539 36.089 36.009 38.477 41.243 41.935 45.404 44.412 39.189 39.916 43.239 42.539 37.856 35.768 33.834 36.448 33.392 33.997 30.893 35.939 37.641 34.513 33.999 36.407 37.220 37.949 34.190 30.278 27.505 34.802 31.676 25.211 28.160 26.278 30.621 27.408 31.431 26.290 38.246 37.141 28.414 35.222 32.882 35.420 23.958 24.415 29.982 39.550 40.732 27.313 26.081 26.891 32.268
57.369 57.145 51.818 51.239 47.091 46.122 49.715 47.971 43.130 44.762 47.517 43.509 40.186 44.200 44.813 40.038 41.001 36.518 32.729 37.914 36.256 32.520 36.776 34.311 38.023 39.387 39.352 42.260 43.826 43.493 45.645 48.568 48.746 49.551 51.277 54.023 55.041 52.407 57.331 56.342 60.994 57.553 61.884 59.287 64.590 60.782 63.654 62.790 65.169 60.310 62.225 56.815 58.086 55.968 52.246 49.563 53.718 53.236 55.326 60.366 59.194 54.555 53.124 57.005 61.191 63.363 66.251 67.185 63.285 66.538 63.034 61.615 56.896 58.310 52.607 52.473 55.259 55.785 61.404 60.276 62.954 58.487 55.960 60.145 57.422 57.615 54.569 50.380 50.874 53.760 51.320 46.684 48.647 50.626 46.330 43.735 47.374 46.858 41.807 42.042 37.900 35.746 38.591 41.414 41.360 43.545 46.598 47.267 50.460 49.560 44.410 44.851 48.004 47.423 42.924 40.638 38.424 41.105 37.990 39.102 35.895 40.701 42.798 39.784 38.823 41.257 42.425 43.091 39.588 34.246 32.060 38.066 35.292 29.642 32.069 30.690 34.532 32.537 35.699 31.100 41.717 40.657 33.052 38.725 36.263 38.648 28.871 29.445 33.273 42.833 44.349 31.748 30.938 32.013 35.957
59.845 59.952 54.543 54.324 50.275 49.383 52.638 50.648 46.016 47.527 49.873 45.790 42.606 46.294 46.552 41.671 42.912 38.769 34.679 39.391 37.340 34.109 38.638 36.886 40.624 42.183 41.662 44.476 46.593 46.224 47.849 50.989 51.571 52.103 53.442 56.323 57.769 55.159 59.820 58.549 63.185 59.754 63.787 61.181 66.281 62.235 65.101 63.869 66.277 61.471 63.678 58.453 59.647 57.864 54.363 51.380 55.571 54.616 56.507 61.469 59.987 55.254 54.030 58.018 61.866 64.456 67.030 68.217 64.172 67.175 63.431 62.169 57.192 58.767 52.968 53.228 55.608 56.661 62.362 61.505 64.340 59.722 57.445 61.919 59.185 59.817 56.425 52.358 52.386 55.090 52.982 48.270 49.694 51.710 47.764 44.768 48.002 47.861 42.938 42.413 38.383 36.785 39.557 42.490 43.042 44.884 47.842 49.067 52.241 51.797 46.496 46.709 50.219 50.027 45.470 42.871 41.104 44.137 41.436 41.967 39.220 44.247 45.934 42.947 42.559 45.035 45.760 46.447 42.586 37.318 34.268 41.531 38.095 32.408 35.294 33.585 37.297 34.683 37.747 33.805 44.309 42.786 34.230 40.528 39.682 41.717 31.467 31.733 36.571 45.573 46.318 33.212 32.647 34.298 39.282
60.297 60.748 55.154 54.873 51.092 49.597 52.786 51.305 46.510 47.432 50.044 46.414 42.719 46.054 46.821 41.984 43.749 39.279 35.621 40.486 39.063 35.814 40.345 38.301 41.463 43.498 43.429 45.740 47.723 47.988 49.629 52.298 53.126 54.137 55.260 57.766 59.278 56.200 60.972 59.315 64.167 61.186 65.342 63.191 68.379 64.646 67.862 66.471 68.577 63.701 65.552 60.385 61.083 59.119 55.429 52.821 57.372 56.189 58.576 63.289 62.222 57.406 55.775 59.434 63.304 66.007 68.580 69.948 66.177 69.487 65.673 64.021 59.229 60.324 54.743 54.548 56.709 57.667 63.343 62.869 65.307 60.450 58.532 62.866 59.656 60.091 56.543 52.913 52.595 55.728 53.935 48.974 50.385 52.930 49.097 45.829 49.408 49.668 44.727 44.424 40.741 39.130 42.380 44.834 45.227 47.649 50.106 51.228 54.892 54.062 48.735 49.513 53.075 52.458 47.663 45.587 43.879 46.515 43.405 43.789 40.596 45.731 47.195 43.700 43.334 45.273 45.982 45.974 42.428 39.653 36.658 44.015 40.871 34.632 35.966 35.675 39.927 36.305 40.465 35.021 47.225 45.933 36.993 43.864 41.378 44.630 32.963 33.497 39.323 48.530 49.524 36.049 34.968 35.814 41.012
27.759 25.939 22.741 20.261 15.054 16.722 19.861 19.148 15.814 18.372 20.869 18.341 15.951 20.878 22.597 20.185 16.518 13.096 14.070 17.025 17.589 13.398 13.234 9.170 11.959 10.881 11.519 14.679 14.808 13.658 16.547 19.028 18.050 16.629 21.942 23.964 22.858 18.275 25.585 27.729 30.516 28.870 31.736 31.425 34.876 32.568 36.783 36.465 39.352 35.925 33.962 30.480 29.366 27.302 23.781 21.434 26.310 27.455 30.682 34.249 36.081 33.641 30.060 34.023 37.441 39.159 42.120 41.399 39.362 41.690 40.703 40.229 37.915 36.681 34.315 30.819 35.700 33.997 36.114 34.678 35.819 33.387 30.684 32.768 30.201 28.885 29.005 23.298 27.978 29.227 26.132 23.715 26.968 27.338 23.836 23.706 26.929 25.580 21.028 24.700 21.226 18.308 20.257 21.186 16.517 20.293 23.032 21.134 21.337 18.778 14.612 17.871 18.341 14.944 12.022 13.143 10.519 8.247 4.200 7.764 3.768 7.147 9.931 9.172 4.699 11.795 13.956 16.686 13.761 8.294 16.092 8.993 9.636 11.404 14.541 11.244 10.210 20.667 17.144 16.737 16.349 18.218 21.705 18.543 11.900 9.108 16.887 18.124 2.692 15.739 21.503 19.254 19.526 20.081 11.736
19.882 20.339 16.384 14.479 11.270 10.995 12.793 10.960 8.053 9.531 11.463 9.288 6.007 10.247 12.039 10.188 7.601 2.986 6.213 8.921 12.004 9.610 7.066 5.090 3.596 5.301 7.901 8.233 8.734 11.231 13.342 14.686 15.658 17.010 18.949 19.132 19.778 14.450 20.472 20.520 24.262 23.993 26.893 27.859 31.135 29.504 34.273 33.101 34.993 31.582 28.811 25.950 23.082 21.575 17.156 15.398 20.800 20.477 25.191 28.686 30.719 28.328 24.464 27.295 30.317 32.675 35.417 36.493 34.050 36.835 35.248 34.128 31.952 29.591 26.824 23.312 27.777 26.001 28.202 27.345 27.959 24.972 23.068 25.134 22.249 20.420 19.795 14.301 18.527 20.439 18.038 14.327 17.905 19.537 16.333 14.167 19.153 19.523 15.260 18.930 16.723 15.953 17.489 17.471 12.096 18.064 19.904 16.397 20.903 18.589 12.909 18.231 20.171 17.043 14.163 15.478 15.488 12.644 10.641 8.446 6.379 9.380 9.039 4.312 8.167 10.115 9.039 9.886 5.347 4.675 13.119 13.386 12.717 7.040 7.150 4.272 10.887 13.167 15.945 7.256 19.522 21.084 18.866 21.438 8.741 15.765 8.847 11.635 12.249 19.816 23.551 17.652 15.320 11.690 6.273
20.521 21.492 17.373 15.415 12.244 11.269 13.390 12.133 8.940 10.009 12.043 10.558 4.536 10.681 12.877 11.639 9.697 4.425 8.244 10.952 14.032 11.833 9.612 7.621 5.757 7.926 10.622 10.894 10.675 13.617 15.896 16.966 17.840 19.284 21.530 21.247 21.620 16.229 22.251 22.027 26.004 26.081 29.053 30.308 33.574 32.139 36.933 35.785 37.526 34.186 31.271 28.460 25.334 23.705 19.103 17.740 23.201 22.804 27.718 31.173 33.256 30.819 26.930 29.567 32.542 34.918 37.647 38.810 36.505 39.421 37.780 36.541 34.354 31.860 29.005 25.559 29.864 27.868 30.152 29.359 29.707 26.636 24.955 26.789 23.734 21.494 20.702 15.782 19.883 21.984 20.114 16.096 19.736 21.766 18.692 15.814 21.343 22.035 17.799 21.342 19.195 18.374 20.018 20.204 14.908 20.875 22.711 19.101 23.656 21.247 15.699 21.003 22.872 19.437 16.716 18.062 17.886 14.737 11.910 10.421 7.216 10.660 10.227 5.134 8.387 9.346 7.752 8.485 4.643 7.017 15.475 13.247 15.051 8.997 4.408 6.235 13.402 14.788 18.582 7.706 22.032 23.666 21.101 23.973 7.263 17.425 9.386 13.068 12.907 22.146 26.235 19.891 17.323 12.944 5.108
28.608 28.549 24.941 22.825 19.597 19.754 21.589 19.489 16.749 18.369 19.890 16.969 13.021 18.039 18.645 15.219 12.569 9.235 7.086 11.535 11.619 7.989 9.300 7.249 9.840 11.359 10.445 13.292 16.214 16.627 18.361 20.555 21.719 21.053 23.788 25.816 26.572 21.633 27.824 28.456 31.732 30.613 33.247 33.029 36.296 33.571 37.983 36.617 39.298 35.658 33.818 30.942 29.149 28.036 24.428 21.244 26.511 25.912 29.757 33.282 34.609 31.455 26.997 32.069 35.304 37.905 40.638 41.650 38.427 40.339 38.456 37.743 34.944 33.406 30.310 27.556 32.156 31.375 34.312 33.710 34.959 32.000 29.187 32.320 30.049 28.734 27.721 22.115 25.278 26.524 23.888 20.514 23.646 23.973 20.714 19.013 22.646 21.848 16.936 19.262 16.423 14.235 16.245 17.665 14.903 19.118 21.604 19.925 23.053 21.334 14.540 19.888 21.488 19.269 15.358 15.678 14.738 12.854 11.435 10.995 7.443 13.088 15.061 11.076 12.123 16.116 16.453 17.806 13.743 9.069 11.171 16.544 12.014 5.619 12.284 6.357 10.630 13.720 14.648 10.478 19.576 19.937 16.166 19.239 14.667 16.221 9.398 10.507 11.690 20.405 23.321 14.203 12.940 13.026 13.319
28.700 29.361 25.224 25.061 22.393 22.624 22.844 20.013 18.014 19.437 18.736 15.157 15.163 17.195 14.485 10.600 9.959 8.897 4.992 5.799 3.670 3.385 6.000 9.019 11.672 14.275 11.380 10.525 16.917 18.436 17.692 20.027 22.390 22.768 21.626 24.752 26.555 23.200 27.444 26.929 29.765 28.722 30.623 30.030 32.759 29.561 33.767 31.179 33.682 29.914 28.692 26.615 25.036 25.271 22.407 17.850 23.056 20.638 24.161 27.274 27.336 24.006 18.778 25.045 28.222 31.282 33.872 35.517 31.922 33.181 30.491 29.657 26.479 25.036 21.486 19.908 23.969 24.490 28.282 28.574 30.215 27.315 23.662 28.192 27.370 27.038 24.792 20.040 20.059 20.674 18.652 15.794 16.604 16.653 13.710 12.303 14.506 13.839 9.605 9.049 7.617 6.704 9.176 10.791 11.880 14.490 16.358 14.924 20.656 20.804 13.374 18.486 20.822 21.124 17.880 15.165 17.208 17.724 18.948 14.960 16.382 19.785 20.254 17.228 20.532 23.504 22.422 22.439 18.360 14.120 5.980 25.241 15.407 7.596 18.067 9.476 12.934 4.811 10.856 9.718 20.818 19.712 7.720 18.440 22.133 22.314 7.604 2.842 20.719 22.968 22.139 7.815 3.322 6.244 19.795
19.687 20.641 16.722 14.391 11.328 10.041 12.117 11.959 8.528 9.433 11.787 11.463 5.142 11.335 13.852 13.553 11.761 6.831 10.824 13.517 16.693 14.453 12.041 9.800 6.518 9.118 11.910 12.655 10.860 14.118 16.650 17.314 17.750 19.509 21.999 21.434 21.292 15.734 22.011 21.897 25.947 26.240 29.331 30.897 34.183 33.096 37.892 37.014 38.579 35.375 32.263 29.355 26.114 24.180 19.389 18.866 24.032 24.034 28.977 32.398 34.635 32.481 28.865 30.749 33.833 36.037 38.741 39.604 37.640 40.874 39.433 37.917 36.085 33.355 30.884 27.251 31.489 29.024 31.097 30.115 30.202 27.234 25.478 27.023 23.828 21.280 20.914 16.258 20.531 22.887 21.276 17.463 21.163 23.443 20.285 17.706 23.363 24.166 20.109 23.737 21.703 20.927 22.495 22.340 16.769 22.810 24.561 20.825 24.846 22.186 17.224 22.365 23.853 20.057 17.743 19.309 19.059 15.623 12.142 10.697 7.506 10.383 9.427 4.922 6.779 6.982 5.133 6.320 2.854 8.306 18.051 11.687 16.429 11.644 3.902 8.930 15.101 17.488 20.814 10.247 23.152 25.171 23.782 25.715 4.588 17.641 12.116 15.905 12.875 22.888 27.649 22.506 20.099 15.589 2.710
24.115 26.070 21.662 20.003 17.058 15.209 17.321 16.708 13.363 13.645 15.736 14.702 6.267 13.592 15.925 15.024 14.066 8.133 11.736 14.781 17.515 15.819 14.364 12.707 11.034 13.797 16.436 16.268 16.289 19.491 21.777 22.573 23.564 25.075 27.319 26.760 27.057 21.663 27.490 26.673 30.942 31.495 34.465 35.989 39.198 37.843 42.661 41.320 42.888 39.611 36.611 34.002 30.533 28.964 24.296 22.948 28.656 27.790 32.980 36.359 38.384 35.618 31.454 34.261 37.138 39.683 42.384 43.957 41.667 44.537 42.613 41.227 38.815 36.069 33.009 29.929 33.905 31.722 34.543 34.061 34.106 30.841 29.615 31.291 28.100 25.394 23.934 20.149 23.352 25.816 24.638 20.164 23.208 26.087 23.506 19.178 25.396 26.559 22.302 25.101 23.358 22.316 24.291 24.908 20.301 26.115 28.004 24.372 29.420 27.079 21.321 26.674 28.547 25.111 22.213 23.456 23.031 19.838 16.409 16.033 11.089 15.661 15.476 10.505 12.425 12.345 10.192 10.196 5.619 12.620 19.504 16.386 20.117 12.865 2.921 10.532 18.534 17.457 23.300 9.618 27.447 28.852 24.615 28.859 9.458 22.227 10.752 15.408 16.456 27.563 31.662 23.510 20.455 15.163 8.673
23.502 25.641 20.659 20.169 17.263 15.839 16.891 15.314 12.082 12.618 13.976 11.331 5.994 10.885 11.975 9.809 9.343 4.642 6.231 9.138 11.494 11.013 9.958 9.819 9.577 12.147 13.753 12.384 15.092 17.935 19.594 20.494 22.071 23.914 24.422 24.672 26.000 20.920 26.032 24.728 28.822 29.207 31.857 33.025 36.058 34.294 39.067 37.130 38.722 35.369 32.637 30.422 26.977 26.043 21.894 19.188 25.270 23.481 28.646 31.934 33.520 30.337 25.863 29.594 32.298 35.131 37.818 39.798 37.257 39.632 37.320 35.898 33.189 30.507 27.227 24.586 28.454 27.023 30.258 30.215 30.649 27.236 25.368 28.432 25.581 23.500 21.201 17.321 19.792 21.749 20.360 15.586 18.049 21.001 18.668 13.663 19.648 20.976 16.845 18.870 17.767 16.953 19.108 19.757 16.313 21.754 23.435 19.874 26.121 24.649 18.331 23.634 25.896 23.816 20.559 21.163 21.195 19.081 17.305 15.389 12.370 16.724 16.392 11.538 15.084 15.983 13.570 13.010 8.568 11.681 14.685 19.837 18.421 9.097 7.191 7.161 16.178 10.987 19.054 3.390 25.461 26.158 19.107 25.846 13.606 22.612 4.315 9.238 18.270 26.315 28.756 18.548 14.734 8.579 11.590
