40.287 39.276 39.473 40.846 38.721 41.136 41.873 38.203 37.991 41.130 39.844 36.454 38.535 40.899 37.979 36.769 33.601 35.088 33.235 31.426 28.683 29.710 29.037 32.286 33.821 32.960 29.178 29.942 32.360 29.944 27.174 29.844 31.089 27.862 26.710 30.191 32.708 34.519 35.215 35.111 35.333 32.219 30.092 27.161 25.891 22.223 20.842 19.330 23.006 22.835 25.202 25.279 28.686 31.103 31.343 27.828 26.196 25.195 22.954 24.543 21.504 21.560 24.721 27.734 29.288 30.398 31.092 28.913 25.213 23.696 22.283 23.781 24.058 26.774 25.985 28.640 31.157 32.552 33.104 31.116 34.605 35.424 32.853 35.041 38.187 40.144 39.913 36.501 36.873 34.386 31.728 32.300 32.237 28.960 27.449 28.618 26.540 23.362 23.676 24.373 21.415 18.547 18.070 21.364 21.931 18.314 18.279 20.334 18.631 22.155 22.921 19.749 20.570 24.422 25.783 23.708 25.597 28.551 32.154 31.552 35.153 36.438 35.543 38.235 40.714 44.242 43.511 46.085 43.985
41.694 40.943 41.022 42.542 40.415 42.604 43.183 39.441 39.136 42.062 40.634 37.162 39.094 41.265 38.186 36.858 33.937 35.537 33.505 31.434 28.480 29.811 29.568 33.040 34.738 34.274 30.446 31.061 33.796 31.694 28.790 31.415 33.044 30.036 28.621 32.052 34.770 36.244 36.884 36.416 36.734 33.866 31.657 28.970 27.578 24.008 22.738 20.658 24.099 23.794 26.385 26.547 29.775 32.271 32.640 29.025 27.513 26.007 23.712 24.954 21.646 21.300 24.546 27.671 29.170 30.674 31.132 29.274 25.511 23.654 21.720 23.364 23.199 26.150 25.121 28.073 30.418 32.227 33.077 31.491 35.145 35.767 33.458 35.963 38.956 41.084 40.545 37.132 37.108 34.521 32.171 32.597 32.093 28.875 27.658 28.428 26.007 23.205 23.630 23.721 20.553 17.861 17.961 21.506 22.690 19.367 19.086 21.697 20.603 24.298 24.717 21.677 23.043 26.825 27.768 25.488 27.434 30.578 34.027 33.230 36.677 38.284 37.296 39.722 42.357 45.873 44.931 47.272 44.917
45.189 44.377 44.300 45.689 43.400 45.463 46.187 42.467 41.933 44.833 43.549 39.979 41.680 43.918 40.890 39.312 36.459 37.846 35.538 33.589 30.396 31.565 31.670 35.180 37.171 36.737 32.951 33.819 36.654 34.515 31.784 34.588 36.194 33.231 32.000 35.515 38.129 39.574 40.376 39.921 40.371 37.521 35.392 32.732 31.384 27.808 26.486 24.418 27.850 27.565 30.160 30.251 33.414 35.817 36.046 32.365 31.048 29.501 27.331 28.571 25.231 24.674 27.852 31.074 32.617 34.271 34.655 32.890 29.131 27.132 25.036 26.751 26.346 29.343 28.084 31.096 33.440 35.460 36.496 35.037 38.727 39.209 36.921 39.526 42.428 44.501 43.821 40.345 40.177 37.687 35.393 35.578 34.964 31.900 30.617 31.067 28.660 26.051 26.181 25.951 22.925 20.085 20.051 23.773 25.280 22.008 22.100 24.849 23.798 27.419 27.561 24.335 25.734 29.507 30.295 27.708 29.282 32.635 36.071 35.519 38.879 40.635 39.895 42.243 44.752 48.349 47.521 49.818 47.402
47.170 46.608 46.524 48.078 45.863 47.787 48.327 44.563 44.040 46.749 45.299 41.724 43.355 45.373 42.206 40.619 38.012 39.543 37.174 34.986 31.712 33.171 33.573 37.213 39.243 39.119 35.324 35.992 39.012 37.129 34.267 36.942 38.816 35.992 34.511 37.919 40.714 41.932 42.595 41.846 42.269 39.617 37.354 34.848 33.309 29.817 28.465 26.020 29.224 28.983 31.792 32.076 35.113 37.635 38.061 34.376 33.050 31.141 28.858 29.705 26.182 25.457 28.691 31.855 33.206 35.094 35.173 33.636 29.928 27.603 25.203 27.126 26.466 29.664 28.350 31.603 33.662 35.990 37.180 36.089 39.869 40.276 38.274 41.072 43.873 46.130 45.251 41.845 41.370 38.756 36.771 36.936 35.944 32.923 31.987 32.174 29.470 27.234 27.573 26.865 23.691 21.205 21.725 25.482 27.361 24.365 24.152 27.181 26.511 30.230 30.260 27.211 28.890 32.608 33.184 30.566 32.234 35.642 38.956 38.222 41.465 43.408 42.544 44.701 47.348 50.899 49.880 51.988 49.389
50.442 49.854 49.601 51.052 48.699 50.466 51.110 47.373 46.635 49.276 47.947 44.296 45.690 47.731 44.618 42.805 40.310 41.656 39.052 36.964 33.513 34.851 35.594 39.250 41.528 41.490 37.757 38.607 41.732 39.879 37.159 39.966 41.867 39.129 37.776 41.244 43.964 45.099 45.908 45.133 45.708 43.109 40.941 38.507 37.048 33.580 32.277 29.817 32.982 32.667 35.437 35.612 38.552 40.966 41.261 37.521 36.401 34.427 32.293 33.158 29.653 28.696 31.809 35.056 36.481 38.536 38.593 37.201 33.500 31.129 28.574 30.453 29.537 32.698 31.150 34.402 36.457 38.975 40.369 39.414 43.217 43.451 41.484 44.394 47.076 49.276 48.231 44.778 44.138 41.634 39.732 39.656 38.543 35.703 34.728 34.597 31.930 29.917 30.001 28.990 26.006 23.478 23.920 27.736 29.898 27.023 27.078 30.230 29.668 33.327 33.087 29.948 31.721 35.390 35.769 32.914 34.293 37.852 41.094 40.521 43.640 45.749 45.077 47.110 49.663 53.261 52.307 54.327 51.648
53.250 52.724 52.498 53.986 51.650 53.396 54.009 50.266 49.529 52.125 50.762 47.113 48.475 50.456 47.311 45.485 43.073 44.431 41.786 39.664 36.181 37.556 38.411 42.083 44.397 44.412 40.687 41.521 44.673 42.846 40.114 42.895 44.822 42.077 40.684 44.125 46.882 48.008 48.762 47.927 48.445 45.875 43.625 41.176 39.590 36.111 34.666 32.147 35.264 35.099 37.986 38.297 41.240 43.724 44.101 40.375 39.206 37.160 34.944 35.642 32.063 31.151 34.306 37.479 38.758 40.834 40.702 39.330 35.693 33.138 30.565 32.619 31.696 34.957 33.459 36.804 38.701 41.318 42.718 41.895 45.716 45.978 44.124 47.063 49.739 52.011 50.930 47.512 46.785 44.230 42.434 42.373 41.140 38.315 37.462 37.256 34.501 32.617 32.763 31.607 28.606 26.203 26.760 30.569 32.807 29.975 29.981 33.158 32.609 36.280 36.060 32.922 34.673 38.351 38.737 35.860 37.184 40.766 44.000 43.456 46.549 48.689 48.034 50.039 52.590 56.190 55.224 57.205 54.486
53.883 53.384 53.424 55.022 52.840 54.805 55.335 51.565 51.071 53.765 52.275 48.712 50.325 52.281 49.066 47.472 44.954 46.481 44.029 41.833 38.488 39.936 40.493 44.139 46.242 46.102 42.317 43.023 46.022 44.079 41.228 43.875 45.681 42.753 41.265 44.627 47.450 48.777 49.312 48.542 48.764 46.090 43.620 40.970 39.102 35.534 33.718 31.283 34.449 34.704 37.789 38.435 41.562 44.264 44.868 41.234 39.729 37.785 35.274 35.786 32.106 31.638 35.012 37.972 38.947 40.748 40.376 38.741 35.207 32.444 30.168 32.580 32.072 35.517 34.415 37.861 39.591 42.046 43.131 42.236 46.028 46.606 44.795 47.566 50.431 52.831 51.978 48.645 48.089 45.353 43.516 43.775 42.623 39.581 38.845 38.974 36.124 34.054 34.500 33.601 30.388 28.068 28.680 32.454 34.389 31.370 31.145 34.117 33.292 36.995 37.167 34.038 35.497 39.273 40.002 37.343 38.818 42.270 45.645 45.079 48.332 50.250 49.481 51.680 54.265 57.847 56.885 59.000 56.386
56.932 56.575 56.597 58.273 56.118 57.985 58.425 54.641 54.126 56.697 55.131 51.568 53.100 54.922 51.647 50.023 47.679 49.251 46.739 44.440 41.047 42.620 43.387 47.089 49.245 49.282 45.508 46.136 49.239 47.434 44.538 47.131 49.074 46.225 44.628 47.935 50.841 52.040 52.509 51.574 51.787 49.236 46.701 44.145 42.176 38.674 36.837 34.235 37.235 37.534 40.718 41.469 44.504 47.255 47.958 44.330 42.843 40.712 38.167 38.448 34.710 34.149 37.499 40.387 41.221 43.150 42.562 41.090 37.648 34.706 32.297 34.811 34.150 37.663 36.535 40.082 41.597 44.240 45.422 44.780 48.599 49.120 47.504 50.381 53.164 55.664 54.679 51.399 50.643 47.859 46.229 46.449 45.068 42.098 41.564 41.504 38.518 36.709 37.229 36.044 32.826 30.721 31.574 35.337 37.477 34.615 34.286 37.388 36.752 40.489 40.578 37.518 39.114 42.862 43.468 40.761 42.233 45.734 49.038 48.410 51.581 53.620 52.818 54.897 57.536 61.099 60.045 62.038 59.311
58.454 58.196 58.045 59.721 57.504 59.159 59.568 55.796 55.130 57.535 55.981 52.380 53.705 55.423 52.148 50.379 48.244 49.759 47.110 44.773 41.292 42.928 44.015 47.760 50.059 50.332 46.613 47.236 50.500 48.883 46.021 48.634 50.759 48.088 46.456 49.758 52.690 53.662 54.208 53.103 53.489 51.103 48.658 46.302 44.437 41.041 39.429 36.649 39.500 39.560 42.686 43.307 46.155 48.805 49.447 45.780 44.507 42.175 39.788 40.012 36.305 35.409 38.595 41.549 42.466 44.660 44.075 42.895 39.455 36.529 33.844 36.192 35.165 38.597 37.215 40.759 42.208 45.079 46.525 46.118 49.967 50.248 48.755 51.811 54.409 56.903 55.679 52.399 51.386 48.682 47.242 47.245 45.642 42.868 42.424 42.030 39.008 37.516 37.929 36.387 33.304 31.348 32.364 36.102 38.553 35.936 35.640 38.946 38.619 42.361 42.165 39.176 41.046 44.708 45.018 42.172 43.578 47.171 50.326 49.642 52.647 54.904 54.127 55.990 58.658 62.202 61.062 62.871 59.997
61.506 61.381 61.220 62.967 60.788 62.354 62.671 58.899 58.226 60.508 58.885 55.304 56.558 58.139 54.823 53.047 51.082 52.640 49.965 47.544 44.059 45.802 47.053 50.824 53.145 53.575 49.881 50.420 53.757 52.268 49.371 51.918 54.158 51.561 49.832 53.072 56.073 56.929 57.409 56.159 56.531 54.264 51.768 49.503 47.557 44.231 42.610 39.708 42.405 42.500 45.690 46.401 49.157 51.840 52.572 48.929 47.670 45.191 42.785 42.810 39.085 38.127 41.262 44.123 44.907 47.196 46.426 45.402 42.067 39.020 36.255 38.659 37.517 40.966 39.583 43.178 44.416 47.428 48.948 48.769 52.618 52.848 51.539 54.674 57.187 59.764 58.427 55.214 54.027 51.291 50.048 50.024 48.226 45.535 45.277 44.732 41.614 40.359 40.847 39.083 36.026 34.285 35.495 39.181 41.772 39.299 38.903 42.290 42.114 45.873 45.622 42.710 44.680 48.313 48.526 45.665 47.081 50.694 53.779 53.031 55.958 58.309 57.492 59.244 61.960 65.473 64.245 65.936 62.968
61.849 61.859 61.555 63.334 61.149 62.507 62.740 58.994 58.225 60.312 58.662 55.090 56.170 57.597 54.280 52.427 50.698 52.251 49.518 47.024 43.531 45.389 46.897 50.687 53.069 53.757 50.133 50.589 54.056 52.800 49.911 52.409 54.843 52.447 50.639 53.822 56.863 57.469 57.979 56.538 57.058 54.988 52.580 50.544 48.701 45.518 44.145 41.070 43.580 43.430 46.540 47.139 49.677 52.260 52.967 49.330 48.262 45.587 43.338 43.275 39.623 38.364 41.303 44.174 45.015 47.543 46.784 46.068 42.769 39.780 36.777 38.979 37.501 40.825 39.237 42.789 43.923 47.123 48.879 48.945 52.790 52.789 51.636 54.924 57.237 59.815 58.255 55.084 53.647 50.986 49.964 49.765 47.748 45.257 45.140 44.302 41.153 40.235 40.686 38.604 35.687 34.184 35.609 39.190 42.028 39.840 39.391 42.933 43.086 46.833 46.347 43.582 45.818 49.338 49.273 46.357 47.790 51.431 54.344 53.469 56.223 58.762 57.902 59.426 62.203 65.655 64.297 65.785 62.680
64.241 64.408 64.071 65.927 63.795 65.028 65.144 61.417 60.641 62.564 60.839 57.312 58.303 59.555 56.211 54.366 52.851 54.453 51.723 49.138 45.684 47.668 49.339 53.135 55.512 56.395 52.820 53.160 56.700 55.620 52.702 55.105 57.679 55.402 53.487 56.582 59.688 60.131 60.577 58.964 59.500 57.591 55.169 53.278 51.402 48.331 47.026 43.824 46.144 45.957 49.080 49.725 52.120 54.697 55.481 51.890 50.875 48.043 45.825 45.572 41.954 40.590 43.415 46.180 46.914 49.560 48.660 48.159 44.979 41.938 38.841 41.010 39.376 42.647 41.034 44.583 45.499 48.830 50.689 51.008 54.826 54.729 53.782 57.153 59.334 61.977 60.278 57.198 55.561 52.900 52.108 51.862 49.639 47.277 47.363 46.351 43.134 42.497 43.021 40.714 37.867 36.628 38.262 41.737 44.708 42.718 42.153 45.767 46.123 49.868 49.301 46.660 49.032 52.488 52.288 49.381 50.854 54.491 57.296 56.314 58.958 61.604 60.676 62.050 64.889 68.280 66.803 68.135 64.927
63.574 63.957 63.630 65.626 63.624 64.748 64.663 60.954 60.259 61.992 60.116 56.681 57.659 58.675 55.270 53.535 52.244 53.999 51.378 48.619 45.284 47.504 49.240 53.045 55.306 56.420 52.888 52.989 56.583 55.747 52.738 54.954 57.713 55.591 53.486 56.427 59.636 59.869 60.182 58.351 58.872 57.177 54.734 53.048 51.145 48.252 47.090 43.719 45.771 45.496 48.609 49.315 51.518 54.100 55.019 51.520 50.527 47.506 45.312 44.814 41.263 39.791 42.479 45.089 45.690 48.458 47.426 47.188 44.151 41.101 37.892 39.979 38.181 41.377 39.783 43.325 43.978 47.416 49.354 49.950 53.720 53.537 52.837 56.280 58.319 61.053 59.232 56.287 54.455 51.759 51.235 51.010 48.567 46.307 46.673 45.548 42.223 41.883 42.598 40.095 37.263 36.399 38.361 41.671 44.729 42.988 42.168 45.840 46.468 50.212 49.610 47.198 49.743 53.106 52.772 49.975 51.631 55.197 57.878 56.665 59.209 61.930 60.819 62.036 65.005 68.289 66.617 67.781 64.475
62.549 62.954 62.429 64.356 62.287 63.205 63.132 59.483 58.629 60.214 58.415 54.974 55.736 56.692 53.363 51.490 50.374 52.020 49.319 46.598 43.253 45.465 47.431 51.199 53.552 54.844 51.419 51.539 55.217 54.547 51.638 53.872 56.736 54.810 52.748 55.678 58.831 58.863 59.308 57.397 58.139 56.580 54.323 52.836 51.155 48.378 47.510 44.094 46.065 45.471 48.398 48.858 50.862 53.250 54.017 50.513 49.786 46.687 44.748 44.350 40.941 39.144 41.586 44.290 45.105 48.077 47.242 47.244 44.172 41.329 37.934 39.692 37.572 40.548 38.664 42.060 42.782 46.331 48.520 49.213 52.958 52.505 51.826 55.381 57.222 59.848 57.833 54.880 52.881 50.355 49.935 49.465 46.926 44.903 45.251 43.844 40.619 40.529 41.064 38.338 35.747 34.994 36.994 40.178 43.422 41.936 41.208 44.967 45.848 49.512 48.641 46.334 49.082 52.303 51.698 48.831 50.415 53.992 56.494 55.239 57.600 60.476 59.407 60.418 63.371 66.605 64.888 65.890 62.501
60.984 61.176 60.581 62.357 60.145 61.121 61.245 57.586 56.619 58.365 56.729 53.190 53.931 55.118 51.860 49.851 48.530 50.015 47.196 44.641 41.172 43.170 45.107 48.871 51.348 52.460 49.012 49.355 53.007 52.152 49.346 51.764 54.489 52.476 50.602 53.680 56.719 56.891 57.508 55.792 56.625 54.893 52.724 51.110 49.549 46.643 45.773 42.496 44.703 44.049 46.911 47.210 49.338 51.658 52.238 48.635 47.971 45.033 43.156 43.056 39.628 37.814 40.322 43.236 44.283 47.203 46.603 46.415 43.163 40.425 37.057 38.764 36.697 39.682 37.675 41.042 42.091 45.552 47.736 48.151 51.944 51.494 50.547 54.065 55.999 58.496 56.557 53.453 51.621 49.174 48.491 47.935 45.608 43.528 43.575 42.220 39.123 38.781 39.082 36.500 33.937 32.831 34.537 37.858 41.073 39.420 38.951 42.694 43.408 47.056 46.133 43.652 46.320 49.584 49.017 46.035 47.463 51.105 53.677 52.601 55.020 57.863 56.958 58.072 60.911 64.237 62.686 63.820 60.510
57.299 57.444 56.822 58.574 56.350 57.339 57.482 53.820 52.852 54.634 53.016 49.460 50.233 51.474 48.220 46.210 44.818 46.312 43.515 40.953 37.482 39.492 41.365 45.139 47.590 48.684 45.225 45.563 49.210 48.357 45.553 47.982 50.707 48.718 46.862 49.952 52.967 53.128 53.791 52.110 53.000 51.252 49.154 47.570 46.118 43.235 42.498 39.244 41.473 40.674 43.443 43.624 45.736 47.997 48.512 44.893 44.281 41.370 39.567 39.588 36.204 34.303 36.779 39.785 40.975 43.914 43.484 43.289 39.960 37.361 33.951 35.511 33.392 36.321 34.224 37.554 38.757 42.176 44.387 44.696 48.496 48.008 46.963 50.478 52.418 54.860 52.941 49.792 48.019 45.601 44.831 44.252 41.997 39.895 39.855 38.529 35.463 35.050 35.312 32.775 30.199 29.039 30.744 34.066 37.275 35.640 35.177 38.928 39.688 43.318 42.358 39.913 42.629 45.859 45.259 42.302 43.788 47.404 49.966 48.844 51.277 54.106 53.172 54.299 57.154 60.477 58.925 60.093 56.805
55.112 55.126 54.622 56.355 54.127 55.318 55.536 51.826 50.951 52.937 51.332 47.744 48.709 50.118 46.842 44.908 43.248 44.775 42.035 39.508 36.021 37.957 39.558 43.354 45.744 46.602 43.040 43.441 46.997 45.932 43.087 45.577 48.157 45.987 44.179 47.346 50.346 50.721 51.372 49.858 50.641 48.704 46.539 44.759 43.252 40.232 39.349 36.202 38.620 37.951 40.781 41.016 43.332 45.684 46.207 42.546 41.771 39.013 37.073 37.218 33.743 32.054 34.740 37.806 39.011 41.769 41.397 40.927 37.498 34.878 31.607 33.309 31.450 34.519 32.566 35.966 37.339 40.589 42.603 42.648 46.485 46.194 44.961 48.362 50.500 52.940 51.225 48.003 46.478 43.976 42.960 42.543 40.507 38.175 37.974 36.941 33.876 33.092 33.395 31.166 28.387 26.948 28.489 31.970 34.980 33.063 32.625 36.295 36.798 40.480 39.709 37.127 39.669 43.018 42.645 39.726 41.257 44.867 47.601 46.551 49.168 51.836 50.909 52.256 55.088 58.479 57.027 58.399 55.232
51.887 51.765 51.201 52.840 50.541 51.762 52.083 48.376 47.450 49.533 48.022 44.389 45.367 46.921 43.699 41.713 39.902 41.356 38.596 36.156 32.632 34.464 35.975 39.765 42.179 42.935 39.361 39.861 43.391 42.247 39.460 42.041 44.553 42.375 40.677 43.916 46.834 47.256 48.029 46.637 47.519 45.501 43.456 41.660 40.329 37.289 36.552 33.515 36.045 35.200 37.883 37.918 40.260 42.508 42.877 39.168 38.483 35.840 34.020 34.431 31.028 29.257 31.911 35.137 36.580 39.312 39.213 38.666 35.116 32.717 29.463 30.960 29.097 32.066 29.988 33.291 34.948 38.083 40.108 39.931 43.768 43.437 42.000 45.366 47.535 49.854 48.193 44.878 43.487 41.067 39.858 39.377 37.522 35.164 34.734 33.762 30.820 29.843 29.984 27.903 25.150 23.466 24.826 28.369 31.340 29.358 29.064 32.722 33.189 36.837 36.003 33.374 35.927 39.259 38.868 35.922 37.436 41.049 43.801 42.788 45.439 48.078 47.198 48.598 51.389 54.812 53.431 54.884 51.779
49.802 49.599 49.232 50.910 48.683 50.150 50.477 46.721 45.982 48.257 46.692 43.081 44.328 45.989 42.723 40.920 38.856 40.427 37.829 35.377 31.937 33.756 34.882 38.671 40.916 41.430 37.746 38.215 41.609 40.268 37.380 39.942 42.311 39.926 38.206 41.474 44.419 45.070 45.742 44.494 45.185 42.989 40.816 38.809 37.349 34.178 33.240 30.296 32.989 32.350 35.140 35.322 37.888 40.287 40.754 37.049 36.103 33.613 31.574 32.029 28.520 27.078 29.984 33.179 34.535 37.025 36.913 36.070 32.465 30.012 26.961 28.664 27.167 30.298 28.499 31.879 33.613 36.528 38.274 37.853 41.704 41.640 40.071 43.283 45.674 48.039 46.628 43.297 42.175 39.619 38.199 37.986 36.350 33.715 33.208 32.636 29.664 28.290 28.614 26.935 23.915 22.034 23.287 26.940 29.596 27.302 26.900 30.421 30.592 34.315 33.789 31.069 33.399 36.868 36.787 33.979 35.641 39.183 42.124 41.121 43.987 46.405 45.453 47.098 49.905 53.360 52.038 53.696 50.730
47.211 46.799 46.336 47.853 45.503 47.005 47.507 43.774 42.934 45.343 43.947 40.279 41.508 43.380 40.227 38.331 36.068 37.480 34.835 32.568 29.086 30.678 31.688 35.437 37.747 38.087 34.400 35.067 38.410 36.920 34.152 36.877 39.112 36.697 35.182 38.571 41.370 42.112 42.977 41.929 42.760 40.440 38.449 36.400 35.192 31.985 31.222 28.495 31.357 30.508 33.072 32.968 35.575 37.810 38.035 34.267 33.459 31.183 29.334 30.188 26.822 25.308 28.131 31.514 33.178 35.595 35.843 34.889 31.163 29.035 26.086 27.496 26.043 28.979 27.041 30.221 32.319 35.047 36.791 36.067 39.887 39.768 37.921 41.062 43.483 45.659 44.323 40.875 39.944 37.537 35.849 35.529 34.170 31.540 30.681 30.193 27.462 25.804 25.838 24.422 21.520 19.224 20.071 23.816 26.378 23.941 23.840 27.306 27.357 31.019 30.396 27.549 29.851 33.316 33.229 30.343 31.912 35.481 38.463 37.577 40.487 42.861 42.030 43.755 46.466 49.976 48.789 50.560 47.689
44.207 43.709 43.399 44.941 42.666 44.374 44.874 41.116 40.452 43.021 41.586 37.963 39.438 41.400 38.240 36.533 34.044 35.562 33.124 30.862 27.535 29.111 29.700 33.409 35.510 35.636 31.871 32.479 35.675 34.034 31.179 33.869 35.979 33.412 31.881 35.286 38.091 39.012 39.810 38.903 39.608 37.142 35.100 32.906 31.684 28.400 27.592 24.997 27.996 27.203 29.752 29.678 32.449 34.757 35.023 31.273 30.276 28.178 26.212 27.209 23.848 22.594 25.559 28.925 30.601 32.788 33.155 31.965 28.188 26.187 23.466 24.876 23.751 26.694 24.982 28.114 30.345 32.799 34.299 33.302 37.096 37.174 35.169 38.151 40.741 42.910 41.800 38.344 37.685 35.207 33.301 33.208 32.106 29.261 28.283 28.193 25.519 23.465 23.645 22.698 19.623 17.146 17.840 21.601 23.793 21.091 20.878 24.182 23.990 27.702 27.348 24.472 26.602 30.156 30.326 27.624 29.395 32.843 35.962 35.029 38.115 40.276 39.343 41.272 44.007 47.516 46.363 48.304 45.574
42.388 41.606 41.179 42.489 40.050 41.812 42.560 38.854 38.055 40.801 39.611 35.940 37.375 39.608 36.630 34.814 32.082 33.350 30.865 28.909 25.576 26.775 27.182 30.786 32.972 32.821 29.075 29.990 33.073 31.193 28.540 31.459 33.335 30.705 29.501 33.065 35.639 36.713 37.769 37.156 38.022 35.391 33.598 31.337 30.446 27.139 26.526 24.313 27.491 26.494 28.712 28.278 31.092 33.163 33.104 29.307 28.492 26.749 25.062 26.570 23.477 22.217 24.998 28.507 30.507 32.542 33.311 31.986 28.150 26.572 24.090 25.140 24.136 26.762 24.951 27.751 30.361 32.538 33.996 32.636 36.334 36.361 34.026 36.868 39.483 41.394 40.400 36.826 36.429 34.173 31.940 31.714 31.001 28.211 26.773 26.813 24.534 22.131 21.886 21.370 18.586 15.579 15.524 19.336 21.294 18.345 18.651 21.776 21.317 24.908 24.446 21.343 23.353 26.924 27.134 24.315 25.906 29.396 32.596 31.878 35.032 37.108 36.373 38.428 41.001 44.586 43.643 45.738 43.154
39.168 38.293 38.011 39.340 36.990 38.957 39.691 35.980 35.373 38.266 37.043 33.450 35.136 37.442 34.491 32.900 29.956 31.331 29.121 27.197 24.122 25.289 25.195 28.699 30.611 30.237 26.437 27.262 30.159 28.135 25.397 28.261 29.999 27.227 26.017 29.591 32.156 33.400 34.399 33.946 34.708 31.941 30.150 27.775 26.957 23.622 23.080 21.092 24.365 23.336 25.420 24.934 27.879 29.969 29.917 26.164 25.182 23.687 21.961 23.696 20.747 19.760 22.561 26.009 28.056 29.827 30.794 29.271 25.434 24.139 21.975 22.866 22.213 24.691 23.127 25.745 28.490 30.320 31.524 29.863 33.480 33.679 31.171 33.819 36.578 38.443 37.687 34.124 34.027 31.745 29.286 29.288 28.886 25.927 24.343 24.829 22.704 19.897 19.789 19.868 17.041 13.940 13.620 17.276 18.702 15.472 15.665 18.528 17.786 21.415 21.254 18.156 19.985 23.634 24.119 21.563 23.431 26.727 30.041 29.231 32.552 34.387 33.516 35.770 38.374 41.931 41.007 43.261 40.834
39.908 38.689 38.408 39.461 36.973 39.098 40.138 36.526 35.840 38.965 38.023 34.451 36.127 38.716 35.994 34.350 31.164 32.230 30.013 28.511 25.507 26.159 25.813 29.078 31.042 30.210 26.489 27.718 30.326 27.894 25.462 28.542 29.817 26.835 26.091 29.798 32.044 33.641 34.843 34.814 35.575 32.553 30.923 28.311 27.666 24.229 23.545 22.124 25.636 24.771 26.635 26.006 29.096 31.025 30.713 27.021 26.066 25.104 23.524 25.618 22.900 22.224 24.919 28.305 30.424 31.877 33.025 31.216 27.432 26.344 24.584 25.445 25.121 27.429 25.996 28.350 31.268 32.795 33.796 31.791 35.254 35.574 32.793 35.162 38.022 39.649 39.136 35.526 35.776 33.680 30.914 30.902 30.928 28.013 26.048 26.759 25.044 21.952 21.492 22.056 19.586 16.200 15.043 18.517 19.440 15.870 16.713 19.028 17.609 20.977 20.954 17.491 18.732 22.482 23.311 20.690 22.166 25.460 28.976 28.607 32.056 33.643 33.092 35.600 37.920 41.568 40.983 43.480 41.304
36.314 34.993 34.736 35.761 33.312 35.545 36.590 33.000 32.419 35.636 34.714 31.215 33.042 35.695 33.054 31.569 28.235 29.337 27.372 25.950 23.231 23.811 23.029 26.156 27.879 26.886 23.157 24.327 26.779 24.265 21.811 24.876 26.053 23.033 22.349 26.080 28.259 29.922 31.170 31.284 32.086 29.005 27.537 24.964 24.606 21.297 20.975 19.846 23.280 22.153 23.661 22.763 25.825 27.605 27.167 23.523 22.601 21.919 20.549 22.973 20.611 20.016 22.470 25.801 28.086 29.363 30.828 28.998 25.279 24.659 23.158 23.608 23.447 25.398 24.062 26.077 29.161 30.358 31.229 28.968 32.291 32.624 29.666 31.873 34.755 36.251 35.884 32.279 32.771 30.773 27.813 27.885 28.225 25.301 23.130 24.159 22.732 19.373 18.883 19.994 17.726 14.359 12.840 15.943 16.320 12.588 13.502 15.473 13.848 17.179 17.286 13.852 15.034 18.808 19.766 17.384 19.163 22.253 25.802 25.289 28.836 30.259 29.577 32.196 34.552 38.157 37.564 40.154 38.097
34.882 33.320 32.726 33.441 30.739 32.817 34.136 30.652 29.758 33.029 32.431 28.876 30.457 33.340 30.958 29.243 25.809 26.534 24.449 23.416 20.722 20.839 20.011 22.986 24.906 23.765 20.135 21.720 24.146 21.534 19.455 22.820 23.863 21.049 20.828 24.666 26.504 28.068 29.731 30.038 31.234 28.212 27.237 24.943 25.174 22.185 22.439 21.605 24.805 23.215 24.152 22.659 25.402 26.682 25.737 22.087 21.737 21.344 20.637 23.509 21.647 20.693 22.596 26.027 28.703 30.042 31.923 30.311 26.675 26.539 25.042 24.938 24.531 25.976 24.328 25.870 29.251 30.305 31.363 28.970 32.113 32.123 28.948 31.114 33.773 34.909 34.459 30.757 31.337 29.735 26.607 26.285 26.927 24.342 21.716 22.581 21.704 18.344 17.171 18.551 16.951 13.357 10.934 13.709 13.912 10.227 12.134 13.864 12.346 15.259 14.748 11.098 12.504 16.092 16.684 13.970 15.488 18.734 22.246 21.916 25.402 26.924 26.498 29.061 31.257 34.931 34.500 37.112 35.115
31.158 29.669 29.233 30.140 27.636 29.874 30.975 27.430 26.840 30.142 29.336 25.894 27.795 30.574 28.123 26.749 23.235 24.279 22.628 21.407 19.138 19.526 18.154 21.055 22.502 21.363 17.636 18.796 21.123 18.582 16.167 19.340 20.490 17.616 17.119 20.930 22.932 24.488 25.996 26.275 27.394 24.364 23.398 21.175 21.566 18.754 19.386 18.680 21.663 19.840 20.508 18.870 21.600 22.886 22.027 18.408 17.916 17.659 17.028 20.075 18.528 17.721 19.436 22.719 25.432 26.602 28.675 27.079 23.550 23.793 22.538 22.103 21.900 23.056 21.641 22.931 26.330 27.077 27.950 25.390 28.437 28.536 25.294 27.346 30.078 31.250 30.946 27.301 28.067 26.395 23.165 23.113 23.948 21.229 18.608 19.928 19.152 15.550 14.710 16.648 15.058 11.866 9.613 11.757 11.236 7.370 8.831 10.215 8.596 11.763 11.605 8.225 9.849 13.487 14.253 12.133 14.466 17.264 20.715 19.889 23.487 24.828 23.965 26.613 29.047 32.599 31.953 34.596 32.644
30.723 29.683 29.427 30.767 28.542 30.709 31.369 27.667 27.336 30.396 29.145 25.707 27.781 30.190 27.379 26.198 22.920 24.483 22.932 21.097 18.779 19.905 18.749 21.959 23.227 22.620 18.780 19.271 21.902 19.861 16.915 19.668 21.384 18.650 17.367 20.979 23.502 24.747 25.830 25.590 26.517 23.684 22.302 20.164 20.118 17.231 17.809 16.433 19.320 17.444 18.559 17.293 20.091 21.812 21.477 17.757 16.905 15.931 14.799 17.434 15.462 14.515 16.601 19.978 22.538 23.955 25.772 24.309 20.647 20.622 19.068 18.754 18.423 19.876 18.501 20.197 23.407 24.426 25.373 23.103 26.413 26.567 23.619 25.973 28.758 30.338 29.865 26.283 26.717 24.648 21.719 21.914 22.246 19.234 17.140 18.442 17.013 13.481 13.395 14.921 12.627 9.742 8.689 11.197 11.257 7.753 7.603 9.947 9.209 12.915 12.959 10.315 12.426 15.869 16.419 14.592 17.347 20.028 23.235 21.896 25.361 26.878 25.572 27.986 30.765 34.176 33.128 35.534 33.329
30.604 29.838 29.277 30.708 28.432 30.197 30.699 26.952 26.393 29.151 27.802 24.222 26.025 28.251 25.293 23.873 20.865 22.528 20.737 18.564 15.965 17.518 16.897 20.419 21.916 21.911 18.079 18.373 21.478 19.988 17.000 19.687 21.945 19.734 18.229 21.684 24.321 24.983 26.137 25.452 26.710 24.297 23.073 21.468 21.564 19.037 20.005 18.163 20.599 18.278 19.310 17.829 20.127 21.667 21.280 17.443 17.097 15.471 14.704 17.140 15.198 13.348 15.115 18.798 21.626 23.599 25.451 24.538 20.876 20.858 18.744 18.060 16.961 18.252 16.256 17.999 21.307 22.752 24.232 22.383 25.809 25.491 22.757 25.539 27.983 29.612 28.669 25.026 24.952 22.937 20.321 20.096 19.957 17.150 15.186 15.838 14.153 10.986 10.726 11.577 9.152 6.041 5.655 8.641 9.846 7.183 6.706 10.145 10.807 14.317 13.551 11.420 14.363 17.347 17.074 15.009 17.794 20.617 23.444 21.792 24.934 26.916 25.504 27.460 30.426 33.782 32.460 34.530 31.998
33.418 32.938 32.423 34.023 31.835 33.447 33.772 30.000 29.437 31.960 30.434 26.847 28.516 30.474 27.326 25.835 23.175 24.969 22.982 20.510 17.624 19.543 19.514 23.207 24.861 25.198 21.415 21.562 24.840 23.593 20.548 23.055 25.517 23.382 21.641 24.942 27.766 28.265 29.203 28.192 29.315 27.081 25.560 23.970 23.615 20.963 21.549 19.169 21.601 19.540 21.116 20.113 22.402 24.230 24.183 20.387 19.874 17.734 16.543 18.301 15.789 13.736 15.927 19.641 22.170 24.474 25.858 25.094 21.339 20.710 18.095 17.879 16.410 18.267 16.116 18.486 21.445 23.432 25.118 23.751 27.385 27.052 24.712 27.746 30.128 32.036 30.867 27.316 26.816 24.567 22.393 22.170 21.417 18.592 17.222 17.401 15.064 12.526 12.679 12.426 9.361 6.606 7.665 11.039 13.038 10.831 10.019 13.646 14.453 18.039 17.308 15.212 18.111 21.152 20.809 18.594 21.179 24.173 26.933 25.286 28.278 30.451 29.033 30.790 33.817 37.139 35.682 37.547 34.816
31.916 31.837 31.334 33.218 31.280 32.692 32.627 28.841 28.449 30.636 28.780 25.300 27.011 28.559 25.190 23.907 21.615 23.821 22.080 19.133 16.500 19.061 19.146 22.860 24.231 25.077 21.418 20.965 24.382 23.702 20.463 22.503 25.394 23.640 21.460 24.398 27.452 27.501 28.178 26.699 27.840 26.011 24.453 23.312 22.940 20.695 21.636 18.918 20.760 18.381 19.898 18.951 20.823 22.684 22.923 19.257 18.811 16.099 14.978 16.267 13.852 11.188 13.137 16.868 19.413 22.095 23.425 23.145 19.525 19.003 16.053 15.417 13.375 15.085 12.641 15.179 17.988 20.265 22.229 21.285 24.976 24.427 22.443 25.741 27.911 30.028 28.603 25.188 24.302 21.878 20.137 19.958 18.698 15.875 15.108 15.049 12.186 10.207 11.101 10.238 6.629 5.381 8.210 10.751 13.008 11.783 10.014 13.763 15.404 18.816 18.020 16.672 19.828 22.483 21.837 19.991 22.861 25.575 27.986 25.887 28.624 30.915 29.133 30.566 33.842 36.950 35.129 36.702 33.781
35.130 35.247 34.876 36.886 35.041 36.428 36.245 32.462 32.129 34.185 32.204 28.785 30.440 31.779 28.312 27.055 25.026 27.284 25.449 22.399 19.652 22.315 22.723 26.479 27.928 28.881 25.241 24.757 28.188 27.540 24.264 26.205 29.115 27.281 24.978 27.828 31.006 31.069 31.531 29.884 30.792 29.034 27.168 25.916 25.080 22.674 23.138 20.050 21.921 19.991 22.036 21.626 23.594 25.748 26.306 22.734 22.017 19.105 17.529 18.157 15.239 12.821 15.204 18.667 20.689 23.499 24.250 24.001 20.379 19.164 15.853 15.929 13.770 16.156 13.917 17.024 19.249 21.924 23.886 23.360 27.156 26.751 25.143 28.508 30.691 33.050 31.559 28.296 27.166 24.537 23.165 23.124 21.467 18.657 18.407 18.147 14.932 13.513 14.661 13.238 9.609 8.847 11.662 14.411 16.840 15.502 13.765 17.445 18.848 22.392 21.778 20.258 23.265 26.101 25.587 23.629 26.365 29.219 31.697 29.681 32.398 34.737 32.979 34.371 37.653 40.750 38.881 40.358 37.352
38.080 38.185 38.030 40.080 38.275 39.841 39.687 35.880 35.652 37.816 35.810 32.421 34.175 35.539 32.054 30.864 28.775 31.009 29.134 26.166 23.348 25.858 26.237 29.996 31.481 32.227 28.510 28.145 31.466 30.570 27.250 29.233 31.960 29.834 27.532 30.437 33.671 34.012 34.322 32.769 33.373 31.437 29.258 27.654 26.374 23.646 23.491 20.273 22.431 21.114 23.647 23.727 26.038 28.501 29.278 25.731 24.624 21.826 19.762 20.087 16.734 14.988 17.877 21.079 22.614 25.197 25.477 24.895 21.237 19.388 16.122 17.083 15.412 18.377 16.674 20.067 21.928 24.596 26.251 25.749 29.598 29.547 28.032 31.262 33.658 36.168 34.857 31.662 30.639 27.839 26.467 26.685 25.054 22.089 21.946 21.898 18.634 17.090 18.331 17.056 13.419 12.387 14.756 17.811 20.055 18.236 16.612 20.137 20.999 24.721 24.456 22.599 25.277 28.409 28.259 26.226 28.852 31.824 34.540 32.726 35.610 37.826 36.153 37.742 40.959 44.127 42.365 43.965 41.030
39.879 40.230 40.336 42.607 41.036 42.679 42.294 38.486 38.511 40.576 38.339 35.104 37.012 38.132 34.529 33.605 31.679 34.137 32.443 29.314 26.667 29.358 29.677 33.402 34.691 35.499 31.795 31.177 34.412 33.604 30.141 31.850 34.612 32.438 29.889 32.579 35.981 36.332 36.298 34.573 34.838 33.002 30.503 28.855 27.130 24.421 23.890 20.414 22.363 21.526 24.453 25.088 27.437 30.203 31.386 28.020 26.558 23.624 21.158 20.834 17.237 15.957 19.086 21.841 22.762 25.261 24.959 24.363 20.882 18.460 15.134 16.778 15.361 18.759 17.599 21.277 22.537 25.289 26.712 26.525 30.374 30.595 29.443 32.619 35.081 37.862 36.625 33.648 32.544 29.485 28.408 28.963 27.115 24.043 24.387 24.485 20.983 19.676 21.385 20.060 16.331 15.821 18.400 21.278 23.363 21.582 19.615 22.953 23.733 27.476 27.539 25.808 28.308 31.476 31.524 29.685 32.422 35.299 38.042 36.134 39.042 41.160 39.323 40.932 44.235 47.317 45.435 46.989 44.047
43.619 43.973 44.113 46.367 44.761 46.412 46.072 42.262 42.238 44.306 42.098 38.840 40.675 41.794 38.195 37.187 35.309 37.682 35.845 32.766 29.975 32.581 33.078 36.841 38.274 39.050 35.326 34.843 38.094 37.191 33.770 35.562 38.254 35.980 33.498 36.231 39.620 40.063 40.010 38.310 38.484 36.608 34.003 32.223 30.299 27.468 26.573 23.113 25.153 24.694 27.806 28.641 31.077 33.920 35.147 31.780 30.252 27.363 24.792 24.333 20.653 19.601 22.771 25.386 26.058 28.476 27.854 27.176 23.815 21.042 17.853 19.918 18.659 22.168 21.128 24.858 25.898 28.736 30.106 30.048 33.881 34.187 33.141 36.290 38.771 41.604 40.363 37.418 36.256 33.180 32.180 32.718 30.792 27.776 28.152 28.139 24.626 23.416 24.998 23.523 19.874 19.204 21.607 24.677 26.872 24.941 23.188 26.529 27.102 30.893 30.986 29.042 31.428 34.728 34.862 32.865 35.431 38.447 41.280 39.528 42.463 44.613 42.892 44.531 47.779 50.918 49.097 50.656 47.690
45.628 46.092 46.488 48.876 47.442 49.241 48.781 44.970 45.166 47.251 44.906 41.764 43.775 44.797 41.143 40.350 38.477 40.983 39.294 36.163 33.493 36.142 36.480 40.205 41.479 42.174 38.431 37.826 40.947 39.993 36.480 38.108 40.719 38.320 35.717 38.318 41.790 42.363 42.053 40.338 40.191 38.297 35.436 33.516 31.227 28.368 27.058 23.575 25.520 25.597 28.980 30.261 32.813 35.891 37.402 34.175 32.323 29.486 26.605 25.774 21.997 21.484 24.821 27.064 27.241 29.385 28.306 27.442 24.303 21.124 18.243 20.872 20.097 23.810 23.293 27.103 27.769 30.483 31.520 31.555 35.325 35.950 35.093 38.084 40.694 43.697 42.631 39.841 38.760 35.507 34.600 35.443 33.512 30.368 30.962 31.191 27.605 26.360 28.210 26.892 23.166 22.629 25.022 28.036 30.004 27.958 26.031 29.163 29.517 33.315 33.738 31.813 33.956 37.325 37.722 35.883 38.521 41.456 44.384 42.623 45.652 47.649 45.836 47.592 50.868 53.972 52.128 53.744 50.841
49.387 49.880 50.302 52.693 51.246 53.036 52.586 48.776 48.941 51.006 48.664 45.513 47.465 48.458 44.798 43.953 42.143 44.606 42.821 39.706 36.947 39.563 40.041 43.794 45.163 45.865 42.115 41.581 44.725 43.733 40.245 41.912 44.495 42.050 39.480 42.089 45.558 46.169 45.831 44.107 43.895 42.007 39.079 37.104 34.689 31.799 30.269 26.843 28.773 29.091 32.558 33.965 36.537 39.656 41.208 37.991 36.111 33.280 30.359 29.422 25.643 25.219 28.535 30.672 30.675 32.769 31.453 30.584 27.604 24.255 21.524 24.320 23.599 27.322 26.856 30.684 31.175 33.957 34.972 35.138 38.876 39.544 38.796 41.776 44.374 47.424 46.337 43.587 42.436 39.171 38.353 39.177 37.161 34.073 34.720 34.848 31.240 30.099 31.881 30.430 26.759 26.173 28.500 31.610 33.673 31.571 29.763 32.911 33.172 36.986 37.412 35.372 37.453 40.891 41.325 39.384 41.906 44.930 47.904 46.237 49.269 51.301 49.557 51.314 54.562 57.697 55.877 57.476 54.541
51.508 52.006 52.642 55.089 53.748 55.705 55.226 51.417 51.742 53.892 51.495 48.414 50.522 51.524 47.850 47.149 45.252 47.772 46.083 42.986 40.292 42.866 43.168 46.885 48.150 48.697 44.918 44.361 47.368 46.249 42.721 44.314 46.752 44.153 41.563 44.107 47.590 48.390 47.887 46.251 45.777 43.799 40.692 38.534 35.860 32.914 31.004 27.715 29.648 30.434 34.059 35.775 38.496 41.776 43.493 40.372 38.233 35.549 32.409 31.320 27.514 27.542 30.988 32.889 32.576 34.352 32.758 31.625 28.836 25.278 22.968 26.118 25.856 29.666 29.577 33.410 33.740 36.332 37.031 37.139 40.799 41.759 41.060 43.853 46.599 49.733 48.852 46.188 45.194 41.821 40.965 42.023 40.110 36.893 37.584 37.956 34.352 33.056 34.964 33.728 29.991 29.355 31.564 34.682 36.521 34.244 32.387 35.337 35.324 39.125 39.837 37.748 39.564 43.077 43.780 41.951 44.489 47.453 50.545 48.938 52.086 53.952 52.184 54.099 57.327 60.465 58.693 60.404 57.565
55.043 55.623 56.218 58.686 57.333 59.201 58.690 54.885 55.152 57.210 54.794 51.707 53.710 54.626 50.934 50.170 48.412 50.912 49.134 46.005 43.244 45.853 46.352 50.105 51.461 52.120 48.357 47.812 50.897 49.846 46.333 47.937 50.444 47.896 45.295 47.825 51.325 52.043 51.534 49.803 49.351 47.465 44.355 42.271 39.573 36.685 34.770 31.463 33.281 34.081 37.707 39.443 42.073 45.338 47.075 43.956 41.883 39.106 36.013 34.817 31.045 30.957 34.304 36.150 35.753 37.618 35.872 34.905 32.252 28.649 26.299 29.416 28.995 32.758 32.598 36.441 36.603 39.337 40.135 40.453 44.092 44.975 44.427 47.288 49.937 53.113 52.118 49.498 48.342 44.980 44.286 45.260 43.183 40.080 40.875 41.055 37.403 36.319 38.181 36.717 33.049 32.489 34.763 37.911 39.925 37.726 35.923 38.966 39.040 42.851 43.458 41.346 43.236 46.753 47.364 45.436 47.898 50.942 54.003 52.411 55.498 57.466 55.728 57.556 60.793 63.934 62.123 63.743 60.821
58.058 58.505 59.147 61.538 60.120 62.092 61.706 57.889 58.127 60.315 57.985 54.849 56.869 57.923 54.266 53.438 51.546 53.947 52.087 49.073 46.219 48.668 49.138 52.890 54.330 54.814 51.012 50.637 53.667 52.419 48.961 50.686 53.030 50.327 47.860 50.483 53.914 54.827 54.363 52.796 52.279 50.232 47.082 44.800 42.032 39.000 36.832 33.721 35.734 36.762 40.436 42.222 45.018 48.318 50.008 46.850 44.703 42.089 38.933 37.862 34.052 34.135 37.581 39.466 39.066 40.764 39.005 37.803 35.150 31.509 29.387 32.628 32.405 36.207 36.092 39.930 40.195 42.842 43.529 43.686 47.320 48.323 47.652 50.421 53.185 56.327 55.443 52.767 51.741 48.386 47.539 48.530 46.585 43.419 44.051 44.310 40.722 39.452 41.190 39.843 36.173 35.348 37.377 40.662 42.606 40.190 38.576 41.548 41.350 45.167 45.866 43.557 45.251 48.871 49.648 47.645 49.964 53.065 56.250 54.846 58.026 59.921 58.315 60.278 63.422 66.643 64.972 66.715 63.860
58.656 59.161 60.041 62.530 61.284 63.415 62.930 59.129 59.589 61.822 59.385 56.367 58.586 59.590 55.906 55.300 53.350 55.880 54.207 51.154 48.449 50.939 51.171 54.866 56.107 56.484 52.677 52.172 55.046 53.752 50.226 51.783 54.023 51.233 48.685 51.163 54.624 55.662 54.981 53.456 52.666 50.598 47.290 44.914 41.926 38.947 36.525 33.545 35.429 36.834 40.597 42.676 45.542 48.984 50.876 47.868 45.468 42.969 39.629 38.361 34.592 35.077 38.596 40.202 39.488 40.876 38.875 37.482 35.068 31.322 29.595 33.063 33.248 37.084 37.356 41.175 41.256 43.685 44.051 44.175 47.697 48.980 48.398 50.969 53.849 57.082 56.410 53.865 52.992 49.520 48.676 49.941 48.086 44.792 45.536 46.069 42.468 41.085 43.040 41.921 38.166 37.429 39.464 42.655 44.343 41.857 40.070 42.823 42.461 46.225 47.219 44.994 46.471 50.090 51.100 49.309 51.745 54.705 57.953 56.506 59.775 61.484 59.767 61.855 65.023 68.190 66.507 68.334 65.582
55.532 56.192 57.136 59.743 58.641 60.745 60.094 56.315 56.906 59.036 56.471 53.558 55.855 56.706 52.983 52.545 50.692 53.373 51.872 48.700 46.163 48.815 48.954 52.616 53.680 54.172 50.402 49.673 52.522 51.398 47.789 49.149 51.497 48.819 46.102 48.422 51.964 52.872 52.047 50.383 49.527 47.605 44.259 42.032 39.006 36.188 33.898 30.768 32.402 33.768 37.535 39.707 42.449 45.924 47.957 45.059 42.610 40.010 36.641 35.157 31.441 31.974 35.434 36.864 35.997 37.392 35.285 34.018 31.710 27.934 26.187 29.667 29.884 33.699 34.133 37.938 37.837 40.230 40.539 40.792 44.269 45.573 45.146 47.709 50.537 53.844 53.167 50.738 49.822 46.289 45.587 46.970 45.042 41.747 42.695 43.294 39.638 38.367 40.542 39.436 35.654 35.205 37.460 40.470 42.091 39.780 37.731 40.441 40.263 43.995 45.039 43.046 44.614 48.128 49.085 47.466 50.096 52.932 56.086 54.437 57.657 59.349 57.452 59.465 62.733 65.797 63.974 65.722 62.957
52.930 53.563 54.686 57.330 56.351 58.610 57.922 54.167 54.939 57.153 54.548 51.732 54.217 55.097 51.391 51.140 49.162 51.920 50.610 47.461 45.087 47.717 47.565 51.139 52.004 52.346 48.587 47.769 50.442 49.249 45.608 46.837 49.057 46.303 43.553 45.771 49.305 50.347 49.388 47.828 46.783 44.785 41.350 39.018 35.869 33.061 30.608 27.596 29.207 30.832 34.639 36.988 39.828 43.389 45.531 42.750 40.099 37.665 34.164 32.632 28.958 29.866 33.406 34.669 33.656 34.757 32.611 31.078 28.847 25.052 23.664 27.303 27.940 31.765 32.514 36.253 36.158 38.276 38.293 38.357 41.756 43.298 42.815 45.183 48.147 51.467 51.014 48.646 47.958 44.363 43.546 45.158 43.426 39.993 40.928 41.839 38.249 36.764 39.091 38.307 34.474 34.036 36.217 39.106 40.418 38.034 35.852 38.316 37.972 41.629 42.934 41.038 42.402 45.883 47.046 45.650 48.395 51.062 54.256 52.573 55.874 57.367 55.384 57.527 60.790 63.804 62.007 63.866 61.236
50.341 51.125 52.159 54.880 53.946 56.062 55.248 51.501 52.271 54.329 51.641 48.860 51.295 52.022 48.278 48.067 46.253 49.100 47.850 44.584 42.292 45.084 45.009 48.590 49.399 49.952 46.239 45.255 48.016 47.050 43.359 44.480 46.901 44.333 41.444 43.578 47.191 47.992 47.011 45.246 44.308 42.503 39.125 37.037 33.988 31.343 29.227 25.944 27.319 28.630 32.389 34.657 37.296 40.811 42.990 40.230 37.694 35.043 31.625 29.941 26.289 26.963 30.390 31.624 30.619 31.964 29.820 28.603 26.346 22.559 20.827 24.345 24.718 28.519 29.204 32.963 32.741 34.996 35.175 35.455 38.886 40.260 39.923 42.434 45.253 48.614 47.999 45.680 44.812 41.213 40.583 42.145 40.240 36.892 38.014 38.798 35.132 33.882 36.326 35.379 31.568 31.424 33.868 36.611 38.038 35.908 33.545 36.119 36.106 39.763 40.916 39.221 40.833 44.199 45.140 43.785 46.649 49.283 52.330 50.461 53.642 55.249 53.148 55.118 58.478 61.415 59.468 61.175 58.449
48.130 48.805 49.629 52.245 51.143 53.163 52.465 48.687 49.274 51.351 48.769 45.865 48.174 49.004 45.281 44.887 43.042 45.789 44.405 41.178 38.772 41.524 41.562 45.191 46.141 46.737 43.006 42.136 45.016 44.051 40.404 41.690 44.181 41.659 38.849 41.147 44.729 45.459 44.699 42.947 42.273 40.424 37.202 35.155 32.344 29.596 27.741 24.332 25.934 26.828 30.504 32.458 35.092 38.484 40.451 37.525 35.194 32.469 29.194 27.777 24.031 24.341 27.785 29.363 28.751 30.382 28.600 27.483 24.864 21.219 19.037 22.339 22.353 26.186 26.501 30.309 30.385 32.801 33.265 33.449 37.024 38.156 37.632 40.316 43.084 46.336 45.572 43.084 42.153 38.651 37.917 39.258 37.348 34.041 34.996 35.622 31.970 30.701 32.980 31.935 28.133 27.875 30.310 33.133 34.716 32.605 30.355 33.109 33.213 36.932 37.862 36.095 37.881 41.257 42.028 40.525 43.332 46.060 49.072 47.229 50.368 52.100 50.084 51.991 55.329 58.324 56.408 58.092 55.309
47.343 48.188 48.836 51.502 50.400 52.187 51.373 47.614 48.111 49.967 47.324 44.428 46.577 47.218 43.458 43.016 41.430 44.224 42.816 39.460 37.074 40.008 40.281 43.941 44.923 45.818 42.157 41.158 44.196 43.514 39.861 41.079 43.820 41.552 38.641 40.869 44.503 44.914 44.193 42.190 41.718 40.129 37.042 35.327 32.713 30.189 28.773 25.152 26.467 26.901 30.423 32.177 34.507 37.765 39.705 36.778 34.697 31.689 28.629 27.091 23.440 23.258 26.454 28.065 27.547 29.575 27.840 27.225 24.623 21.125 18.452 21.391 20.830 24.553 24.594 28.425 28.345 31.052 31.852 32.379 35.980 36.799 36.476 39.382 41.903 45.173 44.131 41.685 40.444 36.991 36.537 37.694 35.493 32.385 33.556 33.862 30.110 29.251 31.560 30.153 26.441 26.535 29.288 31.978 33.835 32.072 29.722 32.681 33.219 36.919 37.555 35.976 38.092 41.327 41.764 40.212 43.064 45.814 48.635 46.625 49.581 51.515 49.426 51.079 54.505 57.429 55.350 56.812 53.872
44.412 45.243 45.712 48.334 47.159 48.817 48.018 44.260 44.649 46.442 43.837 40.894 42.947 43.586 39.835 39.310 37.774 40.551 39.121 35.737 33.357 36.348 36.694 40.359 41.370 42.388 38.764 37.740 40.869 40.313 36.688 37.932 40.797 38.679 35.772 38.034 41.652 41.895 41.312 39.242 39.006 37.493 34.584 33.049 30.708 28.265 27.256 23.540 24.834 24.772 28.107 29.553 31.737 34.843 36.637 33.640 31.783 28.649 25.794 24.410 20.803 20.184 23.262 25.105 24.924 27.252 25.862 25.483 22.667 19.453 16.348 18.869 17.850 21.502 21.201 25.040 25.152 28.007 29.087 29.616 33.295 33.853 33.451 36.515 38.919 42.104 40.904 38.374 37.031 33.662 33.213 34.196 31.934 28.906 30.045 30.197 26.437 25.690 27.954 26.425 22.749 22.975 25.872 28.468 30.448 28.880 26.504 29.592 30.399 34.074 34.487 33.020 35.353 38.478 38.690 37.113 39.993 42.733 45.432 43.337 46.192 48.233 46.133 47.659 51.109 54.012 51.886 53.267 50.267
45.566 46.327 46.489 48.968 47.580 49.010 48.338 44.587 44.669 46.372 43.917 40.833 42.580 43.258 39.556 38.710 37.302 39.888 38.181 34.842 32.236 35.188 35.923 39.665 40.963 42.146 38.555 37.719 41.049 40.568 37.073 38.533 41.507 39.524 36.770 39.186 42.716 42.794 42.493 40.386 40.496 39.043 36.379 34.983 32.947 30.498 29.761 26.068 27.478 27.006 30.120 31.161 33.194 36.052 37.555 34.402 32.929 29.695 27.180 26.100 22.592 21.375 24.203 26.387 26.633 29.303 28.225 28.111 25.163 22.235 18.849 20.870 19.240 22.652 21.714 25.490 25.830 28.982 30.510 31.123 34.854 35.019 34.543 37.825 40.021 43.057 41.572 38.908 37.327 34.165 33.761 34.324 31.908 29.139 30.128 29.813 26.087 25.600 27.495 25.545 22.045 22.178 25.090 27.806 30.197 28.772 26.694 30.064 31.087 34.775 34.775 33.200 35.793 38.892 38.790 36.924 39.611 42.534 45.134 43.112 45.824 48.115 46.179 47.521 50.925 53.885 51.778 53.026 49.885
44.084 44.994 44.969 47.467 46.102 47.280 46.491 42.803 42.800 44.256 41.763 38.728 40.296 40.771 37.072 36.194 35.076 37.696 36.020 32.574 30.070 33.200 34.139 37.843 39.119 40.606 37.153 36.162 39.595 39.433 35.991 37.332 40.516 38.840 36.030 38.318 41.836 41.581 41.332 39.012 39.349 38.178 35.727 34.702 32.943 30.789 30.518 26.778 27.875 26.935 29.751 30.517 32.173 34.806 36.230 33.143 31.982 28.546 26.373 25.258 22.038 20.297 22.679 24.874 25.312 28.323 27.438 27.810 24.953 22.393 18.747 20.141 17.904 20.953 19.636 23.281 23.525 26.918 28.811 29.716 33.391 33.196 32.895 36.350 38.252 41.239 39.485 36.885 35.011 31.970 31.850 32.189 29.514 27.029 28.218 27.554 23.808 23.817 25.704 23.400 20.130 20.746 23.955 26.366 28.966 28.001 25.843 29.302 30.775 34.325 34.031 32.742 35.611 38.471 38.029 36.197 38.921 41.775 44.121 41.920 44.401 46.857 44.842 45.905 49.373 52.219 49.953 50.967 47.700
44.287 45.069 44.721 47.026 45.437 46.385 45.763 42.112 41.784 43.166 40.880 37.713 38.954 39.516 35.923 34.698 33.681 36.053 34.110 30.770 28.062 31.100 32.408 36.137 37.692 39.314 35.937 35.161 38.749 38.654 35.400 36.953 40.192 38.675 36.073 38.500 41.871 41.469 41.538 39.251 39.956 38.819 36.668 35.774 34.372 32.231 32.248 28.613 29.840 28.507 31.034 31.346 32.848 35.171 36.239 33.025 32.286 28.851 27.089 26.381 23.352 21.099 23.155 25.695 26.633 29.875 29.408 29.936 26.945 24.744 20.983 21.865 19.197 21.867 19.909 23.325 23.942 27.490 29.778 30.634 34.309 33.725 33.261 36.869 38.567 41.328 39.330 36.581 34.543 31.789 31.634 31.515 28.790 26.612 27.541 26.417 22.832 23.065 24.479 21.808 18.851 19.345 22.472 24.908 27.864 27.091 25.291 28.940 30.612 34.092 33.379 32.030 35.122 37.889 37.124 35.047 37.556 40.537 42.745 40.629 42.940 45.619 43.789 44.665 48.052 50.940 48.725 49.621 46.250
47.011 47.908 47.419 49.705 48.104 48.825 48.154 44.585 44.126 45.283 43.024 39.906 40.893 41.276 37.748 36.414 35.712 37.987 35.956 32.635 29.934 32.982 34.616 38.295 39.950 41.795 38.550 37.776 41.436 41.527 38.376 39.899 43.234 41.894 39.316 41.673 45.006 44.406 44.516 42.095 42.920 41.978 39.929 39.216 37.885 35.867 35.967 32.310 33.393 31.996 34.428 34.672 35.955 38.136 39.152 36.006 35.470 31.956 30.386 29.596 26.731 24.330 26.087 28.504 29.405 32.779 32.240 33.043 30.221 28.058 24.282 25.026 22.169 24.573 22.483 25.694 26.083 29.778 32.270 33.417 36.989 36.182 35.931 39.618 41.071 43.795 41.577 38.931 36.623 34.023 34.149 33.812 30.871 29.032 30.090 28.611 25.124 25.783 27.032 24.044 21.451 22.125 25.241 27.538 30.692 30.164 28.482 32.167 34.011 37.410 36.491 35.210 38.422 41.087 40.108 37.945 40.326 43.344 45.390 43.266 45.378 48.220 46.437 47.084 50.454 53.276 50.989 51.666 48.178
50.780 51.710 51.225 53.509 51.891 52.577 51.915 48.362 47.860 48.973 46.734 43.625 44.526 44.867 41.369 39.984 39.369 41.570 39.452 36.189 33.430 36.398 38.172 41.852 43.601 45.459 42.223 41.522 45.200 45.264 42.136 43.701 47.019 45.640 43.081 45.459 48.800 48.220 48.314 45.876 46.654 45.718 43.603 42.835 41.383 39.302 39.221 35.532 36.648 35.440 37.990 38.356 39.679 41.908 42.960 39.817 39.244 35.732 34.086 33.201 30.266 27.998 29.813 32.133 32.866 36.194 35.446 36.239 33.499 31.140 27.426 28.404 25.666 28.138 26.170 29.379 29.598 33.312 35.763 37.023 40.570 39.798 39.650 43.327 44.758 47.515 45.266 42.670 40.297 37.710 37.920 37.566 34.573 32.799 33.888 32.344 28.889 29.588 30.770 27.730 25.205 25.761 28.759 31.154 34.367 33.757 32.175 35.881 37.631 41.077 40.159 38.763 41.939 44.678 43.719 41.454 43.725 46.830 48.903 46.865 48.959 51.850 50.139 50.762 54.097 56.936 54.667 55.296 51.775
52.471 53.177 52.712 54.880 53.104 53.943 53.500 49.877 49.289 50.645 48.547 45.291 46.229 46.853 43.381 41.846 40.941 42.991 40.684 37.579 34.581 37.313 39.063 42.818 44.752 46.356 42.994 42.573 46.249 46.005 42.906 44.723 47.871 46.249 43.847 46.451 49.745 49.432 49.646 47.431 48.176 46.958 44.770 43.699 42.161 39.791 39.434 35.823 37.299 36.294 39.004 39.401 41.033 43.356 44.312 41.004 40.327 36.973 35.172 34.509 31.342 29.257 31.394 33.924 34.731 37.910 37.182 37.610 34.668 32.128 28.495 29.789 27.307 30.049 28.116 31.463 31.970 35.590 37.902 38.854 42.516 41.913 41.489 45.111 46.765 49.483 47.379 44.608 42.450 39.838 39.722 39.380 36.613 34.640 35.408 34.007 30.589 30.871 31.860 28.996 26.316 26.326 29.008 31.761 34.963 33.971 32.646 36.397 37.815 41.381 40.526 38.791 41.820 44.766 43.978 41.522 43.629 46.899 49.175 47.382 49.641 52.489 50.967 51.797 55.025 58.028 55.960 56.792 53.344
49.190 49.783 49.371 51.518 49.724 50.700 50.318 46.646 46.113 47.630 45.545 42.240 43.328 44.102 40.603 39.107 37.974 40.063 37.801 34.695 31.677 34.393 35.933 39.722 41.602 43.055 39.614 39.215 42.848 42.480 39.341 41.202 44.280 42.563 40.182 42.849 46.136 45.944 46.180 44.082 44.804 43.450 41.254 40.081 38.575 36.131 35.787 32.226 33.827 32.782 35.486 35.839 37.597 39.955 40.881 37.515 36.765 33.490 31.635 31.120 27.890 25.839 28.121 30.790 31.725 34.834 34.266 34.513 31.420 28.946 25.314 26.599 24.201 27.045 25.109 28.535 29.286 32.800 35.023 35.728 39.454 38.949 38.326 41.901 43.700 46.393 44.424 41.554 39.587 36.919 36.577 36.324 33.729 31.562 32.180 30.981 27.539 27.538 28.563 25.896 23.022 22.871 25.532 28.375 31.467 30.335 28.980 32.713 34.038 37.636 36.870 35.095 38.069 41.058 40.377 37.969 40.156 43.398 45.766 43.977 46.359 49.105 47.563 48.538 51.768 54.818 52.809 53.794 50.429
47.391 47.815 47.168 49.131 47.158 48.008 47.798 44.160 43.393 44.925 43.038 39.629 40.519 41.448 38.061 36.317 35.146 37.022 34.584 31.617 28.459 31.035 32.752 36.534 38.597 40.070 36.687 36.480 40.180 39.814 36.839 38.873 41.936 40.327 38.144 40.924 44.062 43.805 44.311 42.315 43.320 41.938 40.004 38.910 37.734 35.307 35.246 31.820 33.536 32.141 34.571 34.529 36.199 38.301 38.913 35.453 35.019 31.824 30.297 30.182 27.122 24.730 26.792 29.756 31.133 34.351 34.208 34.492 31.245 29.127 25.434 26.290 23.657 26.221 23.858 27.071 28.240 31.744 34.190 34.707 38.431 37.677 36.817 40.453 42.152 44.625 42.552 39.533 37.568 35.134 34.636 34.067 31.579 29.582 29.888 28.458 25.220 25.225 25.852 23.068 20.440 20.079 22.572 25.418 28.691 27.678 26.623 30.436 31.878 35.381 34.315 32.512 35.623 38.509 37.606 35.051 37.085 40.382 42.650 40.939 43.219 46.079 44.686 45.570 48.714 51.802 49.877 50.840 47.458
44.098 44.405 43.821 45.768 43.789 44.791 44.635 40.947 40.257 41.961 40.081 36.632 37.703 38.790 35.378 33.704 32.273 34.209 31.853 28.881 25.729 28.298 29.735 33.549 35.524 36.830 33.357 33.154 36.800 36.307 33.277 35.348 38.340 36.635 34.467 37.308 40.438 40.305 40.830 38.959 39.941 38.421 36.495 35.309 34.195 31.713 31.711 28.366 30.197 28.724 31.104 30.986 32.777 34.903 35.477 31.960 31.454 28.355 26.795 26.877 23.793 21.425 23.614 26.731 28.269 31.386 31.448 31.547 28.163 26.190 22.552 23.319 20.800 23.407 21.047 24.294 25.754 29.088 31.418 31.651 35.418 34.769 33.687 37.256 39.106 41.543 39.627 36.512 34.772 32.285 31.531 31.071 28.798 26.585 26.708 25.533 22.287 21.938 22.610 20.093 17.222 16.650 19.143 22.088 25.221 24.056 22.946 26.744 28.105 31.639 30.672 28.846 31.913 34.835 34.047 31.568 33.725 36.973 39.337 37.605 40.024 42.762 41.325 42.367 45.526 48.654 46.781 47.909 44.625
42.828 42.874 42.051 43.747 41.534 42.458 42.564 38.912 37.950 39.757 38.154 34.571 35.448 36.806 33.560 31.590 30.000 31.629 29.039 26.313 22.946 25.231 26.811 30.624 32.847 34.059 30.619 30.737 34.424 33.818 31.006 33.345 36.232 34.576 32.707 35.724 38.642 38.533 39.390 37.731 38.996 37.369 35.733 34.552 33.797 31.291 31.522 28.431 30.453 28.692 30.761 30.210 31.977 33.815 33.997 30.363 30.185 27.299 26.100 26.716 23.849 21.252 23.220 26.640 28.638 31.740 32.254 32.278 28.758 27.171 23.635 24.009 21.439 23.712 21.001 23.926 25.901 29.084 31.541 31.458 35.188 34.345 32.925 36.480 38.278 40.435 38.490 35.188 33.566 31.364 30.320 29.529 27.521 25.462 25.087 23.749 20.849 20.311 20.397 17.913 15.360 14.228 16.287 19.359 22.655 21.491 20.874 24.718 26.078 29.499 28.216 26.254 29.410 32.260 31.285 28.590 30.522 33.872 36.194 34.632 36.999 39.828 38.617 39.640 42.659 45.875 44.169 45.351 42.100
39.602 39.471 38.637 40.252 37.982 39.025 39.239 35.562 34.610 36.600 35.077 31.440 32.445 34.015 30.812 28.858 26.972 28.581 26.046 23.394 20.022 22.213 23.501 27.331 29.504 30.532 27.017 27.210 30.847 30.105 27.301 29.738 32.533 30.823 29.055 32.162 35.003 34.999 35.967 34.487 35.820 34.055 32.543 31.316 30.768 28.261 28.675 25.790 27.916 25.968 27.823 27.034 28.867 30.605 30.623 26.921 26.797 24.097 23.035 24.031 21.311 18.687 20.616 24.220 26.499 29.459 30.313 30.175 26.560 25.310 21.955 22.044 19.626 21.712 18.952 21.692 24.072 26.975 29.332 28.889 32.596 31.785 30.069 33.529 35.427 37.453 35.653 32.233 30.874 28.733 27.365 26.584 24.900 22.707 21.981 20.879 18.148 17.163 17.081 14.967 12.315 10.683 12.571 15.784 18.969 17.674 17.157 20.992 22.312 25.706 24.407 22.420 25.590 28.427 27.488 24.832 26.864 30.168 32.557 30.987 33.471 36.200 34.983 36.146 39.152 42.415 40.788 42.134 38.993
39.460 38.995 37.918 39.202 36.652 37.635 38.203 34.601 33.328 35.475 34.326 30.567 31.340 33.263 30.320 28.041 25.933 27.089 24.264 22.050 18.442 20.084 21.503 25.282 27.784 28.592 25.131 25.817 29.429 28.464 25.989 28.777 31.342 29.643 28.313 31.622 34.159 34.259 35.609 34.445 36.042 34.126 32.932 31.659 31.471 28.929 29.491 26.970 29.304 27.199 28.726 27.526 29.361 30.772 30.337 26.552 26.773 24.450 23.776 25.328 22.883 20.241 21.917 25.687 28.315 31.141 32.370 32.098 28.425 27.504 24.377 24.213 21.925 23.674 20.760 23.070 25.867 28.513 30.890 30.104 33.700 32.756 30.687 34.036 35.891 37.581 35.816 32.231 31.080 29.290 27.584 26.469 25.193 23.211 21.871 20.679 18.525 17.253 16.362 14.540 12.528 10.014 10.789 14.200 17.457 16.044 16.353 20.082 21.231 24.432 22.784 20.532 23.705 26.479 25.377 22.402 24.055 27.529 29.922 28.661 31.117 33.916 33.041 34.234 37.015 40.404 39.040 40.492 37.443
35.882 35.301 34.238 35.495 32.952 34.058 34.655 31.026 29.834 32.133 30.997 27.231 28.194 30.261 27.345 25.184 22.797 24.022 21.379 19.179 15.702 17.331 18.295 22.086 24.419 25.079 21.529 22.180 25.738 24.703 22.183 24.998 27.524 25.824 24.533 27.870 30.355 30.502 31.915 30.881 32.534 30.548 29.501 28.268 28.327 25.900 26.743 24.456 26.743 24.417 25.642 24.182 25.994 27.272 26.700 22.892 23.190 21.058 20.598 22.500 20.343 17.708 19.197 23.033 25.889 28.547 30.100 29.747 26.092 25.581 22.705 22.178 20.073 21.505 18.640 20.642 23.746 26.052 28.299 27.205 30.713 29.793 27.486 30.717 32.633 34.206 32.589 28.937 28.048 26.319 24.335 23.271 22.335 20.245 18.586 17.703 15.790 14.054 13.001 11.750 9.764 6.643 7.053 10.614 13.706 12.236 12.600 16.296 17.527 20.658 18.984 16.837 20.110 22.802 21.700 18.870 20.797 24.137 26.565 25.159 27.740 30.417 29.423 30.741 33.579 36.970 35.608 37.200 34.257
37.109 36.182 34.859 35.721 32.871 33.877 34.886 31.398 29.828 32.257 31.574 27.735 28.370 30.789 28.220 25.711 23.170 23.791 20.807 19.242 15.584 16.379 17.555 21.181 23.933 24.310 20.906 22.204 25.656 24.354 22.319 25.502 27.694 26.025 25.291 28.792 30.888 31.158 32.972 32.287 34.180 32.070 31.346 30.064 30.433 27.981 28.870 26.946 29.413 27.061 28.015 26.240 28.025 28.962 27.932 24.132 24.782 23.098 22.997 25.301 23.385 20.848 22.108 25.957 29.006 31.521 33.309 32.843 29.192 28.866 26.180 25.569 23.591 24.795 21.879 23.511 26.829 28.932 31.178 29.844 33.198 32.163 29.595 32.666 34.499 35.717 34.135 30.384 29.687 28.350 26.118 24.714 24.177 22.402 20.221 19.219 17.978 16.150 14.274 13.385 12.314 8.858 7.567 10.954 13.915 12.350 13.827 17.144 18.054 20.845 18.782 16.298 19.447 22.028 20.741 17.478 18.774 22.361 24.786 23.852 26.357 29.117 28.601 29.932 32.446 35.974 34.951 36.640 33.818
39.900 38.902 37.788 38.664 35.826 37.057 38.134 34.609 33.159 35.742 35.040 31.217 32.003 34.468 31.857 29.450 26.814 27.458 24.510 23.012 19.392 20.066 21.072 24.625 27.347 27.429 23.947 25.357 28.660 27.031 24.937 28.192 30.165 28.135 27.434 31.060 33.204 33.810 35.513 34.959 36.592 34.241 33.239 31.582 31.615 28.820 29.215 27.275 30.078 28.143 29.476 28.048 30.212 31.456 30.614 26.770 27.016 25.406 24.840 27.012 24.700 22.538 24.308 28.126 30.911 33.284 34.796 34.020 30.253 29.531 26.885 26.808 25.107 26.786 24.145 26.157 29.318 31.470 33.503 32.107 35.581 34.855 32.282 35.271 37.355 38.714 37.319 33.574 33.005 31.450 29.147 28.031 27.502 25.444 23.378 22.668 21.168 19.110 17.609 16.857 15.271 11.776 10.657 14.295 16.877 14.660 16.076 19.314 19.602 22.636 21.000 18.067 20.767 23.739 22.945 19.615 20.715 24.426 27.168 26.550 29.266 31.820 31.444 33.040 35.435 39.047 38.197 40.056 37.352
37.996 37.170 36.389 37.571 34.997 36.493 37.291 33.632 32.592 35.235 34.182 30.441 31.661 33.959 31.098 29.090 26.370 27.503 24.936 23.035 19.657 20.827 21.339 24.989 27.281 27.347 23.660 24.617 27.877 26.250 23.726 26.741 28.823 26.582 25.482 29.049 31.490 32.203 33.558 32.886 34.205 31.790 30.466 28.663 28.398 25.499 25.733 23.630 26.456 24.680 26.268 25.154 27.533 29.129 28.669 24.816 24.602 22.845 21.855 23.820 21.277 19.357 21.484 25.231 27.793 30.056 31.395 30.475 26.675 25.811 23.219 23.345 21.880 23.823 21.496 23.785 26.805 28.899 30.693 29.273 32.848 32.414 29.922 32.882 35.195 36.829 35.609 31.936 31.458 29.541 27.244 26.589 25.990 23.520 21.737 21.481 19.571 17.225 16.421 15.909 13.595 10.210 9.775 13.611 15.902 13.357 14.008 17.373 17.573 20.960 19.849 17.008 19.652 22.867 22.462 19.528 21.247 24.743 27.659 26.702 29.660 31.985 31.208 33.000 35.638 39.183 38.137 40.085 37.406
41.067 40.441 39.731 41.051 38.557 39.984 40.643 36.957 35.954 38.446 37.252 33.523 34.686 36.780 33.790 31.775 29.303 30.548 27.903 25.809 22.334 23.741 24.582 28.302 30.641 30.916 27.252 28.064 31.416 29.930 27.311 30.195 32.412 30.174 28.877 32.359 34.957 35.595 36.773 35.889 37.075 34.755 33.196 31.367 30.766 27.775 27.700 25.273 28.082 26.565 28.524 27.762 30.169 31.989 31.787 27.954 27.573 25.517 24.229 25.741 22.858 20.942 23.316 26.987 29.263 31.691 32.642 31.796 27.990 26.656 23.803 24.346 22.731 25.051 22.742 25.411 28.099 30.528 32.406 31.318 35.015 34.619 32.407 35.509 37.807 39.654 38.308 34.714 33.970 31.878 29.877 29.280 28.292 25.805 24.427 23.948 21.655 19.698 19.220 18.148 15.569 12.686 13.007 16.801 19.362 16.999 17.283 20.783 21.061 24.559 23.558 20.779 23.378 26.646 26.263 23.326 24.974 28.512 31.387 30.418 33.291 35.707 34.899 36.584 39.270 42.786 41.644 43.459 40.653
41.812 41.525 40.928 42.522 40.239 41.585 41.929 38.198 37.371 39.631 38.139 34.492 35.713 37.464 34.266 32.417 30.249 31.818 29.301 26.824 23.440 25.339 26.327 30.133 32.301 32.920 29.261 29.656 33.122 31.958 29.104 31.682 34.190 32.071 30.388 33.659 36.513 36.929 37.817 36.579 37.623 35.532 33.750 32.071 31.191 28.301 28.160 25.334 27.872 26.437 28.661 28.216 30.505 32.538 32.687 28.929 28.387 25.918 24.393 25.369 22.275 20.255 22.742 26.268 28.257 30.901 31.501 30.891 27.161 25.508 22.355 23.103 21.244 23.814 21.540 24.536 26.829 29.568 31.543 30.867 34.652 34.253 32.414 35.684 37.912 40.028 38.531 35.084 34.030 31.707 30.097 29.641 28.203 25.678 24.849 24.220 21.474 19.962 20.023 18.454 15.534 13.420 14.733 18.325 21.092 19.082 18.700 22.373 23.011 26.615 25.733 23.289 26.039 29.246 28.800 26.072 27.992 31.414 34.159 32.881 35.656 38.151 37.066 38.582 41.475 44.867 43.451 45.067 42.097
45.183 45.037 44.478 46.150 43.912 45.192 45.452 41.724 40.901 43.039 41.472 37.854 38.997 40.592 37.339 35.480 33.520 35.119 32.543 29.993 26.579 28.563 29.783 33.599 35.819 36.567 32.945 33.286 36.797 35.717 32.840 35.346 37.919 35.811 34.038 37.244 40.175 40.538 41.316 39.939 40.891 38.887 36.961 35.281 34.172 31.256 30.884 27.883 30.350 29.151 31.605 31.412 33.684 35.841 36.151 32.438 31.810 29.186 27.501 28.132 24.876 22.928 25.497 28.866 30.578 33.311 33.569 33.046 29.400 27.389 24.111 25.193 23.265 26.049 23.858 27.048 28.999 31.965 33.984 33.598 37.418 37.040 35.443 38.785 40.969 43.219 41.626 38.268 37.015 34.606 33.243 32.810 31.109 28.647 28.102 27.305 24.386 23.198 23.408 21.528 18.618 16.868 18.387 21.903 24.788 22.871 22.392 26.082 26.732 30.369 29.527 27.088 29.798 33.037 32.594 29.828 31.656 35.128 37.847 36.594 39.301 41.867 40.793 42.225 45.129 48.501 47.033 48.542 45.486
47.065 47.178 46.751 48.627 46.568 47.818 47.845 44.103 43.441 45.413 43.626 40.110 41.312 42.635 39.253 37.564 35.839 37.659 35.209 32.434 29.147 31.409 32.682 36.514 38.590 39.532 35.924 35.990 39.527 38.636 35.609 37.883 40.608 38.548 36.521 39.553 42.655 42.902 43.430 41.814 42.592 40.753 38.627 37.024 35.646 32.809 32.289 29.044 31.275 30.280 32.961 33.094 35.293 37.633 38.242 34.635 33.833 30.974 29.076 29.228 25.845 23.992 26.630 29.739 31.082 33.894 33.756 33.391 29.904 27.568 24.170 25.538 23.557 26.541 24.550 27.952 29.449 32.605 34.609 34.578 38.413 38.104 36.846 40.251 42.391 44.861 43.200 40.007 38.549 35.959 34.923 34.655 32.646 30.173 30.071 29.231 26.041 25.184 25.791 23.678 20.635 19.445 21.420 24.761 27.667 25.919 25.053 28.752 29.540 33.228 32.533 30.277 33.004 36.231 35.817 33.197 35.179 38.577 41.244 39.821 42.482 45.063 43.809 45.156 48.184 51.467 49.822 51.201 48.055
50.202 50.357 49.779 51.595 49.458 50.519 50.575 46.884 46.048 47.876 46.166 42.632 43.586 44.837 41.516 39.651 38.138 39.811 37.193 34.482 31.107 33.309 34.927 38.741 40.995 42.093 38.583 38.739 42.365 41.579 38.670 40.994 43.780 41.844 39.884 42.915 45.969 46.083 46.702 45.008 45.915 44.188 42.147 40.655 39.336 36.555 36.081 32.811 34.969 33.920 36.552 36.610 38.669 40.898 41.421 37.816 37.204 34.274 32.529 32.643 29.337 27.313 29.758 32.851 34.208 37.164 36.974 36.799 33.386 31.032 27.551 28.848 26.654 29.512 27.347 30.664 32.054 35.378 37.577 37.747 41.552 41.057 39.914 43.414 45.386 47.813 45.963 42.791 41.123 38.660 37.795 37.303 35.130 32.907 32.849 31.677 28.554 28.018 28.424 26.001 23.245 22.157 24.085 27.357 30.492 28.929 28.242 32.007 32.921 36.546 35.629 33.367 36.192 39.350 38.737 35.964 37.745 41.231 43.778 42.427 44.923 47.673 46.537 47.706 50.680 53.955 52.306 53.531 50.283
52.653 52.995 52.559 54.534 52.544 53.626 53.510 49.807 49.122 50.854 48.975 45.532 46.565 47.622 44.210 42.507 41.139 42.979 40.476 37.621 34.358 36.728 38.323 42.140 44.272 45.459 41.941 41.910 45.524 44.828 41.800 43.957 46.817 44.867 42.727 45.634 48.815 48.894 49.301 47.457 48.180 46.549 44.325 42.845 41.280 38.539 37.881 34.473 36.467 35.661 38.486 38.840 40.885 43.280 44.052 40.538 39.742 36.685 34.739 34.487 31.090 29.249 31.770 34.609 35.616 38.553 38.004 37.899 34.657 32.030 28.566 30.142 28.031 31.037 29.130 32.581 33.582 36.989 39.097 39.521 43.312 42.933 42.052 45.553 47.523 50.129 48.276 45.249 43.471 40.855 40.217 39.904 37.543 35.284 35.544 34.417 31.120 30.754 31.460 28.969 26.106 25.334 27.495 30.685 33.768 32.240 31.294 35.028 35.956 39.633 38.883 36.707 39.487 42.679 42.155 39.492 41.385 44.824 47.381 45.931 48.435 51.158 49.894 51.046 54.105 57.323 55.561 56.720 53.431
55.300 55.715 55.128 57.066 55.033 55.909 55.780 52.139 51.310 52.863 51.034 47.605 48.404 49.345 45.996 44.165 43.040 44.771 42.164 39.347 36.069 38.424 40.314 44.090 46.337 47.714 44.310 44.302 47.996 47.458 44.527 46.684 49.636 47.848 45.738 48.609 51.755 51.657 52.134 50.182 51.044 49.565 47.447 46.128 44.659 42.020 41.491 38.046 39.921 38.987 41.717 41.967 43.829 46.094 46.791 43.303 42.707 39.562 37.794 37.508 34.230 32.184 34.474 37.285 38.330 41.421 40.868 40.998 37.840 35.276 31.724 33.132 30.788 33.608 31.526 34.850 35.742 39.288 41.597 42.231 45.971 45.381 44.633 48.229 50.001 52.559 50.508 47.529 45.531 43.051 42.610 42.086 39.559 37.563 37.896 36.460 33.237 33.201 33.758 30.994 28.407 27.798 29.980 33.041 36.314 35.020 34.174 37.967 39.083 42.688 41.722 39.613 42.527 45.614 44.870 42.116 43.880 47.356 49.757 48.311 50.630 53.514 52.314 53.260 56.292 59.465 57.657 58.632 55.239
58.656 59.175 58.663 60.678 58.711 59.589 59.380 55.741 54.974 56.467 54.562 51.185 51.998 52.828 49.449 47.686 46.658 48.445 45.873 43.011 39.779 42.181 44.093 47.864 50.078 51.496 48.093 48.020 51.708 51.200 48.221 50.310 53.286 51.476 49.289 52.104 55.311 55.208 55.574 53.546 54.297 52.867 50.638 49.306 47.678 45.045 44.364 40.865 42.659 41.913 44.765 45.199 47.064 49.425 50.257 46.818 46.119 42.920 41.035 40.542 37.216 35.306 37.638 40.284 41.098 44.152 43.353 43.516 40.488 37.746 34.255 35.852 33.596 36.488 34.577 37.952 38.595 42.176 44.419 45.214 48.930 48.412 47.831 51.416 53.181 55.838 53.779 50.892 48.823 46.274 45.971 45.534 42.904 40.911 41.409 39.984 36.692 36.746 37.430 34.634 32.020 31.528 33.774 36.817 40.069 38.764 37.828 41.601 42.687 46.324 45.445 43.340 46.208 49.333 48.647 45.916 47.691 51.169 53.586 52.130 54.448 57.329 56.095 57.030 60.087 63.238 61.386 62.315 58.895
58.778 59.224 58.909 60.965 59.038 60.153 59.974 56.265 55.646 57.338 55.385 51.989 53.035 53.987 50.541 48.899 47.628 49.500 46.994 44.124 40.875 43.242 44.890 48.704 50.841 52.029 48.499 48.450 52.046 51.320 48.248 50.359 53.199 51.159 48.957 51.823 55.072 55.212 55.476 53.575 54.113 52.496 50.086 48.511 46.674 43.881 42.897 39.454 41.398 40.965 44.009 44.666 46.780 49.338 50.292 46.830 45.856 42.769 40.617 40.086 36.586 35.018 37.648 40.253 40.899 43.730 42.782 42.642 39.588 36.640 33.329 35.278 33.376 36.528 34.902 38.440 39.097 42.539 44.511 45.128 48.892 48.666 47.991 51.454 53.457 56.202 54.370 51.452 49.607 46.888 46.403 46.216 43.742 41.468 41.913 40.815 37.439 37.149 37.983 35.470 32.581 31.882 34.032 37.251 40.296 38.675 37.684 41.369 42.154 45.884 45.282 43.027 45.674 48.965 48.574 45.895 47.728 51.209 53.834 52.452 54.983 57.690 56.440 57.619 60.675 63.898 62.128 63.263 59.950
60.602 61.188 61.061 63.265 61.494 62.703 62.375 58.646 58.219 59.890 57.776 54.470 55.672 56.496 52.965 51.521 50.283 52.330 49.970 46.978 43.841 46.342 47.853 51.675 53.655 54.844 51.276 51.059 54.600 53.896 50.700 52.657 55.511 53.412 51.056 53.806 57.161 57.337 57.383 55.402 55.718 54.142 51.550 49.941 47.869 45.111 43.930 40.438 42.242 42.083 45.286 46.232 48.379 51.107 52.297 48.930 47.733 44.604 42.245 41.425 37.869 36.562 39.289 41.647 41.960 44.662 43.399 43.234 40.366 37.211 34.046 36.254 34.565 37.835 36.526 40.154 40.513 43.913 45.695 46.448 50.171 50.134 49.648 53.040 55.103 58.006 56.261 53.473 51.633 48.754 48.393 48.438 45.893 43.514 44.185 43.250 39.745 39.468 40.580 38.137 35.101 34.580 36.879 40.059 42.978 41.316 40.091 43.700 44.428 48.199 47.817 45.627 48.180 51.517 51.281 48.740 50.717 54.132 56.816 55.342 57.944 60.562 59.174 60.413 63.549 66.731 64.879 66.026 62.724
62.012 62.554 62.615 64.860 63.145 64.550 64.234 60.464 60.175 61.993 59.835 56.541 57.929 58.829 55.256 53.927 52.518 54.630 52.337 49.350 46.225 48.687 49.986 53.818 55.722 56.722 53.071 52.864 56.305 55.425 52.164 54.113 56.833 54.546 52.179 54.939 58.320 58.707 58.639 56.765 56.868 55.150 52.391 50.575 48.294 45.423 43.934 40.531 42.424 42.607 45.973 47.153 49.498 52.395 53.710 50.361 48.916 45.905 43.316 42.426 38.759 37.803 40.751 43.008 43.118 45.580 44.137 43.703 40.887 37.547 34.630 37.158 35.831 39.284 38.268 41.992 42.309 45.560 47.076 47.702 51.427 51.660 51.134 54.389 56.643 59.625 58.083 55.305 53.649 50.636 50.153 50.421 48.005 45.418 46.070 45.407 41.858 41.324 42.564 40.362 37.147 36.487 38.687 41.968 44.687 42.780 41.509 44.998 45.453 49.271 49.150 46.853 49.180 52.639 52.670 50.197 52.206 55.602 58.449 57.046 59.811 62.271 60.870 62.308 65.433 68.660 66.876 68.183 64.977
59.205 59.894 60.089 62.476 60.933 62.384 61.891 58.125 58.026 59.786 57.467 54.282 55.822 56.581 52.936 51.824 50.462 52.773 50.686 47.549 44.594 47.245 48.373 52.191 53.879 54.939 51.287 50.843 54.229 53.466 50.088 51.831 54.619 52.377 49.833 52.436 55.908 56.235 55.978 53.996 53.963 52.348 49.503 47.771 45.394 42.650 41.192 37.700 39.383 39.620 43.023 44.358 46.636 49.617 51.117 47.884 46.310 43.229 40.546 39.425 35.785 34.944 37.893 39.953 39.861 42.273 40.683 40.316 37.630 34.241 31.357 33.946 32.702 36.181 35.382 39.138 39.247 42.446 43.846 44.580 48.256 48.585 48.212 51.421 53.677 56.764 55.278 52.624 50.969 47.843 47.479 47.937 45.465 42.810 43.679 43.158 39.509 39.028 40.549 38.411 35.083 34.693 37.124 40.266 42.864 41.051 39.487 42.906 43.457 47.265 47.289 45.189 47.529 50.933 51.012 48.744 50.982 54.243 57.061 55.463 58.245 60.627 59.026 60.461 63.697 66.833 64.920 66.202 63.009
56.597 57.124 57.205 59.468 57.793 59.242 58.895 55.118 54.898 56.750 54.560 51.282 52.770 53.693 50.099 48.852 47.364 49.557 47.372 44.334 41.282 43.814 44.953 48.781 50.570 51.550 47.884 47.590 50.997 50.142 46.836 48.728 51.465 49.200 46.786 49.520 52.914 53.287 53.206 51.343 51.459 49.733 47.004 45.221 43.009 40.167 38.812 35.367 37.257 37.305 40.624 41.744 44.083 46.970 48.284 44.944 43.485 40.475 37.892 37.050 33.385 32.397 35.372 37.681 37.883 40.360 39.061 38.609 35.691 32.439 29.436 31.887 30.544 34.016 32.995 36.737 37.163 40.359 41.860 42.382 46.131 46.370 45.765 49.009 51.297 54.260 52.769 49.969 48.394 45.357 44.798 45.127 42.780 40.112 40.745 40.199 36.632 36.004 37.338 35.245 31.935 31.319 33.606 36.838 39.471 37.587 36.193 39.660 40.173 43.985 43.902 41.703 44.067 47.484 47.520 45.157 47.311 50.623 53.456 51.946 54.741 57.142 55.647 57.112 60.282 63.479 61.663 63.009 59.844
57.995 58.364 58.563 60.769 59.057 60.695 60.473 56.665 56.487 58.540 56.414 53.097 54.705 55.809 52.233 50.995 49.276 51.414 49.211 46.286 43.179 45.544 46.511 50.332 52.137 52.859 49.120 48.973 52.276 51.164 47.872 49.866 52.399 49.916 47.612 50.440 53.785 54.424 54.346 52.689 52.670 50.723 47.898 45.849 43.510 40.478 38.810 35.541 37.669 38.017 41.449 42.690 45.276 48.267 49.580 46.204 44.568 41.762 39.018 38.287 34.519 33.846 37.038 39.364 39.514 41.742 40.409 39.608 36.646 33.284 30.549 33.261 32.279 35.891 35.052 38.834 39.390 42.411 43.685 43.953 47.717 48.184 47.406 50.507 52.999 55.951 54.666 51.800 50.461 47.371 46.577 47.034 44.906 42.059 42.508 42.202 38.688 37.723 39.016 37.198 33.787 32.855 34.868 38.255 40.697 38.503 37.235 40.576 40.731 44.573 44.692 42.288 44.388 47.943 48.242 45.866 47.936 51.270 54.281 52.952 55.908 58.159 56.763 58.446 61.530 64.814 63.155 64.697 61.652
55.627 55.943 56.313 58.553 56.927 58.750 58.518 54.696 54.683 56.868 54.699 51.429 53.247 54.420 50.827 49.750 47.852 50.079 48.028 45.104 42.097 44.448 45.116 48.904 50.549 51.091 47.303 47.104 50.269 49.031 45.678 47.608 50.016 47.400 45.072 47.870 51.225 52.035 51.851 50.310 50.117 48.048 45.119 42.916 40.455 37.355 35.503 32.320 34.530 35.098 38.612 40.008 42.749 45.854 47.262 43.936 42.085 39.420 36.505 35.766 31.947 31.593 34.956 37.202 37.245 39.237 37.875 36.811 33.844 30.421 27.911 30.823 30.192 33.914 33.343 37.152 37.750 40.558 41.575 41.645 45.391 46.091 45.223 48.169 50.831 53.813 52.744 49.892 48.779 45.593 44.645 45.328 43.384 40.340 40.749 40.762 37.253 36.011 37.458 35.956 32.392 31.385 33.329 36.711 38.878 36.512 35.130 38.300 38.243 42.088 42.469 40.065 41.966 45.571 46.108 43.894 46.080 49.308 52.426 51.088 54.181 56.243 54.777 56.635 59.724 63.004 61.387 63.079 60.158
52.857 53.016 53.426 55.592 53.934 55.883 55.753 51.925 51.940 54.278 52.182 48.892 50.811 52.143 48.594 47.539 45.436 47.624 45.619 42.790 39.804 42.034 42.491 46.240 47.841 48.188 44.369 44.252 47.318 45.917 42.587 44.580 46.844 44.113 41.877 44.748 48.039 49.012 48.882 47.519 47.308 45.074 42.163 39.811 37.389 34.165 32.248 29.192 31.629 32.226 35.719 37.064 39.958 43.064 44.396 41.042 39.123 36.637 33.686 33.161 29.317 29.111 32.590 34.935 35.109 36.955 35.789 34.478 31.364 28.032 25.650 28.575 28.154 31.900 31.378 35.147 35.991 38.616 39.510 39.284 43.044 43.843 42.751 45.594 48.387 51.288 50.374 47.443 46.553 43.382 42.190 42.939 41.233 38.063 38.263 38.492 35.084 33.536 34.938 33.725 30.106 28.867 30.604 34.030 35.996 33.443 32.128 35.181 34.913 38.752 39.253 36.769 38.519 42.170 42.860 40.696 42.888 46.070 49.276 48.012 51.206 53.138 51.710 53.713 56.745 60.061 58.550 60.389 57.584
49.769 49.918 50.180 52.310 50.592 52.432 52.313 48.488 48.410 50.697 48.637 45.308 47.145 48.481 44.949 43.819 41.749 43.913 41.879 39.035 36.034 38.302 38.824 42.591 44.225 44.674 40.874 40.746 43.894 42.594 39.279 41.307 43.678 41.069 38.832 41.739 45.022 45.853 45.838 44.421 44.402 42.231 39.464 37.256 35.050 31.881 30.292 27.128 29.562 29.777 33.130 34.227 37.012 39.991 41.198 37.782 36.047 33.472 30.686 30.308 26.501 25.982 29.368 31.896 32.332 34.382 33.476 32.334 29.060 25.931 23.267 25.896 25.184 28.841 28.061 31.795 32.809 35.512 36.606 36.369 40.175 40.772 39.611 42.569 45.265 48.090 47.053 44.058 43.096 40.008 38.808 39.408 37.675 34.578 34.718 34.824 31.436 29.943 31.268 29.968 26.380 25.156 26.976 30.383 32.467 30.042 28.727 31.911 31.856 35.703 36.010 33.596 35.556 39.137 39.630 37.425 39.659 42.855 45.966 44.618 47.735 49.768 48.323 50.220 53.280 56.581 55.024 56.792 53.935
46.416 46.453 46.776 48.877 47.175 49.139 49.064 45.236 45.238 47.649 45.616 42.304 44.279 45.726 42.227 41.186 38.933 41.116 39.204 36.415 33.512 35.715 35.962 39.675 41.188 41.475 37.650 37.518 40.554 39.147 35.814 37.838 40.104 37.413 35.204 38.139 41.392 42.344 42.339 41.059 41.008 38.711 35.960 33.648 31.494 28.248 26.673 23.594 26.199 26.381 29.692 30.739 33.646 36.632 37.803 34.386 32.564 30.143 27.314 27.126 23.318 22.955 26.443 29.033 29.590 31.489 30.798 29.451 26.044 23.068 20.532 23.109 22.624 26.265 25.580 29.242 30.475 32.954 33.904 33.385 37.185 37.884 36.529 39.377 42.190 44.951 44.072 41.033 40.293 37.207 35.791 36.501 35.004 31.772 31.752 32.124 28.834 27.034 28.397 27.439 23.781 22.408 24.089 27.464 29.291 26.724 25.362 28.411 28.205 32.049 32.506 30.097 31.943 35.539 36.173 34.095 36.430 39.525 42.694 41.335 44.544 46.435 44.955 46.978 50.023 53.322 51.820 53.711 50.969
43.262 43.238 43.404 45.438 43.657 45.538 45.509 41.684 41.588 43.990 42.023 38.661 40.575 42.079 38.618 37.499 35.214 37.355 35.426 32.655 29.748 31.948 32.191 35.912 37.449 37.786 33.972 33.856 36.956 35.609 32.304 34.392 36.733 34.148 31.975 34.975 38.190 39.031 39.178 37.899 38.065 35.793 33.230 31.051 29.188 26.001 24.829 21.730 24.361 24.079 27.166 27.878 30.692 33.515 34.506 31.010 29.392 26.940 24.323 24.413 20.696 19.986 23.365 26.200 27.118 29.182 28.871 27.659 24.079 21.462 18.712 20.837 20.080 23.545 22.564 26.124 27.647 30.125 31.259 30.626 34.458 34.952 33.446 36.380 39.114 41.755 40.788 37.655 36.909 33.936 32.427 32.981 31.544 28.363 28.186 28.493 25.280 23.423 24.666 23.727 20.096 18.635 20.332 23.695 25.587 23.105 21.769 24.939 24.923 28.768 29.029 26.679 28.729 32.249 32.700 30.593 32.981 36.072 39.159 37.727 40.883 42.846 41.360 43.309 46.368 49.663 48.142 50.001 47.237
39.638 39.616 39.913 42.020 40.367 42.374 42.260 38.433 38.534 40.993 38.944 35.674 37.804 39.302 35.833 34.943 32.543 34.832 33.169 30.361 27.706 29.966 29.838 33.471 34.736 34.987 31.168 30.860 33.824 32.485 29.072 31.000 33.318 30.706 28.409 31.328 34.596 35.485 35.518 34.275 34.341 32.025 29.422 27.219 25.363 22.194 21.143 18.023 20.669 20.298 23.359 24.099 26.984 29.872 30.954 27.525 25.737 23.358 20.628 20.770 17.059 16.564 20.056 22.844 23.792 25.695 25.553 24.205 20.546 18.128 15.512 17.524 17.053 20.479 19.734 23.209 24.832 27.039 27.971 27.122 30.929 31.562 29.960 32.780 35.621 38.270 37.470 34.371 33.826 30.787 29.152 29.934 28.686 25.338 25.157 25.826 22.663 20.540 22.046 21.517 17.787 16.449 18.192 21.319 22.838 20.343 18.675 21.659 21.620 25.456 25.956 23.811 25.789 29.246 29.832 28.020 30.668 33.538 36.617 35.024 38.246 40.038 38.375 40.413 43.535 46.757 45.188 47.121 44.460
36.790 36.622 36.701 38.676 36.880 38.805 38.809 34.985 34.930 37.430 35.515 32.158 34.205 35.842 32.455 31.433 28.928 31.110 29.407 26.683 24.012 26.190 26.014 29.646 30.968 31.219 27.400 27.182 30.214 28.888 25.539 27.616 29.979 27.473 25.295 28.346 31.517 32.313 32.599 31.430 31.800 29.472 27.167 25.113 23.715 20.645 20.154 17.210 19.875 18.878 21.516 21.718 24.494 27.112 27.885 24.326 22.844 20.514 18.150 18.829 15.379 14.393 17.645 20.791 22.285 24.325 24.741 23.542 19.747 17.967 15.291 16.519 15.735 18.746 17.577 20.786 22.878 24.998 26.144 25.068 28.869 29.234 27.362 30.253 33.002 35.442 34.560 31.310 30.818 27.977 26.136 26.683 25.607 22.334 21.817 22.439 19.473 17.148 18.395 18.019 14.377 12.753 14.371 17.499 19.046 16.587 15.027 18.171 18.332 22.161 22.388 20.269 22.486 25.855 26.224 24.353 27.037 29.909 32.910 31.277 34.456 36.323 34.698 36.682 39.789 43.033 41.492 43.425 40.763
33.298 33.314 33.433 35.577 33.965 35.850 35.620 31.792 31.926 34.300 32.193 28.950 31.150 32.601 29.136 28.367 25.948 28.399 27.012 24.087 21.757 24.216 23.805 27.362 28.358 28.800 25.044 24.411 27.430 26.406 22.893 24.654 27.246 24.960 22.485 25.323 28.635 29.191 29.322 27.942 28.329 26.193 23.921 22.163 20.915 18.168 18.223 15.141 17.373 15.883 18.325 18.412 20.981 23.600 24.515 21.038 19.542 16.967 14.633 15.238 11.904 10.617 13.828 17.006 18.645 20.809 21.455 20.500 16.708 15.354 12.563 13.191 12.245 15.055 13.908 17.054 19.197 21.216 22.387 21.328 25.140 25.431 23.620 26.582 29.272 31.781 30.868 27.688 27.166 24.237 22.481 23.185 22.060 18.691 18.401 19.216 16.153 13.836 15.574 15.371 11.618 10.682 12.830 15.389 16.726 14.724 12.475 15.591 16.270 20.000 20.260 18.692 21.112 24.185 24.401 22.904 25.928 28.506 31.292 29.301 32.379 34.213 32.288 34.148 37.421 40.509 38.752 40.581 37.895
30.447 30.180 30.191 32.165 30.430 32.406 32.359 28.536 28.615 31.186 29.260 25.969 28.238 29.952 26.645 25.854 23.132 25.453 24.169 21.474 19.300 21.493 20.692 24.133 25.046 25.249 21.464 20.949 23.870 22.674 19.199 21.128 23.597 21.263 18.960 21.988 25.158 25.825 26.207 25.105 25.706 23.382 21.417 19.645 18.908 16.219 16.780 14.227 16.561 14.589 16.437 15.915 18.535 20.876 21.431 17.829 16.509 14.297 12.357 13.854 11.100 9.736 12.521 15.927 18.102 20.035 21.325 20.261 16.474 15.941 13.685 13.527 12.803 14.858 13.592 16.093 18.793 20.339 21.443 19.853 23.533 23.736 21.465 24.282 27.020 29.245 28.473 25.134 24.958 22.268 20.052 20.670 20.068 16.693 15.797 16.956 14.400 11.441 12.872 13.451 10.048 8.637 10.131 12.422 13.260 11.071 8.800 11.845 12.485 16.210 16.437 14.906 17.362 20.365 20.595 19.218 22.354 24.797 27.595 25.606 28.766 30.485 28.588 30.576 33.791 36.916 35.278 37.263 34.718
27.175 27.174 27.188 29.383 27.879 29.745 29.381 25.556 25.855 28.217 26.036 22.885 25.319 26.764 23.350 22.876 20.320 22.991 22.120 19.172 17.503 20.044 19.010 22.303 22.795 23.315 19.682 18.576 21.497 20.792 17.147 18.595 21.422 19.490 16.795 19.474 22.814 23.077 23.275 21.839 22.533 20.533 18.691 17.449 17.020 14.949 16.279 13.733 15.286 12.624 13.978 13.147 15.326 17.591 18.308 14.811 13.585 10.919 9.228 10.747 8.535 6.446 8.794 12.330 14.839 16.973 18.626 17.998 14.394 14.553 12.341 11.179 10.169 11.551 10.222 12.408 15.254 16.636 17.850 16.301 19.979 19.988 17.787 20.762 23.369 25.675 24.798 21.532 21.265 18.477 16.382 17.168 16.476 12.986 12.406 13.827 11.191 8.251 10.483 11.321 8.069 7.995 10.078 11.245 11.770 10.565 7.318 10.164 11.758 15.102 15.264 14.634 17.302 19.761 19.695 18.823 22.261 24.298 26.734 24.305 27.250 28.961 26.698 28.456 31.874 34.780 32.853 34.660 32.056
24.610 24.240 24.306 26.348 24.796 26.934 26.759 22.951 23.357 26.029 24.034 20.943 23.602 25.352 22.189 21.861 18.909 21.428 20.848 18.301 17.023 19.094 17.398 20.375 20.585 20.645 17.009 15.963 18.551 17.525 13.840 15.373 17.930 15.787 13.195 16.101 19.326 19.900 20.276 19.290 20.048 17.693 16.117 14.709 14.824 12.832 14.627 12.876 14.511 11.618 12.211 10.721 13.139 15.161 15.538 11.952 10.644 8.767 7.523 10.239 9.003 7.774 9.316 12.534 15.291 16.793 18.996 18.042 14.627 15.522 14.154 12.664 12.395 13.026 12.107 13.341 16.474 17.057 17.856 15.579 18.948 19.105 16.343 18.903 21.705 23.695 23.200 19.838 20.206 17.693 14.967 15.907 16.077 12.623 11.280 13.462 11.759 8.135 9.907 11.980 9.647 9.141 9.955 10.402 9.687 8.273 4.752 6.694 8.100 11.365 11.886 11.509 13.911 16.234 16.441 15.991 19.595 21.300 23.796 21.383 24.501 25.889 23.597 25.647 28.978 31.901 30.149 32.229 29.903
21.048 20.779 20.712 22.876 21.477 23.509 23.110 19.299 19.886 22.435 20.297 17.332 20.187 21.808 18.680 18.676 15.760 18.519 18.470 15.907 15.362 17.499 15.403 18.020 17.700 17.991 14.613 12.925 15.421 14.932 11.144 12.135 15.092 13.532 10.642 13.185 16.462 16.556 16.952 15.762 16.882 14.846 13.804 13.190 14.112 13.072 15.707 14.389 15.191 11.719 11.158 8.720 10.288 11.767 11.935 8.324 7.535 5.494 5.836 9.156 9.413 7.890 7.758 10.688 13.940 15.394 18.197 17.713 14.797 16.525 15.461 13.095 12.684 12.138 11.205 11.319 14.692 14.726 15.592 13.103 16.177 15.964 12.947 15.553 18.156 19.980 19.428 16.023 16.548 14.214 11.252 12.273 12.852 9.507 7.924 10.735 9.733 6.172 8.220 10.978 9.673 10.132 10.855 9.877 8.394 8.469 4.769 5.250 8.015 10.208 10.469 11.350 13.831 15.286 15.063 15.265 19.031 20.191 22.208 19.370 22.211 23.542 20.899 22.717 26.212 28.911 26.921 28.876 26.560
19.509 18.970 19.429 21.621 20.490 23.036 22.665 18.976 20.044 22.859 20.784 18.207 21.416 23.127 20.291 20.710 17.635 20.246 20.607 18.478 18.301 19.990 17.370 19.491 18.716 18.372 15.191 13.500 15.151 14.210 10.412 10.981 13.307 11.218 8.043 10.605 14.009 14.783 14.873 14.246 14.832 12.186 10.939 9.781 10.969 10.019 12.959 12.443 13.211 9.928 8.781 6.092 8.490 10.248 10.642 7.459 5.333 5.081 5.006 8.818 9.640 9.608 9.674 11.606 14.323 14.803 17.739 16.663 14.008 16.138 15.950 13.799 14.407 13.864 13.860 13.758 16.721 16.004 15.985 12.832 15.505 16.008 12.715 14.479 17.569 19.300 19.492 16.344 17.663 15.392 12.135 13.849 15.120 11.882 10.370 13.728 13.199 9.820 11.567 14.649 13.464 13.575 13.731 12.772 10.419 9.970 6.930 5.309 6.622 8.307 9.915 11.084 12.566 13.885 14.498 15.406 19.209 19.891 22.049 19.346 22.395 23.108 20.371 22.637 25.973 28.577 26.789 29.069 27.186
21.928 21.369 22.283 24.480 23.488 26.294 25.977 22.383 23.592 26.498 24.434 21.970 25.213 26.919 24.069 24.513 21.431 23.970 24.163 22.051 21.550 23.189 20.679 22.905 22.286 21.641 18.390 17.044 18.472 17.081 13.443 14.107 15.819 13.123 10.192 12.665 16.008 17.413 17.124 16.762 16.592 13.565 11.475 9.137 9.194 7.114 9.478 9.060 10.517 7.950 7.843 6.698 10.198 12.711 13.653 10.925 8.036 7.976 6.016 8.996 8.875 10.050 11.305 12.974 14.916 14.916 17.297 15.456 12.559 14.255 14.503 13.169 14.558 14.841 15.410 16.020 18.566 17.941 17.423 14.270 17.045 18.257 15.274 16.688 20.123 22.094 22.623 19.715 21.093 18.547 15.528 17.532 18.567 15.108 13.987 17.210 16.185 12.744 14.646 17.411 15.572 15.264 15.460 15.327 13.250 11.805 8.984 7.892 7.457 9.742 12.156 12.459 13.261 15.219 16.603 17.340 21.009 21.862 24.413 22.073 25.363 25.839 23.294 25.858 29.020 31.683 30.101 32.550 30.819
25.087 24.148 24.827 26.633 25.226 28.063 28.203 24.606 25.387 28.535 26.832 24.088 27.058 29.130 26.373 26.341 23.026 25.175 24.875 22.999 21.970 23.274 20.944 23.374 23.283 22.305 18.825 18.235 19.817 17.824 14.439 15.952 17.262 14.116 12.010 15.083 17.987 19.777 19.979 20.011 20.036 16.804 14.924 12.212 12.053 9.188 10.333 10.006 12.563 10.793 11.374 10.468 13.923 16.159 16.582 13.565 11.247 11.309 9.528 12.350 11.348 12.228 14.056 16.243 18.219 18.414 20.481 18.397 15.219 16.176 16.123 15.470 16.652 17.527 17.657 18.700 21.450 21.247 20.992 17.982 20.843 21.931 18.871 20.343 23.701 25.463 25.905 22.795 24.105 21.731 18.582 20.096 21.113 17.716 16.123 18.941 17.857 14.137 15.388 18.034 15.990 14.774 14.404 15.008 13.152 10.681 8.710 8.165 6.389 9.508 11.846 10.979 11.548 14.299 16.017 16.154 19.572 20.865 23.850 21.999 25.551 26.094 24.022 26.826 29.753 32.709 31.478 34.118 32.412
27.706 26.804 27.832 29.675 28.436 31.445 31.565 28.046 28.989 32.164 30.418 27.792 30.832 32.851 30.067 30.127 26.844 29.000 28.659 26.775 25.612 26.909 24.661 27.101 27.037 25.903 22.464 21.974 23.365 21.201 17.962 19.335 20.298 16.935 14.976 17.760 20.578 22.706 22.587 22.745 22.250 18.888 16.541 13.279 12.197 8.642 8.298 8.239 11.558 11.003 12.383 12.542 16.287 18.897 19.699 16.983 14.249 14.363 11.939 13.992 12.462 14.122 16.511 18.368 19.713 19.521 21.033 18.392 15.252 15.632 16.015 16.208 17.959 19.382 19.958 21.396 23.776 23.593 22.966 20.033 22.864 24.426 21.608 22.830 26.386 28.324 29.011 26.091 27.455 24.881 21.894 23.669 24.552 21.022 19.738 22.552 21.184 17.554 18.985 21.380 18.978 17.633 17.386 18.461 16.830 14.058 12.306 11.964 9.752 12.588 15.248 14.012 13.947 16.916 19.108 19.188 22.361 23.699 26.880 25.301 28.945 29.280 27.327 30.296 33.091 36.037 34.936 37.678 36.092
30.484 29.393 30.038 31.607 29.957 32.804 33.252 29.677 30.156 33.422 31.935 29.000 31.720 33.986 31.220 30.806 27.424 29.280 28.447 26.687 25.033 26.122 24.219 26.901 27.375 26.191 22.576 22.643 24.364 21.951 18.900 20.922 21.891 18.479 16.998 20.219 22.816 24.908 25.258 25.466 25.373 22.032 19.966 16.864 16.003 12.478 11.909 11.416 14.950 14.325 15.859 15.670 19.266 21.635 22.012 18.917 16.735 16.601 14.448 16.669 14.687 15.639 18.229 20.648 22.292 22.578 24.017 21.563 18.164 18.058 17.795 18.233 19.425 21.157 21.144 22.865 25.505 25.783 25.617 22.872 25.906 27.114 24.212 25.752 29.145 30.951 31.340 28.166 29.296 26.860 23.814 25.083 25.825 22.388 20.770 23.114 21.671 17.966 18.855 20.965 18.469 16.437 15.813 17.543 16.389 13.047 12.047 12.457 10.059 13.340 15.362 13.226 13.384 16.878 18.907 18.254 21.102 22.971 26.395 25.172 28.899 29.510 27.956 30.925 33.585 36.781 35.874 38.641 36.933
29.839 29.083 29.516 31.293 29.624 32.176 32.405 28.692 29.066 32.099 30.402 27.323 29.944 32.008 29.012 28.505 25.322 27.404 26.443 24.314 22.506 24.014 22.434 25.423 26.019 25.349 21.605 21.395 23.595 21.637 18.302 20.293 21.908 18.870 16.935 20.144 23.068 24.611 24.938 24.614 24.762 21.767 19.662 17.028 16.169 12.869 12.840 11.305 14.498 13.259 15.012 14.706 18.074 20.531 21.030 17.667 15.688 14.743 12.508 14.571 12.221 12.544 15.294 18.066 19.910 20.764 22.183 20.180 16.532 16.291 15.346 15.583 16.254 18.108 17.768 19.739 22.412 23.079 23.313 20.915 24.243 25.131 22.416 24.448 27.664 29.670 29.649 26.392 27.080 24.501 21.701 22.813 23.112 19.621 18.241 20.292 18.474 14.913 16.059 17.780 14.993 13.161 13.156 15.063 14.486 11.405 9.752 11.146 9.893 13.617 15.009 13.093 14.297 17.665 18.992 18.080 21.167 23.271 26.482 24.894 28.452 29.490 27.738 30.360 33.284 36.461 35.241 37.726 35.693
29.418 29.024 29.888 32.023 30.782 33.447 33.286 29.591 30.413 33.284 31.231 28.419 31.323 33.040 29.891 29.824 26.846 29.300 28.691 26.292 24.785 26.636 24.942 27.843 28.044 27.532 23.899 23.160 25.174 23.500 19.955 21.320 23.030 20.054 17.601 20.308 23.530 25.037 24.770 24.189 23.796 20.910 18.259 15.497 13.881 10.441 9.936 7.778 11.053 10.344 12.780 13.403 16.951 19.931 21.108 18.097 15.467 14.308 11.299 12.528 9.836 11.148 14.284 16.483 17.677 18.205 19.206 16.912 13.283 12.785 12.266 12.948 14.341 16.474 16.901 19.066 21.211 21.707 21.485 19.197 22.537 23.888 21.528 23.415 26.815 29.181 29.356 26.396 27.092 24.155 21.649 23.328 23.433 19.722 19.007 21.361 19.235 15.926 17.844 19.470 16.445 15.381 16.065 17.660 16.977 14.377 11.977 13.017 12.029 15.458 17.350 16.034 17.006 20.093 21.592 21.150 24.428 26.226 29.302 27.457 30.948 31.808 29.723 32.309 35.380 38.348 36.910 39.317 37.312
32.849 32.289 33.219 35.204 33.865 36.636 36.670 33.009 33.736 36.738 34.831 31.965 34.795 36.659 33.562 33.342 30.273 32.537 31.710 29.458 27.689 29.333 27.760 30.705 31.130 30.382 26.708 26.326 28.274 26.277 22.918 24.521 25.906 22.677 20.581 23.394 26.414 28.234 28.030 27.696 27.164 24.108 21.390 18.303 16.403 12.689 11.099 9.344 13.069 13.299 15.965 16.871 20.534 23.522 24.629 21.641 19.002 18.091 15.080 16.132 13.270 14.711 18.012 20.159 21.079 21.440 22.053 19.446 15.941 14.817 14.448 15.893 17.399 19.901 20.339 22.731 24.767 25.385 25.076 22.841 26.125 27.636 25.302 27.049 30.521 32.853 33.134 30.170 30.919 28.001 25.466 27.076 27.189 23.498 22.676 24.890 22.723 19.401 21.034 22.501 19.364 17.839 18.240 20.318 19.791 16.750 14.950 16.035 14.442 17.857 19.838 17.978 18.530 21.923 23.741 23.039 26.004 27.994 31.319 29.844 33.468 34.244 32.430 35.198 38.089 41.178 39.967 42.517 40.594
34.279 33.700 34.231 36.090 34.442 36.944 37.124 33.382 33.714 36.658 34.873 31.738 34.255 36.204 33.057 32.435 29.418 31.528 30.291 27.998 25.820 27.479 26.347 29.558 30.418 29.881 26.083 25.969 28.327 26.387 23.080 25.086 26.738 23.663 21.709 24.814 27.805 29.355 29.509 29.012 28.928 26.014 23.559 20.782 19.244 15.690 14.624 12.525 15.990 15.614 18.175 18.594 22.021 24.789 25.584 22.250 20.125 18.808 16.118 17.351 14.243 14.721 18.054 20.755 22.079 23.065 23.761 21.615 17.890 16.588 15.330 16.643 17.320 19.977 19.728 22.356 24.625 25.747 26.006 24.036 27.541 28.585 26.232 28.401 31.643 33.909 33.784 30.599 30.991 28.179 25.706 26.834 26.672 23.110 22.130 23.817 21.490 18.278 19.558 20.567 17.304 15.384 15.828 18.433 18.557 15.399 13.932 15.835 14.649 18.371 19.650 17.398 18.538 22.106 23.454 22.170 24.965 27.391 30.724 29.330 32.885 34.053 32.436 35.016 37.916 41.156 39.943 42.364 40.210
33.695 33.544 34.161 36.338 34.930 37.283 37.093 33.307 33.820 36.485 34.368 31.328 33.912 35.492 32.126 31.708 28.997 31.458 30.369 27.686 25.627 27.769 26.788 30.099 30.784 30.678 26.908 26.312 28.835 27.359 23.809 25.426 27.502 24.717 22.271 25.057 28.356 29.521 29.345 28.366 28.161 25.597 22.904 20.460 18.621 15.345 14.454 11.527 14.468 14.002 16.949 17.748 20.957 23.974 25.188 21.949 19.696 17.771 14.765 15.268 11.752 12.171 15.779 18.333 19.353 20.619 20.970 19.105 15.327 13.633 11.895 13.464 14.030 17.033 16.972 19.940 21.826 23.192 23.514 21.972 25.624 26.663 24.720 27.119 30.271 32.849 32.540 29.514 29.577 26.497 24.442 25.750 25.135 21.487 21.117 22.706 19.941 17.128 19.020 19.626 16.059 14.893 16.244 18.656 19.080 16.477 14.262 16.461 16.047 19.770 20.958 19.218 20.766 24.081 25.122 24.005 27.060 29.398 32.495 30.716 34.100 35.421 33.488 35.807 38.950 42.036 40.492 42.665 40.322
36.127 36.016 36.926 39.171 37.921 40.450 40.210 36.464 37.167 39.878 37.696 34.778 37.491 39.022 35.649 35.386 32.673 35.175 34.160 31.500 29.478 31.579 30.524 33.772 34.368 34.107 30.360 29.756 32.083 30.472 26.939 28.417 30.267 27.300 24.859 27.488 30.779 32.189 31.757 30.874 30.272 27.621 24.632 21.898 19.534 16.099 14.313 11.461 14.557 15.099 18.433 19.851 23.233 26.487 27.970 24.942 22.338 20.620 17.304 17.354 13.774 14.937 18.659 20.749 21.173 22.018 21.833 19.552 16.018 13.716 12.544 14.973 16.154 19.414 19.872 22.940 24.435 25.675 25.605 24.112 27.649 29.087 27.322 29.466 32.778 35.489 35.417 32.560 32.746 29.529 27.554 29.139 28.541 24.820 24.638 26.382 23.570 20.815 22.826 23.452 19.850 18.724 19.996 22.456 22.731 19.985 17.851 19.721 18.886 22.492 24.063 22.246 23.354 26.752 28.155 27.152 30.127 32.402 35.626 33.974 37.452 38.575 36.651 39.126 42.212 45.277 43.799 46.067 43.835
38.805 38.447 39.119 41.117 39.562 42.034 42.092 38.328 38.705 41.534 39.605 36.479 38.959 40.733 37.438 36.810 33.987 36.192 34.813 32.341 29.960 31.804 31.005 34.359 35.342 34.958 31.139 30.981 33.439 31.581 28.239 30.148 31.872 28.795 26.725 29.675 32.772 34.294 34.215 33.520 33.181 30.391 27.620 24.796 22.698 19.119 17.313 14.854 18.177 18.572 21.698 22.735 26.148 29.187 30.305 27.051 24.756 23.147 20.120 20.594 17.052 17.716 21.360 23.824 24.572 25.610 25.566 23.363 19.777 17.529 16.108 18.395 19.118 22.373 22.329 25.440 27.210 28.675 28.891 27.359 30.948 32.163 30.202 32.448 35.701 38.234 38.040 34.982 35.119 32.081 29.952 31.171 30.604 27.004 26.456 27.895 25.162 22.334 23.823 24.268 20.714 18.984 19.872 22.800 23.372 20.296 18.797 20.937 19.860 23.569 24.843 22.507 23.607 27.239 28.603 27.155 29.786 32.378 35.756 34.436 37.967 39.218 37.627 40.153 43.078 46.327 45.060 47.400 45.139
41.810 41.579 42.110 44.129 42.490 44.778 44.816 41.016 41.227 43.925 41.973 38.747 41.031 42.717 39.338 38.522 35.881 38.061 36.438 33.853 31.220 33.182 32.794 36.313 37.540 37.387 33.541 33.439 36.137 34.414 31.081 33.083 35.002 32.049 29.954 32.933 36.080 37.407 37.380 36.479 36.257 33.631 30.864 28.214 26.083 22.608 20.852 18.140 21.207 21.548 24.780 25.823 29.066 32.094 33.216 29.867 27.760 25.831 22.864 23.091 19.382 19.627 23.277 25.840 26.526 27.906 27.599 25.691 22.136 19.528 17.625 20.113 20.368 23.848 23.537 26.913 28.514 30.389 30.892 29.733 33.431 34.456 32.702 35.192 38.296 40.915 40.462 37.383 37.192 34.126 32.240 33.251 32.333 28.846 28.466 29.491 26.521 24.041 25.455 25.356 21.704 20.013 21.182 24.383 25.479 22.533 21.138 23.689 22.926 26.714 27.649 25.211 26.601 30.259 31.350 29.602 32.087 34.919 38.253 36.958 40.389 41.892 40.376 42.733 45.690 48.985 47.655 49.847 47.404
44.404 44.011 44.296 46.113 44.219 46.383 46.651 42.854 42.757 45.489 43.753 40.365 42.389 44.237 40.938 39.790 37.133 39.039 37.088 34.670 31.740 33.483 33.412 37.001 38.579 38.404 34.553 34.804 37.636 35.798 32.658 34.977 36.850 33.904 32.090 35.281 38.275 39.601 39.871 39.061 39.097 36.425 33.857 31.223 29.326 25.805 24.159 21.608 24.778 24.916 27.983 28.713 31.907 34.736 35.560 32.050 30.252 28.352 25.655 26.166 22.515 22.355 25.862 28.697 29.659 31.241 31.077 29.296 25.679 23.165 21.061 23.345 23.214 26.608 25.868 29.224 31.026 33.103 33.887 32.742 36.484 37.269 35.395 38.007 41.008 43.478 42.863 39.632 39.338 36.449 34.498 35.159 34.219 30.903 30.267 30.952 28.076 25.660 26.612 26.266 22.770 20.680 21.554 25.057 26.480 23.435 22.570 25.337 24.542 28.332 28.913 26.150 27.622 31.361 32.287 30.150 32.286 35.384 38.756 37.726 41.115 42.787 41.561 43.872 46.692 50.116 48.937 51.122 48.621
47.786 47.322 47.703 49.473 47.571 49.830 50.176 46.395 46.311 49.123 47.435 44.053 46.092 48.002 44.730 43.569 40.860 42.693 40.692 38.370 35.391 37.002 36.932 40.484 42.112 41.786 37.941 38.320 41.061 39.060 35.993 38.355 40.050 36.967 35.271 38.472 41.397 42.909 43.148 42.465 42.361 39.583 36.925 34.110 32.048 28.433 26.417 24.075 27.324 27.848 31.019 31.934 35.247 38.148 39.008 35.541 33.624 31.871 29.070 29.512 25.838 25.936 29.509 32.224 32.997 34.399 34.036 32.062 28.563 25.861 24.009 26.572 26.663 30.148 29.567 32.958 34.659 36.695 37.333 36.163 39.864 40.812 38.945 41.443 44.535 47.022 46.519 43.309 43.096 40.179 38.193 38.922 38.033 34.687 34.031 34.769 31.916 29.462 30.366 30.059 26.594 24.420 25.113 28.665 30.009 26.822 26.120 28.734 27.655 31.380 32.104 29.190 30.377 34.186 35.316 33.146 35.094 38.214 41.693 40.868 44.321 45.894 44.796 47.224 49.940 53.410 52.359 54.638 52.209
49.431 49.203 49.526 51.431 49.574 51.662 51.845 48.033 47.922 50.536 48.712 45.321 47.259 48.960 45.576 44.385 41.924 43.867 41.798 39.273 36.226 38.084 38.303 41.970 43.655 43.638 39.793 40.009 42.941 41.200 38.037 40.305 42.273 39.362 37.461 40.574 43.646 44.897 45.051 44.076 44.010 41.457 38.738 36.141 33.993 30.524 28.629 25.932 28.883 29.322 32.610 33.615 36.742 39.691 40.685 37.208 35.365 33.265 30.449 30.558 26.780 26.624 30.163 32.834 33.468 35.142 34.528 32.865 29.437 26.496 24.300 26.957 26.721 30.324 29.642 33.210 34.646 36.984 37.818 37.027 40.797 41.607 40.016 42.719 45.664 48.295 47.566 44.419 43.891 40.898 39.220 39.875 38.631 35.376 35.024 35.475 32.386 30.312 31.353 30.602 27.067 25.213 26.348 29.915 31.616 28.704 27.796 30.689 30.013 33.814 34.345 31.579 33.090 36.835 37.700 35.458 37.478 40.678 44.028 43.029 46.354 48.137 46.934 49.153 51.997 55.425 54.189 56.269 53.654
52.199 52.006 52.145 53.999 52.024 53.928 54.155 50.345 50.035 52.541 50.779 47.307 49.018 50.687 47.310 45.913 43.605 45.432 43.148 40.634 37.414 39.260 39.831 43.562 45.470 45.619 41.806 42.128 45.223 43.579 40.494 42.869 44.956 42.166 40.316 43.485 46.540 47.635 47.916 46.834 46.947 44.500 41.877 39.418 37.374 33.964 32.225 29.429 32.285 32.536 35.772 36.635 39.620 42.465 43.353 39.798 38.182 35.925 33.271 33.373 29.605 29.102 32.504 35.287 36.017 37.946 37.315 35.901 32.472 29.513 27.049 29.583 28.970 32.532 31.557 35.157 36.563 39.156 40.260 39.675 43.491 44.074 42.564 45.440 48.231 50.840 49.887 46.699 45.938 43.030 41.490 41.897 40.455 37.382 37.050 37.146 34.025 32.223 33.068 31.948 28.537 26.695 27.887 31.540 33.588 30.825 30.092 33.206 32.743 36.549 36.776 33.956 35.676 39.388 40.000 37.526 39.367 42.728 45.991 45.052 48.250 50.244 49.156 51.212 54.032 57.495 56.247 58.196 55.450
55.477 55.390 55.623 57.562 55.661 57.579 57.723 53.905 53.665 56.120 54.271 50.839 52.573 54.140 50.710 49.371 47.153 49.050 46.783 44.197 40.990 42.915 43.539 47.285 49.168 49.367 45.553 45.800 48.896 47.288 44.154 46.447 48.559 45.750 43.815 46.908 50.026 51.122 51.273 50.114 50.093 47.695 44.943 42.468 40.235 36.852 34.924 32.089 34.819 35.313 38.685 39.768 42.751 45.707 46.748 43.250 41.521 39.198 36.419 36.272 32.455 32.087 35.527 38.138 38.613 40.497 39.580 38.177 34.908 31.731 29.346 32.105 31.571 35.227 34.412 38.098 39.253 41.906 42.939 42.523 46.321 46.998 45.661 48.526 51.326 54.049 53.099 49.996 49.160 46.161 44.763 45.260 43.692 40.609 40.462 40.542 37.314 35.642 36.622 35.397 31.949 30.277 31.601 35.226 37.297 34.571 33.730 36.828 36.363 40.177 40.491 37.703 39.373 43.100 43.765 41.323 43.170 46.525 49.798 48.846 52.043 54.032 52.907 54.957 57.806 61.252 59.960 61.877 59.099
56.805 56.849 56.924 58.888 56.951 58.657 58.737 54.927 54.561 56.833 54.965 51.508 53.051 54.482 51.032 49.578 47.589 49.468 47.090 44.428 41.153 43.187 44.118 47.915 49.912 50.369 46.605 46.807 50.068 48.673 45.549 47.835 50.150 47.529 45.528 48.596 51.759 52.609 52.810 51.451 51.591 49.382 46.709 44.458 42.320 39.066 37.381 34.350 36.892 37.135 40.451 41.420 44.195 47.060 48.070 44.544 43.019 40.469 37.840 37.595 33.813 33.097 36.363 39.015 39.546 41.710 40.768 39.696 36.453 33.289 30.604 33.189 32.263 35.841 34.783 38.481 39.523 42.423 43.725 43.585 47.409 47.845 46.669 49.721 52.325 55.065 53.868 50.784 49.670 46.730 45.558 45.858 44.036 41.146 41.138 40.885 37.588 36.265 37.185 35.585 32.247 30.779 32.321 35.909 38.293 35.827 34.975 38.283 38.152 41.977 42.020 39.325 41.281 44.922 45.294 42.734 44.552 47.989 51.111 50.069 53.103 55.309 54.174 56.002 58.904 62.320 60.913 62.635 59.700
60.456 60.564 60.643 62.634 60.705 62.369 62.420 58.614 58.230 60.443 58.552 55.102 56.589 57.953 54.489 53.012 51.121 52.992 50.568 47.889 44.589 46.639 47.691 51.498 53.542 54.061 50.313 50.513 53.806 52.447 49.328 51.600 53.945 51.337 49.316 52.359 55.544 56.364 56.528 55.109 55.217 53.059 50.341 48.107 45.890 42.662 40.898 37.847 40.307 40.649 44.019 45.073 47.815 50.709 51.772 48.263 46.733 44.127 41.474 41.103 37.314 36.608 39.845 42.415 42.822 45.006 43.900 42.894 39.757 36.491 33.823 36.485 35.532 39.121 38.091 41.813 42.699 45.679 47.000 47.005 50.816 51.247 50.191 53.270 55.834 58.626 57.375 54.336 53.123 50.167 49.112 49.395 47.463 44.630 44.721 44.371 41.034 39.849 40.779 39.049 35.754 34.373 35.962 39.541 42.003 39.585 38.737 42.070 41.965 45.790 45.812 43.111 45.071 48.714 49.063 46.461 48.218 51.691 54.797 53.780 56.777 59.031 57.920 59.702 62.602 66.018 64.594 66.260 63.277
61.705 61.947 61.892 63.915 61.977 63.444 63.416 59.634 59.155 61.181 59.263 55.821 57.137 58.348 54.880 53.327 51.670 53.533 51.045 48.299 44.985 47.139 48.447 52.272 54.384 55.147 51.464 51.596 55.015 53.869 50.761 52.993 55.519 53.093 51.004 53.997 57.219 57.806 57.997 56.393 56.634 54.665 52.023 50.003 47.873 44.779 43.235 40.026 42.301 42.427 45.729 46.688 49.224 52.029 53.074 49.571 48.219 45.423 42.914 42.443 38.722 37.732 40.781 43.345 43.784 46.198 45.070 44.372 41.288 38.063 35.172 37.652 36.374 39.848 38.629 42.319 43.073 46.247 47.794 48.058 51.863 52.077 51.189 54.416 56.787 59.589 58.120 55.127 53.664 50.774 49.945 50.062 47.906 45.270 45.508 44.870 41.495 40.645 41.540 39.496 36.337 35.185 36.969 40.457 43.158 41.001 40.118 43.599 43.792 47.607 47.406 44.826 47.025 50.571 50.664 47.996 49.746 53.258 56.210 55.092 57.928 60.362 59.223 60.792 63.743 67.107 65.566 67.038 63.921
65.500 65.751 65.682 67.691 65.727 67.164 67.156 63.381 62.858 64.859 62.963 59.512 60.763 61.960 58.506 56.902 55.298 57.109 54.558 51.846 48.495 50.605 52.010 55.831 58.012 58.788 55.121 55.305 58.742 57.585 54.509 56.772 59.288 56.854 54.793 57.799 61.012 61.605 61.804 60.191 60.427 58.465 55.805 53.769 51.599 48.494 46.876 43.689 45.956 46.156 49.486 50.482 53.017 55.828 56.875 53.368 52.027 49.225 46.712 46.204 42.481 41.504 44.536 47.069 47.452 49.865 48.650 47.968 44.943 41.663 38.809 41.334 40.057 43.525 42.309 45.994 46.679 49.893 51.453 51.785 55.579 55.787 54.948 58.186 60.536 63.350 61.847 58.867 57.351 54.474 53.695 53.775 51.572 48.986 49.242 48.532 45.166 44.381 45.227 43.116 40.015 38.859 40.600 44.100 46.849 44.690 43.875 47.364 47.531 51.341 51.115 48.485 50.660 54.222 54.307 51.578 53.232 56.787 59.739 58.690 61.500 63.970 62.893 64.441 67.359 70.740 69.222 70.668 67.526
67.437 67.835 67.703 69.772 67.846 69.139 69.025 65.276 64.725 66.555 64.601 61.193 62.334 63.362 59.898 58.288 56.899 58.741 56.186 53.400 50.087 52.307 53.883 57.704 59.891 60.869 57.261 57.341 60.856 59.885 56.797 58.978 61.639 59.346 57.195 60.120 63.382 63.791 63.955 62.174 62.462 60.672 58.037 56.172 54.020 51.041 49.552 46.244 48.322 48.420 51.719 52.706 55.073 57.842 58.931 55.466 54.219 51.266 48.830 48.175 44.517 43.386 46.268 48.719 49.044 51.596 50.295 49.857 46.938 43.664 40.695 43.117 41.645 45.016 43.733 47.381 47.880 51.221 52.912 53.487 57.247 57.322 56.673 60.001 62.196 65.049 63.389 60.494 58.775 55.928 55.373 55.373 52.976 50.544 50.976 50.073 46.668 46.166 47.047 44.712 41.712 40.796 42.719 46.110 49.004 47.058 46.157 49.727 50.118 53.916 53.569 51.066 53.402 56.886 56.803 54.068 55.753 59.308 62.138 60.982 63.667 66.256 65.122 66.502 69.476 72.794 71.158 72.437 69.192
68.804 69.108 68.777 70.704 68.623 69.773 69.793 66.083 65.315 67.108 65.316 61.837 62.761 63.860 60.497 58.672 57.338 58.976 56.249 53.606 50.190 52.255 54.052 57.843 60.219 61.238 57.702 57.959 61.541 60.578 57.634 59.960 62.622 60.408 58.408 61.429 64.592 64.935 65.302 63.557 64.058 62.269 59.795 57.984 56.021 53.024 51.685 48.405 50.573 50.455 53.630 54.379 56.683 59.291 60.171 56.631 55.613 52.671 50.433 49.984 46.382 45.012 47.768 50.394 50.963 53.656 52.560 52.204 49.172 46.036 42.935 45.152 43.465 46.711 45.150 48.700 49.374 52.796 54.689 55.236 59.017 58.888 58.141 61.555 63.646 66.366 64.572 61.590 59.794 57.116 56.528 56.277 53.884 51.619 51.891 50.763 47.490 47.072 47.673 45.207 42.417 41.382 43.150 46.548 49.597 47.725 47.074 50.720 51.177 54.926 54.338 51.766 54.191 57.623 57.361 54.458 55.934 59.574 62.317 61.285 63.852 66.567 65.604 66.875 69.749 73.097 71.539 72.750 69.465
72.472 72.736 72.416 74.313 72.197 73.371 73.445 69.731 68.936 70.766 69.012 65.513 66.418 67.560 64.215 62.353 60.992 62.574 59.797 57.214 53.761 55.744 57.562 61.343 63.775 64.734 61.193 61.530 65.098 64.060 61.147 63.526 66.129 63.855 61.909 64.968 68.109 68.523 68.906 67.210 67.682 65.838 63.334 61.446 59.433 56.378 54.924 51.699 53.925 53.916 57.135 57.929 60.296 62.930 63.803 60.247 59.197 56.301 54.024 53.585 49.952 48.657 51.460 54.080 54.609 57.249 56.096 55.667 52.652 49.458 46.432 48.736 47.127 50.410 48.889 52.451 53.120 56.528 58.381 58.905 62.690 62.608 61.844 65.235 67.363 70.084 68.316 65.319 63.547 60.868 60.248 59.999 57.633 55.355 55.587 54.470 51.218 50.753 51.309 48.873 46.093 44.973 46.642 50.085 53.116 51.166 50.596 54.217 54.569 58.321 57.758 55.100 57.443 60.916 60.711 57.759 59.138 62.812 65.596 64.666 67.252 69.955 69.069 70.380 73.202 76.585 75.091 76.334 73.065
