40.248 39.247 39.507 40.872 38.760 41.193 41.935 38.278 38.096 41.244 39.947 36.587 38.709 41.080 38.180 37.027 33.819 35.258 33.458 31.689 28.962 30.009 29.296 32.508 33.983 33.092 29.321 30.050 32.423 29.974 27.205 29.837 31.034 27.770 26.670 30.128 32.628 34.515 35.164 35.099 35.302 32.182 30.046 27.104 25.920 22.270 21.052 19.636 23.293 22.917 25.221 25.280 28.693 31.102 31.329 27.813 26.189 25.203 22.959 24.531 21.453 21.539 24.737 27.733 29.305 30.426 31.164 28.989 25.312 24.214 22.607 23.679 24.076 26.743 25.957 28.640 31.132 32.550 33.125 31.122 34.602 35.440 32.864 35.022 38.187 40.153 39.960 36.563 36.961 34.475 31.795 32.414 32.337 29.055 27.565 28.803 26.804 23.532 23.887 24.678 21.784 18.886 18.594 21.755 22.164 18.530 18.400 20.330 18.628 22.142 22.991 19.864 20.583 24.430 25.875 23.880 25.799 28.674 32.306 31.723 35.360 36.563 35.618 38.342 40.827 44.350 43.628 46.218 44.098
41.766 41.008 41.133 42.628 40.495 42.695 43.300 39.572 39.274 42.218 40.799 37.343 39.301 41.502 38.450 37.153 34.178 35.705 33.696 31.689 28.734 30.056 29.788 33.228 34.892 34.388 30.569 31.182 33.879 31.728 28.842 31.459 33.034 29.986 28.647 32.072 34.758 36.313 36.932 36.513 36.833 33.954 31.754 29.054 27.762 24.205 23.096 21.124 24.564 24.046 26.561 26.683 29.915 32.385 32.714 29.091 27.611 26.129 23.854 25.100 21.771 21.434 24.699 27.821 29.357 30.882 31.407 29.562 25.797 24.337 22.223 23.441 23.378 26.278 25.230 28.195 30.532 32.368 33.256 31.649 35.298 35.924 33.595 36.076 39.084 41.208 40.700 37.291 37.292 34.720 32.338 32.788 32.278 29.065 27.844 28.673 26.348 23.429 23.848 24.035 20.935 18.338 18.401 21.862 22.900 19.526 19.210 21.717 20.620 24.299 24.771 21.738 23.010 26.800 27.814 25.574 27.519 30.615 34.104 33.353 36.841 38.374 37.362 39.822 42.447 45.969 45.052 47.412 45.041
45.281 44.457 44.426 45.787 43.491 45.569 46.324 42.619 42.092 45.017 43.745 40.190 41.920 44.197 41.200 39.653 36.736 38.045 35.760 33.884 30.693 31.845 31.913 35.387 37.345 36.861 33.083 33.957 36.748 34.551 31.842 34.643 36.185 33.180 32.033 35.544 38.119 39.653 40.436 40.039 40.489 37.623 35.506 32.829 31.582 28.018 26.853 24.894 28.334 27.839 30.358 30.408 33.577 35.953 36.139 32.452 31.166 29.650 27.502 28.749 25.394 24.851 28.049 31.267 32.847 34.516 34.973 33.216 29.447 27.835 25.569 26.871 26.574 29.524 28.253 31.269 33.609 35.649 36.718 35.231 38.914 39.404 37.091 39.666 42.588 44.654 44.010 40.536 40.402 37.929 35.596 35.808 35.196 32.134 30.842 31.357 29.054 26.314 26.432 26.316 23.351 20.723 20.496 24.146 25.501 22.158 22.226 24.872 23.805 27.409 27.607 24.375 25.672 29.459 30.326 27.777 29.345 32.652 36.137 35.637 39.042 40.720 39.962 42.353 44.844 48.448 47.653 49.972 47.555
47.176 46.604 46.566 48.096 45.874 47.810 48.378 44.626 44.109 46.842 45.400 41.837 43.496 45.555 42.413 40.851 38.178 39.636 37.280 35.161 31.886 33.332 33.705 37.318 39.317 39.152 35.359 36.030 39.015 37.080 34.233 36.908 38.730 35.865 34.459 37.865 40.627 41.927 42.572 41.872 42.301 39.637 37.386 34.863 33.422 29.933 28.731 26.379 29.609 29.155 31.894 32.137 35.180 37.675 38.057 34.365 33.072 31.184 28.923 29.775 26.245 25.525 28.774 31.937 33.328 35.240 35.401 33.883 30.138 28.165 25.601 27.138 26.574 29.732 28.404 31.658 33.715 36.065 37.294 36.177 39.955 40.366 38.340 41.115 43.936 46.188 45.341 41.936 41.489 38.889 36.867 37.056 36.062 33.042 32.097 32.351 29.743 27.364 27.686 27.082 23.946 21.776 21.997 25.718 27.460 24.391 24.154 27.102 26.435 30.140 30.215 27.160 28.760 32.491 33.134 30.544 32.213 35.585 38.947 38.257 41.548 43.419 42.531 44.728 47.360 50.918 49.928 52.055 49.449
50.469 49.873 49.665 51.095 48.736 50.515 51.186 47.460 46.729 49.395 48.072 44.431 45.855 47.941 44.850 43.062 40.498 41.770 39.177 37.159 33.707 35.031 35.743 39.375 41.623 41.545 37.812 38.665 41.757 39.850 37.144 39.952 41.803 39.025 37.744 41.210 43.898 45.114 45.906 45.177 45.757 43.147 40.990 38.542 37.178 33.716 32.561 30.186 33.374 32.850 35.552 35.689 38.634 41.023 41.275 37.530 36.442 34.487 32.374 33.237 29.726 28.774 31.902 35.147 36.608 38.687 38.825 37.454 33.712 31.672 28.957 30.467 29.644 32.774 31.216 34.467 36.517 39.058 40.490 39.512 43.314 43.552 41.563 44.453 47.153 49.352 48.339 44.886 44.274 41.782 39.844 39.794 38.678 35.836 34.855 34.791 32.217 30.058 30.124 29.219 26.262 24.149 24.175 27.974 30.005 27.048 27.082 30.162 29.603 33.251 33.055 29.904 31.601 35.288 35.733 32.901 34.281 37.809 41.103 40.575 43.742 45.782 45.087 47.161 49.698 53.304 52.378 54.414 51.737
53.250 52.721 52.540 54.011 51.669 53.425 54.062 50.327 49.598 52.216 50.854 47.216 48.607 50.630 47.503 45.701 43.223 44.512 41.876 39.818 36.333 37.702 38.530 42.182 44.466 44.448 40.722 41.555 44.677 42.804 40.082 42.862 44.744 41.965 40.638 44.074 46.803 48.004 48.738 47.944 48.467 45.891 43.652 41.192 39.698 36.222 34.924 32.475 35.624 35.248 38.072 38.346 41.292 43.751 44.089 40.356 39.220 37.186 34.989 35.681 32.097 31.184 34.352 37.522 38.837 40.945 40.892 39.550 35.860 33.618 30.879 32.584 31.745 34.979 33.470 36.814 38.703 41.348 42.790 41.950 45.773 46.036 44.163 47.087 49.780 52.053 51.000 47.583 46.877 44.334 42.506 42.470 41.228 38.402 37.548 37.406 34.738 32.711 32.841 31.780 28.795 26.846 26.968 30.769 32.886 29.979 29.959 33.072 32.537 36.198 36.017 32.873 34.557 38.250 38.695 35.841 37.171 40.723 44.006 43.500 46.639 48.714 48.032 50.074 52.613 56.219 55.276 57.269 54.549
53.856 53.362 53.447 55.031 52.848 54.820 55.366 51.605 51.122 53.831 52.339 48.789 50.430 52.418 49.220 47.654 45.079 46.542 44.104 41.963 38.617 40.071 40.607 44.233 46.302 46.137 42.353 43.047 46.020 44.040 41.195 43.833 45.601 42.643 41.214 44.567 47.370 48.763 49.272 48.536 48.764 46.088 43.625 40.966 39.189 35.614 33.941 31.563 34.781 34.820 37.848 38.457 41.587 44.267 44.837 41.195 39.722 37.781 35.287 35.788 32.100 31.629 35.015 37.969 38.979 40.821 40.523 38.926 35.333 32.884 30.419 32.495 32.066 35.482 34.367 37.821 39.537 42.027 43.159 42.254 46.047 46.625 44.801 47.560 50.438 52.841 52.012 48.684 48.144 45.416 43.554 43.839 42.670 39.627 38.900 39.089 36.319 34.117 34.558 33.740 30.544 28.607 28.910 32.656 34.473 31.398 31.131 34.035 33.238 36.932 37.142 34.021 35.420 39.202 39.984 37.356 38.845 42.259 45.674 45.136 48.431 50.286 49.482 51.711 54.291 57.876 56.930 59.054 56.427
56.903 56.552 56.618 58.280 56.123 57.995 58.452 54.676 54.169 56.755 55.187 51.635 53.194 55.051 51.790 50.189 47.787 49.295 46.790 44.546 41.151 42.729 43.481 47.165 49.291 49.306 45.532 46.149 49.230 47.388 44.499 47.084 48.993 46.115 44.576 47.874 50.761 52.023 52.469 51.565 51.786 49.236 46.708 44.143 42.262 38.749 37.048 34.493 37.556 37.643 40.773 41.488 44.526 47.254 47.921 44.286 42.832 40.701 38.174 38.443 34.703 34.136 37.492 40.374 41.243 43.218 42.707 41.279 37.762 35.101 32.511 34.719 34.128 37.618 36.478 40.029 41.529 44.208 45.440 44.790 48.612 49.131 47.501 50.370 53.166 55.669 54.706 51.431 50.687 47.911 46.258 46.501 45.101 42.132 41.605 41.605 38.696 36.751 37.261 36.149 32.937 31.277 31.758 35.510 37.541 34.622 34.255 37.300 36.696 40.424 40.544 37.492 39.033 42.788 43.441 40.759 42.243 45.711 49.056 48.457 51.669 53.648 52.812 54.920 57.554 61.119 60.081 62.081 59.341
58.381 58.126 58.017 59.679 57.458 59.118 59.546 55.781 55.121 57.544 55.989 52.396 53.746 55.506 52.244 50.493 48.294 49.744 47.094 44.815 41.331 42.967 44.041 47.772 50.044 50.295 46.573 47.190 50.433 48.778 45.922 48.534 50.625 47.925 46.350 49.646 52.557 53.594 54.119 53.046 53.444 51.058 48.623 46.259 44.481 41.078 39.602 36.872 39.777 39.628 42.698 43.283 46.131 48.756 49.359 45.686 44.449 42.119 39.753 39.966 36.263 35.357 38.546 41.495 42.449 44.687 44.185 43.051 39.529 36.862 34.013 36.066 35.104 38.517 37.122 40.662 42.100 45.005 46.501 46.085 49.938 50.214 48.706 51.755 54.366 56.863 55.661 52.383 51.382 48.687 47.222 47.246 45.626 42.852 42.414 42.079 39.133 37.498 37.893 36.424 33.338 31.907 32.444 36.194 38.544 35.860 35.537 38.795 38.500 42.231 42.063 39.075 40.894 44.567 44.922 42.093 43.507 47.076 50.275 49.622 52.672 54.871 54.062 55.955 58.614 62.162 61.040 62.856 59.974
61.397 61.278 61.157 62.893 60.710 62.278 62.613 58.847 58.179 60.477 58.850 55.277 56.555 58.177 54.871 53.110 51.083 52.578 49.896 47.531 44.043 45.789 47.031 50.792 53.088 53.501 49.803 50.335 53.655 52.132 49.239 51.785 53.997 51.373 49.698 52.931 55.912 56.829 57.288 56.065 56.451 54.187 51.704 49.431 47.571 44.235 42.746 39.883 42.639 42.529 45.666 46.342 49.096 51.754 52.446 48.799 47.578 45.095 42.712 42.721 39.007 38.035 41.167 44.022 44.841 47.180 46.495 45.523 42.095 39.276 36.353 38.490 37.403 40.838 39.442 43.029 44.254 47.301 48.874 48.691 52.545 52.767 51.446 54.576 57.102 59.682 58.364 55.154 53.974 51.248 49.983 49.978 48.160 45.469 45.220 44.731 41.683 40.288 40.755 39.054 35.985 34.814 35.511 39.219 41.719 39.182 38.760 42.106 41.970 45.719 45.490 42.581 44.508 48.149 48.401 45.553 46.979 50.571 53.699 52.978 55.948 58.245 57.395 59.175 61.883 65.399 64.185 65.880 62.903
61.728 61.738 61.470 63.234 61.040 62.399 62.655 58.915 58.145 60.251 58.603 55.034 56.134 57.611 54.305 52.456 50.660 52.145 49.394 46.962 43.462 45.314 46.820 50.602 52.966 53.634 50.007 50.465 53.917 52.623 49.742 52.247 54.652 52.228 50.479 53.659 56.676 57.344 57.841 56.430 56.970 54.901 52.510 50.467 48.711 45.521 44.280 41.248 43.811 43.459 46.514 47.071 49.608 52.161 52.821 49.180 48.155 45.480 43.259 43.187 39.554 38.275 41.207 44.075 44.957 47.534 46.868 46.204 42.804 40.023 36.881 38.827 37.397 40.708 39.102 42.637 43.767 46.998 48.809 48.866 52.717 52.705 51.534 54.819 57.145 59.722 58.179 55.008 53.578 50.931 49.883 49.697 47.664 45.176 45.060 44.275 41.197 40.133 40.549 38.527 35.592 34.715 35.540 39.166 41.922 39.663 39.205 42.715 42.907 46.639 46.169 43.398 45.595 49.125 49.094 46.182 47.615 51.244 54.203 53.359 56.159 58.646 57.760 59.313 62.075 65.533 64.195 65.687 62.576
64.084 64.253 63.949 65.792 63.652 64.883 65.022 61.299 60.521 62.462 60.737 57.212 58.220 59.523 56.188 54.343 52.762 54.297 51.544 49.020 45.558 47.538 49.212 53.004 55.366 56.234 52.655 52.995 56.524 55.410 52.498 54.910 57.459 55.157 53.296 56.388 59.471 59.972 60.405 58.820 59.377 57.473 55.070 53.173 51.380 48.302 47.124 43.958 46.332 45.949 49.019 49.624 52.014 54.560 55.297 51.705 50.734 47.898 45.711 45.446 41.854 40.466 43.277 46.038 46.812 49.510 48.705 48.262 44.971 42.106 38.881 40.823 39.225 42.488 40.858 44.384 45.293 48.657 50.572 50.886 54.711 54.600 53.637 57.008 59.201 61.843 60.158 57.078 55.445 52.797 51.983 51.748 49.506 47.148 47.237 46.275 43.124 42.345 42.831 40.573 37.701 37.125 38.127 41.658 44.559 42.500 41.927 45.517 45.918 49.646 49.091 46.446 48.785 52.250 52.078 49.170 50.643 54.272 57.122 56.168 58.856 61.454 60.500 61.899 64.723 68.119 66.659 67.992 64.778
63.346 63.728 63.428 65.407 63.392 64.510 64.451 60.746 60.042 61.791 59.920 56.484 57.470 58.542 55.146 53.400 52.044 53.729 51.075 48.377 45.032 47.243 48.996 52.799 55.050 56.154 52.620 52.726 56.314 55.446 52.446 54.677 57.415 55.273 53.222 56.163 59.348 59.634 59.942 58.136 58.688 56.999 54.583 52.892 51.076 48.174 47.138 43.800 45.908 45.440 48.496 49.154 51.351 53.895 54.759 51.258 50.318 47.292 45.138 44.635 41.120 39.613 42.277 44.889 45.538 48.363 47.438 47.263 44.100 41.197 37.875 39.756 37.977 41.164 39.543 43.053 43.708 47.179 49.180 49.769 53.549 53.343 52.624 56.070 58.117 60.846 59.034 56.085 54.254 51.576 51.030 50.805 48.343 46.093 46.456 45.373 42.113 41.633 42.296 39.829 36.968 36.781 38.099 41.476 44.477 42.674 41.856 45.512 46.194 49.916 49.314 46.898 49.420 52.787 52.469 49.665 51.314 54.877 57.599 56.414 59.001 61.677 60.545 61.781 64.733 68.022 66.368 67.532 64.214
62.322 62.715 62.212 64.117 62.029 62.941 62.902 59.257 58.387 59.995 58.209 54.761 55.529 56.553 53.235 51.342 50.152 51.720 48.974 46.324 42.964 45.154 47.138 50.905 53.258 54.532 51.105 51.243 54.914 54.204 51.311 53.570 56.406 54.457 52.459 55.394 58.515 58.607 59.057 57.179 57.956 56.396 54.172 52.678 51.087 48.306 47.567 44.198 46.212 45.428 48.292 48.700 50.697 53.044 53.746 50.239 49.570 46.474 44.580 44.189 40.820 38.986 41.404 44.117 44.987 48.009 47.292 47.346 44.151 41.455 37.964 39.508 37.409 40.376 38.461 41.816 42.553 46.128 48.378 49.054 52.809 52.332 51.624 55.181 57.032 59.647 57.643 54.680 52.687 50.185 49.734 49.257 46.710 44.697 45.029 43.662 40.506 40.269 40.736 38.050 35.430 35.387 36.657 39.928 43.122 41.562 40.856 44.605 45.530 49.169 48.295 45.972 48.695 51.924 51.335 48.450 50.017 53.599 56.146 54.928 57.335 60.167 59.087 60.122 63.049 66.292 64.602 65.605 62.214
60.823 61.000 60.432 62.184 59.953 60.929 61.089 57.436 56.456 58.229 56.607 53.061 53.813 55.071 51.827 49.804 48.403 49.807 46.950 44.471 40.986 42.958 44.901 48.660 51.136 52.223 48.769 49.133 52.773 51.871 49.080 51.524 54.215 52.173 50.367 53.451 56.456 56.695 57.316 55.639 56.500 54.763 52.624 50.999 49.530 46.624 45.887 42.667 44.911 44.064 46.861 47.109 49.235 51.516 52.033 48.427 47.816 44.887 43.051 42.958 39.560 37.719 40.213 43.135 44.235 47.197 46.710 46.565 43.205 40.648 37.179 38.639 36.611 39.585 37.553 40.882 41.947 45.430 47.669 48.062 51.863 51.397 50.418 53.933 55.881 58.368 56.446 53.332 51.514 49.089 48.369 47.813 45.483 43.409 43.436 42.129 39.110 38.610 38.846 36.324 33.737 33.330 34.289 37.693 40.846 39.108 38.660 42.384 43.131 46.757 45.838 43.336 45.970 49.246 48.707 45.709 47.119 50.765 53.389 52.356 54.823 57.619 56.703 57.849 60.661 63.997 62.477 63.618 60.312
57.149 57.272 56.674 58.397 56.150 57.140 57.326 53.669 52.684 54.498 52.900 49.335 50.118 51.436 48.200 46.173 44.695 46.101 43.262 40.784 37.292 39.268 41.146 44.915 47.368 48.430 44.965 45.332 48.966 48.059 45.275 47.735 50.421 48.402 46.619 49.721 52.697 52.931 53.602 51.967 52.888 51.130 49.065 47.468 46.112 43.230 42.631 39.445 41.708 40.713 43.411 43.537 45.648 47.867 48.313 44.687 44.132 41.237 39.478 39.516 36.163 34.235 36.698 39.718 40.969 43.944 43.633 43.473 40.042 37.644 34.137 35.427 33.352 36.266 34.139 37.429 38.659 42.095 44.359 44.638 48.445 47.941 46.856 50.366 52.322 54.750 52.851 49.687 47.934 45.542 44.727 44.145 41.894 39.797 39.728 38.451 35.470 34.891 35.079 32.611 30.017 29.537 30.479 33.891 37.034 35.306 34.875 38.607 39.393 43.000 42.044 39.569 42.248 45.493 44.922 41.945 43.407 47.031 49.647 48.574 51.058 53.838 52.899 54.061 56.884 60.222 58.706 59.884 56.603
54.999 54.994 54.520 56.225 53.978 55.172 55.429 51.725 50.838 52.855 51.266 47.673 48.652 50.131 46.874 44.932 43.189 44.632 41.861 39.415 35.910 37.816 39.415 43.204 45.589 46.413 42.846 43.270 46.809 45.691 42.863 45.379 47.918 45.715 43.980 47.156 50.120 50.569 51.222 49.754 50.563 48.616 46.479 44.686 43.275 40.255 39.511 36.435 38.888 38.019 40.779 40.961 43.279 45.592 46.051 42.383 41.660 38.917 37.016 37.176 33.723 32.013 34.692 37.769 39.031 41.824 41.564 41.128 37.607 35.216 31.833 33.242 31.437 34.488 32.507 35.876 37.270 40.539 42.605 42.621 46.464 46.160 44.891 48.284 50.439 52.868 51.175 47.942 46.438 43.959 42.899 42.485 40.452 38.122 37.897 36.918 33.940 32.992 33.232 31.080 28.290 27.480 28.327 31.879 34.809 32.800 32.383 36.024 36.550 40.212 39.453 36.845 39.344 42.709 42.372 39.441 40.955 44.565 47.352 46.350 49.019 51.634 50.697 52.080 54.885 58.289 56.870 58.254 55.091
51.805 51.660 51.128 52.736 50.416 51.645 52.009 48.308 47.371 49.488 47.997 44.359 45.354 46.981 43.781 41.791 39.893 41.258 38.472 36.117 32.576 34.372 35.873 39.651 42.059 42.774 39.194 39.721 43.230 42.026 39.258 41.867 44.332 42.116 40.496 43.747 46.624 47.128 47.903 46.564 47.468 45.436 43.419 41.608 40.374 37.341 36.748 33.796 36.348 35.304 37.912 37.894 40.239 42.448 42.752 39.036 38.400 35.781 34.000 34.430 31.045 29.260 31.912 35.150 36.649 39.407 39.419 38.895 35.269 33.129 29.767 30.940 29.146 32.090 29.989 33.260 34.940 38.089 40.159 39.947 43.788 43.449 41.973 45.326 47.514 49.820 48.186 44.860 43.496 41.100 39.842 39.367 37.521 35.164 34.705 33.792 30.947 29.797 29.874 27.887 25.134 24.052 24.709 28.321 31.200 29.115 28.846 32.470 32.948 36.578 35.760 33.098 35.601 38.953 38.606 35.647 37.143 40.756 43.567 42.607 45.313 47.894 47.007 48.448 51.211 54.648 53.306 54.775 51.677
49.741 49.522 49.190 50.842 48.599 50.073 50.437 46.689 45.944 48.248 46.697 43.087 44.355 46.076 42.832 41.034 38.891 40.379 37.767 35.393 31.941 33.733 34.845 38.620 40.851 41.326 37.638 38.124 41.496 40.099 37.226 39.808 42.131 39.709 38.063 41.338 44.247 44.978 45.645 44.446 45.156 42.948 40.798 38.775 37.413 34.244 33.451 30.591 33.313 32.469 35.185 35.318 37.888 40.252 40.661 36.947 36.046 33.577 31.572 32.040 28.544 27.090 29.997 33.200 34.609 37.127 37.119 36.301 32.628 30.458 27.282 28.642 27.218 30.321 28.499 31.858 33.606 36.541 38.333 37.882 41.736 41.666 40.063 43.261 45.671 48.026 46.641 43.304 42.207 39.671 38.207 38.006 36.372 33.739 33.210 32.699 29.823 28.284 28.558 26.974 23.962 22.600 23.279 26.972 29.523 27.135 26.742 30.217 30.402 34.109 33.607 30.863 33.138 36.625 36.592 33.784 35.435 38.966 41.963 41.007 43.926 46.283 45.317 47.001 49.786 53.253 51.963 53.638 50.670
47.222 46.786 46.361 47.846 45.478 46.992 47.537 43.814 42.969 45.413 44.036 40.371 41.623 43.559 40.434 38.547 36.200 37.522 34.870 32.691 29.198 30.753 31.736 35.464 37.758 38.047 34.357 35.049 38.360 36.804 34.056 36.805 38.982 36.523 35.092 38.491 41.247 42.079 42.943 41.953 42.798 40.459 38.490 36.422 35.315 32.119 31.505 28.882 31.754 30.705 33.189 33.037 35.650 37.850 38.015 34.239 33.474 31.230 29.415 30.287 26.927 25.414 28.247 31.636 33.350 35.781 36.127 35.185 31.414 29.604 26.536 27.571 26.210 29.111 27.156 30.315 32.429 35.167 36.948 36.187 40.006 39.887 38.003 41.121 43.563 45.728 44.425 40.970 40.074 37.690 35.951 35.646 34.300 31.671 30.783 30.362 27.739 25.913 25.896 24.600 21.728 19.905 20.175 23.946 26.383 23.836 23.753 27.160 27.202 30.848 30.258 27.377 29.606 33.097 33.071 30.185 31.737 35.295 38.340 37.512 40.479 42.785 41.946 43.718 46.401 49.926 48.780 50.572 47.709
44.230 43.713 43.444 44.957 42.667 44.389 44.926 41.180 40.515 43.115 41.697 38.081 39.580 41.597 38.466 36.776 34.210 35.643 33.208 31.029 27.696 29.240 29.801 33.483 35.563 35.637 31.872 32.498 35.660 33.953 31.118 33.823 35.875 33.262 31.814 35.226 37.991 39.002 39.792 38.943 39.657 37.173 35.150 32.937 31.814 28.542 27.884 25.400 28.404 27.410 29.879 29.759 32.538 34.813 35.025 31.267 30.307 28.243 26.306 27.319 23.957 22.710 25.688 29.057 30.778 32.978 33.436 32.255 28.448 26.791 23.942 24.953 23.928 26.829 25.102 28.220 30.461 32.928 34.464 33.431 37.222 37.303 35.264 38.221 40.833 42.992 41.917 38.457 37.832 35.375 33.422 33.349 32.256 29.412 28.411 28.389 25.824 23.612 23.753 22.927 19.898 17.777 18.049 21.803 23.854 21.051 20.842 24.073 23.869 27.566 27.254 24.352 26.401 29.979 30.217 27.527 29.286 32.713 35.891 35.013 38.155 40.243 39.297 41.272 43.984 47.506 46.390 48.354 45.624
42.500 41.692 41.312 42.589 40.137 41.919 42.708 39.018 38.222 41.003 39.832 36.172 37.636 39.922 36.980 35.189 32.381 33.560 31.091 29.226 25.894 27.053 27.416 30.981 33.140 32.925 29.182 30.120 33.154 31.199 28.572 31.504 33.306 30.623 29.513 33.082 35.608 36.785 37.831 37.286 38.152 35.497 33.719 31.435 30.642 27.358 26.895 24.811 27.969 26.783 28.919 28.448 31.270 33.313 33.202 29.402 28.617 26.921 25.257 26.778 23.673 22.437 25.242 28.748 30.782 32.814 33.661 32.330 28.494 27.285 24.677 25.311 24.426 27.008 25.194 27.984 30.598 32.781 34.262 32.865 36.554 36.593 34.227 37.033 39.672 41.574 40.623 37.047 36.694 34.458 32.176 31.977 31.281 28.492 27.031 27.145 24.981 22.431 22.159 21.785 19.072 16.353 15.933 19.698 21.486 18.425 18.736 21.761 21.260 24.835 24.434 21.294 23.195 26.798 27.098 24.299 25.872 29.333 32.600 31.950 35.160 37.155 36.412 38.522 41.066 44.664 43.766 45.889 43.317
39.306 38.407 38.178 39.475 37.115 39.104 39.876 36.182 35.584 38.509 37.302 33.726 35.443 37.792 34.877 33.319 30.308 31.598 29.414 27.575 24.505 25.637 25.500 28.959 30.837 30.397 26.605 27.447 30.290 28.191 25.478 28.348 30.007 27.179 26.062 29.639 32.156 33.507 34.490 34.106 34.861 32.068 30.287 27.886 27.162 23.852 23.457 21.608 24.849 23.641 25.645 25.128 28.085 30.150 30.052 26.298 25.340 23.895 22.186 23.929 20.958 20.006 22.837 26.276 28.350 30.113 31.144 29.607 25.791 24.884 22.588 23.052 22.526 24.957 23.392 26.012 28.752 30.590 31.813 30.116 33.722 33.939 31.403 34.012 36.795 38.653 37.942 34.382 34.329 32.065 29.561 29.595 29.206 26.249 24.649 25.208 23.195 20.261 20.139 20.353 17.615 14.630 14.175 17.736 18.979 15.653 15.837 18.573 17.776 21.388 21.303 18.177 19.876 23.558 24.145 21.623 23.475 26.730 30.107 29.363 32.741 34.487 33.606 35.913 38.492 42.060 41.178 43.464 41.041
40.176 38.947 38.741 39.777 37.299 39.460 40.521 36.927 36.274 39.426 38.484 34.939 36.666 39.278 36.583 34.998 31.757 32.762 30.600 29.161 26.174 26.820 26.415 29.628 31.533 30.636 26.928 28.145 30.684 28.183 25.765 28.819 30.009 26.963 26.298 29.988 32.196 33.911 35.068 35.103 35.826 32.776 31.129 28.481 27.901 24.486 23.923 22.628 26.106 25.093 26.905 26.283 29.396 31.327 31.003 27.320 26.353 25.434 23.834 25.902 23.131 22.522 25.278 28.639 30.753 32.185 33.363 31.521 27.777 27.073 25.168 25.632 25.457 27.742 26.335 28.721 31.609 33.146 34.147 32.114 35.568 35.929 33.139 35.459 38.354 39.993 39.537 35.941 36.237 34.137 31.338 31.389 31.415 28.485 26.537 27.331 25.700 22.502 22.088 22.776 20.368 17.042 15.923 19.264 19.994 16.356 17.121 19.285 17.793 21.147 21.247 17.783 18.851 22.631 23.600 21.058 22.534 25.751 29.326 29.018 32.520 34.001 33.424 35.994 38.296 41.945 41.397 43.925 41.762
36.558 35.234 35.046 36.055 33.615 35.873 36.934 33.362 32.808 36.042 35.117 31.645 33.512 36.177 33.561 32.130 28.756 29.798 27.883 26.514 23.800 24.385 23.568 26.648 28.320 27.277 23.563 24.717 27.109 24.539 22.099 25.134 26.237 23.160 22.549 26.262 28.408 30.176 31.380 31.546 32.316 29.215 27.729 25.131 24.838 21.563 21.372 20.358 23.729 22.452 23.911 23.020 26.095 27.878 27.431 23.792 22.865 22.211 20.820 23.214 20.784 20.238 22.758 26.074 28.357 29.623 31.112 29.254 25.590 25.355 23.694 23.737 23.707 25.633 24.307 26.365 29.418 30.639 31.521 29.244 32.562 32.926 29.966 32.135 35.044 36.554 36.231 32.640 33.163 31.161 28.180 28.304 28.629 25.697 23.551 24.639 23.283 19.850 19.411 20.614 18.416 14.935 13.667 16.627 16.841 13.074 13.889 15.715 14.029 17.350 17.577 14.155 15.168 18.968 20.055 17.752 19.526 22.541 26.138 25.681 29.271 30.599 29.889 32.557 34.901 38.507 37.942 40.555 38.496
35.142 33.573 33.051 33.753 31.059 33.167 34.502 31.036 30.173 33.463 32.863 29.333 30.959 33.853 31.495 29.840 26.366 27.034 25.007 24.027 21.338 21.463 20.592 23.514 25.379 24.181 20.567 22.135 24.493 21.816 19.749 23.086 24.046 21.167 21.021 24.845 26.645 28.327 29.946 30.310 31.468 28.419 27.422 25.103 25.392 22.449 22.827 22.106 25.222 23.499 24.390 22.912 25.671 26.962 26.011 22.368 22.003 21.642 20.904 23.746 21.803 20.900 22.885 26.306 28.977 30.295 32.197 30.545 26.977 27.211 25.572 25.068 24.790 26.220 24.584 26.173 29.526 30.600 31.663 29.251 32.392 32.439 29.261 31.386 34.075 35.231 34.827 31.138 31.752 30.142 26.991 26.728 27.355 24.755 22.157 23.079 22.264 18.838 17.735 19.210 17.667 13.910 11.778 14.418 14.456 10.713 12.495 14.084 12.464 15.385 15.021 11.360 12.559 16.206 16.960 14.335 15.843 19.009 22.583 22.319 25.852 27.272 26.822 29.443 31.620 35.296 34.900 37.535 35.549
31.513 29.992 29.660 30.538 28.052 30.353 31.487 27.973 27.433 30.772 29.976 26.581 28.540 31.336 28.925 27.628 24.070 25.044 23.468 22.324 20.071 20.435 19.007 21.820 23.196 21.948 18.260 19.421 21.624 18.971 16.595 19.726 20.726 17.735 17.350 21.146 23.090 24.825 26.276 26.656 27.699 24.606 23.601 21.298 21.723 18.927 19.622 19.087 22.017 20.132 20.769 19.183 21.971 23.284 22.432 18.847 18.288 18.122 17.420 20.436 18.795 18.115 19.946 23.190 25.864 26.962 29.037 27.345 23.903 24.502 23.158 22.372 22.356 23.513 22.155 23.505 26.861 27.600 28.432 25.825 28.855 29.036 25.782 27.751 30.540 31.725 31.510 27.891 28.729 27.044 23.778 23.819 24.665 21.920 19.333 20.743 20.029 16.366 15.625 17.654 16.120 12.537 10.836 12.830 12.110 8.245 9.537 10.646 8.765 11.906 12.011 8.616 9.834 13.570 14.602 12.611 14.880 17.573 21.113 20.401 24.064 25.252 24.386 27.127 29.517 33.072 32.491 35.190 33.267
30.786 29.712 29.514 30.816 28.582 30.782 31.486 27.807 27.489 30.586 29.359 25.949 28.055 30.501 27.738 26.600 23.265 24.737 23.231 21.489 19.183 20.260 19.054 22.198 23.420 22.726 18.904 19.418 21.970 19.834 16.923 19.680 21.291 18.478 17.306 20.926 23.391 24.766 25.833 25.683 26.592 23.721 22.351 20.178 20.228 17.390 18.106 16.908 19.711 17.700 18.723 17.430 20.243 21.937 21.554 17.843 17.004 16.120 15.005 17.657 15.655 14.772 16.897 20.253 22.827 24.203 26.073 24.563 20.979 21.348 19.702 18.962 18.774 20.167 18.800 20.499 23.700 24.708 25.654 23.336 26.621 26.805 23.826 26.117 28.930 30.496 30.081 26.508 27.003 24.959 21.979 22.216 22.576 19.575 17.462 18.836 17.528 13.919 13.831 15.483 13.331 10.029 9.412 11.742 11.577 8.003 7.861 9.951 9.057 12.750 12.925 10.243 12.165 15.663 16.356 14.589 17.326 19.948 23.223 21.960 25.489 26.895 25.582 28.059 30.810 34.233 33.234 35.684 33.481
30.584 29.768 29.255 30.639 28.341 30.142 30.703 26.973 26.415 29.226 27.914 24.350 26.185 28.475 25.573 24.182 21.087 22.640 20.877 18.825 16.237 17.704 17.014 20.480 21.945 21.836 18.000 18.346 21.383 19.778 16.818 19.548 21.705 19.413 18.022 21.508 24.082 24.878 26.038 25.452 26.708 24.247 23.052 21.412 21.614 19.135 20.244 18.582 20.940 18.485 19.411 17.883 20.200 21.699 21.238 17.401 17.084 15.565 14.836 17.319 15.374 13.591 15.384 19.050 21.905 23.826 25.756 24.793 21.190 21.539 19.383 18.281 17.332 18.558 16.576 18.289 21.605 23.018 24.491 22.575 25.975 25.682 22.896 25.614 28.090 29.694 28.814 25.169 25.170 23.192 20.502 20.310 20.230 17.434 15.414 16.162 14.637 11.342 11.028 12.082 9.851 6.410 6.149 8.982 9.898 7.007 6.620 9.895 10.431 13.949 13.270 11.050 13.886 16.938 16.778 14.729 17.509 20.310 23.225 21.650 24.878 26.755 25.344 27.375 30.306 33.684 32.420 34.542 32.020
33.364 32.839 32.368 33.926 31.714 33.356 33.737 29.976 29.410 31.985 30.491 26.911 28.610 30.640 27.537 26.064 23.306 24.998 23.017 20.655 17.766 19.613 19.528 23.188 24.819 25.070 21.277 21.469 24.699 23.352 20.328 22.878 25.259 23.055 21.412 24.741 27.514 28.131 29.076 28.151 29.281 27.005 25.513 23.888 23.636 21.015 21.744 19.529 21.912 19.696 21.170 20.114 22.424 24.212 24.091 20.286 19.808 17.749 16.598 18.410 15.904 13.898 16.106 19.818 22.390 24.658 26.136 25.336 21.604 21.330 18.676 18.034 16.711 18.500 16.354 18.684 21.666 23.626 25.317 23.882 27.500 27.185 24.788 27.772 30.187 32.072 30.958 27.398 26.965 24.749 22.497 22.299 21.599 18.778 17.342 17.619 15.438 12.713 12.790 12.745 9.832 7.061 7.810 11.176 12.963 10.564 9.807 13.353 14.093 17.678 17.008 14.844 17.661 20.753 20.496 18.282 20.860 23.845 26.686 25.105 28.180 30.262 28.841 30.665 33.661 37.006 35.601 37.512 34.785
31.855 31.725 31.247 33.085 31.107 32.538 32.538 28.757 28.340 30.580 28.765 25.275 26.998 28.633 25.308 24.010 21.612 23.706 21.935 19.092 16.421 18.915 18.981 22.689 24.064 24.841 21.161 20.765 24.163 23.391 20.171 22.275 25.105 23.293 21.205 24.184 27.187 27.340 28.042 26.645 27.815 25.948 24.432 23.261 22.995 20.776 21.851 19.287 21.091 18.565 19.978 18.957 20.845 22.652 22.795 19.108 18.723 16.083 15.028 16.396 14.011 11.371 13.313 17.059 19.669 22.320 23.763 23.452 19.835 19.621 16.671 15.636 13.724 15.354 12.891 15.356 18.215 20.463 22.448 21.430 25.108 24.559 22.504 25.765 27.962 30.046 28.663 25.225 24.397 22.022 20.192 20.008 18.803 15.994 15.127 15.145 12.450 10.237 10.988 10.304 6.824 5.395 7.940 10.615 12.752 11.362 9.652 13.400 15.026 18.430 17.652 16.246 19.365 22.055 21.454 19.582 22.440 25.165 27.646 25.606 28.423 30.643 28.866 30.352 33.599 36.734 34.963 36.580 33.644
35.047 35.122 34.772 36.739 34.856 36.255 36.133 32.352 31.993 34.096 32.151 28.720 30.383 31.806 28.374 27.096 24.965 27.121 25.247 22.286 19.499 22.112 22.518 26.275 27.730 28.627 24.971 24.536 27.954 27.228 23.971 25.968 28.828 26.943 24.724 27.610 30.743 30.898 31.384 29.808 30.750 28.960 27.136 25.854 25.125 22.728 23.326 20.372 22.239 20.141 22.089 21.602 23.587 25.688 26.154 22.560 21.904 19.042 17.528 18.230 15.347 12.921 15.291 18.787 20.890 23.692 24.571 24.308 20.651 19.729 16.405 16.083 14.029 16.340 14.056 17.101 19.387 22.050 24.051 23.456 27.249 26.834 25.157 28.499 30.706 33.036 31.577 28.289 27.205 24.618 23.165 23.113 21.494 18.692 18.356 18.162 15.079 13.435 14.465 13.159 9.556 8.940 11.364 14.233 16.574 15.107 13.420 17.095 18.501 22.031 21.427 19.861 22.832 25.696 25.217 23.234 25.952 28.816 31.356 29.396 32.184 34.460 32.705 34.140 37.395 40.518 38.693 40.207 37.181
37.988 38.062 37.933 39.946 38.111 39.686 39.583 35.780 35.532 37.734 35.755 32.361 34.125 35.559 32.104 30.902 28.725 30.867 28.964 26.076 23.229 25.704 26.082 29.835 31.317 32.016 28.290 27.957 31.263 30.300 26.998 29.020 31.701 29.530 27.306 30.236 33.433 33.857 34.180 32.688 33.323 31.362 29.218 27.587 26.412 23.682 23.664 20.564 22.745 21.237 23.682 23.691 26.016 28.434 29.131 25.564 24.513 21.749 19.735 20.116 16.790 15.023 17.904 21.136 22.751 25.348 25.752 25.176 21.462 19.921 16.596 17.152 15.566 18.466 16.714 20.071 21.979 24.656 26.359 25.803 29.652 29.590 28.017 31.232 33.648 36.136 34.853 31.639 30.651 27.884 26.447 26.660 25.049 22.089 21.887 21.903 18.748 17.010 18.169 16.987 13.367 12.555 14.593 17.713 19.859 17.938 16.341 19.838 20.710 24.417 24.168 22.281 24.914 28.068 27.955 25.911 28.521 31.491 34.262 32.499 35.445 37.598 35.919 37.547 40.742 43.930 42.204 43.834 40.876
39.718 40.053 40.180 42.421 40.826 42.469 42.123 38.316 38.324 40.413 38.193 34.955 36.869 38.044 34.462 33.524 31.528 33.908 32.187 29.117 26.446 29.126 29.459 33.182 34.464 35.247 31.540 30.936 34.165 33.312 29.862 31.596 34.331 32.124 29.639 32.345 35.722 36.135 36.107 34.425 34.728 32.881 30.416 28.751 27.128 24.405 24.008 20.615 22.618 21.575 24.423 24.985 27.342 30.064 31.177 27.790 26.386 23.460 21.043 20.761 17.195 15.865 18.977 21.766 22.774 25.319 25.147 24.586 21.012 18.865 15.446 16.719 15.340 18.686 17.458 21.121 22.420 25.204 26.696 26.472 30.330 30.526 29.328 32.503 34.979 37.741 36.519 33.526 32.437 29.406 28.279 28.826 26.975 23.910 24.218 24.365 20.942 19.469 21.119 19.841 16.098 15.834 18.196 21.121 23.129 21.288 19.324 22.642 23.464 27.188 27.255 25.521 27.992 31.164 31.232 29.387 32.116 34.984 37.766 35.893 38.852 40.915 39.063 40.693 43.984 47.080 45.221 46.796 43.813
43.445 43.788 43.953 46.182 44.556 46.208 45.902 42.095 42.058 44.149 41.953 38.695 40.539 41.711 38.129 37.113 35.167 37.466 35.605 32.583 29.774 32.372 32.881 36.640 38.061 38.814 35.088 34.614 37.857 36.911 33.501 35.312 37.977 35.672 33.249 35.994 39.361 39.864 39.812 38.150 38.357 36.473 33.896 32.098 30.269 27.417 26.648 23.253 25.364 24.701 27.746 28.518 30.963 33.767 34.932 31.547 30.072 27.186 24.656 24.223 20.570 19.477 22.634 25.274 26.020 28.490 27.989 27.352 23.882 21.353 18.045 19.792 18.570 22.047 20.954 24.674 25.740 28.614 30.049 29.961 33.804 34.090 33.004 36.153 38.649 41.468 40.243 37.286 36.137 33.084 32.041 32.576 30.643 27.632 27.983 28.023 24.583 23.213 24.746 23.316 19.649 19.312 21.433 24.544 26.659 24.670 22.914 26.228 26.844 30.616 30.718 28.773 31.126 34.431 34.586 32.589 35.149 38.153 41.025 39.306 42.291 44.385 42.645 44.306 47.542 50.693 48.893 50.470 47.467
45.437 45.900 46.322 48.689 47.239 49.036 48.604 44.795 44.981 47.081 44.743 41.605 43.623 44.687 41.046 40.250 38.319 40.760 39.051 35.968 33.285 35.938 36.292 40.013 41.271 41.952 38.210 37.602 40.718 39.732 36.227 37.865 40.457 38.031 35.480 38.086 41.544 42.167 41.850 40.164 40.049 38.155 35.316 33.380 31.180 28.285 27.088 23.641 25.691 25.563 28.894 30.117 32.679 35.722 37.179 33.935 32.131 29.286 26.439 25.622 21.868 21.313 24.637 26.897 27.142 29.353 28.387 27.579 24.309 21.341 18.307 20.676 19.924 23.615 23.050 26.863 27.539 30.301 31.408 31.425 35.208 35.812 34.925 37.921 40.542 43.535 42.481 39.684 38.607 35.371 34.432 35.275 33.326 30.185 30.770 31.049 27.523 26.136 27.951 26.661 22.916 22.677 24.886 27.920 29.813 27.729 25.784 28.887 29.295 33.075 33.503 31.592 33.707 37.073 37.485 35.652 38.289 41.206 44.165 42.430 45.502 47.445 45.607 47.377 50.647 53.760 51.929 53.559 50.609
49.189 49.683 50.132 52.504 51.044 52.832 52.408 48.600 48.758 50.838 48.501 45.355 47.316 48.351 44.703 43.856 41.989 44.387 42.582 39.516 36.745 39.364 39.858 43.606 44.958 45.646 41.897 41.359 44.497 43.473 39.993 41.668 44.231 41.759 39.240 41.853 45.309 45.969 45.623 43.928 43.745 41.855 38.948 36.954 34.623 31.690 30.264 26.862 28.910 29.032 32.455 33.809 36.392 39.480 40.981 37.749 35.913 33.075 30.183 29.254 25.497 25.039 28.341 30.491 30.554 32.716 31.507 30.695 27.574 24.403 21.516 24.099 23.402 27.110 26.606 30.435 30.932 33.761 34.843 34.993 38.744 39.393 38.619 41.603 44.214 47.255 46.181 43.426 42.278 39.028 38.181 39.007 36.972 33.887 34.528 34.707 31.157 29.875 31.625 30.202 26.507 26.272 28.366 31.498 33.485 31.344 29.518 32.635 32.949 36.745 37.179 35.152 37.203 40.638 41.090 39.157 41.677 44.683 47.688 46.047 49.122 51.099 49.330 51.102 54.344 57.487 55.681 57.293 54.313
51.287 51.793 52.460 54.891 53.542 55.496 55.037 51.230 51.553 53.712 51.315 48.244 50.363 51.396 47.731 47.035 45.090 47.552 45.852 42.796 40.096 42.682 42.999 46.709 47.951 48.489 44.714 44.144 47.145 46.001 42.479 44.069 46.492 43.869 41.325 43.868 47.344 48.185 47.667 46.052 45.605 43.630 40.539 38.365 35.769 32.771 30.954 27.670 29.742 30.335 33.925 35.594 38.326 41.579 43.254 40.119 38.020 35.321 32.206 31.115 27.327 27.325 30.758 32.663 32.403 34.252 32.752 31.685 28.748 25.354 22.868 25.839 25.601 29.398 29.279 33.121 33.444 36.087 36.853 36.954 40.627 41.569 40.851 43.651 46.408 49.536 48.666 46.002 45.007 41.645 40.767 41.833 39.894 36.680 37.376 37.799 34.248 32.822 34.712 33.498 29.742 29.416 31.473 34.593 36.353 34.052 32.163 35.076 35.123 38.908 39.628 37.564 39.352 42.856 43.574 41.761 44.305 47.242 50.359 48.771 51.958 53.770 51.970 53.895 57.123 60.265 58.499 60.221 57.331
54.764 55.359 55.978 58.433 57.072 58.929 58.434 54.632 54.893 56.953 54.535 51.456 53.465 54.408 50.723 49.960 48.161 50.604 48.810 45.719 42.952 45.579 46.102 49.851 51.186 51.848 48.090 47.528 50.614 49.548 46.040 47.641 50.141 47.578 45.019 47.545 51.040 51.789 51.266 49.548 49.128 47.256 44.166 42.075 39.458 36.524 34.709 31.393 33.342 33.944 37.535 39.221 41.852 45.085 46.779 43.647 41.623 38.821 35.759 34.555 30.809 30.677 34.000 35.849 35.504 37.455 35.803 34.920 32.111 28.638 26.114 29.076 28.656 32.408 32.211 36.059 36.207 39.000 39.875 40.198 43.852 44.707 44.146 47.022 49.674 52.845 51.851 49.234 48.065 44.716 44.010 44.985 42.872 39.779 40.587 40.808 37.202 36.001 37.841 36.385 32.694 32.517 34.583 37.740 39.688 37.473 35.638 38.656 38.806 42.599 43.203 41.119 42.995 46.499 47.114 45.196 47.665 50.686 53.767 52.189 55.310 57.232 55.460 57.288 60.528 63.670 61.861 63.483 60.506
57.871 58.340 59.002 61.381 59.954 61.908 61.535 57.722 57.951 60.135 57.800 54.673 56.694 57.769 54.118 53.291 51.367 53.711 51.833 48.855 45.993 48.464 48.966 52.714 54.136 54.631 50.836 50.441 53.476 52.219 48.767 50.486 52.830 50.117 47.690 50.308 53.737 54.672 54.194 52.633 52.153 50.125 46.994 44.713 42.030 38.953 36.893 33.765 35.909 36.727 40.366 42.100 44.891 48.159 49.806 46.633 44.540 41.894 38.770 37.686 33.897 33.928 37.349 39.236 38.887 40.681 39.008 37.900 35.098 31.603 29.284 32.357 32.130 35.916 35.760 39.606 39.850 42.565 43.336 43.510 47.159 48.127 47.452 50.241 53.002 56.140 55.250 52.578 51.529 48.189 47.338 48.326 46.336 43.186 43.837 44.126 40.585 39.212 40.929 39.583 35.899 35.462 37.290 40.574 42.459 40.034 38.384 41.333 41.220 45.024 45.713 43.434 45.120 48.728 49.501 47.507 49.834 52.913 56.114 54.721 57.927 59.784 58.142 60.101 63.250 66.471 64.797 66.535 63.623
58.627 59.159 60.057 62.535 61.280 63.389 62.914 59.116 59.564 61.787 59.345 56.337 58.551 59.568 55.889 55.282 53.309 55.784 54.092 51.069 48.353 50.870 51.143 54.837 56.063 56.458 52.658 52.131 55.015 53.718 50.197 51.747 53.992 51.195 48.684 51.158 54.622 55.675 54.979 53.453 52.701 50.655 47.364 44.989 42.081 39.044 36.716 33.700 35.739 36.942 40.680 42.708 45.570 48.981 50.835 47.807 45.462 42.923 39.612 38.328 34.577 35.005 38.497 40.105 39.438 40.933 39.006 37.715 35.146 31.523 29.586 32.921 33.091 36.912 37.140 40.976 41.027 43.534 43.990 44.140 47.679 48.924 48.345 50.941 53.814 57.046 56.361 53.822 52.919 49.458 48.619 49.877 47.967 44.693 45.461 46.017 42.456 40.981 42.921 41.786 38.021 37.609 39.533 42.716 44.352 41.869 40.044 42.777 42.506 46.260 47.237 45.046 46.521 50.125 51.125 49.340 51.783 54.722 57.980 56.543 59.836 61.511 59.758 61.835 65.012 68.181 66.491 68.311 65.488
55.429 56.108 57.076 59.669 58.558 60.650 60.014 56.237 56.822 58.949 56.381 53.480 55.777 56.649 52.931 52.494 50.609 53.235 51.717 48.578 46.031 48.705 48.876 52.535 53.581 54.077 50.314 49.568 52.420 51.282 47.680 49.034 51.378 48.684 46.007 48.324 51.868 52.801 51.960 50.306 49.483 47.572 44.241 42.002 39.047 36.161 33.943 30.784 32.590 33.775 37.522 39.648 42.399 45.847 47.842 44.925 42.521 39.892 36.547 35.054 31.358 31.848 35.287 36.719 35.900 37.388 35.360 34.179 31.705 28.030 26.095 29.474 29.689 33.493 33.891 37.713 37.591 40.050 40.437 40.702 44.193 45.471 45.036 47.616 50.447 53.750 53.072 50.646 49.712 46.190 45.480 46.862 44.894 41.609 42.572 43.208 39.591 38.215 40.374 39.264 35.463 35.291 37.471 40.476 42.036 39.720 37.638 40.319 40.218 43.936 44.973 43.012 44.566 48.066 49.023 47.415 50.049 52.861 56.030 54.397 57.648 59.294 57.365 59.375 62.649 65.716 63.892 65.645 62.811
52.839 53.481 54.621 57.242 56.244 58.494 57.832 54.077 54.835 57.055 54.456 51.643 54.127 55.035 51.338 51.080 49.063 51.759 50.428 47.316 44.923 47.566 47.447 51.020 51.874 52.212 48.457 47.633 50.311 49.094 45.463 46.698 48.908 46.131 43.429 45.658 49.190 50.264 49.300 47.760 46.754 44.755 41.337 38.979 35.907 33.008 30.614 27.573 29.398 30.838 34.630 36.922 39.784 43.318 45.412 42.600 39.995 37.539 34.059 32.539 28.873 29.735 33.266 34.549 33.602 34.800 32.745 31.286 28.873 25.195 23.596 27.133 27.769 31.584 32.285 36.050 35.954 38.142 38.241 38.301 41.722 43.236 42.729 45.115 48.088 51.396 50.943 48.569 47.868 44.287 43.448 45.053 43.288 39.861 40.795 41.742 38.193 36.596 38.900 38.114 34.267 33.995 36.192 39.073 40.323 37.929 35.724 38.158 37.879 41.526 42.823 40.948 42.294 45.764 46.931 45.540 48.280 50.927 54.139 52.481 55.815 57.263 55.257 57.401 60.667 63.691 61.901 63.773 61.071
50.216 51.010 52.069 54.771 53.824 55.935 55.143 51.396 52.157 54.223 51.537 48.764 51.201 51.956 48.219 48.005 46.150 48.941 47.671 44.440 42.135 44.943 44.896 48.475 49.268 49.816 46.107 45.113 47.875 46.885 43.202 44.324 46.735 44.143 41.296 43.436 47.048 47.883 46.891 45.146 44.240 42.436 39.071 36.957 33.976 31.248 29.185 25.876 27.449 28.591 32.336 34.558 37.218 40.707 42.844 40.061 37.565 34.895 31.496 29.816 26.182 26.820 30.232 31.477 30.528 31.960 29.906 28.761 26.322 22.625 20.711 24.147 24.524 28.319 28.966 32.746 32.518 34.835 35.087 35.362 38.811 40.164 39.806 42.329 45.160 48.513 47.903 45.581 44.705 41.117 40.466 42.028 40.092 36.748 37.872 38.700 35.072 33.705 36.130 35.183 31.349 31.387 33.835 36.578 37.940 35.801 33.411 35.954 36.004 39.645 40.798 39.128 40.719 44.073 45.020 43.674 46.537 49.148 52.215 50.367 53.585 55.142 53.014 54.987 58.350 61.295 59.352 61.074 58.279
47.935 48.616 49.469 52.067 50.955 52.974 52.299 48.522 49.105 51.193 48.614 45.718 48.036 48.897 45.185 44.792 42.899 45.589 44.192 41.002 38.588 41.352 41.408 45.032 45.961 46.545 42.818 41.937 44.812 43.820 40.179 41.465 43.941 41.392 38.626 40.926 44.504 45.276 44.502 42.775 42.128 40.278 37.070 34.998 32.259 29.443 27.659 24.247 26.016 26.732 30.383 32.291 34.945 38.311 40.235 37.291 34.998 32.259 29.004 27.592 23.866 24.146 27.579 29.165 28.610 30.316 28.631 27.575 24.792 21.283 18.927 22.088 22.124 25.947 26.229 30.052 30.127 32.594 33.124 33.295 36.886 38.002 37.453 40.144 42.927 46.170 45.419 42.929 41.998 38.507 37.746 39.093 37.160 33.853 34.808 35.488 31.881 30.484 32.744 31.715 27.889 27.842 30.234 33.058 34.564 32.435 30.156 32.873 33.034 36.734 37.672 35.931 37.689 41.054 41.839 40.350 43.160 45.861 48.898 47.076 50.256 51.930 49.886 51.802 55.141 58.142 56.234 57.935 55.091
47.028 47.876 48.554 51.203 50.091 51.878 51.088 47.327 47.821 49.691 47.050 44.161 46.321 47.000 43.248 42.804 41.163 43.903 42.476 39.159 36.767 39.711 40.000 43.658 44.618 45.501 41.842 40.832 43.866 43.156 39.508 40.729 43.456 41.161 38.290 40.522 44.150 44.604 43.872 41.893 41.451 39.860 36.791 35.052 32.508 29.926 28.586 24.965 26.422 26.685 30.180 31.888 34.236 37.468 39.362 36.420 34.378 31.356 28.319 26.786 23.165 22.949 26.130 27.750 27.292 29.392 27.766 27.210 24.434 21.033 18.218 21.035 20.483 24.206 24.214 28.053 27.977 30.731 31.596 32.105 35.724 36.526 36.175 39.088 41.626 44.887 43.859 41.409 40.171 36.728 36.244 37.407 35.188 32.077 33.245 33.609 29.898 28.901 31.189 29.796 26.044 26.415 29.053 31.763 33.549 31.761 29.386 32.316 32.914 36.592 37.235 35.681 37.772 40.997 41.446 39.906 42.761 45.488 48.335 46.344 49.345 51.221 49.103 50.767 54.192 57.121 55.051 56.531 53.535
44.145 44.967 45.460 48.058 46.864 48.523 47.758 43.997 44.373 46.188 43.592 40.648 42.708 43.397 39.656 39.118 37.517 40.231 38.770 35.432 33.035 36.027 36.394 40.062 41.061 42.061 38.435 37.414 40.542 39.949 36.331 37.593 40.440 38.291 35.432 37.708 41.313 41.607 41.025 38.987 38.787 37.265 34.381 32.818 30.555 28.060 27.139 23.445 24.864 24.625 27.921 29.309 31.514 34.587 36.322 33.306 31.494 28.353 25.528 24.168 20.591 19.926 22.991 24.862 24.759 27.155 25.894 25.561 22.576 19.489 16.261 18.605 17.589 21.237 20.884 24.725 24.864 27.764 28.916 29.414 33.113 33.650 33.205 36.278 38.701 41.872 40.685 38.142 36.805 33.453 32.961 33.941 31.668 28.635 29.755 29.962 26.247 25.349 27.574 26.060 22.338 22.841 25.584 28.221 30.138 28.532 26.146 29.216 30.075 33.730 34.146 32.689 34.998 38.120 38.345 36.767 39.643 42.370 45.101 43.032 45.937 47.923 45.803 47.345 50.787 53.702 51.592 52.995 49.941
45.339 46.089 46.274 48.729 47.320 48.749 48.113 44.360 44.427 46.153 43.710 40.621 42.374 43.109 39.418 38.554 37.076 39.593 37.849 34.562 31.935 34.883 35.641 39.387 40.678 41.843 38.248 37.421 40.751 40.229 36.744 38.227 41.180 39.167 36.465 38.896 42.407 42.540 42.242 40.170 40.316 38.855 36.219 34.801 32.846 30.364 29.727 26.073 27.572 26.923 29.987 30.970 33.016 35.838 37.277 34.109 32.686 29.449 26.973 25.915 22.445 21.181 23.988 26.199 26.519 29.248 28.298 28.229 25.133 22.339 18.858 20.675 19.051 22.455 21.464 25.225 25.593 28.785 30.382 30.966 34.714 34.856 34.339 37.628 39.842 42.864 41.392 38.713 37.139 33.997 33.551 34.108 31.682 28.913 29.880 29.615 25.941 25.296 27.138 25.206 21.656 22.191 24.784 27.566 29.902 28.424 26.348 29.709 30.781 34.448 34.448 32.874 35.445 38.546 38.456 36.582 39.261 42.179 44.816 42.824 45.588 47.826 45.874 47.234 50.625 53.598 51.511 52.777 49.593
43.840 44.738 44.736 47.212 45.827 47.005 46.252 42.559 42.541 44.022 41.540 38.497 40.071 40.608 36.915 36.014 34.825 37.379 35.658 32.262 29.736 32.864 33.829 37.541 38.812 40.284 36.824 35.843 39.278 39.077 35.643 37.009 40.175 38.471 35.709 38.009 41.508 41.308 41.063 38.775 39.148 37.971 35.551 34.505 32.821 30.647 30.474 26.777 27.933 26.835 29.598 30.311 31.975 34.570 35.932 32.834 31.724 28.285 26.155 25.059 21.889 20.099 22.452 24.671 25.181 28.244 27.489 27.901 24.902 22.442 18.741 19.950 17.709 20.752 19.381 23.000 23.275 26.702 28.661 29.538 33.229 33.011 32.669 36.132 38.052 41.026 39.285 36.670 34.802 31.780 31.619 31.951 29.266 26.780 27.947 27.332 23.630 23.482 25.311 23.014 19.676 20.750 23.582 26.081 28.639 27.620 25.471 28.931 30.455 33.979 33.684 32.395 35.247 38.109 37.675 35.832 38.547 41.400 43.786 41.611 44.147 46.551 44.520 45.601 49.055 51.913 49.667 50.699 47.390
43.979 44.740 44.412 46.692 45.079 46.030 45.450 41.795 41.448 42.864 40.595 37.415 38.664 39.303 35.719 34.465 33.360 35.660 33.664 30.383 27.648 30.672 32.001 35.742 37.297 38.895 35.508 34.751 38.341 38.198 34.953 36.541 39.757 38.208 35.661 38.105 41.449 41.111 41.191 38.945 39.687 38.539 36.423 35.510 34.191 32.043 32.173 28.601 29.861 28.365 30.827 31.080 32.588 34.869 35.865 32.642 31.957 28.530 26.817 26.140 23.162 20.862 22.892 25.463 26.480 29.758 29.430 29.984 26.870 24.796 21.001 21.660 19.003 21.661 19.649 23.021 23.689 27.254 29.602 30.415 34.105 33.501 32.985 36.596 38.315 41.060 39.079 36.309 34.288 31.557 31.348 31.220 28.498 26.317 27.207 26.135 22.605 22.663 24.000 21.350 18.321 19.369 21.954 24.507 27.426 26.582 24.805 28.461 30.176 33.630 32.915 31.554 34.629 37.403 36.649 34.553 37.050 40.038 42.293 40.210 42.582 45.208 43.367 44.270 47.637 50.540 48.352 49.270 45.872
46.636 47.505 47.023 49.277 47.643 48.358 47.735 44.164 43.673 44.861 42.627 39.489 40.470 40.939 37.421 36.039 35.252 37.446 35.346 32.089 29.355 32.383 34.056 37.749 39.417 41.246 37.995 37.249 40.917 40.965 37.832 39.399 42.713 41.351 38.834 41.212 44.510 43.966 44.101 41.722 42.599 41.648 39.648 38.923 37.685 35.666 35.888 32.293 33.406 31.839 34.196 34.367 35.647 37.773 38.703 35.548 35.084 31.579 30.076 29.327 26.528 24.063 25.775 28.231 29.225 32.643 32.258 33.095 30.139 28.083 24.281 24.821 21.952 24.337 22.176 25.323 25.777 29.490 32.053 33.157 36.744 35.900 35.592 39.288 40.754 43.452 41.242 38.569 36.271 33.705 33.778 33.413 30.474 28.645 29.657 28.207 24.777 25.280 26.427 23.439 20.789 22.087 24.570 26.991 30.132 29.542 27.905 31.608 33.503 36.868 35.927 34.632 37.837 40.505 39.521 37.326 39.685 42.717 44.805 42.715 44.879 47.680 45.894 46.560 49.904 52.742 50.484 51.176 47.663
50.381 51.291 50.816 53.072 51.427 52.104 51.483 47.930 47.401 48.538 46.318 43.194 44.090 44.507 41.018 39.591 38.899 41.024 38.841 35.640 32.857 35.808 37.622 41.312 43.069 44.918 41.678 40.999 44.683 44.711 41.601 43.201 46.502 45.105 42.602 44.994 48.302 47.773 47.886 45.482 46.310 45.372 43.303 42.528 41.165 39.084 39.123 35.485 36.631 35.255 37.736 38.034 39.349 41.525 42.499 39.352 38.849 35.339 33.757 32.900 30.031 27.703 29.470 31.816 32.629 36.008 35.405 36.245 33.367 31.095 27.345 28.144 25.389 27.847 25.819 28.965 29.230 32.967 35.490 36.719 40.280 39.471 39.277 42.965 44.405 47.141 44.896 42.281 39.910 37.355 37.524 37.145 34.147 32.387 33.444 31.928 28.527 29.082 30.173 27.131 24.555 25.774 28.118 30.628 33.824 33.159 31.614 35.333 37.139 40.549 39.611 38.208 41.376 44.115 43.151 40.858 43.108 46.226 48.336 46.329 48.470 51.321 49.603 50.242 53.552 56.402 54.158 54.796 51.251
52.157 52.841 52.382 54.517 52.709 53.533 53.136 49.516 48.894 50.272 48.199 44.928 45.854 46.554 43.098 41.520 40.542 42.504 40.132 37.100 34.074 36.781 38.573 42.334 44.282 45.875 42.513 42.121 45.801 45.520 42.445 44.300 47.427 45.790 43.454 46.073 49.330 49.067 49.304 47.126 47.926 46.707 44.570 43.495 42.059 39.689 39.466 35.912 37.425 36.229 38.861 39.182 40.803 43.067 43.938 40.623 40.024 36.675 34.943 34.312 31.206 29.057 31.148 33.707 34.600 37.834 37.254 37.734 34.659 32.252 28.554 29.626 27.134 29.852 27.853 31.138 31.691 35.338 37.729 38.652 42.325 41.679 41.211 44.843 46.500 49.192 47.089 44.298 42.142 39.569 39.413 39.040 36.268 34.316 35.048 33.668 30.322 30.459 31.349 28.495 25.785 26.462 28.459 31.316 34.496 33.446 32.163 35.922 37.396 40.929 40.048 38.301 41.322 44.267 43.472 40.985 43.065 46.347 48.660 46.904 49.205 52.016 50.492 51.335 54.534 57.549 55.509 56.345 52.877
48.933 49.498 49.094 51.205 49.377 50.342 50.010 46.340 45.774 47.318 45.261 41.939 43.019 43.873 40.392 38.855 37.641 39.639 37.315 34.284 31.232 33.920 35.496 39.291 41.186 42.621 39.176 38.810 42.446 42.033 38.917 40.822 43.873 42.134 39.824 42.512 45.760 45.625 45.887 43.832 44.607 43.245 41.098 39.916 38.514 36.067 35.859 32.365 34.006 32.767 35.391 35.666 37.418 39.720 40.558 37.180 36.506 33.241 31.453 30.980 27.803 25.691 27.935 30.641 31.667 34.825 34.406 34.694 31.476 29.167 25.467 26.497 24.103 26.918 24.914 28.284 29.089 32.628 34.926 35.594 39.331 38.787 38.112 41.694 43.501 46.167 44.205 41.311 39.353 36.724 36.332 36.051 33.457 31.307 31.879 30.708 27.344 27.183 28.107 25.462 22.559 23.023 25.028 27.979 31.041 29.839 28.529 32.268 33.642 37.210 36.422 34.627 37.588 40.582 39.901 37.461 39.621 42.876 45.285 43.538 45.967 48.673 47.131 48.124 51.326 54.391 52.415 53.409 50.024
47.192 47.578 46.939 48.860 46.847 47.692 47.543 43.908 43.104 44.675 42.825 39.394 40.279 41.303 37.941 36.152 34.884 36.656 34.150 31.274 28.073 30.601 32.347 36.135 38.221 39.660 36.269 36.112 39.809 39.383 36.436 38.525 41.550 39.910 37.810 40.617 43.707 43.523 44.060 42.120 43.175 41.775 39.892 38.782 37.712 35.290 35.367 32.030 33.769 32.187 34.530 34.410 36.080 38.124 38.641 35.168 34.809 31.641 30.182 30.119 27.108 24.671 26.704 29.707 31.175 34.421 34.427 34.731 31.380 29.455 25.715 26.285 23.685 26.217 23.795 26.942 28.179 31.688 34.195 34.659 38.391 37.608 36.685 40.317 42.031 44.474 42.417 39.369 37.429 35.037 34.473 33.878 31.409 29.425 29.666 28.272 25.130 24.952 25.458 22.724 20.075 20.348 22.064 25.043 28.282 27.174 26.186 30.004 31.475 34.948 33.864 32.022 35.113 38.012 37.119 34.522 36.519 39.838 42.158 40.503 42.836 45.654 44.271 45.185 48.292 51.402 49.520 50.501 47.113
43.935 44.202 43.630 45.534 43.516 44.520 44.424 40.739 40.016 41.762 39.918 36.450 37.521 38.701 35.317 33.606 32.074 33.906 31.489 28.609 25.414 27.934 29.390 33.208 35.202 36.468 32.984 32.830 36.471 35.912 32.908 35.034 37.983 36.242 34.159 37.029 40.111 40.057 40.611 38.801 39.828 38.286 36.407 35.202 34.195 31.719 31.855 28.612 30.461 28.801 31.092 30.896 32.692 34.761 35.242 31.710 31.274 28.208 26.713 26.851 23.811 21.405 23.573 26.729 28.355 31.492 31.699 31.810 28.337 26.591 22.908 23.354 20.886 23.453 21.038 24.222 25.750 29.086 31.470 31.644 35.418 34.745 33.598 37.159 39.027 41.434 39.540 36.396 34.687 32.243 31.418 30.936 28.688 26.484 26.537 25.407 22.267 21.720 22.273 19.824 16.938 16.933 18.690 21.769 24.854 23.585 22.540 26.337 27.720 31.228 30.250 28.382 31.423 34.363 33.592 31.075 33.200 36.467 38.888 37.212 39.691 42.380 40.951 42.029 45.153 48.305 46.477 47.628 44.336
42.742 42.738 41.931 43.579 41.324 42.256 42.430 38.784 37.788 39.647 38.088 34.485 35.367 36.828 33.619 31.616 29.912 31.425 28.776 26.163 22.751 24.960 26.545 30.357 32.602 33.757 30.303 30.486 34.158 33.471 30.691 33.093 35.922 34.223 32.451 35.500 38.361 38.346 39.234 37.649 38.952 37.294 35.705 34.502 33.855 31.366 31.740 28.770 30.786 28.847 30.821 30.198 31.972 33.754 33.839 30.192 30.082 27.246 26.110 26.786 23.955 21.343 23.301 26.752 28.828 31.929 32.578 32.597 29.018 27.687 24.116 24.144 21.656 23.887 21.142 23.998 26.037 29.204 31.699 31.550 35.279 34.424 32.935 36.470 38.290 40.416 38.502 35.172 33.597 31.438 30.315 29.509 27.544 25.492 25.034 23.754 20.984 20.232 20.185 17.817 15.278 14.725 15.893 19.120 22.352 21.052 20.524 24.359 25.716 29.111 27.823 25.798 28.917 31.795 30.851 28.109 30.000 33.377 35.768 34.276 36.710 39.485 38.290 39.362 42.337 45.581 43.930 45.143 41.901
39.571 39.385 38.573 40.135 37.823 38.880 39.167 35.497 34.515 36.563 35.087 31.433 32.449 34.124 30.964 28.987 26.981 28.466 25.883 23.355 19.940 22.041 23.316 27.140 29.332 30.286 26.755 27.021 30.635 29.798 27.027 29.533 32.259 30.496 28.833 31.977 34.755 34.858 35.858 34.461 35.825 34.022 32.554 31.298 30.858 28.371 28.926 26.180 28.288 26.173 27.929 27.071 28.917 30.602 30.523 26.807 26.745 24.110 23.106 24.168 21.475 18.858 20.787 24.416 26.764 29.706 30.687 30.527 26.877 25.912 22.530 22.249 19.940 21.979 19.201 21.872 24.311 27.188 29.569 29.053 32.754 31.941 30.153 33.582 35.508 37.501 35.743 32.296 30.995 28.899 27.444 26.656 25.027 22.840 22.023 20.992 18.412 17.198 16.979 15.028 12.425 11.280 12.252 15.631 18.723 17.263 16.850 20.666 21.959 25.333 24.039 21.974 25.096 27.971 27.077 24.373 26.364 29.697 32.165 30.674 33.233 35.900 34.703 35.924 38.885 42.179 40.613 41.997 38.870
39.514 38.987 37.941 39.170 36.578 37.588 38.233 34.642 33.348 35.561 34.462 30.693 31.488 33.518 30.626 28.341 26.105 27.131 24.275 22.209 18.576 20.097 21.468 25.223 27.740 28.449 24.970 25.744 29.313 28.233 25.799 28.657 31.132 29.369 28.158 31.504 33.969 34.195 35.573 34.503 36.117 34.155 32.999 31.691 31.606 29.093 29.794 27.422 29.720 27.461 28.893 27.638 29.491 30.856 30.331 26.540 26.807 24.567 23.937 25.544 23.108 20.500 22.199 25.981 28.658 31.449 32.786 32.476 28.795 28.177 25.018 24.479 22.322 24.036 21.131 23.385 26.224 28.835 31.217 30.355 33.941 33.012 30.875 34.178 36.067 37.729 36.018 32.411 31.335 29.584 27.787 26.685 25.476 23.491 22.066 20.967 18.973 17.475 16.467 14.875 12.938 10.926 10.657 14.222 17.336 15.714 16.153 19.834 20.916 24.096 22.471 20.113 23.213 26.042 25.009 21.980 23.581 27.090 29.581 28.419 30.959 33.684 32.838 34.108 36.832 40.255 38.966 40.465 37.451
35.954 35.308 34.281 35.482 32.898 34.036 34.711 31.096 29.885 32.254 31.169 27.398 28.387 30.558 27.698 25.541 23.028 24.119 21.458 19.414 15.923 17.417 18.316 22.075 24.417 24.965 21.395 22.139 25.646 24.485 22.005 24.895 27.322 25.549 24.381 27.759 30.169 30.452 31.891 30.960 32.622 30.585 29.573 28.302 28.460 26.067 27.042 24.916 27.152 24.687 25.818 24.309 26.143 27.379 26.717 22.904 23.243 21.207 20.785 22.742 20.586 18.002 19.525 23.363 26.258 28.868 30.517 30.115 26.474 26.276 23.375 22.467 20.508 21.904 19.058 21.012 24.147 26.414 28.655 27.483 30.978 30.079 27.706 30.882 32.836 34.380 32.824 29.154 28.347 26.657 24.581 23.538 22.676 20.585 18.840 18.061 16.321 14.367 13.204 12.226 10.367 7.645 7.008 10.719 13.620 11.897 12.415 16.052 17.191 20.309 18.666 16.396 19.593 22.351 21.331 18.446 20.327 23.705 26.240 24.936 27.611 30.204 29.239 30.642 33.424 36.850 35.566 37.211 34.303
37.225 36.230 34.952 35.759 32.873 33.921 35.008 31.538 29.962 32.465 31.831 27.995 28.670 31.187 28.676 26.194 23.529 24.021 21.049 19.650 16.013 16.663 17.727 21.295 24.039 24.282 20.864 22.258 25.637 24.196 22.208 25.458 27.534 25.786 25.185 28.719 30.732 31.152 32.986 32.409 34.298 32.133 31.437 30.117 30.581 28.175 29.197 27.436 29.835 27.351 28.213 26.402 28.210 29.113 28.005 24.210 24.885 23.302 23.225 25.571 23.641 21.165 22.475 26.321 29.395 31.855 33.727 33.204 29.584 29.582 26.860 25.868 24.041 25.221 22.336 23.936 27.275 29.336 31.565 30.155 33.493 32.493 29.864 32.872 34.746 35.942 34.431 30.667 30.060 28.752 26.432 25.069 24.608 22.819 20.571 19.685 18.597 16.571 14.642 14.040 13.047 9.960 7.790 11.243 13.959 12.120 13.751 16.972 17.754 20.525 18.514 15.885 18.926 21.584 20.406 17.088 18.321 21.950 24.501 23.687 26.293 28.956 28.474 29.906 32.354 35.916 34.982 36.727 33.967
40.003 38.950 37.889 38.719 35.858 37.130 38.270 34.763 33.318 35.965 35.298 31.483 32.314 34.862 32.300 29.928 27.181 27.716 24.794 23.431 19.832 20.408 21.310 24.805 27.502 27.468 23.978 25.453 28.683 26.932 24.876 28.175 30.038 27.933 27.352 31.000 33.072 33.819 35.527 35.072 36.695 34.296 33.314 31.621 31.749 28.994 29.529 27.747 30.493 28.409 29.654 28.194 30.378 31.594 30.687 26.849 27.114 25.590 25.042 27.244 24.917 22.812 24.627 28.441 31.249 33.578 35.172 34.349 30.608 30.234 27.524 27.049 25.497 27.147 24.532 26.520 29.696 31.818 33.841 32.377 35.838 35.145 32.520 35.451 37.575 38.920 37.591 33.839 33.350 31.816 29.436 28.365 27.894 25.821 23.707 23.106 21.744 19.503 17.969 17.459 15.943 12.822 11.016 14.651 17.001 14.564 16.063 19.190 19.364 22.380 20.818 17.772 20.341 23.383 22.712 19.368 20.421 24.140 26.994 26.483 29.286 31.739 31.381 33.071 35.410 39.048 38.274 40.183 37.534
38.063 37.194 36.460 37.599 35.004 36.530 37.383 33.741 32.701 35.395 34.374 30.641 31.896 34.264 31.449 29.467 26.652 27.680 25.130 23.348 19.977 21.069 21.511 25.115 27.383 27.357 23.666 24.673 27.873 26.143 23.651 26.702 28.692 26.383 25.393 28.979 31.358 32.196 33.553 32.968 34.285 31.831 30.530 28.697 28.531 25.669 26.049 24.099 26.874 24.936 26.432 25.279 27.673 29.235 28.710 24.859 24.674 22.991 22.029 24.023 21.471 19.595 21.754 25.495 28.089 30.322 31.744 30.791 27.014 26.507 23.842 23.552 22.225 24.123 21.808 24.072 27.104 29.180 30.979 29.501 33.062 32.650 30.112 33.023 35.367 36.985 35.820 32.141 31.728 29.838 27.474 26.851 26.295 23.823 21.996 21.832 20.062 17.548 16.701 16.393 14.181 11.084 10.128 13.925 16.001 13.271 13.983 17.241 17.355 20.728 19.683 16.757 19.287 22.561 22.261 19.324 21.014 24.503 27.511 26.641 29.675 31.908 31.137 33.004 35.600 39.166 38.181 40.170 37.519
41.107 40.441 39.773 41.053 38.535 39.986 40.700 37.027 36.020 38.560 37.396 33.671 34.863 37.032 34.082 32.084 29.513 30.655 28.010 26.029 22.550 23.887 24.676 28.362 30.685 30.880 27.210 28.069 31.373 29.795 27.205 30.125 32.261 29.964 28.770 32.270 34.811 35.563 36.746 35.941 37.134 34.780 33.246 31.389 30.889 27.925 27.997 25.711 28.492 26.798 28.667 27.859 30.280 32.063 31.794 27.957 27.612 25.618 24.363 25.906 23.024 21.137 23.532 27.205 29.524 31.935 32.980 32.115 28.303 27.314 24.381 24.517 23.027 25.304 22.995 25.634 28.343 30.760 32.654 31.509 35.198 34.815 32.555 35.617 37.944 39.774 38.477 34.873 34.187 32.121 30.053 29.480 28.530 26.041 24.616 24.222 22.063 19.923 19.386 18.494 15.987 13.501 13.183 16.997 19.387 16.863 17.200 20.620 20.843 24.326 23.373 20.526 23.030 26.343 26.046 23.101 24.721 28.256 31.214 30.323 33.268 35.602 34.798 36.549 39.197 42.733 41.647 43.498 40.715
41.780 41.454 40.890 42.443 40.131 41.493 41.892 38.170 37.329 39.634 38.175 34.523 35.763 37.594 34.432 32.581 30.314 31.779 29.241 26.869 23.463 25.301 26.264 30.051 32.217 32.770 29.102 29.544 32.979 31.734 28.905 31.527 33.969 31.799 30.211 33.505 36.308 36.823 37.724 36.557 37.622 35.502 33.753 32.049 31.273 28.399 28.406 25.708 28.239 26.617 28.750 28.246 30.546 32.536 32.608 28.840 28.347 25.929 24.449 25.466 22.389 20.374 22.866 26.407 28.456 31.097 31.809 31.194 27.429 26.092 22.868 23.223 21.469 23.992 21.699 24.654 26.983 29.715 31.720 30.988 34.769 34.370 32.477 35.719 37.972 40.067 38.609 35.146 34.139 31.849 30.170 29.722 28.316 25.795 24.908 24.352 21.736 20.028 20.004 18.581 15.707 14.036 14.667 18.332 20.973 18.821 18.495 22.121 22.736 26.324 25.467 22.968 25.651 28.893 28.506 25.759 27.653 31.080 33.896 32.686 35.529 37.955 36.873 38.443 41.301 44.715 43.349 44.997 42.036
45.119 44.940 44.410 46.044 43.779 45.069 45.381 41.660 40.821 43.000 41.461 37.836 38.994 40.669 37.446 35.579 33.523 35.024 32.419 29.966 26.528 28.462 29.668 33.472 35.691 36.387 32.757 33.138 36.625 35.474 32.621 35.166 37.684 35.532 33.847 37.072 39.957 40.409 41.199 39.885 40.862 38.835 36.943 35.242 34.238 31.331 31.106 28.214 30.690 29.296 31.664 31.411 33.691 35.804 36.039 32.315 31.740 29.153 27.515 28.181 24.947 22.989 25.557 28.944 30.721 33.465 33.841 33.326 29.622 27.900 24.539 25.255 23.411 26.156 23.937 27.088 29.076 32.044 34.104 33.669 37.489 37.105 35.457 38.780 40.985 43.216 41.655 38.280 37.065 34.687 33.262 32.831 31.153 28.694 28.100 27.366 24.562 23.185 23.313 21.548 18.658 17.427 18.252 21.848 24.631 22.593 22.159 25.813 26.461 30.079 29.254 26.769 29.424 32.689 32.294 29.508 31.311 34.788 37.572 36.381 39.148 41.652 40.579 42.058 44.929 48.321 46.897 48.431 45.380
46.914 47.001 46.599 48.442 46.357 47.612 47.686 43.948 43.269 45.277 43.513 39.989 41.203 42.602 39.243 37.540 35.725 37.455 34.970 32.278 28.965 31.192 32.465 36.293 38.368 39.271 35.655 35.752 39.274 38.323 35.315 37.624 40.306 38.209 36.258 39.307 42.370 42.696 43.234 41.672 42.480 40.624 38.532 36.911 35.633 32.797 32.417 29.261 31.522 30.329 32.931 33.002 35.208 37.503 38.038 34.420 33.673 30.838 28.987 29.172 25.817 23.939 26.567 29.700 31.113 33.952 33.939 33.595 30.023 27.936 24.450 25.491 23.570 26.522 24.493 27.858 29.393 32.562 34.617 34.543 38.383 38.061 36.754 40.148 42.308 44.760 43.123 39.914 38.483 35.922 34.829 34.560 32.562 30.093 29.948 29.165 26.072 25.032 25.561 23.530 20.478 19.834 21.165 24.592 27.417 25.570 24.735 28.413 29.219 32.887 32.201 29.914 32.600 35.846 35.465 32.827 34.791 38.192 40.916 39.542 42.261 44.785 43.526 44.910 47.911 51.211 49.603 51.003 47.850
50.044 50.170 49.616 51.399 49.234 50.299 50.404 46.717 45.862 47.727 46.041 42.496 43.460 44.793 41.493 39.609 38.004 39.584 36.923 34.299 30.896 33.058 34.681 38.491 40.750 41.809 38.291 38.482 42.094 41.248 38.360 40.722 43.466 41.493 39.612 42.660 45.673 45.865 46.497 44.856 45.795 44.052 42.047 40.538 39.318 36.540 36.204 33.019 35.203 33.961 36.516 36.513 38.576 40.759 41.207 37.593 37.038 34.132 32.435 32.580 29.304 27.255 29.688 32.803 34.229 37.212 37.150 36.997 33.491 31.361 27.798 28.794 26.654 29.488 27.287 30.561 31.990 35.325 37.575 37.703 41.515 41.005 39.812 43.304 45.294 47.703 45.877 42.687 41.045 38.611 37.690 37.194 35.034 32.814 32.713 31.595 28.566 27.850 28.170 25.824 23.054 22.590 23.778 27.150 30.215 28.551 27.905 31.652 32.586 36.189 35.275 32.978 35.765 38.942 38.360 35.562 37.319 40.814 43.419 42.120 44.674 47.370 46.233 47.440 50.383 53.675 52.066 53.309 50.062
52.427 52.750 52.334 54.279 52.264 53.343 53.270 49.570 48.865 50.626 48.766 45.313 46.352 47.482 44.087 42.362 40.913 42.667 40.118 37.340 34.053 36.396 38.007 41.824 43.958 45.120 41.597 41.591 45.199 44.454 41.445 43.634 46.461 44.483 42.413 45.333 48.479 48.624 49.041 47.240 48.000 46.363 44.175 42.683 41.216 38.472 37.949 34.607 36.641 35.639 38.391 38.682 40.726 43.076 43.774 40.252 39.516 36.471 34.575 34.347 30.989 29.107 31.607 34.468 35.545 38.525 38.105 38.041 34.685 32.248 28.691 30.002 27.921 30.907 28.956 32.367 33.400 36.830 39.000 39.393 43.193 42.790 41.867 45.367 47.351 49.940 48.102 45.059 43.295 40.708 40.025 39.702 37.342 35.091 35.318 34.236 31.020 30.489 31.116 28.676 25.789 25.649 27.132 30.413 33.439 31.831 30.914 34.636 35.602 39.255 38.502 36.305 39.057 42.259 41.754 39.070 40.944 44.389 46.994 45.586 48.141 50.816 49.545 50.724 53.757 56.988 55.257 56.428 53.129
55.034 55.423 54.849 56.753 54.689 55.559 55.479 51.842 50.985 52.569 50.765 47.323 48.120 49.143 45.813 43.948 42.738 44.376 41.713 38.979 35.673 37.991 39.906 43.682 45.941 47.293 43.886 43.912 47.601 47.014 44.106 46.303 49.222 47.410 45.374 48.262 51.366 51.333 51.830 49.923 50.830 49.342 47.267 45.939 44.572 41.933 41.542 38.163 40.075 38.945 41.599 41.779 43.637 45.850 46.465 42.970 42.442 39.312 37.603 37.347 34.114 32.023 34.285 37.122 38.244 41.378 40.963 41.134 37.856 35.463 31.831 32.988 30.665 33.466 31.335 34.606 35.541 39.106 41.480 42.078 45.828 45.208 44.413 48.010 49.793 52.330 50.290 47.291 45.308 42.863 42.373 41.830 39.308 37.325 37.617 36.218 33.078 32.879 33.343 30.622 28.013 28.088 29.510 32.675 35.906 34.530 33.729 37.517 38.671 42.248 41.268 39.134 42.024 45.120 44.388 41.603 43.339 46.827 49.275 47.877 50.244 53.085 51.885 52.858 55.858 59.045 57.273 58.257 54.861
58.366 58.863 58.361 60.344 58.348 59.216 59.053 55.417 54.622 56.141 54.260 50.869 51.677 52.586 49.223 47.425 46.319 48.016 45.386 42.603 39.346 41.716 43.658 47.430 49.655 51.055 47.650 47.608 51.294 50.742 47.787 49.912 52.860 51.029 48.912 51.742 54.911 54.867 55.251 53.263 54.062 52.628 50.442 49.102 47.574 44.936 44.390 40.944 42.787 41.844 44.624 44.989 46.849 49.158 49.909 46.463 45.833 42.643 40.817 40.350 37.071 35.111 37.410 40.080 40.970 44.077 43.415 43.627 40.467 37.872 34.294 35.670 33.422 36.298 34.337 37.661 38.341 41.947 44.260 45.027 48.753 48.202 47.577 51.169 52.941 55.577 53.526 50.620 48.559 46.043 45.699 45.240 42.609 40.632 41.096 39.703 36.487 36.389 36.983 34.218 31.580 31.778 33.289 36.430 39.644 38.267 37.372 41.142 42.273 45.881 44.985 42.859 45.708 48.839 48.160 45.399 47.146 50.635 53.095 51.682 54.045 56.886 55.651 56.606 59.632 62.795 60.977 61.911 58.483
58.512 58.950 58.654 60.686 58.740 59.846 59.700 55.995 55.358 57.069 55.128 51.727 52.775 53.789 50.356 48.694 47.355 49.149 46.601 43.798 40.532 42.885 44.556 48.369 50.504 51.679 48.148 48.113 51.705 50.944 47.888 50.021 52.838 50.779 48.638 51.509 54.730 54.923 55.192 53.321 53.899 52.284 49.909 48.329 46.586 43.785 42.932 39.531 41.530 40.898 43.878 44.476 46.583 49.096 49.984 46.516 45.604 42.516 40.413 39.891 36.432 34.819 37.419 40.037 40.746 43.636 42.810 42.729 39.546 36.753 33.333 35.061 33.171 36.307 34.640 38.141 38.815 42.290 44.331 44.934 48.708 48.452 47.748 51.217 53.227 55.959 54.134 51.206 49.363 46.669 46.155 45.957 43.470 41.210 41.639 40.578 37.272 36.838 37.606 35.124 32.210 32.165 33.676 36.969 39.964 38.281 37.304 40.980 41.818 45.523 44.913 42.651 45.278 48.572 48.191 45.497 47.316 50.798 53.462 52.113 54.686 57.351 56.086 57.283 60.318 63.549 61.801 62.938 59.610
60.237 60.824 60.717 62.903 61.118 62.314 62.012 58.287 57.846 59.527 57.419 54.113 55.316 56.192 52.669 51.210 49.915 51.893 49.496 46.560 43.412 45.912 47.449 51.270 53.242 54.429 50.863 50.646 54.187 53.459 50.274 52.244 55.084 52.971 50.666 53.417 56.750 56.968 57.013 55.053 55.408 53.843 51.283 49.673 47.692 44.919 43.864 40.394 42.266 41.910 45.056 45.945 48.082 50.768 51.899 48.528 47.392 44.251 41.939 41.118 37.607 36.250 38.942 41.306 41.677 44.450 43.303 43.211 40.202 37.172 33.889 35.911 34.219 37.477 36.128 39.725 40.087 43.529 45.385 46.135 49.869 49.799 49.293 52.696 54.761 57.654 55.912 53.120 51.272 48.415 48.035 48.071 45.503 43.139 43.809 42.908 39.462 39.053 40.112 37.686 34.619 34.733 36.471 39.712 42.582 40.875 39.651 43.250 44.045 47.791 47.400 45.217 47.756 51.090 50.857 48.309 50.281 53.691 56.406 54.955 57.595 60.171 58.760 60.009 63.131 66.316 64.478 65.622 62.294
61.620 62.175 62.262 64.495 62.774 64.167 63.866 60.101 59.806 61.629 59.468 56.180 57.575 58.514 54.946 53.614 52.155 54.209 51.892 48.951 45.823 48.296 49.616 53.446 55.331 56.334 52.685 52.466 55.904 55.009 51.753 53.702 56.414 54.114 51.790 54.543 57.911 58.334 58.254 56.393 56.528 54.826 52.093 50.278 48.082 45.191 43.823 40.428 42.400 42.386 45.703 46.835 49.169 52.030 53.298 49.947 48.555 45.524 42.974 42.071 38.443 37.442 40.359 42.612 42.770 45.306 43.965 43.613 40.656 37.440 34.387 36.741 35.416 38.857 37.811 41.514 41.819 45.117 46.704 47.338 51.072 51.277 50.741 54.008 56.263 59.241 57.702 54.927 53.260 50.262 49.769 50.038 47.590 45.016 45.680 45.057 41.560 40.903 42.109 39.923 36.676 36.615 38.338 41.659 44.321 42.380 41.089 44.561 45.090 48.887 48.762 46.484 48.798 52.251 52.287 49.818 51.833 55.215 58.089 56.699 59.501 61.916 60.483 61.927 65.046 68.273 66.494 67.796 64.557
58.723 59.423 59.638 62.011 60.460 61.896 61.421 57.658 57.551 59.315 56.995 53.816 55.359 56.156 52.516 51.398 49.987 52.240 50.125 47.033 44.073 46.736 47.890 51.707 53.378 54.442 50.794 50.338 53.726 52.947 49.576 51.322 54.105 51.851 49.350 51.949 55.409 55.767 55.503 53.535 53.539 51.941 49.125 47.394 45.103 42.334 40.992 37.503 39.277 39.316 42.671 43.952 46.220 49.162 50.611 47.372 45.856 42.753 40.113 38.985 35.388 34.494 37.406 39.469 39.433 41.928 40.447 40.166 37.325 34.042 31.021 33.453 32.198 35.666 34.827 38.564 38.667 41.918 43.395 44.134 47.823 48.117 47.730 50.955 53.211 56.290 54.804 52.149 50.482 47.373 46.997 47.450 44.947 42.305 43.183 42.699 39.098 38.495 39.980 37.849 34.487 34.651 36.667 39.847 42.393 40.553 38.970 42.376 43.006 46.791 46.805 44.728 47.060 50.453 50.530 48.265 50.508 53.755 56.596 55.010 57.828 60.167 58.533 59.971 63.202 66.339 64.430 65.709 62.475
56.224 56.752 56.852 59.096 57.406 58.844 58.524 54.750 54.516 56.380 54.197 50.919 52.410 53.381 49.797 48.538 46.993 49.117 46.902 43.917 40.853 43.387 44.549 48.375 50.153 51.128 47.463 47.168 50.575 49.694 46.398 48.303 51.025 48.743 46.382 49.118 52.494 52.909 52.827 50.986 51.142 49.424 46.726 44.939 42.819 39.953 38.724 35.300 37.276 37.118 40.381 41.441 43.776 46.621 47.877 44.526 43.127 40.104 37.566 36.730 33.101 32.061 35.008 37.329 37.596 40.148 38.966 38.586 35.523 32.420 29.277 31.526 30.183 33.641 32.575 36.297 36.732 39.974 41.551 42.065 45.827 46.034 45.405 48.660 50.953 53.905 52.418 49.611 48.032 45.015 44.433 44.754 42.385 39.728 40.357 39.850 36.342 35.579 36.865 34.792 31.454 31.385 33.218 36.497 39.072 37.147 35.745 39.198 39.776 43.567 43.477 41.288 43.636 47.048 47.090 44.725 46.876 50.177 53.041 51.554 54.388 56.744 55.225 56.700 59.860 63.061 61.258 62.607 59.408
57.693 58.072 58.298 60.489 58.770 60.398 60.194 56.391 56.208 58.267 56.141 52.830 54.447 55.588 52.021 50.783 49.013 51.090 48.869 45.991 42.878 45.252 46.236 50.052 51.838 52.557 48.821 48.663 51.961 50.828 47.543 49.537 52.057 49.558 47.301 50.125 53.457 54.137 54.046 52.407 52.419 50.483 47.681 45.629 43.377 40.320 38.775 35.519 37.739 37.880 41.263 42.453 45.035 47.991 49.257 45.873 44.288 41.465 38.756 38.017 34.277 33.562 36.732 39.061 39.262 41.564 40.332 39.605 36.509 33.314 30.419 32.923 31.955 35.552 34.680 38.453 39.001 42.071 43.417 43.686 47.461 47.902 47.110 50.220 52.716 55.664 54.384 51.519 50.173 47.098 46.288 46.748 44.591 41.753 42.211 41.948 38.492 37.398 38.661 36.869 33.435 33.016 34.638 38.050 40.423 38.193 36.901 40.217 40.440 44.265 44.385 41.998 44.078 47.628 47.938 45.569 47.645 50.961 54.001 52.689 55.682 57.887 56.458 58.151 61.231 64.516 62.864 64.407 61.326
55.387 55.714 56.115 58.340 56.708 58.525 58.311 54.492 54.477 56.669 54.499 51.238 53.068 54.273 50.690 49.619 47.671 49.839 47.775 44.896 41.884 44.247 44.928 48.709 50.331 50.867 47.083 46.870 50.028 48.768 45.420 47.348 49.740 47.104 44.823 47.617 50.961 51.814 51.614 50.092 49.925 47.865 44.953 42.743 40.367 37.233 35.496 32.325 34.643 35.005 38.476 39.824 42.566 45.641 47.006 43.669 41.863 39.183 36.296 35.549 31.750 31.362 34.710 36.957 37.050 39.115 37.846 36.852 33.753 30.513 27.831 30.530 29.923 33.629 33.028 36.838 37.426 40.285 41.370 41.438 45.195 45.874 44.992 47.945 50.614 53.592 52.533 49.682 48.565 45.391 44.426 45.116 43.144 40.106 40.523 40.585 37.134 35.763 37.188 35.716 32.134 31.557 33.207 36.599 38.688 36.290 34.877 38.013 38.020 41.849 42.237 39.854 41.730 45.328 45.881 43.681 45.875 49.079 52.225 50.905 54.036 56.046 54.547 56.415 59.503 62.786 61.175 62.871 59.910
52.686 52.853 53.298 55.449 53.785 55.733 55.621 51.798 51.814 54.162 52.066 48.786 50.720 52.085 48.548 47.505 45.350 47.477 45.466 42.685 39.694 41.934 42.395 46.134 47.709 48.044 44.228 44.098 47.151 45.723 42.399 44.388 46.630 43.875 41.689 44.556 47.835 48.857 48.709 47.370 47.181 44.950 42.053 39.689 37.353 34.095 32.294 29.262 31.806 32.194 35.643 36.942 39.842 42.920 44.212 40.845 38.967 36.471 33.543 33.014 29.182 28.952 32.424 34.770 34.993 36.902 35.825 34.574 31.343 28.236 25.673 28.350 27.971 31.697 31.148 34.924 35.759 38.430 39.386 39.153 42.922 43.708 42.599 45.442 48.247 51.144 50.244 47.315 46.428 43.268 42.055 42.815 41.085 37.919 38.125 38.408 35.063 33.383 34.768 33.597 29.970 29.094 30.596 34.018 35.892 33.304 31.955 34.963 34.748 38.572 39.090 36.625 38.339 41.986 42.701 40.557 42.757 45.910 49.146 47.903 51.136 53.013 51.552 53.570 56.601 59.920 58.419 60.266 57.423
49.596 49.745 50.040 52.151 50.421 52.263 52.169 48.348 48.268 50.571 48.515 45.193 47.045 48.423 44.905 43.782 41.653 43.750 41.706 38.915 35.906 38.175 38.699 42.456 44.069 44.498 40.700 40.568 43.702 42.367 39.061 41.092 43.437 40.799 38.618 41.527 44.792 45.680 45.653 44.268 44.273 42.099 39.351 37.128 35.014 31.817 30.353 27.232 29.757 29.760 33.059 34.104 36.896 39.845 41.003 37.574 35.882 33.305 30.548 30.176 26.383 25.837 29.218 31.754 32.246 34.353 33.548 32.457 29.073 26.189 23.359 25.706 25.041 28.673 27.860 31.594 32.612 35.355 36.510 36.256 40.071 40.654 39.468 42.424 45.133 47.951 46.931 43.933 42.979 39.907 38.676 39.285 37.537 34.442 34.577 34.739 31.422 29.785 31.081 29.832 26.238 25.382 26.924 30.338 32.330 29.856 28.518 31.659 31.650 35.481 35.804 33.400 35.321 38.902 39.424 37.232 39.470 42.641 45.787 44.467 47.628 49.603 48.131 50.048 53.102 56.409 54.867 56.648 53.758
46.279 46.316 46.674 48.754 47.043 49.010 48.960 45.138 45.140 47.566 45.539 42.236 44.228 45.713 42.231 41.202 38.891 41.007 39.092 36.357 33.447 35.650 35.895 39.595 41.083 41.347 37.524 37.386 40.406 38.961 35.637 37.663 39.899 37.176 35.025 37.961 41.196 42.207 42.188 40.943 40.913 38.611 35.876 33.548 31.487 28.215 26.770 23.746 26.437 26.402 29.656 30.651 33.567 36.524 37.647 34.217 32.435 30.016 27.214 27.034 23.234 22.851 26.338 28.937 29.549 31.499 30.906 29.602 26.103 23.415 20.706 22.960 22.535 26.143 25.426 29.094 30.330 32.846 33.854 33.315 37.121 37.810 36.429 39.271 42.098 44.853 43.994 40.952 40.225 37.154 35.706 36.428 34.917 31.688 31.661 32.092 28.877 26.935 28.274 27.375 23.724 22.626 24.122 27.486 29.210 26.596 25.207 28.203 28.035 31.864 32.344 29.947 31.747 35.343 36.012 33.953 36.292 39.358 42.561 41.231 44.485 46.313 44.805 46.850 49.890 53.196 51.709 53.616 50.839
43.156 43.122 43.320 45.327 43.530 45.415 45.420 41.600 41.498 43.923 41.968 38.611 40.539 42.090 38.651 37.538 35.188 37.252 35.315 32.607 29.687 31.876 32.117 35.823 37.342 37.649 33.835 33.725 36.807 35.414 32.122 34.222 36.527 33.906 31.800 34.808 37.998 38.906 39.048 37.812 38.002 35.720 33.180 30.984 29.221 26.019 24.989 21.973 24.662 24.162 27.177 27.829 30.652 33.438 34.372 30.861 29.288 26.849 24.268 24.380 20.675 19.941 23.318 26.169 27.153 29.258 29.053 27.875 24.220 21.923 19.025 20.774 20.083 23.503 22.481 26.037 27.576 30.086 31.276 30.614 34.450 34.932 33.391 36.316 39.066 41.694 40.749 37.609 36.881 33.930 32.379 32.940 31.499 28.323 28.124 28.488 25.363 23.353 24.557 23.689 20.077 18.865 20.347 23.711 25.495 22.952 21.604 24.722 24.734 28.563 28.847 26.496 28.495 32.022 32.511 30.415 32.800 35.868 38.995 37.601 40.805 42.705 41.199 43.175 46.223 49.528 48.030 49.909 47.114
39.542 39.515 39.845 41.929 40.263 42.275 42.189 38.369 38.466 40.943 38.902 35.641 37.786 39.322 35.874 34.994 32.537 34.756 33.092 30.339 27.673 29.929 29.800 33.419 34.660 34.884 31.067 30.758 33.705 32.324 28.921 30.855 33.140 30.493 28.256 31.180 34.428 35.380 35.403 34.200 34.286 31.963 29.379 27.160 25.402 22.221 21.312 18.283 20.978 20.387 23.375 24.057 26.952 29.806 30.836 27.391 25.646 23.276 20.578 20.741 17.036 16.518 20.011 22.814 23.824 25.767 25.725 24.410 20.693 18.623 15.857 17.459 17.058 20.430 19.644 23.124 24.758 26.998 27.986 27.111 30.921 31.543 29.911 32.721 35.576 38.216 37.437 34.334 33.805 30.786 29.113 29.905 28.648 25.305 25.108 25.835 22.755 20.490 21.968 21.504 17.801 16.569 18.273 21.379 22.788 20.246 18.554 21.479 21.471 25.291 25.818 23.683 25.610 29.069 29.691 27.899 30.547 33.388 36.503 34.942 38.210 39.938 38.250 40.310 43.426 46.657 45.106 47.059 44.358
36.717 36.530 36.645 38.588 36.775 38.712 38.755 34.939 34.879 37.408 35.511 32.162 34.227 35.914 32.557 31.544 28.969 31.070 29.365 26.713 24.030 26.185 25.994 29.605 30.906 31.111 27.291 27.088 30.093 28.706 25.372 27.466 29.780 27.226 25.122 28.187 31.327 32.206 32.487 31.376 31.764 29.415 27.133 25.054 23.760 20.690 20.347 17.532 20.210 19.011 21.560 21.701 24.492 27.073 27.784 24.209 22.769 20.472 18.146 18.865 15.425 14.435 17.690 20.849 22.406 24.460 24.977 23.785 19.965 18.558 15.781 16.559 15.876 18.815 17.612 20.808 22.922 25.056 26.243 25.123 28.921 29.282 27.368 30.236 33.005 35.430 34.580 31.323 30.864 28.048 26.154 26.712 25.648 22.381 21.827 22.517 19.657 17.173 18.374 18.099 14.514 12.915 14.474 17.584 18.996 16.457 14.893 17.965 18.125 21.941 22.208 20.078 22.229 25.612 26.036 24.180 26.859 29.706 32.755 31.167 34.402 36.196 34.555 36.575 39.667 42.925 41.413 43.377 40.686
33.207 33.198 33.347 35.456 33.820 35.716 35.529 31.706 31.829 34.235 32.150 28.909 31.122 32.627 29.192 28.423 25.930 28.298 26.902 24.045 21.696 24.131 23.712 27.256 28.237 28.634 24.874 24.261 27.260 26.174 22.674 24.462 27.010 24.676 22.272 25.133 28.415 29.052 29.188 27.867 28.281 26.120 23.880 22.096 20.954 18.209 18.407 15.468 17.704 16.023 18.367 18.380 20.965 23.539 24.382 20.882 19.436 16.897 14.614 15.282 11.973 10.670 13.870 17.073 18.790 20.963 21.721 20.768 16.960 15.974 13.128 13.283 12.435 15.150 13.949 17.072 19.252 21.281 22.499 21.388 25.194 25.476 23.613 26.554 29.264 31.751 30.867 27.674 27.186 24.290 22.472 23.177 22.069 18.708 18.364 19.244 16.290 13.802 15.477 15.370 11.674 10.567 12.823 15.385 16.601 14.519 12.270 15.333 16.018 19.735 20.026 18.449 20.816 23.902 24.161 22.672 25.690 28.249 31.081 29.132 32.270 34.034 32.096 33.988 37.249 40.353 38.626 40.488 37.764
30.343 30.053 30.095 32.036 30.280 32.267 32.259 28.444 28.516 31.115 29.209 25.926 28.210 29.969 26.697 25.916 23.129 25.367 24.089 21.464 19.280 21.447 20.630 24.048 24.938 25.094 21.309 20.807 23.702 22.446 18.985 20.935 23.356 20.977 18.746 21.794 24.930 25.679 26.062 25.021 25.645 23.302 21.371 19.587 18.966 16.315 17.038 14.649 16.921 14.768 16.499 15.900 18.522 20.814 21.296 17.676 16.410 14.245 12.369 13.925 11.195 9.823 12.590 16.008 18.250 20.180 21.566 20.500 16.748 16.603 14.282 13.645 13.020 14.968 13.655 16.128 18.855 20.405 21.549 19.913 23.579 23.772 21.456 24.245 26.998 29.201 28.458 25.112 24.971 22.317 20.044 20.666 20.083 16.726 15.778 16.999 14.564 11.466 12.838 13.530 10.247 8.408 10.241 12.483 13.172 10.908 8.627 11.590 12.233 15.945 16.213 14.682 17.080 20.093 20.369 19.014 22.151 24.564 27.405 25.453 28.671 30.316 28.401 30.421 33.625 36.764 35.153 37.169 34.588
27.102 27.079 27.115 29.278 27.749 29.617 29.294 25.472 25.754 28.141 25.980 22.831 25.270 26.759 23.375 22.896 20.279 22.872 21.993 19.101 17.408 19.934 18.904 22.190 22.667 23.154 19.517 18.423 21.335 20.578 16.942 18.419 21.216 19.245 16.611 19.313 22.624 22.958 23.165 21.782 22.509 20.495 18.694 17.446 17.123 15.096 16.558 14.162 15.644 12.846 14.084 13.173 15.345 17.554 18.189 14.668 13.510 10.883 9.280 10.865 8.692 6.585 8.888 12.443 15.021 17.150 18.894 18.262 14.705 15.185 12.945 11.356 10.423 11.691 10.287 12.441 15.321 16.714 17.979 16.391 20.053 20.042 17.796 20.752 23.367 25.650 24.793 21.514 21.271 18.524 16.373 17.147 16.466 12.999 12.356 13.823 11.293 8.213 10.373 11.295 8.142 7.381 10.055 11.218 11.638 10.382 7.117 9.927 11.555 14.876 15.060 14.439 17.075 19.534 19.491 18.627 22.062 24.082 26.553 24.155 27.157 28.804 26.525 28.304 31.715 34.636 32.732 34.567 31.911
24.505 24.119 24.206 26.217 24.644 26.782 26.639 22.838 23.232 25.919 23.941 20.858 23.525 25.301 22.171 21.852 18.856 21.303 20.739 18.241 16.955 19.016 17.316 20.273 20.456 20.487 16.857 15.808 18.381 17.314 13.637 15.183 17.713 15.541 13.008 15.931 19.125 19.763 20.143 19.207 20.000 17.640 16.113 14.724 14.961 13.058 14.997 13.397 14.905 11.884 12.347 10.771 13.152 15.107 15.403 11.794 10.568 8.739 7.613 10.374 9.156 7.892 9.395 12.629 15.446 16.945 19.222 18.267 14.948 16.181 14.742 12.832 12.615 13.131 12.141 13.353 16.508 17.103 17.952 15.648 18.994 19.124 16.327 18.866 21.664 23.631 23.151 19.782 20.171 17.700 14.930 15.858 16.037 12.615 11.220 13.437 11.836 8.149 9.869 12.016 9.826 8.442 10.079 10.451 9.616 8.202 4.668 6.483 7.937 11.163 11.715 11.382 13.743 16.046 16.274 15.855 19.460 21.128 23.644 21.253 24.417 25.740 23.423 25.487 28.818 31.751 30.014 32.119 29.735
20.931 20.661 20.629 22.779 21.376 23.410 23.027 19.221 19.813 22.369 20.232 17.287 20.157 21.786 18.682 18.703 15.760 18.467 18.448 15.916 15.372 17.513 15.419 18.014 17.652 17.922 14.559 12.844 15.318 14.805 11.017 11.990 14.933 13.354 10.484 13.023 16.285 16.436 16.816 15.660 16.797 14.765 13.757 13.168 14.172 13.233 15.972 14.766 15.419 11.876 11.217 8.732 10.255 11.684 11.794 8.174 7.447 5.450 5.899 9.226 9.486 7.954 7.807 10.731 14.015 15.444 18.300 17.800 14.997 16.990 15.897 13.196 12.838 12.197 11.221 11.318 14.694 14.724 15.619 13.108 16.158 15.932 12.893 15.474 18.079 19.896 19.364 15.961 16.507 14.200 11.204 12.238 12.818 9.501 7.891 10.742 9.807 6.250 8.276 11.068 9.876 9.379 11.019 10.001 8.440 8.539 4.870 5.205 7.987 10.105 10.419 11.361 13.793 15.216 15.014 15.258 19.021 20.141 22.170 19.344 22.230 23.488 20.810 22.636 26.137 28.837 26.852 28.831 26.448
19.444 18.922 19.433 21.620 20.499 23.048 22.680 19.000 20.085 22.894 20.808 18.263 21.488 23.179 20.361 20.818 17.741 20.317 20.715 18.595 18.410 20.122 17.520 19.621 18.807 18.451 15.295 13.570 15.192 14.239 10.452 10.969 13.272 11.157 7.989 10.523 13.931 14.763 14.804 14.202 14.775 12.130 10.879 9.734 10.983 10.131 13.154 12.722 13.343 10.001 8.786 6.080 8.460 10.210 10.595 7.415 5.291 5.062 5.004 8.816 9.594 9.569 9.661 11.595 14.329 14.788 17.748 16.639 14.114 16.520 16.264 13.797 14.460 13.838 13.809 13.737 16.685 15.979 15.978 12.812 15.472 15.982 12.688 14.425 17.525 19.266 19.481 16.348 17.677 15.411 12.144 13.889 15.135 11.907 10.414 13.791 13.281 9.930 11.714 14.788 13.676 12.865 14.004 12.998 10.615 10.208 7.170 5.498 6.768 8.384 10.059 11.275 12.694 13.981 14.623 15.575 19.366 20.004 22.165 19.477 22.559 23.198 20.426 22.690 26.039 28.640 26.849 29.152 27.188
21.879 21.353 22.319 24.514 23.537 26.341 26.018 22.432 23.660 26.551 24.470 22.038 25.297 26.975 24.137 24.623 21.544 24.056 24.287 22.175 21.668 23.344 20.854 23.065 22.406 21.763 18.536 17.145 18.554 17.166 13.539 14.143 15.843 13.135 10.218 12.648 16.000 17.442 17.095 16.742 16.558 13.543 11.432 9.104 9.223 7.229 9.696 9.347 10.670 7.998 7.835 6.679 10.176 12.694 13.643 10.910 8.025 7.943 5.962 8.936 8.747 9.941 11.233 12.904 14.867 14.870 17.265 15.401 12.623 14.652 14.765 13.078 14.531 14.734 15.283 15.941 18.464 17.866 17.375 14.219 16.992 18.211 15.237 16.636 20.078 22.066 22.610 19.721 21.097 18.547 15.528 17.564 18.561 15.105 14.016 17.262 16.252 12.825 14.780 17.535 15.762 14.633 15.800 15.591 13.477 12.104 9.244 8.092 7.708 9.926 12.371 12.741 13.497 15.409 16.806 17.587 21.249 22.053 24.597 22.265 25.576 25.989 23.402 25.954 29.138 31.794 30.202 32.665 30.847
24.995 24.075 24.833 26.636 25.260 28.117 28.250 24.673 25.496 28.639 26.921 24.228 27.234 29.281 26.549 26.586 23.266 25.381 25.149 23.292 22.281 23.611 21.269 23.653 23.493 22.492 19.050 18.406 19.926 17.919 14.550 15.976 17.231 14.048 11.971 14.988 17.888 19.757 19.884 19.958 19.939 16.694 14.785 12.048 11.961 9.165 10.464 10.278 12.699 10.810 11.312 10.412 13.881 16.122 16.560 13.566 11.221 11.326 9.525 12.328 11.278 12.231 14.094 16.244 18.217 18.376 20.461 18.334 15.282 16.643 16.466 15.422 16.725 17.518 17.663 18.740 21.453 21.250 20.989 17.956 20.791 21.915 18.860 20.278 23.658 25.431 25.922 22.843 24.184 21.809 18.651 20.224 21.228 17.835 16.279 19.150 18.113 14.394 15.711 18.383 16.428 14.477 15.012 15.490 13.541 11.163 9.127 8.411 6.657 9.650 12.098 11.345 11.784 14.464 16.250 16.489 19.900 21.101 24.081 22.245 25.820 26.266 24.143 26.958 29.897 32.839 31.607 34.271 32.511
27.614 26.751 27.857 29.708 28.508 31.529 31.629 28.128 29.118 32.277 30.505 27.931 31.009 32.990 30.223 30.357 27.077 29.213 28.943 27.062 25.919 27.260 25.005 27.407 27.271 26.132 22.729 22.168 23.512 21.356 18.124 19.401 20.331 16.955 15.008 17.721 20.548 22.725 22.520 22.698 22.155 18.798 16.409 13.128 12.098 8.576 8.402 8.455 11.668 10.967 12.298 12.480 16.236 18.860 19.694 16.997 14.237 14.359 11.902 13.914 12.328 14.063 16.488 18.303 19.637 19.426 20.941 18.268 15.238 16.051 16.260 16.066 17.943 19.287 19.885 21.369 23.700 23.527 22.899 19.957 22.768 24.366 21.567 22.745 26.319 28.276 29.004 26.121 27.503 24.919 21.936 23.773 24.627 21.097 19.865 22.731 21.401 17.766 19.279 21.694 19.367 17.404 18.016 18.948 17.225 14.557 12.697 12.219 10.082 12.835 15.565 14.457 14.317 17.199 19.429 19.609 22.792 24.036 27.197 25.616 29.272 29.522 27.507 30.473 33.293 36.219 35.104 37.860 36.211
30.395 29.318 30.048 31.612 29.997 32.871 33.313 29.761 30.291 33.558 32.055 29.173 31.940 34.188 31.449 31.114 27.716 29.537 28.784 27.052 25.428 26.543 24.604 27.230 27.622 26.404 22.827 22.835 24.484 22.050 19.011 20.948 21.851 18.398 16.961 20.127 22.710 24.888 25.165 25.422 25.281 21.926 19.833 16.703 15.915 12.427 12.017 11.682 15.128 14.353 15.814 15.631 19.241 21.613 22.002 18.930 16.723 16.635 14.465 16.664 14.642 15.676 18.300 20.674 22.312 22.565 24.025 21.531 18.236 18.582 18.164 18.183 19.521 21.175 21.191 22.941 25.540 25.815 25.638 22.867 25.872 27.123 24.222 25.702 29.120 30.934 31.381 28.240 29.411 26.974 23.912 25.249 25.985 22.549 20.964 23.381 22.007 18.267 19.229 21.403 18.999 16.460 16.556 18.111 16.811 13.551 12.435 12.644 10.245 13.445 15.595 13.583 13.593 17.019 19.141 18.616 21.477 23.229 26.650 25.441 29.193 29.697 28.086 31.079 33.749 36.927 36.024 38.817 37.075
29.766 29.002 29.497 31.251 29.590 32.166 32.414 28.718 29.116 32.165 30.474 27.430 30.083 32.157 29.197 28.738 25.519 27.539 26.630 24.554 22.760 24.264 22.653 25.593 26.131 25.413 21.692 21.463 23.602 21.595 18.278 20.235 21.782 18.689 16.822 20.016 22.913 24.549 24.840 24.577 24.708 21.691 19.589 16.927 16.167 12.904 13.042 11.690 14.798 13.388 15.043 14.702 18.083 20.519 20.988 17.630 15.659 14.772 12.555 14.634 12.263 12.636 15.404 18.155 20.023 20.856 22.327 20.299 16.730 16.932 15.853 15.635 16.433 18.199 17.857 19.840 22.499 23.166 23.410 20.976 24.279 25.189 22.453 24.436 27.672 29.671 29.699 26.457 27.188 24.626 21.790 22.943 23.251 19.769 18.386 20.505 18.780 15.155 16.317 18.120 15.446 13.092 13.711 15.471 14.732 11.671 9.975 11.161 9.862 13.539 15.039 13.182 14.247 17.596 19.013 18.187 21.274 23.297 26.532 24.978 28.579 29.517 27.731 30.386 33.308 36.483 35.282 37.801 35.735
29.413 29.030 29.941 32.060 30.822 33.493 33.345 29.661 30.493 33.367 31.312 28.527 31.448 33.164 30.037 30.002 27.001 29.405 28.824 26.454 24.942 26.809 25.120 27.997 28.160 27.627 24.012 23.249 25.236 23.536 20.003 21.339 23.014 20.005 17.599 20.291 23.504 25.068 24.765 24.218 23.823 20.934 18.282 15.503 13.976 10.546 10.197 8.202 11.415 10.509 12.869 13.454 17.011 19.973 21.127 18.105 15.495 14.346 11.348 12.580 9.842 11.164 14.326 16.525 17.753 18.302 19.341 17.051 13.476 13.413 12.689 12.929 14.412 16.472 16.873 19.080 21.209 21.740 21.556 19.258 22.590 23.945 21.577 23.442 26.853 29.219 29.418 26.470 27.178 24.251 21.726 23.429 23.512 19.809 19.102 21.498 19.429 16.065 18.000 19.656 16.702 15.103 16.470 17.968 17.187 14.619 12.177 13.101 12.139 15.528 17.469 16.209 17.107 20.165 21.704 21.313 24.589 26.332 29.418 27.597 31.120 31.908 29.789 32.384 35.464 38.433 37.000 39.430 37.360
32.830 32.284 33.264 35.233 33.901 36.680 36.724 33.076 33.819 36.823 34.912 32.077 34.928 36.790 33.716 33.537 30.444 32.659 31.869 29.648 27.881 29.543 27.965 30.880 31.260 30.491 26.837 26.425 28.340 26.320 22.974 24.539 25.886 22.627 20.582 23.373 26.382 28.259 28.016 27.716 27.179 24.119 21.398 18.296 16.488 12.771 11.352 9.727 13.435 13.445 16.042 16.912 20.585 23.557 24.645 21.648 19.026 18.126 15.123 16.174 13.273 14.731 18.055 20.194 21.146 21.530 22.182 19.583 16.116 15.448 14.844 15.861 17.465 19.895 20.315 22.747 24.762 25.413 25.139 22.892 26.166 27.685 25.344 27.066 30.549 32.881 33.190 30.240 31.004 28.095 25.542 27.180 27.274 23.590 22.780 25.043 22.939 19.556 21.214 22.724 19.659 17.721 18.707 20.667 20.026 17.021 15.159 16.121 14.559 17.937 19.970 18.175 18.649 22.007 23.870 23.232 26.202 28.124 31.456 30.001 33.654 34.354 32.502 35.281 38.182 41.268 40.062 42.633 40.652
34.251 33.661 34.237 36.067 34.413 36.929 37.139 33.411 33.750 36.712 34.939 31.828 34.367 36.339 33.224 32.634 29.571 31.610 30.402 28.167 25.990 27.641 26.488 29.662 30.483 29.902 26.119 26.000 28.316 26.326 23.040 25.034 26.627 23.506 21.629 24.731 27.693 29.324 29.458 29.018 28.937 26.005 23.564 20.764 19.336 15.789 14.892 12.956 16.405 15.812 18.278 18.642 22.081 24.817 25.568 22.222 20.128 18.850 16.189 17.452 14.331 14.821 18.164 20.865 22.236 23.232 23.997 21.853 18.157 17.312 15.877 16.720 17.503 20.077 19.802 22.443 24.712 25.852 26.145 24.142 27.632 28.680 26.300 28.435 31.693 33.946 33.857 30.677 31.102 28.312 25.799 26.948 26.790 23.239 22.242 23.989 21.758 18.448 19.720 20.811 17.642 15.417 16.244 18.735 18.711 15.539 14.041 15.804 14.603 18.296 19.639 17.416 18.453 22.013 23.430 22.201 24.993 27.357 30.720 29.365 32.962 34.047 32.406 35.015 37.910 41.155 39.965 42.416 40.226
33.597 33.431 34.078 36.222 34.795 37.156 37.001 33.222 33.728 36.412 34.313 31.283 33.878 35.491 32.155 31.747 28.984 31.372 30.290 27.662 25.592 27.724 26.740 30.029 30.690 30.549 26.786 26.194 28.694 27.170 23.637 25.261 27.295 24.470 22.093 24.893 28.168 29.401 29.221 28.294 28.115 25.534 22.869 20.403 18.683 15.394 14.671 11.898 14.867 14.159 17.002 17.718 20.942 23.918 25.070 21.805 19.598 17.698 14.735 15.299 11.788 12.176 15.782 18.363 19.465 20.763 21.216 19.374 15.588 14.352 12.450 13.508 14.148 17.056 16.936 19.912 21.823 23.217 23.596 22.015 25.662 26.686 24.701 27.084 30.248 32.805 32.519 29.486 29.573 26.522 24.418 25.729 25.117 21.480 21.076 22.718 20.042 17.108 18.970 19.644 16.145 14.684 16.386 18.733 19.036 16.407 14.173 16.282 15.881 19.585 20.806 19.086 20.571 23.880 24.961 23.873 26.925 29.223 32.348 30.605 34.034 35.285 33.332 35.672 38.811 41.909 40.385 42.586 40.193
36.031 35.922 36.861 39.081 37.819 40.349 40.133 36.393 37.094 39.813 37.639 34.735 37.458 39.009 35.658 35.411 32.659 35.098 34.095 31.475 29.444 31.552 30.502 33.732 34.301 34.020 30.283 29.668 31.979 30.337 26.816 28.288 30.109 27.112 24.728 27.360 30.639 32.100 31.654 30.807 30.230 27.573 24.601 21.850 19.596 16.123 14.493 11.739 14.926 15.206 18.465 19.811 23.209 26.430 27.866 24.812 22.249 20.533 17.244 17.329 13.734 14.868 18.598 20.710 21.207 22.109 22.010 19.772 16.198 14.341 12.923 14.905 16.148 19.338 19.744 22.842 24.345 25.631 25.624 24.110 27.649 29.070 27.277 29.414 32.736 35.433 35.378 32.518 32.714 29.516 27.509 29.098 28.486 24.773 24.578 26.369 23.626 20.769 22.772 23.440 19.887 18.525 20.169 22.556 22.727 19.981 17.809 19.599 18.803 22.390 23.984 22.203 23.262 26.642 28.072 27.103 30.078 32.310 35.551 33.924 37.437 38.498 36.546 39.031 42.121 45.193 43.725 46.015 43.721
38.768 38.411 39.122 41.096 39.535 42.012 42.093 38.339 38.720 41.561 39.638 36.530 39.027 40.822 37.552 36.948 34.082 36.222 34.861 32.437 30.052 31.900 31.094 34.423 35.373 34.961 31.154 30.985 33.416 31.521 28.194 30.092 31.776 28.665 26.659 29.605 32.683 34.267 34.168 33.514 33.187 30.389 27.630 24.789 22.794 19.195 17.543 15.182 18.565 18.723 21.776 22.759 26.183 29.194 30.272 27.001 24.740 23.143 20.138 20.630 17.073 17.729 21.383 23.854 24.656 25.733 25.764 23.590 19.978 18.150 16.510 18.373 19.179 22.371 22.293 25.428 27.195 28.697 28.964 27.412 30.997 32.208 30.225 32.455 35.720 38.243 38.074 35.019 35.173 32.151 29.991 31.226 30.647 27.054 26.500 27.992 25.339 22.404 23.888 24.395 20.897 19.051 20.176 23.020 23.470 20.381 18.840 20.884 19.832 23.522 24.833 22.528 23.559 27.180 28.589 27.182 29.815 32.357 35.759 34.470 38.037 39.219 37.600 40.145 43.070 46.323 45.071 47.432 45.126
41.739 41.513 42.083 44.083 42.440 44.733 44.791 40.999 41.215 43.924 41.975 38.765 41.069 42.778 39.419 38.626 35.939 38.056 36.447 33.909 31.273 33.242 32.847 36.346 37.540 37.364 33.525 33.410 36.085 34.328 31.005 32.996 34.882 31.897 29.859 32.833 35.964 37.351 37.301 36.436 36.225 33.596 30.839 28.174 26.138 22.642 21.029 18.390 21.528 21.641 24.810 25.805 29.058 32.060 33.143 29.780 27.707 25.782 22.835 23.069 19.351 19.587 23.245 25.811 26.547 27.972 27.743 25.872 22.266 20.028 17.921 20.021 20.355 23.785 23.446 26.841 28.436 30.351 30.906 29.730 33.429 34.448 32.676 35.153 38.270 40.884 40.454 37.378 37.201 34.148 32.234 33.263 32.330 28.846 28.466 29.548 26.655 24.055 25.463 25.425 21.811 20.172 21.412 24.553 25.530 22.559 21.120 23.592 22.863 26.634 27.603 25.192 26.523 30.174 31.307 29.595 32.088 34.875 38.236 36.967 40.438 41.874 40.326 42.702 45.660 48.959 47.640 49.849 47.364
44.364 43.971 44.300 46.096 44.198 46.369 46.660 42.873 42.782 45.531 43.798 40.425 42.473 44.351 41.074 39.951 37.241 39.080 37.143 34.781 31.849 33.593 33.506 37.071 38.616 38.411 34.565 34.808 37.612 35.733 32.604 34.914 36.747 33.766 32.016 35.202 38.174 39.568 39.815 39.046 39.090 36.412 33.854 31.204 29.403 25.871 24.373 21.902 25.122 25.039 28.040 28.727 31.929 34.732 35.517 31.996 30.231 28.342 25.665 26.180 22.520 22.358 25.876 28.711 29.717 31.335 31.249 29.498 25.836 23.682 21.391 23.290 23.246 26.596 25.834 29.202 30.998 33.108 33.938 32.774 36.515 37.299 35.405 38.001 41.017 43.483 42.895 39.667 39.392 36.517 34.534 35.218 34.266 30.953 30.314 31.061 28.271 25.725 26.669 26.402 22.945 21.024 21.816 25.264 26.559 23.470 22.565 25.251 24.477 28.253 28.875 26.127 27.531 31.271 32.250 30.148 32.291 35.345 38.753 37.755 41.186 42.789 41.533 43.871 46.686 50.115 48.954 51.156 48.628
47.740 47.283 47.712 49.467 47.566 49.834 50.195 46.425 46.353 49.178 47.488 44.125 46.192 48.125 44.871 43.744 40.985 42.758 40.780 38.506 35.531 37.151 37.061 40.589 42.177 41.826 37.987 38.348 41.059 39.023 35.964 38.308 39.965 36.850 35.212 38.401 41.309 42.885 43.094 42.446 42.345 39.563 36.910 34.081 32.109 28.478 26.600 24.320 27.638 27.943 31.058 31.938 35.259 38.139 38.970 35.493 33.603 31.855 29.067 29.502 25.815 25.918 29.504 32.212 33.021 34.461 34.167 32.226 28.677 26.324 24.268 26.477 26.656 30.102 29.509 32.917 34.603 36.674 37.355 36.171 39.872 40.822 38.942 41.424 44.531 47.018 46.543 43.341 43.144 40.236 38.225 38.981 38.077 34.731 34.083 34.885 32.111 29.533 30.443 30.211 26.778 24.795 25.416 28.905 30.120 26.899 26.143 28.673 27.621 31.333 32.101 29.212 30.331 34.137 35.321 33.195 35.158 38.228 41.738 40.938 44.430 45.934 44.798 47.253 49.968 53.440 52.401 54.696 52.239
49.351 49.127 49.492 51.380 49.520 51.614 51.816 48.012 47.908 50.536 48.712 45.336 47.296 49.028 45.661 44.494 41.978 43.858 41.798 39.325 36.276 38.139 38.348 41.995 43.648 43.607 39.767 39.971 42.880 41.103 37.948 40.207 42.141 39.199 37.356 40.463 43.518 44.830 44.961 44.020 43.964 41.409 38.700 36.088 34.031 30.539 28.777 26.133 29.165 29.387 32.620 33.584 36.719 39.643 40.600 37.111 35.302 33.204 30.407 30.514 26.733 26.570 30.115 32.784 33.461 35.181 34.648 33.026 29.523 26.890 24.503 26.834 26.672 30.243 29.541 33.120 34.547 36.922 37.807 37.002 40.774 41.580 39.973 42.665 45.625 48.254 47.547 44.405 43.890 40.909 39.203 39.879 38.619 35.365 35.015 35.528 32.516 30.308 31.340 30.658 27.139 25.567 26.523 30.057 31.643 28.687 27.739 30.564 29.923 33.710 34.274 31.525 32.980 36.725 37.634 35.422 37.452 40.614 43.998 43.026 46.393 48.111 46.875 49.119 51.959 55.391 54.169 56.263 53.619
52.083 51.893 52.072 53.909 51.927 53.836 54.084 50.280 49.975 52.496 50.736 47.275 49.008 50.713 47.353 45.974 43.607 45.368 43.087 40.628 37.405 39.253 39.814 43.529 45.408 45.534 41.723 42.037 45.112 43.431 40.353 42.726 44.780 41.960 40.169 43.334 46.369 47.525 47.787 46.739 46.866 44.417 41.807 39.337 37.385 33.959 32.356 29.611 32.538 32.573 35.752 36.571 39.561 42.378 43.225 39.659 38.081 35.826 33.195 33.294 29.529 29.013 32.418 35.200 35.976 37.953 37.409 36.039 32.528 29.854 27.211 29.431 28.884 32.417 31.421 35.024 36.424 39.054 40.211 39.613 43.433 44.009 42.480 45.348 48.153 50.760 49.828 46.642 45.893 42.998 41.430 41.854 40.397 37.325 36.994 37.150 34.106 32.164 32.993 31.941 28.539 27.085 27.966 31.608 33.548 30.732 29.967 33.024 32.597 36.391 36.645 33.834 35.504 39.220 39.873 37.422 39.271 42.601 45.902 44.992 48.232 50.165 49.046 51.128 53.942 57.409 56.177 58.137 55.368
55.329 55.252 55.525 57.451 55.547 57.467 57.626 53.814 53.580 56.046 54.194 50.774 52.530 54.129 50.710 49.391 47.119 48.956 46.690 44.153 40.944 42.879 43.498 47.231 49.084 49.268 45.455 45.687 48.767 47.130 44.000 46.285 48.371 45.537 43.654 46.739 49.843 50.993 51.121 49.988 49.981 47.587 44.845 42.362 40.215 36.810 35.010 32.207 35.023 35.303 38.627 39.670 42.656 45.587 46.591 43.084 41.392 39.062 36.304 36.146 32.334 31.950 35.389 37.996 38.512 40.452 39.617 38.269 34.903 31.978 29.409 31.893 31.415 35.050 34.215 37.907 39.048 41.743 42.832 42.411 46.215 46.883 45.533 48.395 51.206 53.930 52.997 49.899 49.069 46.079 44.660 45.175 43.584 40.504 40.366 40.503 37.344 35.538 36.507 35.339 31.888 30.630 31.649 35.265 37.237 34.466 33.587 36.633 36.215 40.018 40.356 37.584 39.212 42.938 43.639 41.221 43.080 46.404 49.710 48.780 52.017 53.949 52.788 54.858 57.705 61.154 59.872 61.796 58.991
56.634 56.682 56.792 58.742 56.797 58.504 58.603 54.799 54.434 56.720 54.852 51.402 52.964 54.435 50.997 49.553 47.505 49.319 46.932 44.324 41.044 43.081 44.011 47.799 49.772 50.214 46.450 46.644 49.892 48.464 45.347 47.633 49.923 47.276 45.330 48.395 51.540 52.444 52.629 51.298 51.458 49.252 46.595 44.335 42.285 39.012 37.455 34.459 37.080 37.113 40.377 41.302 44.078 46.914 47.880 44.345 42.863 40.308 37.705 37.454 33.686 32.947 36.207 38.859 39.435 41.656 40.805 39.790 36.440 33.501 30.651 32.976 32.095 35.656 34.574 38.267 39.303 42.243 43.603 43.456 47.288 47.710 46.517 49.568 52.183 54.921 53.739 50.656 49.548 46.621 45.425 45.737 43.896 41.009 41.005 40.805 37.578 36.115 37.010 35.464 32.115 31.140 32.270 35.874 38.168 35.650 34.772 38.040 37.956 41.768 41.827 39.141 41.059 44.702 45.104 42.558 44.382 47.797 50.957 49.940 53.016 55.167 54.002 55.851 58.747 62.166 60.774 62.501 59.544
60.259 60.377 60.492 62.473 60.539 62.202 62.268 58.466 58.085 60.309 58.414 54.972 56.478 57.877 54.422 52.956 51.010 52.821 50.388 47.758 44.455 46.514 47.568 51.367 53.387 53.897 50.148 50.336 53.618 52.233 49.117 51.386 53.711 51.081 49.109 52.145 55.315 56.184 56.329 54.931 55.059 52.909 50.205 47.966 45.833 42.585 40.946 37.918 40.458 40.595 43.917 44.931 47.671 50.537 51.560 48.045 46.557 43.939 41.312 40.926 37.155 36.424 39.651 42.215 42.663 44.909 43.889 42.948 39.698 36.630 33.800 36.228 35.313 38.888 37.837 41.555 42.426 45.449 46.830 46.835 50.653 51.070 50.004 53.084 55.657 58.450 57.212 54.176 52.964 50.018 48.946 49.242 47.284 44.456 44.558 44.260 40.986 39.668 40.577 38.891 35.579 34.731 35.889 39.485 41.864 39.399 38.521 41.818 41.768 45.580 45.616 42.928 44.856 48.500 48.875 46.287 48.055 51.505 54.647 53.650 56.687 58.889 57.742 59.542 62.439 65.856 64.441 66.109 63.102
61.479 61.728 61.706 63.716 61.772 63.234 63.224 59.447 58.967 61.003 59.084 55.647 56.977 58.230 54.770 53.220 51.507 53.307 50.800 48.107 44.788 46.946 48.263 52.083 54.176 54.930 51.247 51.371 54.782 53.608 50.506 52.741 55.247 52.801 50.762 53.749 56.954 57.591 57.766 56.183 56.449 54.489 51.865 49.842 47.796 44.687 43.267 40.083 42.430 42.354 45.606 46.522 49.053 51.826 52.827 49.319 48.014 45.207 42.729 42.245 38.550 37.530 40.562 43.123 43.604 46.081 45.047 44.416 41.212 38.160 35.124 37.385 36.136 39.597 38.355 42.030 42.774 45.989 47.599 47.863 51.676 51.871 50.970 54.201 56.580 59.381 57.922 54.931 53.466 50.589 49.744 49.869 47.687 45.058 45.305 44.714 41.402 40.417 41.280 39.275 36.092 35.534 36.808 40.332 42.962 40.753 39.851 43.305 43.555 47.353 47.161 44.589 46.761 50.309 50.423 47.761 49.517 53.013 56.002 54.905 57.782 60.167 58.997 60.583 63.526 66.893 65.362 66.835 63.696
65.258 65.524 65.492 67.495 65.530 66.962 66.965 63.193 62.674 64.682 62.778 59.336 60.604 61.836 58.386 56.792 55.135 56.891 54.325 51.660 48.309 50.431 51.844 55.661 57.816 58.590 54.923 55.090 58.519 57.342 54.266 56.524 59.026 56.574 54.556 57.550 60.751 61.388 61.565 59.967 60.222 58.274 55.630 53.594 51.502 48.384 46.888 43.716 46.050 46.055 49.339 50.299 52.827 55.610 56.620 53.112 51.814 48.995 46.509 45.977 42.281 41.277 44.290 46.811 47.226 49.702 48.572 47.963 44.820 41.698 38.701 41.025 39.775 43.234 42.002 45.673 46.336 49.591 51.212 51.553 55.354 55.545 54.703 57.945 60.301 63.120 61.625 58.653 57.131 54.263 53.475 53.569 51.334 48.755 49.030 48.368 45.058 44.145 44.970 42.893 39.765 39.232 40.454 43.988 46.667 44.462 43.617 47.080 47.309 51.104 50.889 48.274 50.425 53.987 54.093 51.374 53.042 56.579 59.565 58.531 61.381 63.802 62.687 64.251 67.165 70.544 69.031 70.473 67.310
67.183 67.593 67.492 69.552 67.622 68.905 68.806 65.061 64.508 66.345 64.387 60.984 62.137 63.205 59.746 58.135 56.694 58.476 55.897 53.161 49.846 52.073 53.665 57.483 59.651 60.629 57.021 57.091 60.601 59.610 56.526 58.708 61.356 59.048 56.941 59.858 63.104 63.555 63.704 61.937 62.252 60.478 57.863 55.998 53.927 50.936 49.567 46.274 48.419 48.323 51.575 52.521 54.877 57.613 58.659 55.194 53.996 51.027 48.625 47.951 44.327 43.162 46.018 48.459 48.822 51.440 50.231 49.870 46.823 43.682 40.584 42.823 41.366 44.729 43.425 47.050 47.532 50.914 52.670 53.253 57.021 57.072 56.417 59.753 61.951 64.804 63.150 60.260 58.532 55.699 55.135 55.141 52.713 50.293 50.739 49.878 46.528 45.901 46.748 44.439 41.409 41.151 42.509 45.946 48.781 46.788 45.870 49.421 49.877 53.656 53.312 50.820 53.136 56.620 56.550 53.818 55.509 59.053 61.916 60.777 63.500 66.046 64.878 66.271 69.237 72.554 70.925 72.198 68.933
68.744 69.051 68.755 70.671 68.584 69.733 69.774 66.067 65.298 67.108 65.315 61.838 62.778 63.929 60.572 58.746 57.346 58.919 56.165 53.581 50.159 52.219 54.024 57.812 60.174 61.179 57.638 57.896 61.467 60.470 57.532 59.866 62.505 60.265 58.316 61.334 64.476 64.877 65.229 63.509 64.029 62.245 59.788 57.968 56.081 53.072 51.848 48.597 50.825 50.524 53.652 54.368 56.670 59.249 60.084 56.545 55.568 52.621 50.411 49.944 46.372 44.981 47.722 50.339 50.940 53.686 52.679 52.383 49.232 46.236 43.020 45.047 43.393 46.638 45.066 48.592 49.254 52.707 54.654 55.199 58.988 58.847 58.088 61.503 63.605 66.326 64.547 61.566 59.772 57.105 56.499 56.259 53.845 51.584 51.863 50.784 47.572 47.013 47.576 45.153 42.329 41.980 43.103 46.562 49.546 47.607 46.949 50.572 51.075 54.807 54.230 51.654 54.047 57.487 57.254 54.348 55.823 59.456 62.245 61.241 63.853 66.521 65.531 66.828 69.687 73.039 71.498 72.709 69.418
72.418 72.695 72.420 74.314 72.201 73.377 73.462 69.751 68.965 70.808 69.044 65.551 66.481 67.666 64.321 62.469 61.047 62.576 59.781 57.248 53.795 55.785 57.603 61.382 63.789 64.739 61.192 61.517 65.073 64.005 61.090 63.467 66.050 63.751 61.846 64.894 68.021 68.491 68.847 67.170 67.651 65.817 63.321 61.426 59.480 56.415 55.070 51.867 54.150 53.965 57.144 57.916 60.280 62.893 63.734 60.182 59.164 56.258 53.999 53.528 49.922 48.616 51.406 54.006 54.554 57.243 56.166 55.801 52.673 49.611 46.469 48.596 47.027 50.312 48.792 52.335 52.977 56.417 58.317 58.848 62.639 62.551 61.786 65.175 67.317 70.047 68.296 65.307 63.536 60.859 60.229 60.002 57.610 55.331 55.583 54.523 51.323 50.721 51.256 48.864 46.044 45.622 46.662 50.159 53.120 51.105 50.511 54.107 54.507 58.245 57.704 55.048 57.358 60.840 60.669 57.724 59.114 62.776 65.607 64.696 67.330 69.981 69.059 70.396 73.210 76.594 75.109 76.350 73.076
