40.474 39.373 39.589 40.863 38.704 41.176 41.999 38.369 38.146 41.352 40.139 36.760 38.792 41.266 38.472 37.246 34.006 35.395 33.552 31.867 29.142 30.045 29.295 32.467 33.996 33.015 29.270 30.128 32.447 29.914 27.236 29.938 31.029 27.727 26.748 30.243 32.639 34.593 35.328 35.361 35.565 32.377 30.291 27.296 26.048 22.338 20.828 19.541 23.288 23.227 25.549 25.617 29.051 31.423 31.600 28.101 26.506 25.629 23.409 25.032 21.999 22.132 25.295 28.301 29.902 30.948 31.677 29.472 25.799 24.624 23.117 24.199 24.783 27.365 26.596 29.228 31.742 33.129 33.673 31.621 35.060 35.942 33.316 35.408 38.590 40.496 40.320 36.904 37.357 34.924 32.193 32.760 32.784 29.526 27.943 29.185 27.178 23.952 24.245 24.958 21.743 19.027 18.547 21.804 22.223 18.540 18.549 20.458 18.538 21.999 22.898 19.703 20.305 24.165 25.677 23.656 25.463 28.329 32.004 31.538 35.201 36.322 35.426 38.222 40.627 44.172 43.541 46.137 44.020
41.743 40.897 40.992 42.414 40.243 42.491 43.160 39.450 39.127 42.129 40.775 37.303 39.188 41.488 38.529 37.171 34.162 35.656 33.617 31.678 28.730 29.928 29.608 33.018 34.718 34.135 30.329 31.046 33.697 31.472 28.647 31.324 32.811 29.722 28.469 31.933 34.542 36.159 36.847 36.514 36.826 33.876 31.709 28.951 27.599 23.957 22.559 20.678 24.221 24.017 26.569 26.710 29.978 32.428 32.722 29.110 27.639 26.256 23.980 25.277 21.981 21.708 24.959 28.092 29.654 31.096 31.608 29.723 25.960 24.440 22.426 23.648 23.794 26.616 25.599 28.517 30.878 32.673 33.517 31.854 35.468 36.151 33.771 36.187 39.222 41.297 40.809 37.383 37.443 34.911 32.475 32.890 32.481 29.277 27.969 28.817 26.477 23.603 23.988 24.111 20.740 17.985 18.148 21.681 22.728 19.304 19.088 21.581 20.269 23.934 24.465 21.376 22.560 26.370 27.448 25.194 27.060 30.148 33.681 33.013 36.537 37.991 37.002 39.533 42.097 45.641 44.800 47.162 44.790
45.213 44.303 44.234 45.521 43.183 45.301 46.123 42.436 41.878 44.856 43.651 40.080 41.727 44.102 41.202 39.589 36.640 37.911 35.592 33.788 30.601 31.625 31.651 35.095 37.093 36.537 32.777 33.756 36.506 34.243 31.598 34.459 35.921 32.884 31.823 35.370 37.871 39.456 40.312 39.997 40.446 37.514 35.435 32.709 31.408 27.766 26.330 24.453 27.982 27.787 30.339 30.400 33.599 35.952 36.098 32.419 31.152 29.724 27.578 28.880 25.553 25.057 28.242 31.480 33.095 34.692 35.139 33.352 29.582 27.917 25.732 27.029 26.926 29.800 28.546 31.520 33.891 35.893 36.929 35.388 39.039 39.579 37.214 39.732 42.676 44.690 44.060 40.567 40.487 38.055 35.670 35.840 35.326 32.276 30.896 31.423 29.103 26.415 26.497 26.312 23.090 20.057 20.204 23.911 25.269 21.891 22.059 24.696 23.427 27.020 27.262 23.978 25.197 28.998 29.914 27.346 28.825 32.125 35.644 35.228 38.662 40.270 39.538 41.994 44.424 48.051 47.332 49.653 47.231
47.159 46.505 46.450 47.918 45.664 47.657 48.285 44.544 44.014 46.810 45.424 41.846 43.445 45.604 42.546 40.931 38.216 39.648 37.266 35.211 31.938 33.266 33.581 37.169 39.196 38.951 35.167 35.932 38.870 36.862 34.061 36.788 38.527 35.612 34.276 37.719 40.420 41.787 42.488 41.873 42.277 39.534 37.297 34.705 33.194 29.607 28.107 25.833 29.152 29.033 31.829 32.110 35.207 37.703 38.065 34.380 33.075 31.278 28.987 29.880 26.357 25.720 28.987 32.165 33.569 35.388 35.516 33.940 30.200 28.163 25.690 27.253 26.916 30.026 28.740 31.969 34.050 36.354 37.526 36.347 40.096 40.583 38.505 41.214 44.075 46.288 45.471 42.049 41.668 39.093 37.012 37.183 36.291 33.261 32.234 32.519 29.885 27.551 27.863 27.207 23.872 21.044 21.811 25.576 27.317 24.198 24.037 26.970 26.083 29.792 29.940 26.831 28.341 32.097 32.812 30.215 31.807 35.171 38.579 37.966 41.301 43.092 42.220 44.495 47.072 50.655 49.740 51.876 49.271
50.448 49.778 49.556 50.930 48.541 50.376 51.101 47.383 46.643 49.366 48.091 44.437 45.800 47.979 44.969 43.130 40.528 41.779 39.163 37.202 33.751 34.967 35.625 39.236 41.510 41.361 37.637 38.574 41.625 39.653 36.987 39.842 41.619 38.795 37.574 41.072 43.708 44.984 45.825 45.172 45.725 43.041 40.892 38.380 36.940 33.380 31.930 29.616 32.887 32.694 35.464 35.645 38.642 41.038 41.277 37.538 36.435 34.556 32.406 33.299 29.785 28.909 32.063 35.324 36.793 38.786 38.881 37.458 33.721 31.613 28.974 30.515 29.908 33.003 31.484 34.723 36.793 39.294 40.673 39.642 43.422 43.736 41.702 44.532 47.273 49.439 48.451 44.984 44.430 41.956 39.967 39.901 38.877 36.022 34.970 34.934 32.323 30.218 30.286 29.322 26.178 23.215 24.019 27.846 29.873 26.877 26.972 30.041 29.272 32.933 32.807 29.608 31.223 34.934 35.445 32.609 33.913 37.434 40.767 40.308 43.517 45.483 44.798 46.947 49.434 53.065 52.210 54.255 51.573
53.260 52.653 52.462 53.875 51.504 53.321 54.014 50.287 49.550 52.230 50.917 47.265 48.600 50.720 47.673 45.821 43.299 44.566 41.906 39.907 36.422 37.680 38.451 42.082 44.391 44.296 40.579 41.497 44.576 42.633 39.951 42.777 44.582 41.752 40.487 43.956 46.632 47.899 48.681 47.967 48.460 45.806 43.571 41.041 39.469 35.898 34.303 31.927 35.145 35.109 38.000 38.322 41.324 43.794 44.119 40.392 39.237 37.282 35.045 35.767 32.178 31.346 34.546 37.734 39.055 41.071 40.973 39.571 35.889 33.580 30.918 32.659 32.041 35.248 33.779 37.115 39.027 41.630 43.013 42.114 45.914 46.259 44.338 47.199 49.937 52.177 51.155 47.722 47.080 44.551 42.669 42.620 41.474 38.629 37.702 37.591 34.887 32.910 33.044 31.931 28.784 25.904 26.850 30.674 32.785 29.834 29.874 32.974 32.224 35.897 35.791 32.597 34.193 37.912 38.428 35.572 36.824 40.367 43.692 43.259 46.442 48.440 47.770 49.893 52.379 56.011 55.144 57.150 54.429
53.846 53.251 53.321 54.829 52.608 54.647 55.269 51.522 51.022 53.808 52.384 48.816 50.401 52.506 49.399 47.774 45.141 46.567 44.102 42.040 38.692 40.010 40.479 44.073 46.174 45.910 42.137 42.939 45.856 43.786 40.999 43.696 45.362 42.345 41.005 44.398 47.125 48.603 49.175 48.543 48.746 45.978 43.533 40.794 38.949 35.294 33.331 31.078 34.348 34.729 37.799 38.441 41.632 44.309 44.848 41.213 39.727 37.895 35.376 35.936 32.258 31.875 35.283 38.265 39.301 41.032 40.716 39.040 35.455 32.960 30.594 32.688 32.493 35.867 34.788 38.212 39.973 42.406 43.474 42.482 46.243 46.903 45.010 47.690 50.618 52.972 52.185 48.833 48.377 45.678 43.739 44.005 42.957 39.899 39.070 39.297 36.513 34.341 34.761 33.911 30.560 27.829 28.736 32.520 34.323 31.188 31.006 33.886 32.854 36.538 36.829 33.649 34.936 38.741 39.608 36.978 38.374 41.772 45.236 44.796 48.136 49.899 49.126 51.445 53.957 57.570 56.717 58.865 56.251
56.905 56.457 56.524 58.121 55.933 57.884 58.410 54.644 54.135 56.804 55.294 51.726 53.246 55.221 52.040 50.392 47.923 49.405 46.879 44.707 41.310 42.762 43.433 47.090 49.237 49.148 45.379 46.094 49.115 47.178 44.335 46.973 48.778 45.832 44.369 47.705 50.526 51.883 52.378 51.579 51.758 49.108 46.583 43.926 41.964 38.364 36.360 33.930 37.036 37.485 40.670 41.438 44.551 47.293 47.944 44.316 42.829 40.806 38.233 38.547 34.804 34.346 37.746 40.651 41.529 43.379 42.833 41.309 37.806 35.091 32.603 34.853 34.513 37.983 36.896 40.431 41.973 44.589 45.739 44.998 48.790 49.411 47.713 50.497 53.356 55.820 54.911 51.614 50.963 48.202 46.467 46.711 45.432 42.430 41.810 41.862 38.930 37.008 37.517 36.385 33.049 30.453 31.643 35.426 37.437 34.449 34.149 37.166 36.319 40.045 40.265 37.153 38.576 42.360 43.114 40.438 41.841 45.291 48.692 48.184 51.454 53.333 52.519 54.726 57.297 60.893 59.946 61.976 59.254
58.501 58.161 58.065 59.675 57.430 59.177 59.664 55.901 55.250 57.755 56.245 52.636 53.959 55.831 52.637 50.847 48.582 50.017 47.350 45.130 41.641 43.166 44.157 47.869 50.156 50.307 46.582 47.284 50.473 48.725 45.899 48.556 50.554 47.778 46.262 49.594 52.456 53.588 54.148 53.170 53.512 51.025 48.575 46.113 44.243 40.736 38.941 36.307 39.266 39.492 42.642 43.299 46.232 48.889 49.494 45.825 44.538 42.302 39.867 40.104 36.380 35.595 38.848 41.813 42.754 44.868 44.303 43.068 39.566 36.827 34.073 36.194 35.487 38.906 37.578 41.125 42.589 45.436 46.843 46.345 50.176 50.568 49.002 51.970 54.652 57.125 55.979 52.683 51.772 49.075 47.535 47.574 46.065 43.245 42.729 42.452 39.468 37.859 38.275 36.787 33.599 31.056 32.480 36.250 38.578 35.824 35.549 38.781 38.242 41.990 41.930 38.881 40.586 44.297 44.758 41.938 43.280 46.836 50.097 49.523 52.639 54.740 53.943 55.940 58.546 62.127 61.090 62.937 60.069
61.544 61.340 61.246 62.937 60.735 62.403 62.794 59.024 58.376 60.766 59.177 55.587 56.854 58.593 55.345 53.553 51.450 52.937 50.244 47.933 44.436 46.077 47.225 50.971 53.275 53.580 49.871 50.483 53.746 52.123 49.251 51.839 53.953 51.243 49.620 52.888 55.829 56.852 57.335 56.210 56.526 54.154 51.641 49.260 47.299 43.854 42.037 39.273 42.077 42.355 45.583 46.345 49.196 51.900 52.604 48.961 47.672 45.285 42.816 42.842 39.096 38.261 41.476 44.343 45.137 47.339 46.578 45.490 42.087 39.192 36.367 38.591 37.769 41.231 39.915 43.522 44.771 47.756 49.225 48.954 52.789 53.144 51.764 54.808 57.417 59.980 58.731 55.502 54.421 51.680 50.335 50.361 48.656 45.903 45.579 45.161 42.070 40.691 41.192 39.486 36.342 33.958 35.600 39.325 41.796 39.179 38.795 42.111 41.722 45.494 45.388 42.415 44.220 47.907 48.279 45.444 46.806 50.385 53.585 52.941 55.989 58.180 57.336 59.230 61.889 65.443 64.315 66.049 63.091
61.896 61.837 61.610 63.347 61.143 62.610 62.908 59.155 58.420 60.619 58.989 55.406 56.511 58.096 54.831 52.965 51.092 52.586 49.831 47.436 43.924 45.692 47.097 50.876 53.237 53.804 50.154 50.675 54.076 52.685 49.804 52.343 54.662 52.145 50.426 53.639 56.636 57.409 57.912 56.587 57.041 54.865 52.426 50.270 48.402 45.088 43.507 40.545 43.163 43.207 46.376 47.041 49.683 52.302 52.994 49.355 48.243 45.647 43.317 43.239 39.555 38.425 41.459 44.331 45.165 47.606 46.835 46.056 42.686 39.812 36.758 38.816 37.651 41.017 39.506 43.086 44.222 47.396 49.094 49.076 52.916 53.051 51.834 55.037 57.454 60.033 58.561 55.375 54.042 51.360 50.239 50.103 48.170 45.604 45.432 44.727 41.588 40.541 41.018 38.994 36.008 33.784 35.685 39.318 42.047 39.705 39.261 42.745 42.687 46.461 46.123 43.290 45.371 48.957 49.052 46.157 47.544 51.166 54.205 53.421 56.310 58.694 57.797 59.469 62.196 65.694 64.430 65.962 62.867
64.272 64.376 64.128 65.953 63.807 65.159 65.334 61.591 60.860 62.901 61.184 57.643 58.674 60.088 56.780 54.926 53.259 54.814 52.061 49.564 46.086 47.992 49.556 53.352 55.705 56.467 52.856 53.252 56.730 55.515 52.590 55.032 57.497 55.092 53.250 56.375 59.450 60.062 60.490 58.988 59.448 57.431 54.965 52.947 51.036 47.827 46.303 43.201 45.626 45.647 48.842 49.570 52.075 54.703 55.484 51.891 50.817 48.057 45.743 45.460 41.806 40.579 43.509 46.271 46.981 49.537 48.610 48.042 44.787 41.823 38.686 40.757 39.429 42.768 41.245 44.832 45.742 49.048 50.839 51.077 54.896 54.946 53.939 57.228 59.523 62.177 60.573 57.478 55.946 53.249 52.360 52.190 50.046 47.594 47.634 46.763 43.542 42.771 43.334 41.084 38.190 36.181 38.308 41.844 44.715 42.566 41.994 45.558 45.705 49.485 49.072 46.362 48.584 52.113 52.076 49.190 50.626 54.251 57.191 56.291 59.081 61.571 60.599 62.126 64.922 68.363 66.975 68.354 65.157
63.566 63.887 63.657 65.628 63.613 64.862 64.835 61.103 60.456 62.314 60.441 56.987 58.016 59.201 55.818 54.071 52.621 54.335 51.684 49.005 45.637 47.784 49.417 53.232 55.468 56.461 52.884 53.039 56.578 55.602 52.576 54.835 57.489 55.232 53.190 56.164 59.353 59.760 60.051 58.327 58.767 56.959 54.464 52.642 50.702 47.659 46.271 42.986 45.146 45.089 48.285 49.081 51.406 54.048 54.970 51.465 50.403 47.449 45.149 44.615 41.024 39.695 42.499 45.106 45.674 48.348 47.281 46.969 43.849 40.839 37.602 39.636 38.133 41.423 39.927 43.515 44.164 47.575 49.437 49.949 53.728 53.700 52.939 56.301 58.463 61.215 59.493 56.530 54.807 52.064 51.440 51.298 48.933 46.571 46.892 45.911 42.574 42.092 42.849 40.402 37.556 35.877 38.315 41.697 44.672 42.767 41.939 45.569 45.994 49.777 49.329 46.843 49.246 52.686 52.515 49.732 51.357 54.921 57.745 56.609 59.311 61.875 60.717 62.090 65.021 68.360 66.775 67.987 64.692
62.575 62.924 62.496 64.408 62.326 63.369 63.349 59.670 58.866 60.576 58.772 55.308 56.126 57.249 53.932 52.047 50.770 52.380 49.642 46.996 43.611 45.757 47.624 51.411 53.743 54.918 51.441 51.613 55.243 54.436 51.501 53.780 56.549 54.486 52.478 55.444 58.587 58.789 59.210 57.398 58.058 56.388 54.072 52.453 50.734 47.799 46.705 43.354 45.436 45.055 48.076 48.631 50.756 53.212 53.986 50.472 49.673 46.629 44.577 44.135 40.678 39.016 41.581 44.283 45.056 47.945 47.065 46.999 43.847 41.031 37.608 39.314 37.474 40.558 38.770 42.223 42.935 46.463 48.579 49.200 52.962 52.664 51.930 55.414 57.379 60.032 58.111 55.139 53.241 50.660 50.146 49.761 47.292 45.160 45.471 44.206 40.956 40.725 41.305 38.634 36.036 34.414 36.930 40.196 43.367 41.709 40.976 44.706 45.385 49.102 48.379 45.990 48.605 51.913 51.468 48.604 50.158 53.748 56.400 55.214 57.740 60.468 59.350 60.518 63.437 66.730 65.098 66.146 62.769
61.054 61.189 60.682 62.436 60.208 61.301 61.480 57.799 56.875 58.737 57.102 53.543 54.326 55.673 52.443 50.422 48.948 50.389 47.538 45.065 41.563 43.488 45.326 49.100 51.559 52.558 49.065 49.463 53.064 52.077 49.253 51.716 54.345 52.202 50.391 53.504 56.525 56.861 57.461 55.845 56.603 54.765 52.548 50.809 49.216 46.160 45.072 41.866 44.186 43.733 46.679 47.063 49.302 51.678 52.259 48.649 47.925 45.043 43.064 42.927 39.451 37.762 40.387 43.300 44.316 47.159 46.522 46.275 42.950 40.276 36.869 38.472 36.693 39.762 37.841 41.257 42.297 45.740 47.861 48.207 52.014 51.708 50.707 54.155 56.204 58.721 56.868 53.747 52.011 49.520 48.746 48.266 46.009 43.834 43.840 42.621 39.509 39.033 39.373 36.847 34.245 32.296 34.544 37.939 41.068 39.247 38.777 42.485 42.994 46.695 45.915 43.352 45.886 49.234 48.823 45.846 47.236 50.887 53.602 52.600 55.173 57.873 56.921 58.188 60.989 64.369 62.905 64.083 60.784
57.382 57.468 56.925 58.650 56.406 57.504 57.705 54.024 53.091 54.985 53.375 49.799 50.603 52.003 48.785 46.758 45.217 46.659 43.827 41.354 37.849 39.778 41.559 45.341 47.778 48.761 45.260 45.659 49.258 48.273 45.458 47.936 50.566 48.451 46.662 49.791 52.784 53.106 53.758 52.177 53.001 51.150 49.010 47.306 45.830 42.795 41.848 38.660 41.010 40.400 43.250 43.506 45.725 48.036 48.544 44.915 44.253 41.399 39.500 39.492 36.061 34.277 36.867 39.876 41.044 43.910 43.453 43.201 39.800 37.281 33.829 35.259 33.425 36.428 34.409 37.785 38.983 42.385 44.540 44.780 48.594 48.242 47.140 50.588 52.637 55.094 53.255 50.088 48.407 45.953 45.094 44.581 42.396 40.207 40.123 38.926 35.851 35.306 35.598 33.117 30.500 28.499 30.736 34.135 37.259 35.457 35.003 38.723 39.279 42.961 42.136 39.604 42.191 45.505 45.053 42.094 43.536 47.166 49.867 48.822 51.404 54.093 53.119 54.393 57.205 60.584 59.119 60.325 57.047
55.170 55.118 54.683 56.375 54.123 55.415 55.699 51.978 51.129 53.222 51.637 48.033 49.016 50.581 47.358 45.403 43.602 45.066 42.295 39.869 36.355 38.197 39.707 43.498 45.877 46.621 43.030 43.500 46.999 45.804 42.962 45.502 47.978 45.690 43.965 47.169 50.133 50.667 51.317 49.911 50.638 48.599 46.405 44.511 42.989 39.826 38.741 35.679 38.220 37.731 40.625 40.920 43.336 45.723 46.226 42.558 41.746 39.057 37.037 37.169 33.654 32.080 34.866 37.940 39.139 41.823 41.439 40.914 37.416 34.916 31.595 33.124 31.566 34.679 32.794 36.225 37.602 40.831 42.796 42.765 46.607 46.441 45.146 48.474 50.712 53.153 51.517 48.277 46.845 44.324 43.215 42.852 40.895 38.491 38.234 37.325 34.270 33.358 33.679 31.507 28.666 26.456 28.489 32.036 34.951 32.873 32.453 36.080 36.376 40.099 39.459 36.796 39.202 42.625 42.399 39.482 40.962 44.574 47.436 46.473 49.228 51.754 50.793 52.280 55.064 58.504 57.143 58.551 55.390
51.941 51.756 51.252 52.848 50.523 51.837 52.222 48.509 47.603 49.784 48.296 44.650 45.635 47.336 44.176 42.170 40.228 41.614 38.826 36.490 32.945 34.680 36.105 39.884 42.288 42.937 39.338 39.907 43.383 42.115 39.335 41.965 44.377 42.088 40.475 43.752 46.629 47.202 47.978 46.691 47.523 45.411 43.345 41.445 40.106 36.929 36.003 33.047 35.700 35.019 37.760 37.847 40.277 42.553 42.898 39.183 38.471 35.895 34.005 34.405 30.964 29.297 32.043 35.277 36.719 39.385 39.280 38.686 35.077 32.827 29.518 30.798 29.234 32.227 30.211 33.538 35.197 38.315 40.299 40.054 43.893 43.676 42.182 45.480 47.738 50.055 48.463 45.133 43.828 41.397 40.102 39.667 37.887 35.469 34.985 34.130 31.204 30.107 30.263 28.237 25.399 22.978 24.836 28.439 31.310 29.172 28.899 32.514 32.776 36.467 35.756 33.046 35.469 38.873 38.621 35.675 37.136 40.750 43.626 42.699 45.480 47.980 47.067 48.600 51.342 54.811 53.519 55.001 51.898
49.843 49.568 49.255 50.879 48.623 50.176 50.574 46.821 46.097 48.467 46.936 43.316 44.561 46.369 43.178 41.352 39.164 40.659 38.038 35.698 32.244 33.955 34.993 38.760 40.996 41.396 37.697 38.242 41.574 40.106 37.239 39.852 42.109 39.616 37.997 41.300 44.192 44.996 45.679 44.545 45.194 42.902 40.717 38.606 37.145 33.844 32.720 29.880 32.701 32.223 35.054 35.278 37.929 40.344 40.777 37.067 36.103 33.696 31.600 32.060 28.521 27.187 30.173 33.376 34.745 37.162 37.060 36.165 32.506 30.236 27.130 28.582 27.404 30.529 28.788 32.178 33.919 36.812 38.520 38.021 41.865 41.910 40.276 43.411 45.886 48.237 46.895 43.550 42.519 39.965 38.454 38.279 36.727 34.046 33.472 33.015 30.077 28.586 28.914 27.291 24.168 21.660 23.325 27.026 29.572 27.128 26.754 30.216 30.178 33.929 33.528 30.734 32.922 36.454 36.514 33.714 35.318 38.848 41.906 40.999 43.985 46.258 45.279 47.053 49.805 53.302 52.073 53.759 50.791
47.261 46.779 46.359 47.817 45.436 47.013 47.586 43.861 43.028 45.522 44.165 40.490 41.702 43.711 40.644 38.725 36.350 37.680 35.017 32.866 29.376 30.857 31.783 35.503 37.806 38.040 34.346 35.091 38.371 36.762 34.024 36.799 38.924 36.413 35.005 38.428 41.166 42.051 42.934 41.996 42.794 40.387 38.396 36.258 35.059 31.734 30.804 28.182 31.165 30.456 33.050 32.975 35.651 37.890 38.074 34.305 33.495 31.298 29.407 30.269 26.876 25.454 28.346 31.735 33.420 35.774 36.036 35.044 31.280 29.371 26.361 27.466 26.323 29.227 27.334 30.519 32.621 35.332 37.049 36.259 40.068 40.043 38.138 41.206 43.698 45.856 44.578 41.118 40.268 37.874 36.104 35.810 34.531 31.869 30.947 30.563 27.872 26.112 26.145 24.781 21.736 18.888 20.150 23.929 26.370 23.789 23.724 27.127 26.968 30.659 30.151 27.230 29.392 32.918 32.963 30.083 31.588 35.144 38.235 37.446 40.465 42.701 41.845 43.691 46.346 49.894 48.798 50.591 47.715
44.238 43.664 43.388 44.861 42.551 44.329 44.905 41.162 40.497 43.149 41.763 38.136 39.584 41.680 38.617 36.886 34.292 35.721 33.267 31.128 27.798 29.253 29.761 33.430 35.528 35.542 31.779 32.472 35.600 33.837 31.025 33.767 35.758 33.098 31.689 35.130 37.862 38.925 39.749 38.961 39.640 37.088 35.058 32.779 31.575 28.181 27.215 24.745 27.869 27.206 29.767 29.708 32.542 34.840 35.056 31.305 30.316 28.312 26.320 27.340 23.963 22.801 25.818 29.190 30.899 33.021 33.414 32.186 28.382 26.638 23.857 24.920 24.116 26.994 25.322 28.444 30.683 33.118 34.595 33.527 37.301 37.465 35.396 38.300 40.953 43.093 42.041 38.572 37.996 35.544 33.554 33.477 32.461 29.598 28.547 28.556 25.937 23.788 23.954 23.057 19.818 16.937 17.929 21.713 23.776 20.936 20.769 23.996 23.589 27.317 27.078 24.131 26.113 29.721 30.023 27.331 29.035 32.461 35.682 34.854 38.043 40.060 39.108 41.153 43.828 47.373 46.313 48.274 45.534
42.402 41.546 41.140 42.374 39.899 41.718 42.541 38.858 38.049 40.865 39.729 36.057 37.449 39.803 36.936 35.097 32.274 33.449 30.955 29.126 25.800 26.876 27.204 30.758 32.942 32.689 28.955 29.957 32.969 30.978 28.381 31.348 33.107 30.400 29.329 32.921 35.412 36.615 37.705 37.206 38.056 35.354 33.586 31.264 30.401 27.009 26.267 24.181 27.464 26.569 28.782 28.350 31.202 33.249 33.131 29.339 28.552 26.899 25.206 26.738 23.633 22.442 25.257 28.771 30.810 32.793 33.594 32.249 28.408 27.119 24.567 25.221 24.517 27.050 25.263 28.048 30.663 32.827 34.277 32.860 36.534 36.628 34.239 37.008 39.670 41.547 40.598 37.014 36.688 34.469 32.165 31.941 31.307 28.518 27.012 27.135 24.916 22.441 22.179 21.708 18.700 15.441 15.669 19.475 21.283 18.211 18.572 21.606 20.934 24.536 24.177 21.006 22.867 26.487 26.819 24.011 25.529 28.990 32.283 31.672 34.912 36.853 36.102 38.262 40.774 44.389 43.537 45.647 43.051
39.184 38.229 37.962 39.207 36.818 38.838 39.652 35.968 35.348 38.309 37.148 33.557 35.195 37.617 34.785 33.171 30.145 31.422 29.210 27.414 24.351 25.390 25.218 28.661 30.572 30.089 26.308 27.226 30.045 27.908 25.236 28.150 29.761 26.913 25.850 29.454 31.923 33.299 34.339 34.007 34.758 31.920 30.165 27.732 26.951 23.541 22.881 21.042 24.416 23.481 25.544 25.048 28.024 30.077 29.959 26.213 25.270 23.879 22.162 23.932 20.978 20.062 22.881 26.329 28.421 30.138 31.141 29.597 25.774 24.795 22.565 23.031 22.679 25.038 23.494 26.090 28.838 30.655 31.852 30.133 33.717 33.977 31.413 33.982 36.781 38.604 37.892 34.321 34.296 32.062 29.531 29.527 29.209 26.263 24.605 25.170 23.116 20.247 20.114 20.231 17.153 14.024 13.818 17.449 18.717 15.373 15.632 18.380 17.412 21.038 20.983 17.821 19.485 23.179 23.791 21.253 23.048 26.304 29.707 29.011 32.414 34.106 33.224 35.580 38.121 41.706 40.873 43.143 40.698
39.964 38.666 38.391 39.350 36.825 38.994 40.115 36.542 35.837 39.019 38.145 34.582 36.198 38.890 36.300 34.640 31.385 32.352 30.146 28.773 25.795 26.320 25.895 29.083 31.042 30.103 26.421 27.741 30.260 27.723 25.380 28.497 29.636 26.596 26.016 29.738 31.870 33.591 34.837 34.928 35.683 32.602 31.019 28.369 27.759 24.283 23.504 22.244 25.826 25.038 26.866 26.221 29.320 31.201 30.821 27.145 26.241 25.381 23.824 25.945 23.224 22.602 25.304 28.687 30.853 32.262 33.447 31.628 27.874 27.120 25.269 25.691 25.650 27.825 26.403 28.735 31.653 33.172 34.176 32.123 35.548 35.916 33.088 35.378 38.265 39.846 39.371 35.757 36.072 34.031 31.203 31.180 31.283 28.393 26.364 27.142 25.497 22.361 21.884 22.476 19.706 16.445 15.409 18.825 19.569 15.926 16.822 18.998 17.359 20.696 20.781 17.274 18.319 22.096 23.056 20.474 21.863 25.086 28.676 28.433 31.942 33.385 32.829 35.435 37.685 41.351 40.862 43.374 41.183
36.320 34.931 34.697 35.643 33.173 35.459 36.568 33.014 32.435 35.705 34.834 31.354 33.136 35.872 33.354 31.876 28.484 29.512 27.582 26.264 23.586 24.066 23.194 26.240 27.936 26.839 23.147 24.384 26.737 24.123 21.744 24.825 25.866 22.778 22.243 25.979 28.055 29.846 31.118 31.345 32.123 28.984 27.546 24.930 24.587 21.240 20.812 19.838 23.342 22.303 23.789 22.899 25.973 27.721 27.240 23.620 22.725 22.142 20.773 23.206 20.824 20.304 22.781 26.092 28.404 29.627 31.112 29.260 25.587 25.292 23.715 23.740 23.870 25.693 24.390 26.398 29.462 30.651 31.509 29.207 32.492 32.887 29.893 32.018 34.934 36.396 36.074 32.475 33.032 31.074 28.063 28.144 28.553 25.643 23.433 24.542 23.165 19.771 19.302 20.436 17.812 14.807 13.304 16.330 16.515 12.728 13.647 15.450 13.584 16.886 17.143 13.686 14.643 18.451 19.567 17.259 18.983 21.979 25.601 25.198 28.809 30.072 29.364 32.083 34.382 37.999 37.486 40.090 38.013
34.892 33.287 32.699 33.350 30.625 32.731 34.098 30.643 29.740 33.041 32.482 28.936 30.455 33.399 31.133 29.419 25.946 26.607 24.549 23.599 20.933 20.977 20.087 22.999 24.905 23.698 20.101 21.739 24.096 21.417 19.400 22.779 23.728 20.875 20.776 24.615 26.367 28.022 29.708 30.092 31.277 28.223 27.276 24.973 25.215 22.198 22.374 21.623 24.878 23.341 24.275 22.790 25.522 26.775 25.794 22.158 21.851 21.506 20.799 23.660 21.754 20.828 22.762 26.188 28.894 30.217 32.108 30.500 26.912 27.075 25.480 24.947 24.776 26.103 24.459 26.014 29.375 30.445 31.518 29.116 32.242 32.289 29.098 31.215 33.892 35.010 34.573 30.873 31.481 29.913 26.760 26.431 27.106 24.541 21.896 22.807 21.953 18.580 17.436 18.808 16.788 13.639 11.291 14.006 14.042 10.320 12.213 13.825 12.115 15.035 14.628 10.950 12.190 15.819 16.526 13.863 15.332 18.506 22.080 21.835 25.371 26.770 26.306 28.947 31.101 34.786 34.416 37.022 34.986
31.209 29.666 29.252 30.090 27.568 29.853 31.008 27.496 26.909 30.252 29.488 26.065 27.918 30.759 28.424 27.062 23.510 24.493 22.882 21.744 19.510 19.819 18.376 21.199 22.619 21.387 17.698 18.916 21.147 18.513 16.168 19.349 20.372 17.429 17.072 20.886 22.795 24.473 25.998 26.375 27.465 24.385 23.439 21.182 21.578 18.723 19.257 18.657 21.716 19.970 20.640 19.027 21.764 23.031 22.142 18.550 18.075 17.898 17.250 20.286 18.689 17.947 19.708 22.969 25.694 26.823 28.897 27.275 23.807 24.340 23.021 22.186 22.238 23.280 21.896 23.204 26.573 27.324 28.187 25.605 28.627 28.785 25.523 27.505 30.268 31.420 31.150 27.514 28.327 26.685 23.423 23.382 24.263 21.557 18.921 20.306 19.552 15.934 15.141 17.068 15.048 12.527 10.128 12.214 11.523 7.649 9.074 10.263 8.366 11.523 11.531 8.123 9.495 13.195 14.130 12.088 14.374 17.082 20.610 19.883 23.546 24.731 23.833 26.573 28.959 32.521 31.944 34.592 32.605
30.679 29.583 29.340 30.614 28.361 30.568 31.285 27.608 27.269 30.376 29.169 25.738 27.763 30.252 27.548 26.357 23.033 24.527 22.991 21.243 18.943 19.983 18.766 21.919 23.172 22.484 18.661 19.215 21.778 19.647 16.751 19.538 21.150 18.347 17.189 20.823 23.267 24.622 25.734 25.590 26.506 23.623 22.274 20.102 20.094 17.149 17.641 16.370 19.340 17.529 18.630 17.361 20.167 21.855 21.471 17.761 16.949 16.060 14.936 17.580 15.584 14.690 16.797 20.161 22.750 24.131 25.965 24.490 20.879 21.156 19.546 18.803 18.724 20.047 18.687 20.382 23.574 24.597 25.546 23.249 26.531 26.733 23.755 26.044 28.855 30.408 29.960 26.378 26.860 24.831 21.859 22.049 22.434 19.444 17.311 18.669 17.285 13.733 13.654 15.169 12.523 10.248 8.898 11.362 11.285 7.711 7.601 9.790 8.829 12.551 12.707 10.034 12.010 15.488 16.152 14.363 17.093 19.722 23.003 21.742 25.282 26.659 25.315 27.808 30.548 33.976 32.989 35.389 33.137
30.600 29.781 29.239 30.613 28.306 30.114 30.673 26.942 26.375 29.186 27.876 24.296 26.054 28.372 25.512 24.074 21.006 22.595 20.800 18.722 16.126 17.584 16.905 20.389 21.879 21.794 17.962 18.327 21.378 19.792 16.834 19.572 21.740 19.454 18.052 21.541 24.118 24.892 26.072 25.477 26.721 24.251 23.047 21.398 21.533 18.913 19.782 18.003 20.547 18.299 19.342 17.869 20.193 21.716 21.280 17.449 17.130 15.577 14.796 17.240 15.265 13.472 15.285 18.958 21.805 23.741 25.604 24.672 21.043 21.288 19.145 18.060 17.212 18.402 16.428 18.179 21.469 22.915 24.390 22.515 25.927 25.665 22.900 25.625 28.106 29.715 28.799 25.154 25.126 23.141 20.481 20.257 20.170 17.375 15.370 16.088 14.446 11.247 10.989 11.841 9.068 6.478 5.742 8.730 9.803 6.984 6.584 9.939 10.410 13.963 13.276 11.081 13.944 16.976 16.797 14.732 17.489 20.304 23.222 21.639 24.879 26.731 25.281 27.321 30.248 33.631 32.372 34.433 31.858
33.412 32.881 32.399 33.950 31.735 33.402 33.780 30.017 29.456 32.040 30.546 26.957 28.596 30.657 27.594 26.084 23.350 25.075 23.074 20.696 17.806 19.633 19.543 23.210 24.855 25.111 21.320 21.531 24.759 23.414 20.386 22.940 25.318 23.099 21.443 24.778 27.558 28.174 29.128 28.205 29.305 27.005 25.490 23.837 23.510 20.743 21.204 18.878 21.433 19.467 21.072 20.090 22.427 24.254 24.170 20.374 19.868 17.793 16.566 18.328 15.777 13.797 16.054 19.762 22.304 24.565 25.954 25.166 21.418 21.033 18.391 17.791 16.603 18.386 16.273 18.655 21.595 23.579 25.252 23.849 27.475 27.215 24.839 27.815 30.248 32.142 31.010 27.455 27.010 24.779 22.551 22.343 21.647 18.815 17.401 17.663 15.366 12.765 12.926 12.693 9.377 6.628 7.643 11.067 12.971 10.616 9.839 13.422 14.054 17.683 17.043 14.887 17.700 20.794 20.550 18.333 20.887 23.881 26.739 25.158 28.257 30.300 28.841 30.688 33.677 37.030 35.636 37.495 34.727
31.989 31.866 31.406 33.255 31.290 32.762 32.747 28.961 28.575 30.829 28.995 25.509 27.202 28.859 25.556 24.244 21.876 24.017 22.243 19.379 16.718 19.196 19.243 22.949 24.317 25.087 21.405 21.012 24.394 23.614 20.371 22.463 25.283 23.433 21.312 24.291 27.324 27.493 28.176 26.777 27.884 25.983 24.410 23.191 22.838 20.448 21.249 18.541 20.520 18.249 19.830 18.924 20.869 22.753 22.967 19.295 18.833 16.170 14.979 16.257 13.781 11.197 13.256 16.982 19.519 22.157 23.474 23.160 19.525 19.184 16.227 15.267 13.495 15.184 12.796 15.371 18.148 20.427 22.368 21.392 25.089 24.629 22.613 25.858 28.092 30.208 28.823 25.405 24.572 22.151 20.357 20.206 18.995 16.150 15.346 15.373 12.541 10.483 11.379 10.523 6.790 5.372 8.060 10.721 12.962 11.589 9.840 13.586 15.083 18.541 17.827 16.420 19.511 22.218 21.663 19.798 22.642 25.378 27.895 25.853 28.711 30.876 29.053 30.573 33.816 36.959 35.198 36.760 33.796
35.227 35.288 34.972 36.944 35.071 36.536 36.413 32.625 32.305 34.448 32.493 29.064 30.717 32.189 28.783 27.496 25.363 27.553 25.680 22.722 19.942 22.509 22.862 26.613 28.060 28.914 25.243 24.830 28.218 27.449 24.168 26.168 28.991 27.041 24.803 27.702 30.858 31.064 31.530 29.980 30.842 28.990 27.099 25.738 24.908 22.333 22.621 19.552 21.584 19.800 21.925 21.569 23.641 25.829 26.364 22.780 22.027 19.181 17.517 18.141 15.156 12.861 15.371 18.833 20.841 23.582 24.316 24.006 20.341 19.275 15.959 15.770 13.934 16.335 14.184 17.320 19.522 22.179 24.094 23.508 27.310 27.018 25.360 28.657 30.925 33.283 31.852 28.579 27.528 24.895 23.445 23.445 21.862 19.008 18.698 18.550 15.372 13.828 14.974 13.590 9.925 8.670 11.539 14.405 16.802 15.298 13.583 17.250 18.480 22.071 21.561 19.967 22.884 25.786 25.387 23.412 26.115 28.992 31.591 29.646 32.498 34.700 32.907 34.406 37.648 40.789 38.993 40.476 37.440
38.152 38.184 38.081 40.080 38.240 39.889 39.806 35.998 35.778 38.037 36.071 32.669 34.418 35.928 32.512 31.287 29.084 31.241 29.328 26.464 23.615 26.018 26.332 30.079 31.564 32.199 28.457 28.173 31.442 30.415 27.105 29.152 31.774 29.530 27.315 30.271 33.467 33.960 34.285 32.846 33.409 31.369 29.175 27.452 26.180 23.285 22.939 19.781 22.112 20.957 23.552 23.675 26.092 28.577 29.316 25.756 24.623 21.914 19.779 20.124 16.726 15.117 18.105 21.313 22.856 25.354 25.637 24.984 21.272 19.598 16.325 17.019 15.705 18.656 17.029 20.424 22.286 24.926 26.533 25.947 29.789 29.851 28.268 31.419 33.900 36.395 35.152 31.941 31.010 28.218 26.751 27.001 25.460 22.454 22.229 22.294 19.079 17.405 18.630 17.397 13.716 12.206 14.657 17.803 19.993 18.013 16.423 19.911 20.582 24.337 24.185 22.254 24.818 28.014 27.990 25.947 28.531 31.511 34.347 32.621 35.635 37.706 36.006 37.710 40.880 44.094 42.414 44.029 41.070
39.925 40.194 40.363 42.580 40.973 42.714 42.408 38.594 38.634 40.809 38.614 35.363 37.283 38.564 35.023 34.060 32.006 34.388 32.656 29.629 26.946 29.530 29.775 33.489 34.775 35.459 31.725 31.190 34.367 33.415 29.960 31.732 34.380 32.073 29.612 32.356 35.720 36.241 36.218 34.619 34.834 32.877 30.352 28.560 26.831 23.937 23.185 19.778 21.916 21.277 24.277 24.966 27.448 30.245 31.395 28.011 26.506 23.674 21.122 20.827 17.184 16.076 19.315 22.083 23.013 25.402 25.107 24.408 20.843 18.560 15.240 16.697 15.672 19.076 18.006 21.679 22.959 25.665 27.021 26.720 30.561 30.913 29.675 32.759 35.323 38.086 36.935 33.936 32.946 29.891 28.695 29.293 27.551 24.423 24.669 24.894 21.441 19.981 21.673 20.398 16.669 15.668 18.278 21.245 23.280 21.337 19.395 22.689 23.274 27.038 27.229 25.430 27.802 31.029 31.218 29.377 32.076 34.953 37.822 36.006 39.054 41.015 39.154 40.887 44.141 47.272 45.478 47.059 44.096
43.652 43.918 44.124 46.323 44.681 46.435 46.176 42.362 42.354 44.539 42.373 39.099 40.949 42.236 38.697 37.653 35.639 37.936 36.061 33.087 30.262 32.759 33.174 36.925 38.352 38.998 35.246 34.848 38.037 36.985 33.577 35.431 38.001 35.594 33.205 35.991 39.338 39.954 39.913 38.344 38.466 36.466 33.835 31.909 29.976 26.968 25.846 22.479 24.696 24.443 27.621 28.510 31.079 33.952 35.146 31.761 30.190 27.406 24.754 24.323 20.606 19.718 22.992 25.625 26.310 28.617 28.007 27.225 23.773 21.128 17.933 19.841 18.958 22.484 21.527 25.257 26.324 29.117 30.419 30.240 34.064 34.505 33.368 36.422 39.009 41.823 40.674 37.705 36.661 33.587 32.463 33.046 31.230 28.152 28.429 28.548 25.080 23.714 25.284 23.863 20.210 18.988 21.505 24.656 26.788 24.695 22.969 26.258 26.628 30.435 30.663 28.649 30.894 34.255 34.536 32.542 35.064 38.075 41.036 39.382 42.457 44.446 42.702 44.474 47.669 50.858 49.130 50.723 47.742
45.639 46.004 46.470 48.794 47.322 49.231 48.860 45.046 45.258 47.468 45.173 42.013 44.043 45.243 41.649 40.817 38.801 41.229 39.502 36.479 33.774 36.311 36.562 40.270 41.539 42.093 38.324 37.808 40.861 39.750 36.256 37.947 40.424 37.886 35.387 38.041 41.462 42.219 41.922 40.352 40.151 38.123 35.236 33.156 30.854 27.818 26.266 22.905 25.032 25.333 28.775 30.107 32.804 35.910 37.383 34.138 32.238 29.522 26.563 25.776 21.972 21.635 25.069 27.335 27.540 29.558 28.505 27.516 24.271 21.211 18.332 20.847 20.453 24.179 23.740 27.543 28.253 30.915 31.880 31.771 35.526 36.291 35.329 38.215 40.936 43.912 42.948 40.130 39.181 35.933 34.887 35.775 33.966 30.755 31.239 31.602 28.066 26.659 28.491 27.228 23.508 22.465 24.918 28.004 29.908 27.705 25.805 28.874 29.022 32.819 33.385 31.397 33.385 36.807 37.359 35.531 38.123 41.042 44.097 42.444 45.612 47.438 45.608 47.499 50.719 53.873 52.129 53.786 50.871
49.392 49.780 50.277 52.603 51.120 53.028 52.672 48.858 49.043 51.243 48.952 45.783 47.762 48.943 45.342 44.460 42.494 44.877 43.056 40.054 37.260 39.757 40.138 43.873 45.235 45.785 42.008 41.566 44.635 43.478 40.012 41.742 44.181 41.590 39.130 41.791 45.206 46.011 45.686 44.115 43.843 41.811 38.855 36.711 34.277 31.213 29.433 26.149 28.253 28.806 32.331 33.795 36.517 39.668 41.183 37.949 36.014 33.312 30.308 29.416 25.611 25.367 28.785 30.949 30.977 32.938 31.649 30.644 27.552 24.301 21.574 24.295 23.948 27.701 27.318 31.143 31.687 34.411 35.346 35.357 39.080 39.898 39.038 41.906 44.625 47.648 46.674 43.893 42.884 39.619 38.653 39.529 37.643 34.478 35.010 35.284 31.724 30.409 32.178 30.793 27.125 25.983 28.413 31.595 33.580 31.313 29.535 32.612 32.654 36.465 37.043 34.936 36.848 40.340 40.942 39.017 41.488 44.492 47.597 46.046 49.223 51.075 49.318 51.222 54.409 57.598 55.885 57.535 54.597
51.421 51.800 52.512 54.882 53.503 55.584 55.207 51.398 51.743 54.033 51.698 48.599 50.736 51.932 48.323 47.585 45.528 47.963 46.244 43.265 40.542 42.990 43.187 46.876 48.131 48.516 44.715 44.256 47.178 45.886 42.391 44.046 46.325 43.580 41.114 43.710 47.124 48.126 47.642 46.173 45.640 43.512 40.384 38.050 35.359 32.247 30.087 26.980 29.085 30.108 33.772 35.535 38.410 41.713 43.386 40.248 38.057 35.519 32.308 31.283 27.464 27.675 31.212 33.145 32.877 34.509 32.965 31.683 28.773 25.331 23.029 26.107 26.219 30.042 30.028 33.848 34.247 36.775 37.394 37.326 40.965 42.074 41.248 43.919 46.788 49.884 49.123 46.425 45.586 42.221 41.203 42.312 40.542 37.249 37.812 38.335 34.789 33.313 35.202 34.039 30.299 29.164 31.431 34.609 36.359 33.922 32.098 34.961 34.724 38.503 39.374 37.227 38.857 42.414 43.293 41.490 43.975 46.902 50.122 48.641 51.930 53.605 51.829 53.895 57.056 60.244 58.586 60.356 57.518
54.932 55.403 56.082 58.483 57.099 59.096 58.679 54.871 55.167 57.366 55.002 51.897 53.939 55.048 51.410 50.615 48.694 51.120 49.313 46.295 43.505 45.999 46.389 50.120 51.460 51.960 48.171 47.714 50.716 49.497 46.008 47.667 50.021 47.327 44.839 47.413 50.853 51.772 51.270 49.700 49.178 47.146 44.006 41.749 39.026 35.979 33.816 30.678 32.646 33.689 37.364 39.161 41.945 45.242 46.947 43.814 41.681 39.039 35.863 34.710 30.922 31.018 34.463 36.333 35.962 37.685 35.969 34.858 32.087 28.557 26.215 29.306 29.245 33.050 32.977 36.820 37.039 39.712 40.422 40.574 44.195 45.236 44.570 47.311 50.088 53.236 52.365 49.714 48.712 45.345 44.495 45.531 43.590 40.401 41.083 41.418 37.810 36.549 38.408 37.015 33.354 32.240 34.631 37.839 39.766 37.410 35.626 38.587 38.445 42.237 43.007 40.840 42.549 46.110 46.898 44.999 47.415 50.422 53.613 52.139 55.372 57.148 55.395 57.376 60.551 63.742 62.041 63.721 60.801
57.977 58.306 59.018 61.328 59.870 61.960 61.678 57.864 58.117 60.443 58.176 55.020 57.062 58.312 54.720 53.852 51.802 54.116 52.222 49.328 46.443 48.768 49.137 52.861 54.295 54.621 50.802 50.526 53.473 52.057 48.639 50.425 52.612 49.772 47.435 50.106 53.462 54.571 54.129 52.727 52.158 49.967 46.805 44.359 41.582 38.405 36.010 33.092 35.250 36.493 40.193 42.016 44.952 48.268 49.909 46.735 44.549 42.072 38.856 37.844 34.027 34.266 37.794 39.715 39.365 40.938 39.231 37.902 35.127 31.597 29.455 32.624 32.738 36.560 36.504 40.337 40.668 43.266 43.886 43.879 47.493 48.635 47.840 50.494 53.375 56.477 55.708 52.996 52.117 48.771 47.768 48.803 46.992 43.754 44.265 44.664 41.128 39.693 41.411 40.126 36.447 35.085 37.249 40.588 42.444 39.879 38.298 41.188 40.775 44.566 45.415 43.050 44.560 48.218 49.165 47.187 49.446 52.506 55.812 54.538 57.850 59.559 57.948 60.060 63.134 66.404 64.851 66.652 63.800
58.547 58.910 59.856 62.245 60.948 63.206 62.844 59.050 59.516 61.902 59.548 56.505 58.745 59.965 56.354 55.697 53.575 56.004 54.292 51.374 48.633 50.979 51.104 54.764 56.006 56.203 52.381 51.995 54.775 53.294 49.823 51.453 53.513 50.576 48.181 50.718 54.087 55.341 54.696 53.363 52.525 50.292 46.980 44.421 41.429 38.297 35.641 32.895 34.946 36.570 40.345 42.445 45.469 48.918 50.744 47.713 45.275 42.941 39.548 38.377 34.606 35.253 38.852 40.516 39.880 41.131 39.213 37.662 35.106 31.482 29.746 33.156 33.680 37.527 37.845 41.651 41.832 44.202 44.501 44.423 47.922 49.346 48.610 51.055 54.061 57.237 56.691 54.097 53.394 49.941 48.913 50.214 48.517 45.149 45.741 46.421 42.888 41.317 43.233 42.188 38.426 37.195 39.275 42.525 44.117 41.472 39.738 42.395 41.802 45.523 46.672 44.384 45.657 49.309 50.501 48.736 51.099 54.010 57.382 56.087 59.492 61.000 59.296 61.542 64.627 67.849 66.300 68.200 65.456
55.373 55.885 56.908 59.420 58.271 60.514 59.987 56.210 56.817 59.110 56.626 53.688 56.021 57.095 53.438 52.954 50.917 53.502 51.965 48.925 46.350 48.859 48.880 52.511 53.569 53.870 50.078 49.467 52.218 50.896 47.333 48.767 50.928 48.088 45.518 47.899 51.356 52.493 51.697 50.233 49.317 47.215 43.853 41.421 38.376 35.387 32.832 29.935 31.754 33.373 37.168 39.378 42.300 45.795 47.770 44.847 42.340 39.917 36.477 35.094 31.370 32.096 35.654 37.139 36.344 37.576 35.549 34.089 31.631 27.949 26.230 29.701 30.286 34.125 34.623 38.415 38.423 40.740 40.960 40.991 44.444 45.909 45.317 47.743 50.712 53.964 53.430 50.950 50.220 46.700 45.799 47.231 45.475 42.091 42.879 43.642 40.054 38.574 40.715 39.699 35.923 34.990 37.228 40.302 41.826 39.343 37.344 39.951 39.532 43.221 44.434 42.377 43.733 47.285 48.437 46.849 49.414 52.203 55.491 53.992 57.360 58.840 56.955 59.134 62.322 65.442 63.754 65.583 62.828
52.716 53.178 54.364 56.893 55.851 58.247 57.702 53.954 54.725 57.109 54.606 51.757 54.266 55.381 51.754 51.441 49.275 51.921 50.568 47.564 45.145 47.615 47.349 50.884 51.756 51.895 48.118 47.438 50.010 48.605 45.026 46.346 48.364 45.443 42.864 45.158 48.590 49.871 48.965 47.625 46.537 44.345 40.909 38.358 35.207 32.215 29.494 26.750 28.585 30.450 34.265 36.623 39.653 43.217 45.274 42.458 39.763 37.528 33.974 32.591 28.914 30.003 33.633 34.980 34.085 35.023 33.006 31.263 28.858 25.203 23.838 27.429 28.426 32.248 33.028 36.740 36.791 38.834 38.777 38.589 41.964 43.651 42.975 45.202 48.306 51.550 51.238 48.807 48.312 44.750 43.712 45.354 43.810 40.297 41.040 42.108 38.605 36.900 39.164 38.473 34.640 33.791 35.857 38.814 40.028 37.469 35.359 37.714 37.119 40.721 42.190 40.222 41.365 44.880 46.239 44.869 47.536 50.154 53.480 51.964 55.409 56.688 54.734 57.043 60.215 63.290 61.639 63.585 60.965
50.089 50.717 51.838 54.463 53.481 55.745 55.058 51.311 52.099 54.330 51.725 48.918 51.397 52.352 48.674 48.415 46.411 49.164 47.878 44.743 42.412 45.059 44.859 48.409 49.210 49.564 45.822 44.958 47.617 46.444 42.794 43.991 46.220 43.478 40.731 42.932 46.465 47.507 46.554 44.999 43.994 41.994 38.590 36.274 33.198 30.356 27.944 24.886 26.482 28.076 31.878 34.195 37.037 40.579 42.700 39.913 37.303 34.844 31.342 29.775 26.109 27.010 30.547 31.843 30.917 32.073 30.022 28.571 26.146 22.440 20.778 24.318 25.094 28.918 29.674 33.413 33.321 35.482 35.555 35.583 38.990 40.538 40.020 42.382 45.356 48.658 48.197 45.823 45.156 41.571 40.725 42.342 40.624 37.179 38.125 39.086 35.496 34.014 36.420 35.577 31.784 31.210 33.531 36.345 37.674 35.364 33.048 35.513 35.252 38.864 40.199 38.438 39.836 43.241 44.385 43.063 45.871 48.459 51.646 49.924 53.262 54.652 52.560 54.701 57.982 60.978 59.166 60.958 58.243
47.916 48.454 49.355 51.887 50.740 52.892 52.309 48.529 49.133 51.365 48.856 45.927 48.271 49.312 45.653 45.214 43.195 45.853 44.434 41.329 38.887 41.505 41.431 45.034 45.977 46.394 42.636 41.875 44.666 43.512 39.897 41.256 43.577 40.894 38.212 40.574 44.087 45.036 44.301 42.736 42.002 39.980 36.734 34.483 31.654 28.712 26.581 23.356 25.172 26.325 30.049 32.049 34.867 38.285 40.198 37.246 34.853 32.294 28.938 27.618 23.853 24.372 27.921 29.551 29.005 30.470 28.764 27.452 24.681 21.138 18.997 22.267 22.682 26.530 26.915 30.703 30.884 33.219 33.590 33.558 37.113 38.404 37.723 40.274 43.181 46.383 45.754 43.220 42.465 38.976 38.050 39.442 37.698 34.305 35.103 35.893 32.309 30.831 33.078 32.120 28.332 27.629 29.993 32.886 34.383 32.101 29.890 32.552 32.425 36.116 37.211 35.382 36.978 40.397 41.352 39.874 42.632 45.323 48.470 46.758 50.048 51.578 49.562 51.626 54.895 57.945 56.151 57.903 55.121
47.263 47.995 48.740 51.346 50.212 52.138 51.420 47.648 48.179 50.188 47.595 44.677 46.878 47.721 44.005 43.528 41.768 44.493 43.049 39.797 37.371 40.191 40.355 44.003 44.971 45.698 41.997 41.088 44.047 43.184 39.540 40.820 43.410 40.976 38.161 40.445 44.036 44.661 43.940 42.102 41.549 39.795 36.657 34.740 32.085 29.361 27.659 24.163 25.666 26.386 29.997 31.837 34.356 37.669 39.585 36.637 34.468 31.601 28.426 26.933 23.243 23.295 26.625 28.263 27.758 29.612 27.894 27.085 24.342 20.851 18.233 21.239 21.091 24.887 25.041 28.874 28.865 31.489 32.172 32.506 36.096 37.099 36.644 39.423 42.092 45.338 44.434 41.952 40.881 37.415 36.786 38.018 35.967 32.754 33.797 34.275 30.567 29.499 31.804 30.479 26.810 26.380 29.110 31.881 33.670 31.731 29.398 32.282 32.600 36.291 37.097 35.456 37.396 40.685 41.306 39.776 42.591 45.320 48.284 46.387 49.505 51.244 49.139 50.950 54.318 57.299 55.328 56.854 53.913
44.433 45.161 45.720 48.288 47.077 48.863 48.155 44.382 44.798 46.735 44.174 41.205 43.302 44.136 40.425 39.858 38.159 40.866 39.389 36.104 33.674 36.557 36.811 40.475 41.481 42.345 38.677 37.742 40.806 40.078 36.454 37.766 40.497 38.218 35.396 37.720 41.305 41.749 41.169 39.248 38.939 37.270 34.310 32.584 30.208 27.555 26.274 22.642 24.130 24.335 27.772 29.303 31.669 34.833 36.603 33.580 31.641 28.630 25.656 24.306 20.645 20.247 23.469 25.340 25.164 27.336 25.949 25.396 22.441 19.230 16.160 18.727 18.116 21.852 21.663 25.510 25.682 28.464 29.438 29.796 33.472 34.205 33.683 36.635 39.179 42.347 41.270 38.705 37.514 34.131 33.521 34.570 32.444 29.316 30.334 30.644 26.921 25.974 28.230 26.767 23.146 22.818 25.703 28.395 30.330 28.586 26.229 29.264 29.863 33.546 34.113 32.575 34.755 37.942 38.322 36.750 39.594 42.331 45.173 43.182 46.199 48.061 45.944 47.618 51.016 53.978 51.954 53.386 50.376
45.668 46.345 46.600 49.039 47.622 49.178 48.585 44.814 44.929 46.769 44.344 41.236 43.029 43.893 40.223 39.343 37.775 40.299 38.546 35.300 32.643 35.498 36.144 39.891 41.181 42.223 38.583 37.825 41.099 40.454 36.949 38.472 41.326 39.187 36.503 38.976 42.486 42.755 42.445 40.470 40.500 38.906 36.183 34.613 32.539 29.890 28.892 25.260 26.841 26.621 29.846 30.982 33.182 36.107 37.600 34.426 32.869 29.732 27.090 26.010 22.441 21.425 24.404 26.602 26.823 29.359 28.254 28.000 24.936 22.002 18.629 20.675 19.419 22.945 22.132 25.938 26.306 29.399 30.822 31.301 35.038 35.377 34.806 37.989 40.323 43.359 41.988 39.297 37.852 34.661 34.118 34.757 32.457 29.583 30.479 30.321 26.614 25.938 27.842 25.956 22.513 21.972 25.004 27.823 30.170 28.565 26.499 29.830 30.649 34.363 34.512 32.860 35.312 38.483 38.544 36.677 39.330 42.262 45.009 43.081 45.959 48.081 46.118 47.608 50.965 53.986 51.972 53.266 50.118
44.221 45.064 45.144 47.622 46.236 47.545 46.822 43.104 43.147 44.740 42.258 39.199 40.829 41.486 37.800 36.894 35.614 38.188 36.463 33.095 30.534 33.583 34.435 38.158 39.422 40.775 37.261 36.335 39.720 39.400 35.927 37.325 40.407 38.572 35.805 38.146 41.666 41.598 41.324 39.117 39.361 38.055 35.527 34.330 32.523 30.163 29.634 25.911 27.163 26.474 29.428 30.313 32.140 34.862 36.298 33.191 31.925 28.562 26.236 25.085 21.783 20.244 22.808 25.003 25.377 28.265 27.315 27.558 24.588 21.963 18.324 19.798 17.904 21.131 19.969 23.676 23.923 27.260 29.034 29.827 33.523 33.517 33.138 36.504 38.552 41.560 39.922 37.299 35.556 32.463 32.215 32.651 30.079 27.467 28.585 28.087 24.337 24.150 26.069 23.829 20.647 20.520 23.874 26.401 28.977 27.827 25.667 29.104 30.385 33.977 33.833 32.464 35.209 38.150 37.867 36.029 38.730 41.608 44.110 41.986 44.645 46.937 44.884 46.096 49.527 52.435 50.254 51.310 48.034
44.425 45.154 44.910 47.207 45.602 46.678 46.111 42.427 42.149 43.660 41.373 38.183 39.489 40.222 36.636 35.393 34.215 36.550 34.559 31.291 28.528 31.493 32.714 36.470 38.008 39.507 36.065 35.344 38.892 38.649 35.352 36.960 40.111 38.439 35.869 38.346 41.729 41.504 41.541 39.351 39.964 38.705 36.474 35.426 33.978 31.638 31.414 27.779 29.151 28.044 30.709 31.140 32.797 35.213 36.300 33.069 32.227 28.842 26.926 26.165 23.049 20.964 23.204 25.740 26.606 29.751 29.211 29.641 26.554 24.310 20.543 21.445 19.072 21.925 20.114 23.615 24.213 27.724 29.908 30.681 34.387 33.984 33.461 36.996 38.834 41.628 39.735 36.968 35.045 32.227 31.963 31.947 29.306 26.997 27.877 26.919 23.310 23.357 24.819 22.215 19.330 18.982 22.380 24.941 27.872 26.911 25.103 28.743 30.227 33.768 33.198 31.762 34.744 37.601 36.989 34.900 37.389 40.406 42.772 40.723 43.215 45.740 43.864 44.888 48.244 51.195 49.058 49.992 46.616
47.132 47.984 47.606 49.896 48.282 49.136 48.512 44.901 44.500 45.789 43.516 40.371 41.435 41.990 38.450 37.100 36.231 38.482 36.399 33.137 30.374 33.365 34.912 38.631 40.268 41.996 38.677 37.948 41.577 41.524 38.319 39.894 43.152 41.658 39.098 41.503 44.860 44.432 44.503 42.168 42.896 41.835 39.701 38.839 37.460 35.247 35.111 31.444 32.657 31.481 34.055 34.423 35.856 38.139 39.184 36.020 35.376 31.897 30.169 29.310 26.364 24.115 26.050 28.461 29.278 32.568 31.943 32.663 29.749 27.516 23.737 24.528 21.921 24.527 22.575 25.887 26.250 29.919 32.310 33.390 37.002 36.377 36.076 39.700 41.297 44.066 41.952 39.286 37.087 34.406 34.431 34.205 31.334 29.350 30.376 29.059 25.524 26.006 27.316 24.386 21.881 21.657 25.111 27.532 30.673 29.959 28.265 31.951 33.617 37.083 36.303 34.935 38.045 40.806 39.977 37.797 40.164 43.226 45.437 43.368 45.668 48.363 46.528 47.326 50.672 53.560 51.346 52.063 48.573
50.911 51.794 51.422 53.709 52.077 52.899 52.287 48.689 48.245 49.494 47.240 44.100 45.081 45.599 42.085 40.681 39.893 42.072 39.899 36.693 33.870 36.783 38.470 42.192 43.924 45.664 42.352 41.698 45.346 45.263 42.083 43.701 46.940 45.405 42.867 45.293 48.656 48.251 48.308 45.957 46.639 45.581 43.381 42.461 40.960 38.685 38.364 34.678 35.919 34.939 37.628 38.117 39.590 41.920 42.999 39.837 39.158 35.683 33.884 32.933 29.923 27.808 29.791 32.106 32.758 36.000 35.167 35.876 33.042 30.606 26.894 27.936 25.445 28.113 26.277 29.581 29.779 33.469 35.821 37.010 40.596 40.006 39.805 43.420 44.996 47.800 45.655 43.037 40.773 38.103 38.210 37.965 35.041 33.122 34.178 32.792 29.287 29.815 31.054 28.068 25.630 25.271 28.640 31.156 34.350 33.557 31.964 35.669 37.236 40.748 39.972 38.486 41.555 44.392 43.586 41.303 43.557 46.707 48.947 46.967 49.250 51.994 50.232 51.012 54.322 57.230 55.038 55.712 52.192
52.575 53.224 52.857 55.013 53.216 54.180 53.795 50.136 49.594 51.079 48.979 45.694 46.691 47.489 44.022 42.462 41.394 43.404 41.045 38.013 34.958 37.620 39.286 43.071 44.994 46.480 43.056 42.693 46.332 45.944 42.811 44.685 47.746 45.978 43.618 46.270 49.568 49.426 49.617 47.499 48.163 46.826 44.573 43.358 41.785 39.232 38.643 35.061 36.668 35.878 38.703 39.201 40.970 43.372 44.336 41.010 40.251 36.945 35.017 34.309 31.080 29.134 31.419 33.953 34.709 37.804 37.020 37.369 34.334 31.773 28.127 29.418 27.202 30.093 28.267 31.685 32.186 35.782 38.013 38.887 42.578 42.138 41.654 45.211 46.996 49.742 47.734 44.939 42.887 40.215 39.995 39.741 37.048 34.954 35.676 34.419 30.974 31.096 32.123 29.311 26.687 25.797 28.889 31.749 34.917 33.747 32.425 36.164 37.393 41.018 40.298 38.473 41.389 44.425 43.786 41.315 43.391 46.696 49.129 47.404 49.837 52.541 50.975 51.956 55.150 58.219 56.233 57.106 53.660
49.297 49.829 49.509 51.636 49.820 50.914 50.593 46.893 46.400 48.041 45.962 42.631 43.768 44.713 41.231 39.711 38.421 40.464 38.153 35.129 32.060 34.697 36.152 39.962 41.831 43.166 39.669 39.332 42.924 42.413 39.247 41.165 44.151 42.292 39.961 42.676 45.960 45.937 46.156 44.159 44.805 43.333 41.078 39.764 38.227 35.599 35.027 31.498 33.239 32.405 35.219 35.666 37.558 39.988 40.916 37.533 36.707 33.488 31.510 30.960 27.666 25.758 28.186 30.861 31.754 34.776 34.161 34.326 31.143 28.677 25.028 26.273 24.163 27.137 25.308 28.795 29.543 33.029 35.173 35.797 39.546 39.198 38.512 42.017 43.943 46.657 44.782 41.890 40.029 37.311 36.865 36.694 34.178 31.901 32.466 31.412 27.956 27.792 28.850 26.240 23.405 22.389 25.430 28.380 31.431 30.120 28.772 32.489 33.622 37.275 36.643 34.780 37.638 40.714 40.181 37.759 39.914 43.186 45.704 43.988 46.537 49.137 47.554 48.675 51.868 54.979 53.054 54.076 50.709
47.489 47.864 47.303 49.253 47.260 48.222 48.064 44.398 43.672 45.318 43.430 39.999 40.934 42.021 38.654 36.891 35.571 37.404 34.922 32.034 28.830 31.331 32.964 36.769 38.819 40.183 36.745 36.593 40.257 39.757 36.751 38.839 41.821 40.076 37.936 40.763 43.901 43.803 44.290 42.384 43.316 41.828 39.837 38.616 37.413 34.810 34.535 31.126 32.979 31.774 34.312 34.361 36.152 38.324 38.939 35.465 34.961 31.809 30.163 30.005 26.877 24.607 26.814 29.781 31.115 34.263 34.072 34.292 30.969 28.886 25.168 25.930 23.566 26.249 23.983 27.266 28.420 31.906 34.284 34.740 38.490 37.883 36.973 40.549 42.366 44.864 42.875 39.838 37.965 35.480 34.893 34.405 31.984 29.881 30.148 28.858 25.598 25.451 26.118 23.393 20.777 19.517 22.465 25.421 28.650 27.457 26.407 30.212 31.466 35.035 34.097 32.202 35.209 38.185 37.423 34.851 36.854 40.187 42.604 40.958 43.402 46.125 44.686 45.711 48.822 51.968 50.121 51.115 47.732
44.188 44.439 43.933 45.857 43.855 44.963 44.863 41.155 40.498 42.311 40.440 36.972 38.075 39.316 35.940 34.246 32.673 34.556 32.159 29.275 26.083 28.566 29.921 33.747 35.711 36.908 33.386 33.245 36.850 36.224 33.172 35.300 38.205 36.369 34.253 37.143 40.264 40.289 40.803 39.028 39.944 38.319 36.345 35.034 33.901 31.244 31.035 27.713 29.691 28.398 30.878 30.840 32.749 34.934 35.502 31.972 31.405 28.358 26.687 26.740 23.588 21.342 23.675 26.798 28.303 31.348 31.375 31.407 27.951 26.049 22.387 23.012 20.783 23.483 21.218 24.523 25.973 29.286 31.551 31.716 35.505 34.995 33.858 37.363 39.323 41.777 39.941 36.809 35.162 32.639 31.793 31.403 29.205 26.901 26.974 25.938 22.688 22.184 22.886 20.433 17.555 16.133 19.031 22.088 25.170 23.824 22.728 26.512 27.682 31.278 30.435 28.518 31.479 34.488 33.837 31.342 33.465 36.743 39.251 37.589 40.166 42.764 41.286 42.464 45.584 48.768 46.975 48.130 44.840
42.863 42.867 42.113 43.792 41.562 42.575 42.726 39.058 38.128 40.024 38.422 34.827 35.723 37.211 34.007 32.027 30.314 31.898 29.278 26.634 23.242 25.451 26.952 30.773 32.979 34.101 30.621 30.787 34.437 33.720 30.885 33.269 36.085 34.316 32.494 35.548 38.458 38.487 39.330 37.750 38.959 37.246 35.572 34.295 33.531 30.872 30.924 27.848 29.997 28.385 30.539 30.057 31.914 33.801 33.979 30.338 30.115 27.263 25.970 26.549 23.620 21.112 23.202 26.624 28.596 31.649 32.132 32.119 28.552 27.078 23.507 23.665 21.354 23.685 21.045 24.027 25.979 29.157 31.572 31.449 35.199 34.473 33.017 36.521 38.411 40.587 38.702 35.392 33.840 31.604 30.495 29.766 27.811 25.676 25.275 24.060 21.147 20.487 20.614 18.186 15.567 13.599 16.178 19.349 22.584 21.253 20.643 24.478 25.662 29.151 27.979 25.934 29.000 31.933 31.081 28.372 30.274 33.653 36.108 34.601 37.113 39.813 38.551 39.697 42.684 45.946 44.309 45.505 42.245
39.712 39.530 38.749 40.329 38.031 39.152 39.424 35.739 34.801 36.877 35.372 31.723 32.725 34.426 31.286 29.310 27.310 28.849 26.278 23.729 20.331 22.418 23.638 27.466 29.637 30.569 27.023 27.287 30.883 30.024 27.215 29.712 32.426 30.607 28.907 32.060 34.876 35.010 35.983 34.592 35.882 34.031 32.497 31.177 30.634 27.975 28.221 25.364 27.630 25.816 27.742 27.003 28.919 30.689 30.684 26.973 26.823 24.172 23.032 24.015 21.236 18.696 20.738 24.349 26.617 29.527 30.367 30.188 26.536 25.439 22.057 21.878 19.730 21.838 19.138 21.920 24.286 27.180 29.503 29.015 32.736 32.029 30.269 33.676 35.655 37.686 35.940 32.508 31.218 29.065 27.628 26.889 25.267 23.021 22.250 21.261 18.544 17.437 17.369 15.321 12.561 10.145 12.492 15.817 18.931 17.457 16.984 20.804 21.934 25.394 24.192 22.107 25.187 28.105 27.282 24.598 26.582 29.922 32.440 30.941 33.562 36.166 34.914 36.194 39.157 42.467 40.918 42.275 39.122
39.573 39.065 38.029 39.278 36.701 37.748 38.368 34.763 33.500 35.715 34.582 30.816 31.569 33.603 30.735 28.440 26.234 27.320 24.469 22.360 18.740 20.281 21.633 25.401 27.901 28.628 25.146 25.899 29.470 28.403 25.932 28.772 31.263 29.474 28.216 31.561 34.066 34.288 35.645 34.559 36.122 34.138 32.933 31.592 31.414 28.744 29.161 26.668 29.123 27.128 28.712 27.552 29.442 30.873 30.412 26.626 26.838 24.554 23.822 25.355 22.857 20.272 22.040 25.813 28.438 31.231 32.449 32.156 28.470 27.734 24.566 24.087 22.044 23.783 20.906 23.253 26.033 28.681 31.042 30.231 33.839 32.978 30.879 34.184 36.103 37.797 36.069 32.477 31.376 29.581 27.826 26.741 25.510 23.493 22.124 21.026 18.881 17.519 16.649 14.887 12.671 9.480 10.814 14.304 17.455 15.874 16.237 19.942 20.903 24.171 22.608 20.257 23.346 26.199 25.200 22.197 23.795 27.304 29.814 28.621 31.198 33.884 32.973 34.274 37.011 40.441 39.150 40.606 37.545
35.984 35.360 34.331 35.549 32.978 34.138 34.787 31.162 29.972 32.331 31.218 27.447 28.377 30.549 27.716 25.538 23.066 24.218 21.551 19.458 15.975 17.496 18.399 22.172 24.506 25.088 21.523 22.243 25.759 24.628 22.117 24.986 27.437 25.654 24.439 27.812 30.260 30.522 31.947 30.992 32.617 30.569 29.517 28.226 28.302 25.755 26.467 24.207 26.613 24.382 25.656 24.229 26.086 27.377 26.774 22.966 23.265 21.174 20.665 22.553 20.344 17.760 19.333 23.170 26.027 28.655 30.201 29.830 26.176 25.868 22.958 22.089 20.222 21.621 18.785 20.822 23.908 26.218 28.454 27.339 30.857 30.010 27.675 30.863 32.835 34.407 32.822 29.164 28.319 26.594 24.566 23.525 22.631 20.520 18.833 18.036 16.139 14.328 13.296 12.100 9.838 6.236 7.087 10.727 13.700 12.055 12.491 16.157 17.203 20.399 18.799 16.553 19.750 22.517 21.510 18.648 20.521 23.897 26.437 25.100 27.796 30.360 29.331 30.749 33.543 36.971 35.681 37.270 34.306
37.223 36.261 34.961 35.783 32.908 33.956 35.011 31.532 29.960 32.434 31.771 27.930 28.518 31.024 28.548 26.027 23.416 23.964 20.967 19.509 15.860 16.553 17.667 21.264 24.017 24.328 20.923 22.284 25.693 24.310 22.295 25.520 27.644 25.911 25.256 28.781 30.833 31.205 33.032 32.415 34.287 32.129 31.407 30.087 30.472 27.924 28.697 26.800 29.366 27.093 28.087 26.340 28.148 29.088 28.027 24.235 24.898 23.243 23.107 25.391 23.425 20.918 22.245 26.095 29.150 31.649 33.432 32.963 29.327 29.220 26.484 25.510 23.749 24.903 21.999 23.661 26.962 29.075 31.325 29.985 33.347 32.369 29.783 32.821 34.695 35.913 34.349 30.595 29.926 28.598 26.337 24.945 24.437 22.652 20.456 19.521 18.287 16.408 14.559 13.716 12.302 8.549 7.778 11.174 13.968 12.250 13.796 17.068 17.794 20.648 18.652 16.068 19.138 21.791 20.592 17.298 18.525 22.146 24.673 23.805 26.410 29.071 28.519 29.944 32.412 35.971 35.019 36.700 33.862
39.972 38.930 37.839 38.667 35.804 37.081 38.209 34.697 33.246 35.878 35.203 31.380 32.121 34.678 32.167 29.751 27.039 27.606 24.655 23.266 19.660 20.232 21.166 24.681 27.399 27.407 23.930 25.405 28.655 26.940 24.876 28.170 30.061 27.968 27.359 31.007 33.096 33.808 35.527 35.052 36.663 34.261 33.267 31.570 31.618 28.735 29.012 27.126 30.024 28.175 29.536 28.131 30.318 31.558 30.680 26.846 27.109 25.542 24.948 27.106 24.753 22.632 24.461 28.279 31.076 33.425 34.939 34.158 30.404 29.925 27.215 26.759 25.303 26.919 24.296 26.327 29.474 31.631 33.664 32.250 35.724 35.058 32.459 35.404 37.530 38.882 37.512 33.763 33.233 31.693 29.352 28.248 27.760 25.694 23.603 22.966 21.486 19.375 17.894 17.187 15.282 11.500 10.886 14.514 16.924 14.570 16.036 19.211 19.304 22.388 20.836 17.815 20.410 23.449 22.756 19.418 20.448 24.166 27.006 26.464 29.271 31.717 31.307 33.002 35.348 38.989 38.213 40.073 37.357
38.025 37.146 36.389 37.515 34.913 36.459 37.314 33.670 32.627 35.328 34.311 30.569 31.748 34.148 31.387 29.363 26.565 27.619 25.046 23.255 19.886 20.949 21.389 25.001 27.288 27.270 23.586 24.615 27.817 26.095 23.605 26.665 28.655 26.340 25.343 28.938 31.318 32.147 33.522 32.941 34.239 31.764 30.454 28.601 28.358 25.366 25.479 23.447 26.378 24.694 26.301 25.204 27.614 29.200 28.698 24.852 24.657 22.961 21.948 23.913 21.336 19.472 21.653 25.397 27.979 30.206 31.555 30.621 26.831 26.224 23.576 23.313 22.117 23.984 21.683 23.981 26.989 29.081 30.870 29.418 32.984 32.615 30.089 32.993 35.351 36.969 35.781 32.103 31.676 29.782 27.435 26.790 26.245 23.772 21.949 21.771 19.899 17.493 16.699 16.226 13.622 10.034 9.931 13.762 15.899 13.213 13.919 17.214 17.213 20.641 19.620 16.698 19.231 22.509 22.211 19.273 20.933 24.426 27.441 26.565 29.618 31.821 31.012 32.903 35.493 39.068 38.096 40.046 37.346
41.110 40.426 39.749 41.016 38.493 39.980 40.702 37.026 36.025 38.586 37.426 33.695 34.828 37.038 34.139 32.108 29.542 30.707 28.048 26.068 22.594 23.891 24.656 28.345 30.678 30.860 27.192 28.078 31.372 29.781 27.190 30.122 32.242 29.920 28.723 32.236 34.778 35.543 36.739 35.951 37.110 34.719 33.165 31.269 30.684 27.584 27.366 25.017 27.942 26.537 28.525 27.787 30.244 32.063 31.821 27.991 27.616 25.627 24.303 25.815 22.898 21.055 23.493 27.164 29.457 31.839 32.798 31.929 28.113 27.017 24.110 24.295 22.967 25.235 22.962 25.641 28.320 30.742 32.605 31.474 35.164 34.845 32.591 35.632 37.988 39.820 38.517 34.916 34.234 32.157 30.095 29.516 28.592 26.088 24.662 24.274 22.018 19.980 19.509 18.486 15.688 12.377 13.106 16.925 19.352 16.841 17.171 20.611 20.685 24.225 23.323 20.463 22.943 26.277 26.010 23.070 24.658 28.195 31.176 30.292 33.269 35.559 34.720 36.513 39.149 42.699 41.638 43.462 40.642
41.855 41.508 40.960 42.508 40.197 41.619 42.025 38.295 37.480 39.823 38.360 34.705 35.917 37.797 34.675 32.807 30.530 32.026 29.487 27.117 23.720 25.516 26.425 30.212 32.372 32.890 29.214 29.680 33.091 31.811 28.969 31.599 34.011 31.790 30.193 33.503 36.315 36.870 37.768 36.629 37.634 35.458 33.666 31.897 31.023 27.997 27.689 24.928 27.600 26.302 28.576 28.172 30.536 32.586 32.704 28.943 28.385 25.984 24.400 25.373 22.237 20.312 22.887 26.415 28.409 30.994 31.594 30.944 27.181 25.723 22.530 22.976 21.422 23.976 21.759 24.774 27.059 29.783 31.726 30.994 34.778 34.478 32.588 35.794 38.096 40.205 38.765 35.308 34.328 32.007 30.323 29.902 28.534 25.971 25.088 24.569 21.854 20.233 20.304 18.792 15.733 13.022 14.732 18.387 21.050 18.879 18.531 22.161 22.597 26.249 25.477 22.952 25.585 28.864 28.543 25.809 27.680 31.109 33.971 32.774 35.672 38.032 36.914 38.547 41.393 44.825 43.490 45.121 42.140
45.225 45.019 44.518 46.149 43.886 45.253 45.575 41.843 41.040 43.271 41.728 38.100 39.246 40.981 37.794 35.918 33.835 35.367 32.767 30.320 26.889 28.774 29.907 33.711 35.919 36.561 32.914 33.323 36.780 35.577 32.705 35.262 37.737 35.517 33.826 37.071 39.965 40.476 41.258 39.983 40.887 38.789 36.843 35.060 33.947 30.887 30.330 27.395 29.999 28.956 31.471 31.330 33.691 35.876 36.162 32.444 31.787 29.230 27.473 28.095 24.794 22.953 25.621 28.994 30.704 33.370 33.621 33.048 29.354 27.508 24.187 25.018 23.400 26.197 24.072 27.288 29.235 32.181 34.158 33.707 37.529 37.265 35.613 38.887 41.157 43.405 41.879 38.508 37.339 34.921 33.477 33.090 31.464 28.947 28.348 27.671 24.774 23.463 23.690 21.871 18.858 16.422 18.376 21.961 24.747 22.665 22.210 25.859 26.305 29.990 29.269 26.747 29.333 32.647 32.340 29.571 31.353 34.831 37.674 36.504 39.341 41.768 40.658 42.218 45.075 48.492 47.107 48.639 45.577
47.111 47.160 46.803 48.640 46.556 47.906 47.997 44.244 43.608 45.686 43.921 40.390 41.610 43.087 39.757 38.048 36.187 37.944 35.462 32.786 29.472 31.638 32.822 36.651 38.715 39.543 35.902 36.037 39.520 38.496 35.467 37.794 40.418 38.235 36.283 39.358 42.430 42.837 43.363 41.855 42.575 40.631 38.473 36.750 35.359 32.364 31.639 28.459 30.832 30.017 32.772 32.969 35.277 37.656 38.247 34.630 33.785 30.996 29.010 29.151 25.719 23.991 26.743 29.858 31.191 33.923 33.771 33.341 29.786 27.570 24.138 25.324 23.659 26.689 24.779 28.212 29.709 32.840 34.788 34.679 38.519 38.339 37.019 40.350 42.591 45.063 43.480 40.271 38.909 36.301 35.169 34.959 33.032 30.487 30.325 29.616 26.442 25.445 26.070 24.019 20.927 18.991 21.367 24.789 27.614 25.697 24.849 28.512 29.096 32.829 32.264 29.926 32.526 35.829 35.558 32.935 34.874 38.281 41.082 39.741 42.544 44.980 43.690 45.171 48.155 51.486 49.928 51.337 48.187
50.271 50.366 49.864 51.651 49.492 50.657 50.773 47.064 46.261 48.197 46.499 42.947 43.928 45.334 42.054 40.171 38.516 40.134 37.481 34.862 31.455 33.570 35.098 38.917 41.159 42.145 38.595 38.814 42.392 41.475 38.554 40.930 43.622 41.560 39.666 42.740 45.773 46.045 46.656 45.062 45.906 44.076 41.995 40.383 39.046 36.106 35.423 32.208 34.500 33.634 36.349 36.480 38.648 40.925 41.438 37.824 37.160 34.290 32.448 32.538 29.179 27.275 29.839 32.937 34.273 37.156 36.941 36.705 33.223 30.961 27.444 28.587 26.689 29.616 27.532 30.894 32.278 35.583 37.724 37.825 41.643 41.282 40.081 43.515 45.592 48.030 46.260 43.071 41.495 39.001 38.045 37.618 35.519 33.213 33.105 32.065 28.941 28.267 28.700 26.337 23.541 21.630 24.037 27.395 30.452 28.717 28.044 31.780 32.493 36.172 35.385 33.035 35.738 38.979 38.511 35.731 37.470 40.973 43.659 42.384 45.030 47.638 46.463 47.772 50.705 54.032 52.468 53.725 50.479
52.718 52.998 52.643 54.589 52.576 53.769 53.716 49.992 49.342 51.190 49.322 45.859 46.927 48.148 44.769 43.044 41.526 43.312 40.769 38.004 34.702 36.988 38.495 42.321 44.440 45.512 41.950 41.983 45.549 44.716 41.675 43.885 46.647 44.566 42.491 45.442 48.603 48.848 49.244 47.505 48.161 46.420 44.151 42.541 40.953 38.047 37.172 33.824 35.950 35.342 38.254 38.686 40.849 43.299 44.062 40.536 39.682 36.688 34.640 34.364 30.918 29.206 31.849 34.695 35.678 38.533 37.956 37.782 34.457 31.891 28.395 29.871 28.055 31.148 29.328 32.825 33.826 37.209 39.252 39.597 43.401 43.164 42.221 45.650 47.735 50.352 48.585 45.538 43.860 41.209 40.472 40.228 37.946 35.595 35.800 34.809 31.509 30.998 31.729 29.295 26.426 24.823 27.427 30.703 33.719 32.022 31.087 34.791 35.521 39.245 38.629 36.369 39.024 42.296 41.920 39.252 41.105 44.559 47.258 45.886 48.544 51.122 49.819 51.115 54.133 57.406 55.731 56.927 53.639
55.395 55.752 55.252 57.170 55.114 56.107 56.037 52.368 51.578 53.252 51.425 47.971 48.815 49.923 46.595 44.740 43.458 45.142 42.489 39.754 36.429 38.707 40.510 44.306 46.543 47.806 44.350 44.403 48.056 47.380 44.425 46.637 49.500 47.576 45.521 48.438 51.574 51.642 52.104 50.250 51.041 49.450 47.279 45.830 44.333 41.526 40.776 37.379 39.382 38.648 41.475 41.810 43.793 46.122 46.816 43.314 42.654 39.561 37.684 37.364 34.031 32.109 34.528 37.346 38.357 41.371 40.779 40.844 37.603 35.072 31.492 32.826 30.755 33.684 31.689 35.071 35.960 39.487 41.730 42.292 46.054 45.610 44.804 48.335 50.227 52.807 50.842 47.840 45.940 43.413 42.875 42.426 39.970 37.871 38.157 36.857 33.616 33.434 34.022 31.312 28.733 27.229 29.902 33.057 36.272 34.803 33.967 37.740 38.658 42.321 41.487 39.287 42.081 45.256 44.661 41.894 43.619 47.122 49.672 48.299 50.781 53.525 52.284 53.379 56.374 59.608 57.886 58.901 55.515
58.745 59.203 58.783 60.779 58.791 59.793 59.644 55.973 55.249 56.870 54.966 51.560 52.425 53.430 50.063 48.278 47.085 48.828 46.209 43.426 40.144 42.472 44.294 48.089 50.291 51.591 48.132 48.120 51.766 51.115 48.112 50.255 53.138 51.187 49.055 51.916 55.114 55.183 55.531 53.604 54.279 52.733 50.446 48.977 47.316 44.513 43.605 40.160 42.079 41.544 44.494 45.019 47.012 49.441 50.273 46.820 46.050 42.906 40.907 40.378 36.999 35.222 37.684 40.336 41.112 44.084 43.242 43.332 40.216 37.488 33.973 35.531 33.548 36.559 34.740 38.175 38.817 42.377 44.548 45.265 49.002 48.639 47.995 51.514 53.404 56.085 54.119 51.207 49.242 46.639 46.235 45.878 43.321 41.219 41.668 40.383 37.069 36.974 37.692 34.949 32.354 30.967 33.691 36.828 40.023 38.542 37.614 41.365 42.251 45.943 45.201 43.006 45.749 48.964 48.431 45.690 47.428 50.931 53.500 52.118 54.604 57.341 56.065 57.154 60.174 63.389 61.625 62.600 59.188
58.767 59.147 58.922 60.951 59.004 60.241 60.124 56.392 55.815 57.632 55.688 52.270 53.363 54.488 51.067 49.405 47.974 49.798 47.254 44.469 41.181 43.469 45.020 48.845 50.965 52.030 48.454 48.466 52.010 51.141 48.055 50.216 52.952 50.776 48.640 51.546 54.775 55.088 55.337 53.545 54.009 52.276 49.816 48.104 46.236 43.283 42.073 38.707 40.773 40.552 43.682 44.424 46.663 49.279 50.229 46.756 45.716 42.698 40.440 39.884 36.340 34.912 37.661 40.272 40.891 43.631 42.653 42.435 39.292 36.381 33.044 34.937 33.330 36.579 35.046 38.631 39.292 42.705 44.604 45.133 48.908 48.834 48.092 51.477 53.602 56.361 54.625 51.686 49.950 47.189 46.598 46.487 44.097 41.721 42.111 41.156 37.772 37.334 38.200 35.742 32.856 31.331 33.922 37.221 40.194 38.406 37.417 41.067 41.650 45.421 44.963 42.630 45.141 48.510 48.277 45.602 47.398 50.886 53.655 52.352 55.042 57.596 56.305 57.636 60.651 63.931 62.251 63.432 60.125
60.494 61.011 60.982 63.159 61.370 62.707 62.443 58.691 58.310 60.112 58.007 54.681 55.938 56.940 53.428 51.966 50.565 52.568 50.174 47.263 44.088 46.513 47.921 51.753 53.711 54.773 51.158 50.998 54.483 53.634 50.423 52.425 55.171 52.931 50.640 53.428 56.763 57.117 57.143 55.276 55.512 53.816 51.170 49.416 47.309 44.392 42.980 39.574 41.494 41.560 44.848 45.884 48.164 50.954 52.144 48.767 47.497 44.443 41.974 41.128 37.534 36.379 39.227 41.588 41.870 44.471 43.177 42.923 39.959 36.819 33.637 35.832 34.442 37.818 36.611 40.283 40.649 44.014 45.714 46.367 50.099 50.223 49.665 52.971 55.162 58.078 56.440 53.630 51.909 48.985 48.510 48.638 46.183 43.697 44.311 43.525 40.012 39.582 40.730 38.344 35.326 34.008 36.700 39.956 42.805 40.979 39.750 43.317 43.846 47.648 47.419 45.160 47.571 50.980 50.906 48.379 50.325 53.739 56.566 55.172 57.936 60.391 58.959 60.354 63.450 66.688 64.926 66.122 62.826
61.850 62.317 62.474 64.684 62.952 64.485 64.236 60.450 60.206 62.155 60.013 56.702 58.142 59.221 55.676 54.330 52.761 54.825 52.505 49.605 46.449 48.829 50.021 53.853 55.731 56.598 52.908 52.762 56.137 55.111 51.845 53.835 56.437 54.011 51.720 54.513 57.863 58.431 58.346 56.595 56.618 54.778 51.972 50.010 47.695 44.675 42.957 39.664 41.668 42.078 45.517 46.781 49.258 52.209 53.520 50.164 48.650 45.726 43.036 42.130 38.434 37.636 40.695 42.954 43.045 45.396 43.934 43.405 40.492 37.185 34.250 36.759 35.746 39.285 38.370 42.127 42.456 45.667 47.100 47.615 51.339 51.733 51.128 54.289 56.668 59.654 58.223 55.425 53.894 50.845 50.243 50.592 48.273 45.586 46.174 45.663 42.117 41.431 42.704 40.561 37.352 35.958 38.512 41.857 44.496 42.432 41.155 44.589 44.843 48.679 48.715 46.359 48.534 52.054 52.252 49.803 51.781 55.160 58.143 56.826 59.746 62.034 60.593 62.184 65.265 68.544 66.853 68.210 65.010
58.953 59.560 59.852 62.201 60.639 62.220 61.799 58.015 57.961 59.857 57.559 54.355 55.951 56.895 53.276 52.143 50.616 52.878 50.759 47.710 44.721 47.287 48.308 52.126 53.790 54.711 51.018 50.638 53.959 53.043 49.660 51.448 54.115 51.730 49.263 51.903 55.345 55.857 55.586 53.733 53.620 51.876 48.982 47.095 44.685 41.783 40.089 36.705 38.509 38.980 42.459 43.879 46.299 49.336 50.830 47.586 45.939 42.951 40.163 39.034 35.363 34.691 37.756 39.824 39.717 42.011 40.407 39.930 37.134 33.758 30.866 33.468 32.543 36.120 35.424 39.212 39.345 42.499 43.808 44.418 48.093 48.588 48.126 51.237 53.624 56.711 55.342 52.662 51.142 47.981 47.486 48.026 45.660 42.899 43.694 43.329 39.687 39.042 40.591 38.515 35.214 34.110 36.828 40.037 42.564 40.593 39.024 42.389 42.742 46.563 46.744 44.586 46.774 50.237 50.483 48.237 50.445 53.691 56.647 55.137 58.078 60.284 58.645 60.234 63.425 66.615 64.796 66.131 62.941
56.455 56.897 57.064 59.283 57.582 59.153 58.883 55.091 54.905 56.890 54.728 51.429 52.960 54.066 50.509 49.235 47.586 49.719 47.499 44.557 41.470 43.907 44.945 48.770 50.544 51.387 47.683 47.461 50.805 49.798 46.493 48.438 51.053 48.649 46.320 49.097 52.455 53.011 52.925 51.192 51.238 49.385 46.616 44.683 42.446 39.442 37.858 34.520 36.545 36.813 40.203 41.395 43.871 46.805 48.102 44.748 43.228 40.311 37.634 36.794 33.095 32.263 35.352 37.676 37.875 40.242 38.940 38.385 35.360 32.158 29.135 31.544 30.525 34.075 33.145 36.914 37.369 40.524 41.946 42.346 46.095 46.488 45.793 48.943 51.355 54.313 52.929 50.102 48.656 45.592 44.905 45.303 43.063 40.299 40.852 40.454 36.902 36.112 37.462 35.430 32.130 30.793 33.384 36.688 39.246 37.200 35.814 39.230 39.538 43.368 43.434 41.168 43.381 46.861 47.059 44.710 46.825 50.126 53.096 51.680 54.628 56.860 55.334 56.950 60.071 63.322 61.603 62.999 59.837
57.889 58.169 58.448 60.600 58.863 60.618 60.475 56.662 56.515 58.694 56.604 53.272 54.913 56.194 52.669 51.407 49.535 51.607 49.377 46.555 43.423 45.686 46.549 50.355 52.143 52.726 48.961 48.889 52.119 50.857 47.581 49.623 52.024 49.409 47.204 50.070 53.365 54.185 54.107 52.587 52.503 50.431 47.577 45.382 43.022 39.845 37.953 34.820 37.076 37.639 41.123 42.427 45.140 48.164 49.454 46.070 44.383 41.682 38.857 38.138 34.348 33.828 37.116 39.456 39.615 41.731 40.408 39.507 36.447 33.174 30.412 33.044 32.395 36.054 35.298 39.093 39.678 42.657 43.859 44.003 47.756 48.368 47.500 50.500 53.107 56.045 54.865 51.976 50.766 47.662 46.741 47.260 45.242 42.314 42.679 42.516 39.030 37.912 39.216 37.459 34.031 32.450 34.751 38.195 40.547 38.200 36.942 40.217 40.165 44.011 44.281 41.819 43.756 47.364 47.827 45.475 47.500 50.808 53.946 52.719 55.816 57.893 56.470 58.301 61.331 64.662 63.104 64.695 61.654
55.542 55.757 56.201 58.372 56.715 58.653 58.511 54.689 54.699 57.012 54.893 51.608 53.450 54.805 51.275 50.168 48.119 50.269 48.191 45.381 42.350 44.587 45.152 48.914 50.546 50.941 47.135 47.022 50.107 48.713 45.389 47.372 49.635 46.887 44.674 47.514 50.804 51.802 51.629 50.237 49.986 47.786 44.838 42.485 40.010 36.765 34.689 31.669 34.019 34.800 38.352 39.796 42.667 45.794 47.164 43.829 41.935 39.392 36.409 35.705 31.872 31.675 35.123 37.390 37.462 39.336 38.004 36.831 33.762 30.461 27.927 30.732 30.448 34.190 33.693 37.500 38.142 40.903 41.851 41.780 45.508 46.348 45.376 48.214 50.987 53.941 52.980 50.102 49.125 45.939 44.854 45.588 43.767 40.652 40.959 41.114 37.649 36.251 37.694 36.256 32.666 31.089 33.239 36.674 38.745 36.228 34.868 37.960 37.689 41.523 42.057 39.596 41.323 44.973 45.677 43.490 45.624 48.816 52.057 50.834 54.061 55.943 54.460 56.464 59.491 62.817 61.307 63.050 60.132
52.817 52.867 53.341 55.429 53.734 55.792 55.759 51.939 51.968 54.430 52.395 49.093 51.023 52.535 49.064 47.977 45.728 47.828 45.799 43.094 40.090 42.194 42.548 46.262 47.853 48.049 44.219 44.198 47.177 45.619 42.330 44.379 46.490 43.631 41.525 44.439 47.654 48.814 48.705 47.499 47.239 44.874 41.956 39.456 37.030 33.667 31.529 28.660 31.245 32.044 35.559 36.936 39.954 43.068 44.352 40.988 39.039 36.688 33.683 33.212 29.362 29.308 32.859 35.228 35.446 37.173 36.053 34.636 31.429 28.271 25.863 28.620 28.557 32.288 31.829 35.583 36.476 39.051 39.884 39.514 43.247 44.176 42.976 45.706 48.603 51.466 50.655 47.698 46.944 43.788 42.457 43.246 41.668 38.442 38.530 38.896 35.547 33.846 35.230 34.084 30.418 28.681 30.578 34.049 35.909 33.207 31.925 34.890 34.399 38.219 38.871 36.329 37.895 41.588 42.445 40.310 42.442 45.581 48.904 47.765 51.085 52.835 51.399 53.545 56.508 59.868 58.469 60.358 57.555
49.769 49.818 50.141 52.200 50.445 52.389 52.362 48.541 48.477 50.882 48.877 45.535 47.381 48.891 45.433 44.271 42.060 44.138 42.077 39.352 36.329 38.475 38.901 42.639 44.266 44.573 40.758 40.723 43.793 42.340 39.059 41.145 43.374 40.637 38.521 41.474 44.690 45.701 45.706 44.437 44.370 42.073 39.296 36.945 34.735 31.417 29.609 26.603 29.193 29.607 32.992 34.125 37.032 40.024 41.185 37.758 35.993 33.541 30.698 30.365 26.543 26.173 29.637 32.185 32.657 34.595 33.725 32.485 29.124 26.167 23.477 25.923 25.572 29.216 28.501 32.224 33.278 35.936 36.971 36.602 40.387 41.112 39.851 42.704 45.501 48.293 47.353 44.333 43.497 40.422 39.092 39.730 38.118 34.965 35.000 35.238 31.905 30.263 31.572 30.333 26.700 24.955 26.950 30.409 32.397 29.818 28.537 31.643 31.369 35.210 35.662 33.183 34.973 38.603 39.257 37.071 39.247 42.413 45.644 44.414 47.659 49.519 48.062 50.097 53.094 56.440 54.989 56.801 53.941
46.395 46.332 46.705 48.727 46.986 49.043 49.060 45.243 45.250 47.770 45.798 42.475 44.446 46.058 42.643 41.566 39.185 41.279 39.340 36.673 33.751 35.831 35.989 39.668 41.177 41.327 37.494 37.456 40.416 38.861 35.570 37.654 39.779 36.968 34.887 37.869 41.047 42.171 42.194 41.061 40.973 38.557 35.807 33.364 31.217 27.829 26.049 23.137 25.904 26.265 29.592 30.659 33.675 36.660 37.776 34.348 32.511 30.218 27.349 27.217 23.405 23.178 26.725 29.338 29.944 31.738 31.097 29.663 26.182 23.429 20.861 23.188 23.064 26.655 26.020 29.660 30.932 33.370 34.275 33.629 37.402 38.212 36.759 39.504 42.406 45.127 44.334 41.271 40.650 37.589 36.049 36.784 35.404 32.134 32.005 32.497 29.272 27.336 28.673 27.767 24.046 22.261 24.046 27.466 29.197 26.489 25.166 28.134 27.714 31.546 32.139 29.672 31.352 34.991 35.776 33.718 35.994 39.055 42.335 41.093 44.421 46.143 44.652 46.802 49.784 53.125 51.725 53.653 50.900
43.269 43.152 43.364 45.325 43.505 45.473 45.530 41.714 41.621 44.126 42.215 38.842 40.747 42.407 39.030 37.876 35.471 37.522 35.566 32.913 29.986 32.066 32.228 35.917 37.453 37.663 33.838 33.815 36.844 35.357 32.088 34.237 36.448 33.747 31.695 34.742 37.889 38.895 39.069 37.926 38.059 35.676 33.115 30.812 28.961 25.629 24.259 21.302 24.099 23.986 27.095 27.827 30.743 33.565 34.503 30.995 29.366 27.032 24.375 24.514 20.786 20.208 23.647 26.499 27.460 29.428 29.155 27.867 24.226 21.842 19.065 20.904 20.508 23.918 22.988 26.527 28.078 30.521 31.613 30.870 34.678 35.277 33.683 36.522 39.339 41.943 41.054 37.900 37.262 34.314 32.691 33.267 31.938 28.726 28.447 28.866 25.717 23.733 24.948 24.057 20.353 18.493 20.289 23.703 25.505 22.879 21.584 24.681 24.455 28.301 28.689 26.277 28.173 31.742 32.335 30.240 32.572 35.640 38.838 37.516 40.789 42.593 41.092 43.163 46.163 49.500 48.075 49.963 47.184
39.645 39.531 39.872 41.905 40.213 42.304 42.275 38.459 38.561 41.119 39.127 35.849 37.967 39.614 36.231 35.305 32.795 34.998 33.311 30.615 27.942 30.086 29.882 33.481 34.743 34.870 31.042 30.824 33.717 32.240 28.864 30.851 33.038 30.309 28.132 31.100 34.300 35.351 35.412 34.306 34.339 31.913 29.313 26.985 25.144 21.825 20.572 17.595 20.424 20.224 23.302 24.059 27.047 29.930 30.958 27.518 25.720 23.466 20.700 20.902 17.186 16.833 20.372 23.171 24.163 25.964 25.863 24.437 20.730 18.575 15.950 17.637 17.543 20.884 20.189 23.634 25.280 27.451 28.342 27.384 31.160 31.895 30.207 32.928 35.846 38.457 37.732 34.615 34.176 31.168 29.422 30.222 29.082 25.711 25.427 26.203 23.110 20.868 22.342 21.851 18.042 16.462 18.160 21.334 22.772 20.140 18.510 21.415 21.170 25.000 25.629 23.432 25.258 28.758 29.484 27.688 30.287 33.130 36.316 34.829 38.165 39.796 38.116 40.269 43.335 46.595 45.118 47.075 44.390
36.821 36.570 36.686 38.591 36.756 38.754 38.838 35.026 34.968 37.556 35.695 32.331 34.357 36.131 32.833 31.776 29.172 31.268 29.539 26.926 24.238 26.301 26.057 29.657 30.979 31.116 27.288 27.159 30.127 28.670 25.356 27.494 29.736 27.120 25.058 28.159 31.266 32.213 32.527 31.485 31.829 29.401 27.104 24.941 23.567 20.351 19.683 16.857 19.697 18.847 21.503 21.719 24.583 27.193 27.910 24.342 22.860 20.645 18.250 18.977 15.515 14.659 17.957 21.105 22.633 24.587 25.032 23.771 19.951 18.439 15.755 16.619 16.198 19.116 17.996 21.181 23.279 25.374 26.489 25.325 29.099 29.555 27.611 30.413 33.230 35.636 34.816 31.552 31.151 28.342 26.406 26.965 25.984 22.700 22.089 22.807 19.911 17.484 18.696 18.350 14.595 12.806 14.341 17.522 18.988 16.387 14.872 17.944 17.900 21.739 22.084 19.904 21.987 25.404 25.903 24.037 26.675 29.529 32.637 31.103 34.394 36.109 34.465 36.557 39.611 42.893 41.437 43.386 40.694
33.355 33.294 33.451 35.532 33.880 35.835 35.680 31.858 31.988 34.448 32.391 29.136 31.316 32.901 29.514 28.703 26.192 28.563 27.141 24.312 21.951 24.310 23.847 27.385 28.385 28.722 24.949 24.402 27.368 26.218 22.727 24.553 27.038 24.640 22.262 25.156 28.419 29.120 29.278 28.016 28.377 26.141 23.870 22.000 20.777 17.864 17.745 14.738 17.162 15.818 18.298 18.405 21.073 23.692 24.555 21.062 19.559 17.093 14.715 15.369 12.009 10.871 14.137 17.313 18.975 21.052 21.715 20.692 16.875 15.763 12.991 13.264 12.691 15.410 14.318 17.443 19.583 21.582 22.721 21.580 25.369 25.754 23.875 26.753 29.512 31.991 31.135 27.941 27.502 24.604 22.757 23.470 22.432 19.054 18.670 19.571 16.573 14.157 15.850 15.656 11.819 10.827 12.712 15.350 16.650 14.508 12.295 15.364 15.866 19.610 19.976 18.354 20.666 23.784 24.114 22.613 25.602 28.176 31.067 29.163 32.358 34.047 32.099 34.057 37.285 40.412 38.731 40.568 37.840
30.412 30.088 30.125 32.045 30.279 32.306 32.315 28.503 28.579 31.212 29.324 26.030 28.269 30.086 26.859 26.038 23.254 25.509 24.208 21.591 19.405 21.520 20.675 24.089 24.995 25.119 21.329 20.874 23.748 22.456 19.002 20.977 23.359 20.939 18.722 21.791 24.914 25.698 26.102 25.095 25.681 23.286 21.335 19.493 18.799 15.987 16.429 13.945 16.419 14.542 16.403 15.886 18.562 20.890 21.398 17.789 16.483 14.358 12.399 13.925 11.151 9.881 12.701 16.097 18.297 20.176 21.482 20.388 16.616 16.357 14.090 13.520 13.098 15.037 13.803 16.297 18.979 20.526 21.619 19.983 23.641 23.911 21.597 24.346 27.129 29.330 28.593 25.249 25.130 22.472 20.195 20.815 20.273 16.906 15.948 17.172 14.667 11.657 13.067 13.628 10.038 8.966 10.033 12.365 13.163 10.875 8.611 11.602 12.103 15.838 16.156 14.608 16.980 20.004 20.323 18.958 22.075 24.500 27.381 25.456 28.713 30.297 28.361 30.424 33.606 36.758 35.177 37.151 34.551
27.166 27.111 27.152 29.299 27.761 29.675 29.367 25.547 25.839 28.264 26.119 22.959 25.365 26.914 23.567 23.053 20.438 23.049 22.149 19.265 17.566 20.043 18.982 22.263 22.752 23.201 19.553 18.504 21.392 20.594 16.955 18.456 21.211 19.191 16.561 19.289 22.598 22.974 23.194 21.847 22.527 20.455 18.621 17.306 16.930 14.719 15.945 13.430 15.128 12.546 13.929 13.103 15.352 17.613 18.282 14.771 13.551 10.967 9.242 10.800 8.553 6.574 8.978 12.498 15.020 17.099 18.759 18.091 14.501 14.888 12.702 11.170 10.439 11.720 10.427 12.615 15.436 16.821 18.024 16.431 20.093 20.172 17.929 20.840 23.495 25.780 24.935 21.662 21.447 18.690 16.534 17.318 16.682 13.201 12.552 14.026 11.436 8.444 10.633 11.433 8.044 8.457 9.870 11.093 11.634 10.347 7.090 9.917 11.427 14.768 14.998 14.362 16.975 19.444 19.446 18.573 21.998 24.033 26.551 24.176 27.225 28.808 26.506 28.329 31.720 34.654 32.778 34.567 31.898
24.491 24.086 24.182 26.188 24.623 26.803 26.659 22.863 23.280 25.993 24.019 20.936 23.574 25.389 22.294 21.959 18.979 21.464 20.896 18.390 17.121 19.152 17.420 20.362 20.540 20.545 16.915 15.888 18.427 17.337 13.656 15.199 17.692 15.481 12.935 15.863 19.063 19.731 20.110 19.196 19.935 17.528 15.965 14.517 14.691 12.612 14.351 12.645 14.369 11.519 12.109 10.620 13.072 15.087 15.438 11.856 10.550 8.750 7.485 10.221 8.964 7.813 9.382 12.570 15.340 16.799 19.012 18.035 14.679 15.835 14.476 12.599 12.556 13.052 12.170 13.410 16.507 17.091 17.879 15.575 18.924 19.141 16.356 18.856 21.694 23.672 23.203 19.848 20.257 17.766 15.005 15.958 16.167 12.724 11.358 13.598 11.919 8.289 10.080 12.104 9.543 9.904 9.966 10.400 9.668 8.252 4.712 6.506 7.868 11.080 11.692 11.383 13.714 16.000 16.274 15.868 19.474 21.139 23.689 21.312 24.511 25.761 23.408 25.507 28.823 31.756 30.034 32.086 29.687
20.991 20.705 20.653 22.789 21.374 23.424 23.048 19.243 19.829 22.403 20.276 17.311 20.134 21.803 18.725 18.701 15.779 18.519 18.468 15.915 15.361 17.491 15.393 17.994 17.655 17.920 14.546 12.866 15.343 14.818 11.029 12.029 14.957 13.357 10.491 13.050 16.314 16.469 16.873 15.728 16.845 14.784 13.763 13.142 14.131 13.015 15.606 14.284 15.155 11.701 11.151 8.713 10.279 11.747 11.885 8.273 7.516 5.506 5.842 9.162 9.389 7.870 7.760 10.681 13.951 15.399 18.203 17.713 14.865 16.793 15.741 13.051 12.762 12.091 11.160 11.293 14.642 14.696 15.578 13.093 16.165 15.984 12.964 15.540 18.161 19.982 19.427 16.025 16.557 14.241 11.265 12.278 12.859 9.527 7.936 10.765 9.753 6.188 8.269 10.957 9.460 10.881 10.771 9.779 8.360 8.480 4.814 5.206 8.006 10.100 10.380 11.332 13.787 15.190 14.985 15.200 18.964 20.110 22.168 19.351 22.266 23.482 20.780 22.618 26.106 28.814 26.840 28.746 26.334
19.413 18.863 19.340 21.507 20.370 22.932 22.572 18.894 19.970 22.800 20.732 18.163 21.346 23.082 20.293 20.712 17.648 20.259 20.637 18.501 18.328 20.022 17.403 19.499 18.698 18.335 15.172 13.472 15.094 14.134 10.349 10.890 13.183 11.066 7.904 10.462 13.853 14.681 14.765 14.176 14.754 12.089 10.861 9.714 10.966 9.980 12.900 12.388 13.200 9.917 8.764 6.073 8.452 10.199 10.587 7.408 5.300 5.081 5.008 8.817 9.601 9.581 9.654 11.572 14.309 14.782 17.720 16.633 14.067 16.411 16.211 13.748 14.467 13.787 13.797 13.713 16.643 15.947 15.939 12.789 15.452 15.984 12.692 14.423 17.527 19.260 19.449 16.307 17.634 15.375 12.108 13.826 15.096 11.866 10.362 13.741 13.197 9.825 11.625 14.640 13.243 14.335 13.728 12.759 10.470 10.094 7.062 5.392 6.788 8.293 9.924 11.196 12.646 13.878 14.503 15.444 19.248 19.892 22.070 19.390 22.489 23.082 20.283 22.553 25.890 28.492 26.706 28.937 26.947
21.844 21.266 22.194 24.355 23.353 26.176 25.878 22.297 23.508 26.433 24.385 21.926 25.139 26.879 24.079 24.517 21.440 23.969 24.175 22.063 21.562 23.200 20.685 22.889 22.252 21.583 18.347 17.004 18.403 16.984 13.370 14.018 15.683 12.953 10.065 12.538 15.850 17.314 17.027 16.711 16.536 13.486 11.413 9.068 9.177 7.067 9.413 9.041 10.540 7.987 7.863 6.713 10.202 12.696 13.626 10.889 8.031 8.006 6.060 9.034 8.859 10.048 11.312 12.983 14.959 14.957 17.337 15.491 12.673 14.614 14.793 13.119 14.645 14.792 15.367 16.001 18.515 17.929 17.432 14.281 17.038 18.275 15.290 16.666 20.110 22.076 22.603 19.699 21.087 18.559 15.524 17.523 18.560 15.111 13.985 17.226 16.191 12.753 14.699 17.389 15.328 15.917 15.433 15.295 13.269 11.890 9.039 7.896 7.557 9.673 12.128 12.537 13.307 15.177 16.580 17.354 21.027 21.831 24.402 22.094 25.427 25.785 23.182 25.755 28.917 31.579 30.004 32.409 30.572
24.915 23.932 24.624 26.376 24.955 27.823 27.997 24.424 25.209 28.387 26.717 23.987 26.924 29.043 26.368 26.340 23.012 25.131 24.864 23.022 22.016 23.288 20.920 23.298 23.175 22.145 18.693 18.119 19.638 17.595 14.252 15.752 16.975 13.777 11.762 14.841 17.679 19.557 19.774 19.886 19.907 16.637 14.798 12.076 11.979 9.119 10.254 10.063 12.638 10.889 11.403 10.466 13.903 16.092 16.480 13.470 11.194 11.345 9.611 12.450 11.435 12.339 14.148 16.322 18.342 18.513 20.603 18.517 15.429 16.697 16.563 15.506 16.873 17.583 17.719 18.757 21.484 21.295 21.053 18.024 20.843 21.959 18.879 20.286 23.655 25.390 25.850 22.744 24.092 21.756 18.574 20.082 21.137 17.766 16.146 19.003 17.946 14.225 15.500 18.102 15.788 15.444 14.482 15.053 13.169 10.765 8.768 8.073 6.277 9.229 11.687 10.949 11.417 14.073 15.856 16.076 19.497 20.699 23.704 21.898 25.493 25.894 23.763 26.604 29.517 32.470 31.264 33.880 32.091
27.509 26.552 27.595 29.372 28.120 31.165 31.326 27.838 28.785 31.995 30.292 27.683 30.691 32.764 30.069 30.132 26.830 28.949 28.642 26.802 25.665 26.919 24.626 27.007 26.911 25.714 22.309 21.843 23.162 20.941 17.760 19.119 19.976 16.563 14.716 17.497 20.230 22.454 22.354 22.607 22.107 18.700 16.399 13.111 12.084 8.556 8.209 8.405 11.696 11.155 12.433 12.544 16.278 18.832 19.594 16.887 14.195 14.413 12.046 14.137 12.616 14.295 16.651 18.501 19.904 19.683 21.231 18.594 15.540 16.270 16.531 16.310 18.254 19.504 20.082 21.504 23.867 23.697 23.084 20.117 22.894 24.484 21.636 22.780 26.346 28.246 28.960 26.045 27.459 24.932 21.901 23.669 24.602 21.100 19.776 22.633 21.304 17.666 19.113 21.469 18.823 18.237 17.473 18.510 16.838 14.120 12.341 11.865 9.622 12.291 15.069 13.951 13.769 16.643 18.913 19.082 22.254 23.486 26.683 25.162 28.842 29.027 27.024 30.034 32.809 35.749 34.681 37.406 35.746
30.307 29.155 29.813 31.308 29.641 32.527 33.025 29.484 29.964 33.270 31.830 28.913 31.594 33.923 31.260 30.849 27.437 29.243 28.445 26.748 25.124 26.154 24.192 26.807 27.250 25.991 22.412 22.517 24.156 21.673 18.688 20.707 21.559 18.092 16.744 19.967 22.467 24.664 25.040 25.349 25.250 21.863 19.844 16.719 15.903 12.387 11.781 11.505 15.047 14.456 15.911 15.689 19.274 21.589 21.920 18.837 16.702 16.671 14.565 16.817 14.841 15.827 18.393 20.802 22.500 22.752 24.228 21.774 18.448 18.705 18.329 18.323 19.746 21.307 21.302 23.005 25.628 25.913 25.756 22.975 25.958 27.200 24.264 25.726 29.133 30.899 31.318 28.148 29.333 26.946 23.853 25.115 25.914 22.506 20.844 23.241 21.846 18.126 19.027 21.113 18.331 16.981 15.963 17.646 16.407 13.096 12.072 12.327 9.812 12.978 15.139 13.090 13.087 16.524 18.661 18.103 20.942 22.697 26.151 24.999 28.769 29.225 27.626 30.654 33.284 36.478 35.618 38.377 36.608
29.713 28.895 29.342 31.051 29.356 31.949 32.232 28.544 28.913 31.995 30.345 27.272 29.854 31.998 29.097 28.576 25.353 27.376 26.430 24.370 22.575 24.016 22.383 25.321 25.897 25.151 21.426 21.266 23.400 21.360 18.073 20.085 21.598 18.490 16.672 19.905 22.751 24.402 24.759 24.535 24.679 21.628 19.563 16.887 16.081 12.729 12.627 11.262 14.530 13.350 15.050 14.715 18.095 20.508 20.953 17.593 15.656 14.814 12.614 14.713 12.370 12.740 15.473 18.239 20.133 20.948 22.401 20.391 16.800 16.907 15.884 15.667 16.589 18.279 17.946 19.900 22.560 23.234 23.477 21.039 24.324 25.254 22.500 24.458 27.696 29.666 29.674 26.414 27.157 24.624 21.771 22.873 23.230 19.763 18.329 20.432 18.664 15.080 16.221 17.916 14.871 13.651 13.207 15.088 14.440 11.342 9.688 10.945 9.548 13.220 14.733 12.860 13.935 17.283 18.709 17.856 20.931 22.961 26.225 24.705 28.328 29.220 27.426 30.112 33.005 36.193 35.023 37.498 35.403
29.357 28.901 29.783 31.852 30.585 33.292 33.186 29.513 30.328 33.251 31.245 28.435 31.306 33.106 30.036 29.946 26.929 29.330 28.720 26.378 24.868 26.661 24.932 27.794 27.984 27.400 23.780 23.090 25.049 23.293 19.792 21.180 22.789 19.740 17.392 20.124 23.278 24.894 24.652 24.171 23.772 20.822 18.201 15.371 13.799 10.271 9.646 7.693 11.085 10.468 12.847 13.444 17.027 19.968 21.096 18.078 15.479 14.424 11.447 12.726 10.047 11.401 14.515 16.719 17.969 18.455 19.487 17.180 13.604 13.457 12.840 13.089 14.722 16.700 17.126 19.282 21.415 21.932 21.722 19.391 22.685 24.080 21.679 23.490 26.915 29.246 29.450 26.486 27.235 24.340 21.778 23.445 23.602 19.909 19.136 21.532 19.444 16.108 18.017 19.596 16.380 15.862 16.060 17.656 16.955 14.341 11.938 12.883 11.808 15.155 17.150 15.882 16.746 19.798 21.383 20.985 24.250 25.986 29.112 27.338 30.894 31.611 29.490 32.131 35.174 38.155 36.763 39.157 37.079
32.735 32.099 33.044 34.948 33.580 36.398 36.496 32.864 33.582 36.641 34.792 31.932 34.725 36.681 33.678 33.437 30.320 32.520 31.699 29.522 27.760 29.329 27.706 30.598 31.010 30.175 26.523 26.200 28.078 25.991 22.693 24.319 25.585 22.286 20.321 23.155 26.085 28.023 27.854 27.635 27.101 23.976 21.302 18.151 16.298 12.533 10.838 9.369 13.162 13.458 16.038 16.900 20.592 23.528 24.575 21.583 18.984 18.190 15.223 16.342 13.510 14.986 18.257 20.415 21.412 21.729 22.398 19.785 16.320 15.590 15.092 16.086 17.838 20.171 20.603 22.969 25.007 25.636 25.340 23.045 26.276 27.827 25.438 27.101 30.598 32.881 33.200 30.229 31.043 28.178 25.574 27.169 27.352 23.683 22.789 25.056 22.943 19.584 21.201 22.643 19.308 18.233 18.258 20.323 19.740 16.682 14.885 15.858 14.150 17.475 19.571 17.754 18.167 21.527 23.447 22.804 25.746 27.654 31.027 29.637 33.321 33.943 32.101 34.934 37.787 40.887 39.735 42.281 40.298
34.200 33.542 34.087 35.865 34.181 36.732 36.984 33.268 33.587 36.594 34.868 31.735 34.211 36.265 33.216 32.568 29.490 31.524 30.285 28.082 25.907 27.476 26.288 29.448 30.301 29.671 25.890 25.847 28.137 26.097 22.848 24.892 26.426 23.273 21.454 24.591 27.494 29.167 29.360 28.979 28.893 25.908 23.493 20.652 19.161 15.536 14.356 12.467 16.033 15.741 18.246 18.632 22.093 24.815 25.544 22.206 20.123 18.919 16.260 17.554 14.466 14.998 18.313 21.023 22.415 23.351 24.097 21.938 18.238 17.307 15.960 16.812 17.770 20.268 20.019 22.619 24.892 26.016 26.284 24.252 27.711 28.802 26.392 28.479 31.752 33.972 33.885 30.690 31.151 28.390 25.845 26.958 26.871 23.329 22.272 24.017 21.753 18.494 19.748 20.744 17.276 15.670 15.839 18.439 18.487 15.273 13.828 15.623 14.277 17.953 19.344 17.096 18.094 21.662 23.121 21.879 24.641 27.002 30.401 29.098 32.725 33.744 32.102 34.760 37.615 40.874 39.730 42.152 39.948
33.649 33.421 34.062 36.167 34.722 37.131 37.011 33.241 33.745 36.481 34.419 31.372 33.926 35.622 32.339 31.883 29.104 31.493 30.385 27.785 25.712 27.770 26.743 30.020 30.703 30.505 26.738 26.212 28.679 27.098 23.588 25.251 27.218 24.344 22.009 24.836 28.068 29.361 29.218 28.353 28.139 25.492 22.822 20.287 18.487 15.087 14.041 11.269 14.378 14.034 16.956 17.740 21.016 24.004 25.159 21.907 19.675 17.860 14.861 15.432 11.936 12.437 16.038 18.607 19.690 20.890 21.289 19.391 15.613 14.268 12.486 13.610 14.485 17.341 17.286 20.227 22.121 23.488 23.809 22.193 25.804 26.905 24.897 27.215 30.411 32.947 32.682 29.643 29.779 26.742 24.606 25.905 25.366 21.725 21.271 22.921 20.212 17.336 19.198 19.784 16.087 15.119 16.157 18.594 18.981 16.305 14.106 16.231 15.678 19.366 20.658 18.916 20.347 23.667 24.810 23.717 26.744 29.040 32.212 30.517 33.989 35.164 33.204 35.601 38.704 41.816 40.337 42.508 40.111
36.097 35.900 36.831 38.995 37.704 40.290 40.127 36.400 37.091 39.876 37.756 34.830 37.512 39.165 35.875 35.571 32.787 35.212 34.178 31.603 29.564 31.577 30.477 33.688 34.286 33.928 30.187 29.660 31.928 30.208 26.726 28.251 29.982 26.927 24.611 27.280 30.492 32.034 31.641 30.882 30.276 27.536 24.576 21.744 19.417 15.869 13.915 11.281 14.536 15.198 18.487 19.876 23.329 26.546 27.963 24.918 22.340 20.739 17.439 17.573 14.022 15.246 18.957 21.078 21.588 22.372 22.253 19.944 16.393 14.463 13.198 15.204 16.666 19.783 20.230 23.270 24.787 26.034 25.971 24.393 27.885 29.379 27.538 29.597 32.953 35.614 35.589 32.714 32.977 29.808 27.743 29.313 28.795 25.081 24.805 26.609 23.853 21.032 23.009 23.612 19.894 18.922 19.918 22.402 22.642 19.833 17.719 19.514 18.548 22.098 23.772 21.957 22.937 26.331 27.839 26.863 29.802 32.027 35.322 33.765 37.325 38.298 36.355 38.909 41.950 45.040 43.633 45.905 43.619
38.729 38.275 38.969 40.875 39.281 41.815 41.959 38.221 38.587 41.497 39.638 36.511 38.958 40.861 37.668 37.007 34.100 36.216 34.828 32.464 30.080 31.815 30.947 34.249 35.227 34.728 30.924 30.853 33.234 31.255 27.977 29.934 31.519 28.351 26.429 29.415 32.416 34.082 34.047 33.491 33.144 30.260 27.527 24.610 22.552 18.880 16.923 14.706 18.162 18.667 21.739 22.746 26.221 29.217 30.263 27.002 24.735 23.260 20.254 20.812 17.302 18.043 21.676 24.161 24.992 25.956 25.986 23.747 20.149 18.272 16.773 18.633 19.665 22.770 22.729 25.799 27.596 29.048 29.259 27.630 31.170 32.448 30.405 32.555 35.855 38.330 38.195 35.120 35.349 32.365 30.138 31.347 30.879 27.288 26.638 28.154 25.497 22.591 24.042 24.498 20.798 19.144 19.862 22.795 23.281 20.125 18.661 20.695 19.441 23.098 24.492 22.142 23.080 26.718 28.210 26.800 29.383 31.911 35.366 34.156 37.768 38.858 37.255 39.876 42.743 46.017 44.836 47.191 44.895
41.838 41.509 42.076 44.009 42.333 44.699 44.825 41.047 41.256 44.046 42.161 38.933 41.196 43.024 39.742 38.895 36.154 38.243 36.607 34.138 31.500 33.342 32.876 36.346 37.567 37.287 33.449 33.439 36.054 34.196 30.923 32.974 34.747 31.689 29.737 32.753 35.810 37.297 37.303 36.548 36.300 33.569 30.821 28.058 25.945 22.357 20.413 17.917 21.131 21.629 24.839 25.881 29.207 32.211 33.271 29.919 27.818 26.025 23.051 23.345 19.654 20.016 23.682 26.257 27.004 28.290 28.039 26.069 22.483 20.188 18.238 20.370 20.972 24.338 24.058 27.397 29.022 30.870 31.346 30.079 33.732 34.845 33.007 35.391 38.560 41.129 40.749 37.655 37.569 34.546 32.553 33.572 32.762 29.266 28.784 29.905 27.011 24.432 25.813 25.742 21.975 20.166 21.281 24.500 25.497 22.443 21.087 23.534 22.568 26.318 27.386 24.915 26.129 29.809 31.046 29.332 31.760 34.536 37.962 36.785 40.313 41.646 40.121 42.588 45.483 48.808 47.573 49.791 47.325
44.371 43.877 44.194 45.919 43.985 46.225 46.586 42.813 42.711 45.537 43.871 40.480 42.478 44.473 41.281 40.103 37.338 39.145 37.183 34.894 31.963 33.576 33.417 36.951 38.524 38.218 34.378 34.727 37.473 35.499 32.424 34.795 36.521 33.475 31.812 35.041 37.938 39.423 39.732 39.070 39.084 36.311 33.770 31.032 29.163 25.539 23.729 21.385 24.688 24.961 28.003 28.726 31.993 34.793 35.549 32.037 30.254 28.487 25.787 26.365 22.727 22.672 26.200 29.052 30.078 31.574 31.472 29.636 25.984 23.781 21.619 23.539 23.749 27.036 26.325 29.644 31.476 33.522 34.282 33.030 36.731 37.600 35.638 38.149 41.214 43.632 43.088 39.840 39.652 36.808 34.748 35.416 34.588 31.262 30.522 31.309 28.513 25.992 26.909 26.610 22.978 20.671 21.613 25.127 26.426 23.261 22.446 25.106 24.094 27.855 28.566 25.755 27.047 30.816 31.889 29.783 31.852 34.895 38.362 37.456 40.940 42.445 41.214 43.642 46.393 49.848 48.773 50.988 48.475
47.747 47.170 47.575 49.240 47.291 49.624 50.074 46.323 46.225 49.133 47.527 44.142 46.147 48.211 45.055 43.858 41.038 42.761 40.747 38.565 35.585 37.055 36.896 40.386 42.015 41.551 37.725 38.213 40.861 38.721 35.735 38.154 39.690 36.513 34.986 38.226 41.037 42.710 43.001 42.475 42.360 39.477 36.860 33.946 31.921 28.221 26.058 23.951 27.320 27.962 31.088 31.977 35.359 38.217 38.997 35.525 33.637 32.025 29.237 29.761 26.109 26.295 29.880 32.623 33.480 34.800 34.518 32.494 28.952 26.575 24.642 26.840 27.255 30.626 30.058 33.406 35.152 37.159 37.781 36.494 40.152 41.174 39.210 41.604 44.755 47.178 46.748 43.515 43.413 40.551 38.448 39.173 38.405 35.055 34.283 35.118 32.353 29.792 30.649 30.391 26.790 24.386 25.167 28.724 29.938 26.639 25.998 28.500 27.204 30.885 31.733 28.773 29.768 33.596 34.873 32.736 34.603 37.658 41.225 40.538 44.077 45.482 44.390 46.937 49.573 53.074 52.137 54.452 52.016
49.397 49.062 49.425 51.240 49.342 51.517 51.798 48.006 47.893 50.612 48.858 45.461 47.383 49.246 45.961 44.738 42.153 43.997 41.912 39.518 36.464 38.189 38.315 41.932 43.612 43.456 39.617 39.934 42.778 40.893 37.791 40.113 41.930 38.911 37.159 40.312 43.289 44.710 44.900 44.077 43.983 41.318 38.618 35.904 33.774 30.193 28.119 25.626 28.713 29.306 32.581 33.588 36.805 39.735 40.664 37.181 35.341 33.375 30.542 30.716 26.946 26.905 30.482 33.176 33.874 35.453 34.902 33.169 29.680 27.005 24.750 27.113 27.220 30.750 30.103 33.641 35.118 37.419 38.220 37.307 41.041 41.948 40.260 42.857 45.879 48.460 47.813 44.645 44.234 41.278 39.478 40.149 39.024 35.745 35.282 35.847 32.832 30.634 31.644 30.949 27.311 25.095 26.375 29.965 31.546 28.504 27.642 30.436 29.541 33.315 33.980 31.163 32.490 36.267 37.286 35.073 37.022 40.170 43.620 42.750 46.178 47.790 46.584 48.931 51.701 55.166 54.039 56.159 53.540
52.172 51.882 52.068 53.841 51.829 53.823 54.140 50.344 50.039 52.649 50.947 47.467 49.169 50.998 47.713 46.286 43.850 45.585 43.283 40.895 37.665 39.386 39.863 43.553 45.454 45.470 41.657 42.071 45.086 43.301 40.265 42.694 44.640 41.741 40.025 43.232 46.205 47.465 47.774 46.835 46.914 44.357 41.742 39.168 37.134 33.608 31.686 29.064 32.049 32.461 35.703 36.582 39.659 42.496 43.330 39.769 38.148 36.009 33.323 33.470 29.697 29.310 32.766 35.568 36.347 38.185 37.601 36.120 32.625 29.892 27.367 29.642 29.366 32.883 31.952 35.536 36.975 39.535 40.601 39.905 43.694 44.382 42.782 45.560 48.433 51.003 50.132 46.923 46.274 43.391 41.736 42.166 40.835 37.727 37.298 37.510 34.449 32.523 33.350 32.285 28.778 26.464 27.906 31.589 33.519 30.621 29.926 32.953 32.275 36.070 36.430 33.552 35.099 38.852 39.614 37.166 38.939 42.257 45.625 44.807 48.113 49.942 48.845 51.031 53.783 57.283 56.142 58.129 55.382
55.431 55.245 55.532 57.391 55.456 57.470 57.705 53.899 53.669 56.236 54.445 51.004 52.738 54.472 51.126 49.760 47.406 49.214 46.928 44.466 41.248 43.050 43.576 47.282 49.156 49.217 45.400 45.738 48.751 46.999 43.912 46.256 48.222 45.301 43.499 46.628 49.664 50.932 51.107 50.094 50.033 47.520 44.771 42.173 39.942 36.443 34.324 31.669 34.525 35.190 38.573 39.679 42.762 45.716 46.707 43.203 41.461 39.259 36.440 36.336 32.514 32.271 35.770 38.402 38.922 40.709 39.837 38.358 35.011 32.036 29.593 32.135 31.937 35.566 34.800 38.474 39.666 42.282 43.270 42.734 46.506 47.296 45.865 48.628 51.516 54.202 53.342 50.217 49.501 46.520 45.001 45.529 44.076 40.949 40.704 40.907 37.735 35.931 36.897 35.730 32.202 30.028 31.607 35.264 37.220 34.357 33.548 36.559 35.879 39.678 40.133 37.290 38.783 42.547 43.370 40.958 42.739 46.047 49.427 48.597 51.906 53.725 52.589 54.774 57.554 61.039 59.857 61.817 59.042
56.780 56.734 56.873 58.773 56.805 58.616 58.778 54.971 54.625 57.011 55.187 51.719 53.274 54.873 51.493 50.014 47.884 49.685 47.284 44.736 41.444 43.366 44.197 47.968 49.953 50.277 46.498 46.782 49.967 48.429 45.335 47.670 49.852 47.111 45.224 48.329 51.427 52.450 52.662 51.440 51.528 49.205 46.519 44.140 41.993 38.610 36.721 33.839 36.506 36.937 40.287 41.298 44.180 47.061 48.035 44.503 42.949 40.505 37.817 37.594 33.794 33.211 36.555 39.222 39.777 41.844 40.924 39.774 36.449 33.440 30.706 33.121 32.527 36.112 35.118 38.819 39.888 42.753 44.001 43.749 47.557 48.118 46.856 49.811 52.513 55.231 54.125 51.020 50.024 47.087 45.798 46.142 44.427 41.477 41.383 41.260 38.003 36.543 37.463 35.922 32.523 30.452 32.316 35.949 38.225 35.614 34.783 38.018 37.674 41.501 41.686 38.932 40.721 44.411 44.941 42.405 44.166 47.570 50.809 49.877 53.036 55.075 53.921 55.888 58.730 62.189 60.886 62.651 59.720
60.420 60.442 60.595 62.527 60.574 62.349 62.479 58.672 58.316 60.648 58.794 55.334 56.843 58.376 54.974 53.478 51.440 53.241 50.797 48.227 44.910 46.855 47.801 51.585 53.611 53.995 50.229 50.504 53.721 52.218 49.122 51.439 53.651 50.920 49.006 52.081 55.206 56.202 56.370 55.086 55.133 52.859 50.119 47.754 45.519 42.163 40.189 37.286 39.862 40.403 43.814 44.922 47.775 50.694 51.729 48.217 46.648 44.145 41.423 41.063 37.256 36.690 40.012 42.591 43.011 45.093 43.999 42.911 39.691 36.553 33.842 36.369 35.747 39.360 38.403 42.135 43.043 45.986 47.245 47.138 50.934 51.501 50.361 53.341 56.010 58.785 57.633 54.574 53.482 50.519 49.347 49.685 47.858 44.956 44.969 44.756 41.449 40.125 41.066 39.396 36.047 34.034 35.972 39.595 41.949 39.384 38.548 41.807 41.489 45.317 45.490 42.732 44.522 48.216 48.729 46.157 47.862 51.300 54.526 53.616 56.743 58.826 57.689 59.617 62.459 65.918 64.597 66.310 63.336
61.645 61.809 61.839 63.817 61.859 63.444 63.486 59.695 59.253 61.400 59.506 56.051 57.402 58.782 55.360 53.791 51.983 53.787 51.275 48.627 45.290 47.353 48.554 52.369 54.460 55.092 51.381 51.578 54.929 53.640 50.539 52.814 55.217 52.664 50.663 53.688 56.867 57.630 57.813 56.333 56.505 54.420 51.743 49.589 47.432 44.201 42.439 39.353 41.740 42.076 45.436 46.465 49.119 51.963 52.994 49.486 48.082 45.375 42.781 42.302 38.554 37.708 40.855 43.424 43.857 46.171 45.036 44.256 41.087 37.951 35.023 37.407 36.450 39.978 38.844 42.558 43.325 46.464 47.942 48.104 51.902 52.262 51.297 54.431 56.915 59.715 58.346 55.335 53.989 51.076 50.136 50.320 48.259 45.540 45.712 45.216 41.856 40.864 41.782 39.798 36.603 34.744 36.925 40.468 43.071 40.759 39.879 43.299 43.284 47.115 47.068 44.425 46.465 50.072 50.329 47.686 49.395 52.884 55.965 54.941 57.918 60.186 59.012 60.731 63.632 67.044 65.599 67.119 64.010
65.434 65.614 65.638 67.610 65.633 67.194 67.249 63.462 62.986 65.109 63.228 59.766 61.061 62.424 59.009 57.398 55.640 57.403 54.834 52.212 48.842 50.869 52.162 55.975 58.127 58.774 55.076 55.316 58.683 57.386 54.311 56.608 59.004 56.440 54.462 57.493 60.667 61.436 61.618 60.126 60.282 58.207 55.505 53.336 51.130 47.893 46.053 42.989 45.356 45.774 49.167 50.244 52.896 55.753 56.796 53.289 51.886 49.170 46.565 46.036 42.286 41.459 44.592 47.120 47.484 49.793 48.560 47.798 44.693 41.488 38.601 41.050 40.093 43.623 42.502 46.216 46.903 50.082 51.567 51.801 55.588 55.949 55.042 58.185 60.651 63.470 62.071 59.077 57.679 54.770 53.884 54.042 51.930 49.254 49.455 48.893 45.532 44.607 45.490 43.439 40.299 38.428 40.595 44.147 46.794 44.482 43.656 47.083 47.042 50.870 50.806 48.119 50.133 53.755 54.011 51.314 52.934 56.462 59.544 58.583 61.538 63.838 62.719 64.421 67.293 70.720 69.295 70.791 67.660
67.332 67.668 67.642 69.687 67.756 69.180 69.120 65.352 64.860 66.816 64.864 61.443 62.644 63.839 60.397 58.785 57.238 59.044 56.472 53.763 50.427 52.578 54.039 57.863 60.014 60.865 57.216 57.343 60.792 59.681 56.579 58.790 61.338 58.910 56.824 59.772 63.009 63.596 63.730 62.061 62.258 60.356 57.665 55.662 53.464 50.349 48.628 45.427 47.599 47.927 51.304 52.388 54.878 57.708 58.807 55.343 54.020 51.143 48.599 47.906 44.216 43.244 46.236 48.675 48.961 51.406 50.067 49.548 46.551 43.314 40.324 42.712 41.552 45.011 43.837 47.527 48.016 51.322 52.928 53.412 57.170 57.410 56.700 59.936 62.255 65.125 63.576 60.668 59.067 56.173 55.515 55.607 53.294 50.758 51.148 50.400 46.984 46.340 47.273 44.998 41.976 40.300 42.672 46.122 48.922 46.818 45.895 49.409 49.596 53.420 53.242 50.681 52.861 56.413 56.504 53.801 55.464 58.999 61.968 60.889 63.730 66.150 64.962 66.502 69.439 72.806 71.256 72.587 69.354
68.882 69.131 68.907 70.818 68.736 70.017 70.086 66.352 65.647 67.563 65.764 62.272 63.257 64.516 61.172 59.349 57.857 59.465 56.720 54.150 50.710 52.712 54.394 58.193 60.534 61.431 57.849 58.149 61.669 60.568 57.603 59.959 62.515 60.164 58.222 61.267 64.411 64.930 65.261 63.621 64.027 62.129 59.593 57.648 55.633 52.497 50.924 47.739 50.000 50.113 53.373 54.228 56.652 59.327 60.223 56.685 55.586 52.712 50.359 49.859 46.218 45.003 47.875 50.483 51.003 53.596 52.449 52.021 48.919 45.821 42.696 44.866 43.487 46.826 45.376 48.976 49.629 53.022 54.831 55.302 59.085 59.122 58.325 61.653 63.869 66.614 64.926 61.934 60.247 57.514 56.833 56.678 54.359 51.987 52.228 51.253 47.960 47.404 48.065 45.658 42.830 41.002 43.279 46.740 49.691 47.656 46.980 50.575 50.824 54.613 54.194 51.557 53.829 57.338 57.252 54.377 55.831 59.458 62.346 61.386 64.112 66.665 65.644 67.079 69.920 73.319 71.844 73.107 69.837
72.508 72.724 72.530 74.421 72.316 73.634 73.746 70.007 69.292 71.247 69.474 65.968 66.951 68.247 64.913 63.071 61.549 63.117 60.337 57.815 54.347 56.280 57.965 61.756 64.137 64.971 61.380 61.745 65.244 64.068 61.125 63.520 66.014 63.598 61.701 64.773 67.901 68.497 68.827 67.234 67.592 65.640 63.062 61.036 58.954 55.768 54.069 50.946 53.251 53.492 56.802 57.720 60.210 62.923 63.830 60.282 59.135 56.306 53.901 53.394 49.721 48.600 51.525 54.112 54.573 57.100 55.881 55.374 52.301 49.136 46.096 48.370 47.086 50.467 49.078 52.695 53.328 56.702 58.455 58.906 62.688 62.789 61.983 65.279 67.539 70.297 68.645 65.646 63.990 61.243 60.534 60.400 58.107 55.711 55.925 54.978 51.695 51.089 51.727 49.358 46.519 44.626 46.822 50.325 53.242 51.125 50.509 54.071 54.208 58.001 57.630 54.914 57.093 60.645 60.633 57.726 59.099 62.749 65.683 64.817 67.570 70.099 69.143 70.626 73.422 76.854 75.437 76.740 73.489
