40.099 39.039 39.221 40.547 38.362 40.765 41.535 37.889 37.638 40.797 39.570 36.163 38.162 40.609 37.798 36.516 33.305 34.724 32.845 31.113 28.319 29.320 28.674 31.908 33.462 32.577 28.812 29.621 32.025 29.587 26.854 29.549 30.742 27.512 26.461 29.952 32.402 34.279 35.012 34.955 35.224 32.117 30.047 27.128 25.992 22.351 21.073 19.833 23.520 23.135 25.365 25.308 28.688 31.026 31.227 27.619 26.105 25.147 22.995 24.721 21.734 21.672 24.784 27.843 29.501 30.683 31.558 29.433 25.758 24.957 23.226 24.149 24.375 26.902 26.023 28.646 31.209 32.626 33.245 31.229 34.698 35.467 32.843 35.007 38.151 40.046 39.810 36.371 36.771 34.337 31.642 32.161 32.120 28.886 27.311 28.453 26.464 23.251 23.468 24.175 21.273 18.503 18.038 21.242 21.705 18.058 18.115 20.036 18.335 21.857 22.527 19.394 20.342 24.166 25.422 23.287 25.138 28.083 31.701 31.188 34.812 36.054 35.120 37.821 40.295 43.823 43.118 45.654 43.496
41.569 40.768 40.833 42.306 40.120 42.297 42.911 39.192 38.848 41.796 40.426 36.936 38.786 41.050 38.071 36.668 33.699 35.226 33.156 31.167 28.159 29.460 29.252 32.712 34.433 33.945 30.133 30.796 33.519 31.392 28.523 31.176 32.754 29.740 28.418 31.859 34.516 36.063 36.738 36.317 36.679 33.816 31.661 28.977 27.709 24.147 22.953 21.131 24.636 24.121 26.584 26.617 29.830 32.248 32.565 28.872 27.473 26.009 23.798 25.180 21.928 21.473 24.669 27.841 29.447 31.022 31.667 29.857 26.085 24.890 22.684 23.785 23.570 26.348 25.226 28.143 30.537 32.367 33.282 31.663 35.301 35.875 33.508 35.990 38.987 41.052 40.508 37.066 37.069 34.535 32.147 32.518 32.035 28.862 27.578 28.320 25.986 23.141 23.463 23.556 20.435 17.855 17.941 21.411 22.505 19.125 18.947 21.447 20.357 24.049 24.371 21.390 22.873 26.611 27.451 25.103 26.993 30.143 33.611 32.912 36.387 37.952 36.932 39.366 41.988 45.509 44.595 46.895 44.485
45.050 44.192 44.095 45.438 43.089 45.133 45.892 42.198 41.619 44.536 43.310 39.724 41.334 43.667 40.741 39.086 36.189 37.497 35.146 33.285 30.042 31.175 31.322 34.816 36.834 36.380 32.613 33.531 36.356 34.199 31.505 34.337 35.896 32.936 31.797 35.319 37.872 39.382 40.220 39.808 40.307 37.467 35.395 32.745 31.522 27.959 26.718 24.892 28.390 27.888 30.357 30.317 33.458 35.779 35.952 32.201 31.003 29.492 27.408 28.784 25.501 24.833 27.957 31.226 32.879 34.608 35.186 33.475 29.692 28.333 25.966 27.154 26.692 29.524 28.168 31.141 33.534 35.575 36.681 35.192 38.866 39.295 36.951 39.537 42.439 44.446 43.757 40.252 40.108 37.674 35.346 35.472 34.876 31.863 30.516 30.930 28.613 25.969 25.994 25.762 22.784 20.055 19.990 23.661 25.081 21.754 21.952 24.598 23.558 27.175 27.209 24.042 25.576 29.306 29.966 27.311 28.817 32.176 35.625 35.174 38.555 40.275 39.507 41.861 44.352 47.955 47.155 49.403 46.928
46.984 46.381 46.292 47.811 45.547 47.460 48.026 44.284 43.732 46.459 45.055 41.469 43.024 45.137 42.056 40.404 37.749 39.215 36.807 34.698 31.383 32.818 33.254 36.880 38.924 38.783 35.001 35.705 38.712 36.811 33.972 36.665 38.496 35.666 34.258 37.668 40.415 41.706 42.390 41.679 42.136 39.493 37.273 34.765 33.332 29.831 28.533 26.304 29.618 29.172 31.878 32.048 35.081 37.536 37.911 34.169 32.939 31.060 28.842 29.815 26.341 25.527 28.721 31.927 33.378 35.338 35.607 34.114 30.346 28.594 25.959 27.415 26.707 29.769 28.372 31.593 33.696 36.039 37.288 36.164 39.932 40.298 38.243 41.020 43.832 46.032 45.151 41.718 41.268 38.700 36.682 36.803 35.827 32.845 31.855 32.021 29.392 27.111 27.367 26.655 23.503 21.160 21.654 25.360 27.153 24.088 23.957 26.896 26.237 29.955 29.898 26.931 28.729 32.397 32.863 30.189 31.799 35.212 38.545 37.902 41.176 43.076 42.173 44.341 46.971 50.527 49.530 51.589 48.935
50.245 49.628 49.368 50.790 48.393 50.144 50.805 47.091 46.325 48.975 47.683 44.024 45.338 47.469 44.437 42.562 40.028 41.311 38.669 36.655 33.169 34.489 35.274 38.916 41.207 41.163 37.445 38.321 41.439 39.579 36.877 39.695 41.564 38.830 37.537 41.001 43.680 44.877 45.702 44.952 45.561 42.980 40.853 38.427 37.069 33.600 32.352 30.089 33.356 32.835 35.507 35.574 38.501 40.850 41.095 37.309 36.285 34.331 32.260 33.234 29.777 28.729 31.799 35.083 36.602 38.734 38.976 37.637 33.869 32.034 29.246 30.682 29.710 32.749 31.118 34.340 36.429 38.968 40.425 39.448 43.241 43.430 41.420 44.315 47.003 49.151 48.097 44.621 43.997 41.537 39.613 39.493 38.385 35.588 34.573 34.413 31.814 29.771 29.780 28.754 25.788 23.409 23.826 27.611 29.696 26.758 26.884 29.960 29.422 33.084 32.751 29.704 31.612 35.229 35.479 32.572 33.892 37.456 40.709 40.222 43.365 45.439 44.723 46.760 49.299 52.901 51.961 53.920 51.180
53.042 52.487 52.255 53.715 51.335 53.065 53.695 49.974 49.210 51.816 50.488 46.833 48.116 50.188 47.120 45.233 42.782 44.078 41.394 39.346 35.830 37.188 38.084 41.741 44.068 44.077 40.367 41.226 44.370 42.538 39.823 42.614 44.508 41.767 40.434 43.870 46.588 47.775 48.544 47.734 48.285 45.733 43.523 41.080 39.591 36.105 34.712 32.376 35.612 35.241 38.036 38.240 41.175 43.595 43.923 40.150 39.075 37.046 34.889 35.696 32.161 31.160 34.276 37.487 38.861 41.020 41.073 39.755 36.031 33.988 31.185 32.823 31.839 34.989 33.408 36.725 38.656 41.295 42.758 41.913 45.725 45.944 44.045 46.972 49.655 51.876 50.785 47.344 46.630 44.119 42.302 42.198 40.968 38.186 37.294 37.060 34.370 32.455 32.529 31.356 28.367 26.121 26.651 30.432 32.596 29.700 29.774 32.877 32.352 36.026 35.715 32.669 34.554 38.183 38.440 35.512 36.777 40.363 43.608 43.149 46.267 48.371 47.673 49.682 52.218 55.822 54.870 56.789 54.010
53.699 53.152 53.182 54.737 52.500 54.456 55.019 51.271 50.742 53.460 52.022 48.445 49.978 52.039 48.912 47.246 44.676 46.128 43.633 41.524 38.136 39.550 40.144 43.772 45.896 45.732 41.962 42.713 45.699 43.732 40.911 43.582 45.338 42.402 40.998 44.368 47.138 48.539 49.103 48.379 48.641 45.971 43.546 40.890 39.130 35.540 33.772 31.532 34.851 34.893 37.881 38.407 41.539 44.172 44.720 41.020 39.612 37.701 35.253 35.902 32.262 31.707 35.047 38.059 39.147 41.034 40.865 39.273 35.634 33.415 30.895 32.886 32.314 35.642 34.449 37.864 39.648 42.121 43.271 42.334 46.118 46.652 44.778 47.530 50.407 52.745 51.887 48.522 47.994 45.307 43.431 43.641 42.508 39.505 38.708 38.814 36.040 33.920 34.277 33.374 30.180 28.004 28.577 32.308 34.159 31.070 30.933 33.812 32.994 36.695 36.777 33.715 35.292 39.028 39.643 36.924 38.332 41.786 45.178 44.715 47.995 49.870 49.072 51.284 53.847 57.436 56.504 58.571 55.905
56.750 56.350 56.371 58.011 55.807 57.671 58.139 54.376 53.836 56.431 54.910 51.337 52.799 54.727 51.530 49.843 47.443 48.948 46.394 44.179 40.751 42.294 43.091 46.774 48.944 48.956 45.196 45.861 48.947 47.117 44.244 46.855 48.748 45.886 44.364 47.674 50.534 51.813 52.302 51.412 51.653 49.105 46.606 44.036 42.161 38.626 36.818 34.393 37.568 37.669 40.770 41.416 44.467 47.158 47.810 44.124 42.720 40.619 38.123 38.532 34.827 34.197 37.522 40.458 41.394 43.405 43.013 41.576 38.005 35.546 32.919 35.070 34.353 37.772 36.567 40.087 41.651 44.307 45.544 44.860 48.673 49.161 47.483 50.339 53.141 55.585 54.601 51.292 50.565 47.823 46.154 46.337 44.973 42.035 41.446 41.373 38.455 36.589 37.035 35.846 32.634 30.685 31.501 35.224 37.278 34.337 34.085 37.099 36.466 40.202 40.213 37.230 38.933 42.640 43.142 40.383 41.792 45.293 48.618 48.091 51.295 53.286 52.450 54.546 57.163 60.733 59.706 61.653 58.879
58.227 57.937 57.793 59.445 57.191 58.845 59.269 55.516 54.835 57.260 55.736 52.131 53.393 55.211 52.001 50.182 47.994 49.455 46.769 44.504 41.000 42.618 43.731 47.461 49.764 50.021 46.311 46.956 50.205 48.571 45.720 48.340 50.426 47.744 46.165 49.463 52.361 53.409 53.961 52.888 53.294 50.917 48.499 46.133 44.347 40.922 39.331 36.712 39.731 39.603 42.658 43.188 46.050 48.650 49.246 45.538 44.337 42.026 39.678 40.009 36.334 35.379 38.542 41.532 42.536 44.806 44.402 43.259 39.687 37.185 34.308 36.332 35.255 38.614 37.166 40.687 42.170 45.054 46.549 46.109 49.952 50.205 48.663 51.700 54.319 56.767 55.545 52.241 51.252 48.581 47.113 47.089 45.495 42.749 42.268 41.865 38.897 37.355 37.712 36.162 33.071 31.285 32.268 35.976 38.347 35.647 35.411 38.642 38.326 42.070 41.805 38.913 40.891 44.505 44.711 41.822 43.172 46.766 49.942 49.347 52.389 54.598 53.776 55.655 58.305 61.854 60.732 62.487 59.565
61.282 61.128 60.981 62.711 60.499 62.071 62.401 58.645 57.965 60.271 58.671 55.089 56.291 57.974 54.713 52.895 50.873 52.383 49.673 47.321 43.818 45.547 46.815 50.572 52.891 53.302 49.613 50.169 53.489 51.981 49.088 51.639 53.837 51.224 49.542 52.774 55.747 56.685 57.163 55.945 56.326 54.066 51.591 49.307 47.430 44.066 42.451 39.696 42.576 42.497 45.629 46.262 49.040 51.682 52.371 48.696 47.495 45.036 42.658 42.780 39.083 38.082 41.202 44.094 44.955 47.316 46.719 45.724 42.239 39.559 36.626 38.760 37.574 40.973 39.536 43.112 44.379 47.400 48.960 48.746 52.591 52.803 51.446 54.559 57.101 59.636 58.307 55.071 53.911 51.203 49.930 49.890 48.102 45.430 45.141 44.595 41.525 40.214 40.656 38.887 35.811 34.246 35.422 39.081 41.590 39.025 38.682 41.996 41.826 45.589 45.280 42.471 44.539 48.122 48.243 45.342 46.706 50.321 53.433 52.771 55.741 58.040 57.174 58.948 61.646 65.165 63.953 65.592 62.582
61.596 61.589 61.309 63.083 60.877 62.246 62.479 58.746 57.984 60.092 58.451 54.883 55.923 57.446 54.169 52.287 50.503 52.021 49.260 46.824 43.323 45.178 46.698 50.476 52.845 53.518 49.896 50.355 53.805 52.534 49.637 52.129 54.529 52.115 50.336 53.503 56.529 57.216 57.709 56.290 56.808 54.750 52.352 50.298 48.509 45.291 43.912 40.971 43.657 43.347 46.411 46.947 49.511 52.061 52.731 49.079 48.056 45.393 43.159 43.174 39.549 38.260 41.188 44.076 44.978 47.570 46.966 46.279 42.829 40.144 37.002 38.977 37.465 40.760 39.131 42.671 43.819 47.025 48.812 48.851 52.692 52.682 51.492 54.758 57.105 59.651 58.102 54.914 53.501 50.857 49.815 49.613 47.598 45.121 44.988 44.157 41.042 40.070 40.494 38.406 35.456 34.140 35.536 39.097 41.858 39.570 39.159 42.641 42.803 46.555 46.024 43.378 45.707 49.169 49.020 46.074 47.462 51.107 54.051 53.250 56.055 58.540 57.621 59.169 61.931 65.388 64.037 65.470 62.324
63.976 64.131 63.828 65.687 63.542 64.793 64.903 61.185 60.427 62.374 60.647 57.128 58.091 59.440 56.124 54.260 52.686 54.263 51.510 48.976 45.521 47.509 49.182 52.969 55.325 56.193 52.615 52.949 56.469 55.374 52.438 54.830 57.372 55.072 53.174 56.249 59.348 59.875 60.294 58.700 59.222 57.327 54.905 52.992 51.156 48.045 46.720 43.636 46.140 45.809 48.898 49.495 51.922 54.476 55.229 51.634 50.648 47.826 45.611 45.421 41.827 40.448 43.269 46.043 46.824 49.529 48.769 48.293 44.950 42.149 38.941 40.938 39.276 42.542 40.904 44.445 45.364 48.699 50.578 50.873 54.688 54.593 53.614 56.961 59.184 61.802 60.118 57.025 55.413 52.761 51.951 51.715 49.492 47.135 47.214 46.220 43.026 42.331 42.844 40.532 37.639 36.594 38.202 41.659 44.555 42.457 41.918 45.478 45.840 49.592 48.992 46.480 48.934 52.331 52.058 49.127 50.561 54.203 57.046 56.132 58.834 61.420 60.429 61.830 64.656 68.052 66.578 67.857 64.614
63.263 63.637 63.355 65.360 63.354 64.507 64.411 60.707 60.041 61.804 59.918 56.494 57.459 58.574 55.184 53.440 52.083 53.823 51.183 48.467 45.137 47.366 49.094 52.893 55.125 56.219 52.679 52.767 56.339 55.482 52.448 54.649 57.374 55.222 53.123 56.041 59.251 59.576 59.851 58.038 58.533 56.849 54.397 52.681 50.804 47.864 46.666 43.398 45.643 45.243 48.336 49.008 51.255 53.825 54.718 51.224 50.243 47.231 45.026 44.580 41.048 39.581 42.275 44.886 45.521 48.338 47.433 47.209 43.996 41.114 37.829 39.805 37.991 41.208 39.605 43.145 43.797 47.232 49.177 49.746 53.516 53.347 52.617 56.033 58.122 60.839 59.042 56.085 54.284 51.586 51.043 50.842 48.400 46.134 46.498 45.405 42.092 41.685 42.402 39.899 37.007 36.343 38.283 41.571 44.555 42.696 41.891 45.514 46.147 49.895 49.276 47.003 49.612 52.909 52.523 49.707 51.330 54.903 57.631 56.480 59.094 61.747 60.568 61.819 64.776 68.065 66.394 67.511 64.178
62.220 62.626 62.149 64.096 62.031 62.977 62.881 59.237 58.419 60.027 58.206 54.781 55.537 56.582 53.257 51.386 50.211 51.853 49.137 46.450 43.120 45.350 47.305 51.070 53.386 54.666 51.232 51.326 54.984 54.302 51.359 53.569 56.409 54.457 52.387 55.286 58.450 58.567 58.965 57.060 57.770 56.230 53.960 52.451 50.790 47.976 47.075 43.758 45.898 45.183 48.092 48.527 50.565 52.946 53.689 50.207 49.486 46.388 44.435 44.072 40.686 38.893 41.337 44.032 44.869 47.886 47.165 47.189 43.957 41.257 37.795 39.447 37.313 40.316 38.430 41.826 42.531 46.079 48.274 48.953 52.696 52.259 51.563 55.094 56.983 59.599 57.606 54.647 52.671 50.137 49.711 49.271 46.724 44.695 45.057 43.682 40.458 40.313 40.863 38.133 35.475 34.924 36.906 40.078 43.256 41.651 40.927 44.651 45.541 49.213 48.329 46.175 48.987 52.136 51.478 48.599 50.154 53.740 56.289 55.086 57.519 60.330 59.185 60.227 63.171 66.409 64.685 65.632 62.215
60.669 60.862 60.306 62.097 59.884 60.877 60.980 57.331 56.390 58.151 56.499 52.974 53.693 54.966 51.724 49.708 48.338 49.811 46.975 44.458 40.999 43.014 44.951 48.708 51.154 52.263 48.808 49.130 52.765 51.906 49.070 51.467 54.171 52.141 50.264 53.313 56.358 56.606 57.185 55.472 56.284 54.575 52.403 50.775 49.247 46.314 45.428 42.265 44.625 43.833 46.662 46.923 49.073 51.374 51.926 48.341 47.699 44.760 42.883 42.826 39.426 37.597 40.096 43.007 44.086 47.058 46.584 46.429 43.036 40.510 37.045 38.581 36.490 39.476 37.452 40.812 41.848 45.315 47.517 47.922 51.711 51.264 50.300 53.799 55.771 58.252 56.327 53.216 51.402 48.956 48.269 47.730 45.393 43.318 43.376 42.039 38.954 38.567 38.871 36.280 33.663 32.753 34.440 37.755 40.904 39.142 38.684 42.389 43.119 46.776 45.825 43.493 46.244 49.438 48.799 45.802 47.197 50.846 53.457 52.435 54.915 57.701 56.722 57.860 60.690 64.019 62.459 63.532 60.184
56.982 57.128 56.541 58.307 56.081 57.083 57.205 53.554 52.610 54.404 52.771 49.230 49.976 51.301 48.066 46.047 44.608 46.089 43.274 40.751 37.289 39.318 41.194 44.961 47.383 48.475 45.012 45.327 48.960 48.105 45.274 47.680 50.387 48.385 46.525 49.586 52.607 52.841 53.467 51.787 52.660 50.938 48.839 47.245 45.830 42.925 42.180 39.046 41.416 40.474 43.205 43.344 45.472 47.712 48.196 44.595 44.011 41.098 39.299 39.364 36.013 34.090 36.553 39.556 40.782 43.773 43.472 43.312 39.854 37.489 33.977 35.338 33.193 36.114 33.994 37.316 38.508 41.934 44.167 44.467 48.262 47.773 46.711 50.209 52.184 54.608 52.701 49.546 47.787 45.372 44.601 44.035 41.768 39.675 39.646 38.334 35.282 34.828 35.091 32.542 29.916 28.953 30.641 33.954 37.098 35.358 34.906 38.623 39.404 43.041 42.050 39.758 42.557 45.713 45.039 42.065 43.518 47.143 49.740 48.670 51.162 53.935 52.928 54.075 56.920 60.246 58.684 59.788 56.461
54.839 54.846 54.373 56.110 53.873 55.074 55.280 51.582 50.722 52.723 51.114 47.536 48.467 49.962 46.719 44.766 43.057 44.562 41.801 39.321 35.833 37.780 39.389 43.177 45.544 46.396 42.834 43.222 46.762 45.692 42.827 45.301 47.857 45.673 43.874 47.018 50.014 50.465 51.087 49.583 50.356 48.440 46.278 44.487 43.025 39.982 39.095 36.083 38.645 37.825 40.610 40.793 43.126 45.451 45.942 42.284 41.546 38.792 36.863 37.067 33.623 31.906 34.579 37.650 38.901 41.714 41.482 41.044 37.494 35.169 31.773 33.231 31.347 34.388 32.404 35.794 37.166 40.423 42.464 42.493 46.325 46.028 44.771 48.152 50.324 52.739 51.036 47.804 46.298 43.805 42.780 42.368 40.327 38.006 37.804 36.781 33.741 32.912 33.203 30.965 28.145 26.899 28.421 31.886 34.824 32.805 32.389 36.012 36.532 40.221 39.412 36.971 39.602 42.881 42.430 39.489 40.983 44.599 47.366 46.376 49.048 51.661 50.666 52.033 54.855 58.248 56.793 58.104 54.896
51.624 51.496 50.956 52.597 50.285 51.510 51.819 48.126 47.209 49.300 47.789 44.165 45.099 46.735 43.552 41.542 39.690 41.117 38.336 35.942 32.415 34.259 35.787 39.567 41.962 42.719 39.147 39.635 43.153 42.010 39.205 41.771 44.264 42.079 40.391 43.607 46.519 47.009 47.758 46.372 47.251 45.258 43.223 41.425 40.147 37.095 36.368 33.479 36.130 35.125 37.752 37.727 40.074 42.288 42.622 38.914 38.277 35.638 33.839 34.311 30.946 29.132 31.763 34.996 36.491 39.278 39.325 38.817 35.170 33.114 29.718 30.919 29.028 31.946 29.828 33.116 34.775 37.921 39.980 39.792 43.622 43.276 41.817 45.167 47.362 49.654 47.998 44.674 43.296 40.891 39.677 39.192 37.328 34.990 34.559 33.587 30.676 29.663 29.785 27.689 24.905 23.410 24.755 28.281 31.183 29.108 28.838 32.452 32.943 36.599 35.716 33.231 35.882 39.141 38.661 35.690 37.166 40.785 43.564 42.610 45.309 47.898 46.950 48.363 51.146 54.569 53.184 54.571 51.418
49.556 49.336 48.986 50.657 48.407 49.876 50.202 46.462 45.723 48.012 46.460 42.852 44.049 45.797 42.584 40.746 38.635 40.169 37.546 35.149 31.694 33.514 34.660 38.440 40.674 41.181 37.502 37.971 41.353 40.004 37.109 39.666 42.006 39.612 37.919 41.171 44.099 44.824 45.483 44.253 44.950 42.771 40.614 38.600 37.206 34.017 33.095 30.316 33.140 32.332 35.054 35.164 37.739 40.097 40.526 36.803 35.914 33.438 31.428 31.965 28.495 27.001 29.885 33.098 34.520 37.068 37.116 36.308 32.609 30.562 27.349 28.712 27.186 30.245 28.396 31.758 33.507 36.433 38.217 37.773 41.617 41.535 39.932 43.124 45.540 47.870 46.464 43.119 42.017 39.483 38.046 37.822 36.186 33.573 33.048 32.473 29.545 28.126 28.413 26.726 23.686 21.989 23.225 26.844 29.424 27.038 26.676 30.138 30.328 34.056 33.475 30.884 33.312 36.713 36.543 33.702 35.321 38.869 41.838 40.902 43.813 46.181 45.168 46.828 49.624 53.080 51.762 53.362 50.348
46.962 46.535 46.081 47.588 45.212 46.706 47.207 43.493 42.645 45.061 43.681 40.014 41.182 43.135 40.043 38.105 35.805 37.176 34.505 32.293 28.790 30.386 31.426 35.165 37.469 37.810 34.132 34.800 38.134 36.645 33.874 36.593 38.806 36.392 34.907 38.280 41.058 41.862 42.721 41.685 42.531 40.235 38.267 36.224 35.093 31.887 31.161 28.617 31.570 30.542 33.023 32.836 35.435 37.620 37.805 34.017 33.282 31.016 29.211 30.149 26.829 25.245 28.033 31.435 33.169 35.646 36.055 35.147 31.362 29.698 26.565 27.572 26.085 28.922 26.923 30.080 32.193 34.937 36.728 35.989 39.799 39.651 37.774 40.899 43.335 45.473 44.135 40.673 39.756 37.378 35.678 35.335 33.973 31.375 30.498 29.995 27.315 25.625 25.613 24.183 21.277 19.150 19.986 23.702 26.189 23.674 23.617 27.026 27.104 30.773 30.080 27.362 29.781 33.176 32.981 30.059 31.585 35.160 38.161 37.340 40.286 42.618 41.726 43.457 46.160 49.670 48.485 50.190 47.263
43.991 43.468 43.163 44.685 42.375 44.077 44.586 40.847 40.168 42.751 41.343 37.716 39.126 41.174 38.087 36.331 33.797 35.267 32.800 30.602 27.244 28.814 29.432 33.130 35.232 35.350 31.595 32.217 35.402 33.752 30.903 33.597 35.675 33.105 31.620 35.017 37.791 38.780 39.581 38.699 39.423 36.974 34.963 32.770 31.635 28.352 27.586 25.199 28.284 27.308 29.763 29.595 32.359 34.611 34.835 31.050 30.133 28.057 26.144 27.241 23.930 22.601 25.528 28.920 30.675 32.919 33.455 32.306 28.488 27.011 24.091 25.051 23.898 26.716 24.939 28.043 30.301 32.768 34.316 33.295 37.076 37.124 35.079 38.040 40.646 42.769 41.661 38.186 37.548 35.104 33.177 33.056 31.960 29.147 28.136 28.031 25.420 23.326 23.444 22.492 19.427 17.105 17.787 21.501 23.609 20.829 20.676 23.907 23.735 27.450 27.022 24.261 26.503 29.991 30.060 27.314 29.039 32.493 35.633 34.774 37.896 40.012 39.025 40.963 43.688 47.199 46.055 47.941 45.156
42.205 41.397 40.962 42.245 39.765 41.506 42.267 38.586 37.758 40.509 39.354 35.676 37.029 39.342 36.451 34.574 31.807 33.017 30.498 28.612 25.237 26.424 26.875 30.468 32.666 32.515 28.783 29.720 32.798 30.918 28.281 31.208 33.056 30.438 29.290 32.845 35.379 36.509 37.580 36.987 37.887 35.279 33.529 31.287 30.498 27.217 26.673 24.687 27.896 26.709 28.814 28.274 31.057 33.059 32.951 29.115 28.404 26.683 25.070 26.677 23.644 22.285 25.012 28.548 30.631 32.725 33.663 32.391 28.557 27.554 24.844 25.389 24.349 26.822 24.932 27.697 30.335 32.531 34.049 32.675 36.356 36.338 33.969 36.794 39.411 41.270 40.268 36.676 36.293 34.081 31.832 31.560 30.851 28.109 26.633 26.640 24.436 22.013 21.686 21.162 18.416 15.530 15.459 19.236 21.113 18.105 18.488 21.536 21.106 24.699 24.139 21.139 23.290 26.795 26.874 24.002 25.539 29.037 32.249 31.608 34.785 36.829 36.045 38.099 40.664 44.250 43.317 45.350 42.702
38.997 38.093 37.804 39.105 36.711 38.660 39.409 35.721 35.085 37.987 36.802 33.199 34.806 37.188 34.329 32.676 29.697 31.017 28.778 26.920 23.799 24.957 24.901 28.396 30.320 29.941 26.154 27.002 29.894 27.866 25.145 28.019 29.726 26.961 25.813 29.383 31.903 33.206 34.221 33.792 34.587 31.841 30.093 27.735 27.023 23.720 23.253 21.511 24.789 23.576 25.541 24.948 27.860 29.881 29.788 25.982 25.107 23.637 21.988 23.825 20.932 19.844 22.592 26.067 28.196 30.023 31.151 29.678 25.872 25.191 22.779 23.137 22.453 24.763 23.122 25.710 28.483 30.333 31.595 29.920 33.519 33.676 31.132 33.762 36.521 38.337 37.574 33.993 33.913 31.673 29.195 29.153 28.757 25.842 24.217 24.673 22.624 19.795 19.604 19.681 16.899 13.908 13.599 17.192 18.531 15.249 15.519 18.290 17.574 21.206 20.948 17.945 19.913 23.500 23.865 21.253 23.079 26.381 29.708 28.972 32.320 34.118 33.196 35.450 38.052 41.608 40.694 42.894 40.403
39.664 38.414 38.120 39.140 36.604 38.708 39.765 36.181 35.460 38.592 37.694 34.111 35.703 38.363 35.746 34.041 30.822 31.830 29.594 28.161 25.114 25.751 25.434 28.685 30.660 29.819 26.116 27.372 29.972 27.537 25.131 28.222 29.463 26.496 25.828 29.530 31.721 33.370 34.595 34.592 35.394 32.393 30.814 28.230 27.704 24.319 23.737 22.570 26.046 24.989 26.722 25.978 29.020 30.874 30.526 26.770 25.933 25.001 23.508 25.704 23.044 22.257 24.896 28.309 30.513 32.022 33.335 31.581 27.853 27.432 25.385 25.681 25.324 27.446 25.936 28.256 31.205 32.750 33.812 31.792 35.235 35.506 32.690 35.038 37.892 39.466 38.946 35.319 35.588 33.538 30.752 30.693 30.731 27.863 25.854 26.535 24.907 21.798 21.254 21.830 19.419 16.114 14.968 18.386 19.202 15.605 16.526 18.724 17.324 20.698 20.568 17.163 18.574 22.285 22.973 20.300 21.742 25.027 28.551 28.257 31.725 33.277 32.673 35.185 37.506 41.152 40.579 43.023 40.778
36.051 34.707 34.446 35.447 32.958 35.173 36.225 32.658 32.053 35.275 34.387 30.879 32.631 35.342 32.803 31.266 27.904 28.964 26.993 25.623 22.863 23.447 22.686 25.805 27.527 26.532 22.815 23.996 26.441 23.931 21.490 24.557 25.707 22.699 22.078 25.801 27.934 29.646 30.907 31.039 31.874 28.816 27.390 24.847 24.599 21.353 21.133 20.258 23.616 22.317 23.699 22.700 25.709 27.423 26.968 23.255 22.443 21.786 20.493 23.005 20.692 19.990 22.397 25.748 28.105 29.429 31.041 29.260 25.628 25.672 23.879 23.764 23.585 25.347 23.947 25.937 29.042 30.258 31.183 28.914 32.218 32.509 29.524 31.711 34.590 36.042 35.670 32.053 32.563 30.600 27.625 27.660 28.007 25.121 22.918 23.924 22.574 19.202 18.647 19.775 17.564 14.267 12.807 15.832 16.097 12.352 13.317 15.161 13.558 16.906 16.918 13.550 14.910 18.642 19.470 17.048 18.823 21.896 25.451 24.994 28.562 29.947 29.196 31.817 34.188 37.786 37.194 39.733 37.605
34.572 32.982 32.388 33.076 30.337 32.404 33.732 30.280 29.366 32.645 32.086 28.529 30.041 32.981 30.713 28.959 25.494 26.173 24.103 23.136 20.420 20.526 19.688 22.638 24.544 23.382 19.767 21.368 23.771 21.151 19.092 22.457 23.458 20.657 20.508 24.334 26.114 27.736 29.414 29.749 30.972 27.966 27.037 24.775 25.117 22.210 22.562 21.997 25.088 23.356 24.158 22.572 25.252 26.461 25.493 21.797 21.556 21.214 20.590 23.539 21.740 20.706 22.554 25.984 28.719 30.070 32.092 30.513 27.002 27.508 25.756 25.097 24.707 25.955 24.267 25.769 29.165 30.217 31.309 28.897 32.010 31.990 28.786 30.915 33.573 34.661 34.221 30.514 31.129 29.567 26.418 26.068 26.738 24.193 21.531 22.392 21.612 18.242 17.007 18.442 16.923 13.358 10.976 13.674 13.714 10.019 11.989 13.552 12.017 14.933 14.335 10.733 12.315 15.864 16.329 13.592 15.106 18.321 21.848 21.579 25.092 26.561 26.066 28.645 30.850 34.518 34.096 36.664 34.603
30.871 29.351 28.925 29.807 27.272 29.511 30.619 27.101 26.504 29.820 29.050 25.609 27.455 30.285 27.947 26.543 22.997 24.006 22.383 21.218 18.934 19.321 17.928 20.801 22.219 21.053 17.343 18.508 20.800 18.244 15.841 19.008 20.108 17.232 16.805 20.605 22.553 24.180 25.695 26.009 27.145 24.124 23.198 20.999 21.495 18.767 19.488 19.061 21.919 19.980 20.514 18.793 21.466 22.687 21.816 18.148 17.751 17.558 17.006 20.125 18.639 17.766 19.434 22.708 25.466 26.634 28.834 27.256 23.874 24.742 23.245 22.274 22.107 23.065 21.625 22.881 26.289 27.028 27.923 25.340 28.354 28.435 25.164 27.171 29.909 31.037 30.753 27.106 27.916 26.277 23.022 22.956 23.823 21.136 18.482 19.813 19.130 15.516 14.629 16.626 15.122 11.965 9.811 11.817 11.119 7.271 8.767 9.931 8.267 11.440 11.227 7.924 9.683 13.265 13.955 11.835 14.189 16.939 20.406 19.629 23.261 24.537 23.595 26.261 28.710 32.248 31.610 34.219 32.212
30.368 29.301 29.047 30.368 28.110 30.272 30.936 27.253 26.913 29.988 28.767 25.326 27.346 29.814 27.103 25.883 22.567 24.099 22.561 20.776 18.440 19.574 18.408 21.603 22.846 22.229 18.401 18.886 21.498 19.455 16.509 19.258 20.945 18.214 16.981 20.585 23.069 24.375 25.466 25.255 26.208 23.393 22.059 19.950 20.023 17.212 17.890 16.795 19.584 17.560 18.527 17.149 19.894 21.543 21.179 17.403 16.657 15.734 14.700 17.435 15.545 14.510 16.526 19.907 22.534 23.966 25.928 24.497 20.959 21.555 19.778 18.909 18.597 19.837 18.416 20.065 23.298 24.311 25.294 22.999 26.279 26.401 23.416 25.735 28.524 30.056 29.591 25.999 26.470 24.440 21.481 21.652 22.013 19.036 16.895 18.203 16.870 13.308 13.155 14.739 12.541 9.735 8.770 11.085 10.992 7.459 7.352 9.537 8.831 12.541 12.514 10.028 12.253 15.593 16.069 14.228 17.001 19.655 22.870 21.568 25.067 26.529 25.143 27.559 30.354 33.751 32.702 35.067 32.808
30.290 29.510 28.957 30.382 28.084 29.843 30.337 26.606 26.046 28.812 27.477 23.898 25.651 27.936 25.059 23.605 20.560 22.203 20.418 18.284 15.667 17.247 16.626 20.142 21.610 21.610 17.787 18.059 21.153 19.674 16.670 19.343 21.587 19.387 17.898 21.333 23.951 24.670 25.817 25.142 26.417 24.028 22.839 21.260 21.448 18.980 20.019 18.417 20.789 18.338 19.247 17.676 19.930 21.410 20.988 17.130 16.872 15.276 14.589 17.103 15.239 13.313 15.015 18.698 21.582 23.564 25.551 24.665 21.102 21.608 19.326 18.141 17.075 18.180 16.143 17.844 21.168 22.610 24.122 22.256 25.658 25.314 22.552 25.308 27.762 29.354 28.418 24.766 24.720 22.732 20.096 19.855 19.731 16.952 14.957 15.613 14.007 10.806 10.489 11.391 9.048 6.033 5.754 8.540 9.622 6.894 6.430 9.811 10.543 14.041 13.208 11.292 14.310 17.166 16.821 14.745 17.528 20.340 23.179 21.558 24.740 26.670 25.175 27.128 30.105 33.447 32.117 34.134 31.548
33.096 32.607 32.111 33.711 31.509 33.122 33.433 29.675 29.121 31.653 30.133 26.551 28.179 30.201 27.118 25.601 22.901 24.680 22.693 20.256 17.358 19.309 19.282 22.969 24.590 24.931 21.156 21.277 24.540 23.300 20.236 22.722 25.169 23.036 21.300 24.577 27.394 27.955 28.874 27.871 28.999 26.788 25.288 23.710 23.431 20.809 21.447 19.285 21.713 19.509 20.984 19.903 22.172 23.955 23.879 20.071 19.621 17.498 16.358 18.194 15.746 13.627 15.772 19.492 22.078 24.401 25.923 25.185 21.477 21.339 18.578 17.887 16.445 18.146 15.955 18.298 21.271 23.257 24.972 23.585 27.203 26.854 24.486 27.497 29.899 31.776 30.617 27.058 26.584 24.352 22.161 21.934 21.187 18.380 16.992 17.181 14.900 12.313 12.436 12.208 9.162 6.576 7.707 10.936 12.835 10.550 9.737 13.320 14.179 17.759 16.982 15.086 18.051 20.977 20.573 18.345 20.920 23.910 26.690 25.079 28.118 30.234 28.734 30.492 33.526 36.836 35.370 37.181 34.401
31.727 31.649 31.171 33.064 31.119 32.534 32.449 28.674 28.298 30.490 28.628 25.159 26.835 28.441 25.118 23.812 21.491 23.687 21.938 19.016 16.376 18.975 19.079 22.789 24.128 24.986 21.337 20.852 24.254 23.585 20.323 22.333 25.213 23.458 21.265 24.170 27.232 27.344 27.987 26.505 27.638 25.838 24.287 23.152 22.827 20.595 21.554 19.007 20.874 18.380 19.830 18.830 20.695 22.528 22.741 19.087 18.682 15.969 14.876 16.212 13.847 11.129 13.047 16.777 19.360 22.063 23.507 23.248 19.647 19.490 16.438 15.414 13.402 15.000 12.519 15.052 17.856 20.147 22.140 21.190 24.874 24.316 22.318 25.599 27.795 29.893 28.475 25.055 24.183 21.766 20.023 19.850 18.574 15.765 15.007 14.951 12.114 10.100 10.989 10.104 6.479 5.498 8.380 10.767 12.970 11.667 9.888 13.619 15.312 18.702 17.879 16.748 19.919 22.446 21.770 19.906 22.750 25.475 27.911 25.848 28.635 30.870 29.014 30.441 33.718 36.811 34.978 36.493 33.529
34.963 35.070 34.733 36.748 34.893 36.299 36.106 32.331 32.019 34.097 32.116 28.707 30.337 31.754 28.330 27.053 24.972 27.213 25.364 22.354 19.599 22.277 22.690 26.441 27.862 28.801 25.163 24.665 28.072 27.411 24.112 26.036 28.918 27.060 24.755 27.584 30.766 30.915 31.344 29.713 30.601 28.854 26.985 25.711 24.911 22.483 22.937 20.006 21.975 19.932 21.932 21.478 23.475 25.612 26.143 22.576 21.878 18.980 17.406 18.096 15.208 12.775 15.158 18.623 20.680 23.506 24.376 24.127 20.466 19.579 16.188 15.935 13.820 16.138 13.886 16.991 19.213 21.888 23.859 23.307 27.098 26.703 25.066 28.403 30.629 32.968 31.498 28.226 27.129 24.503 23.112 23.088 21.435 18.626 18.368 18.135 14.952 13.461 14.599 13.179 9.518 8.977 11.795 14.438 16.797 15.344 13.616 17.264 18.685 22.220 21.594 20.255 23.275 26.007 25.477 23.495 26.201 29.071 31.591 29.627 32.408 34.682 32.858 34.263 37.538 40.628 38.760 40.192 37.156
37.886 37.967 37.848 39.894 38.072 39.663 39.509 35.710 35.499 37.695 35.700 32.316 34.045 35.498 32.064 30.849 28.697 30.905 29.014 26.096 23.265 25.778 26.154 29.906 31.369 32.089 28.372 28.004 31.297 30.375 27.040 29.015 31.700 29.542 27.256 30.148 33.376 33.813 34.098 32.577 33.162 31.226 29.047 27.409 26.170 23.403 23.229 20.177 22.481 21.039 23.525 23.554 25.907 28.350 29.100 25.538 24.453 21.682 19.618 20.031 16.704 14.951 17.846 21.059 22.641 25.245 25.664 25.074 21.345 19.874 16.517 17.140 15.510 18.401 16.683 20.066 21.941 24.599 26.260 25.715 29.556 29.519 27.960 31.154 33.597 36.080 34.796 31.586 30.608 27.816 26.410 26.643 25.030 22.063 21.893 21.880 18.657 17.026 18.244 16.986 13.320 12.491 14.855 17.808 19.964 18.028 16.428 19.894 20.759 24.476 24.197 22.496 25.198 28.241 28.074 26.013 28.610 31.593 34.354 32.603 35.553 37.698 35.963 37.575 40.784 43.948 42.195 43.760 40.798
39.696 40.015 40.163 42.426 40.836 42.517 42.140 38.336 38.383 40.492 38.270 35.038 36.933 38.153 34.598 33.648 31.646 34.075 32.363 29.288 26.626 29.311 29.618 33.338 34.604 35.372 31.667 31.054 34.254 33.406 29.930 31.635 34.343 32.122 29.597 32.278 35.672 36.134 36.074 34.395 34.633 32.784 30.277 28.575 26.877 24.099 23.517 20.178 22.343 21.395 24.298 24.891 27.310 30.066 31.226 27.836 26.379 23.480 20.997 20.769 17.182 15.927 19.083 21.853 22.823 25.340 25.180 24.555 20.945 18.846 15.454 16.845 15.480 18.834 17.671 21.340 22.624 25.354 26.769 26.521 30.366 30.613 29.405 32.536 35.058 37.810 36.611 33.614 32.568 29.517 28.389 28.968 27.149 24.065 24.369 24.515 21.053 19.637 21.324 20.024 16.259 15.944 18.511 21.283 23.278 21.374 19.434 22.702 23.469 27.204 27.267 25.681 28.185 31.270 31.323 29.455 32.164 35.051 37.846 36.008 38.990 41.029 39.135 40.776 44.068 47.148 45.283 46.815 43.856
43.430 43.751 43.930 46.175 44.547 46.234 45.904 42.099 42.093 44.207 42.014 38.759 40.576 41.800 38.247 37.210 35.255 37.597 35.737 32.715 29.907 32.506 32.994 36.751 38.164 38.901 35.175 34.701 37.919 36.976 33.545 35.336 37.973 35.654 33.202 35.927 39.304 39.856 39.782 38.129 38.281 36.392 33.783 31.950 30.057 27.155 26.209 22.882 25.153 24.575 27.662 28.450 30.954 33.783 34.984 31.588 30.071 27.217 24.635 24.273 20.605 19.569 22.761 25.397 26.124 28.572 28.101 27.400 23.886 21.421 18.152 19.993 18.762 22.240 21.187 24.908 25.977 28.798 30.167 30.047 33.877 34.205 33.100 36.208 38.747 41.548 40.342 37.375 36.268 33.202 32.152 32.707 30.809 27.784 28.118 28.149 24.673 23.359 24.916 23.459 19.772 19.298 21.686 24.664 26.770 24.718 22.999 26.266 26.827 30.611 30.697 28.888 31.290 34.515 34.641 32.612 35.146 38.171 41.056 39.378 42.385 44.458 42.682 44.355 47.589 50.729 48.926 50.461 47.477
45.464 45.881 46.318 48.688 47.225 49.067 48.629 44.821 45.032 47.174 44.855 41.710 43.706 44.844 41.239 40.411 38.449 40.917 39.199 36.133 33.439 36.070 36.396 40.115 41.375 42.018 38.273 37.688 40.773 39.765 36.249 37.886 40.428 37.973 35.416 38.017 41.468 42.163 41.837 40.186 40.017 38.098 35.231 33.242 30.983 28.030 26.647 23.288 25.516 25.484 28.851 30.083 32.722 35.787 37.270 34.000 32.154 29.363 26.467 25.752 21.977 21.495 24.863 27.138 27.382 29.557 28.641 27.735 24.406 21.518 18.563 21.017 20.270 23.959 23.425 27.226 27.939 30.629 31.662 31.617 35.386 36.038 35.106 38.049 40.723 43.689 42.664 39.845 38.830 35.590 34.617 35.476 33.585 30.425 30.962 31.239 27.694 26.331 28.145 26.852 23.091 22.736 25.108 28.026 29.900 27.731 25.848 28.894 29.221 33.009 33.430 31.622 33.768 37.072 37.474 35.599 38.202 41.145 44.129 42.453 45.557 47.472 45.612 47.407 50.667 53.774 51.958 53.563 50.648
49.222 49.664 50.125 52.495 51.017 52.853 52.429 48.621 48.799 50.924 48.611 45.455 47.392 48.508 44.895 44.013 42.109 44.530 42.714 39.667 36.883 39.475 39.940 43.687 45.046 45.691 41.938 41.430 44.536 43.487 39.998 41.678 44.189 41.685 39.167 41.779 45.224 45.959 45.610 43.954 43.722 41.804 38.873 36.825 34.441 31.453 29.848 26.541 28.765 28.974 32.427 33.784 36.445 39.551 41.072 37.808 35.936 33.153 30.217 29.400 25.619 25.225 28.573 30.749 30.823 32.953 31.803 30.891 27.700 24.610 21.803 24.463 23.761 27.473 26.987 30.808 31.353 34.112 35.124 35.206 38.945 39.639 38.812 41.744 44.409 47.420 46.375 43.593 42.509 39.257 38.370 39.208 37.233 34.129 34.713 34.889 31.322 30.061 31.804 30.379 26.668 26.260 28.559 31.584 33.552 31.323 29.566 32.626 32.856 36.661 37.083 35.151 37.239 40.617 41.052 39.073 41.555 44.587 47.618 46.042 49.151 51.099 49.313 51.114 54.342 57.484 55.696 57.286 54.340
51.399 51.833 52.503 54.918 53.535 55.540 55.099 51.291 51.620 53.837 51.481 48.388 50.476 51.609 47.989 47.239 45.244 47.711 45.984 42.963 40.235 42.775 43.069 46.779 48.043 48.526 44.745 44.228 47.197 46.010 42.492 44.108 46.465 43.802 41.282 43.839 47.286 48.216 47.714 46.159 45.672 43.655 40.551 38.313 35.677 32.620 30.629 27.462 29.720 30.394 34.002 35.657 38.475 41.736 43.417 40.232 38.107 35.480 32.332 31.381 27.571 27.623 31.103 33.056 32.832 34.652 33.239 32.057 29.037 25.756 23.357 26.374 26.118 29.911 29.788 33.612 34.013 36.585 37.290 37.301 40.965 41.946 41.154 43.899 46.712 49.799 48.959 46.255 45.332 41.979 41.042 42.105 40.240 37.008 37.621 38.036 34.480 33.058 34.913 33.702 29.935 29.465 31.642 34.671 36.415 34.015 32.222 35.074 35.022 38.811 39.514 37.514 39.334 42.796 43.502 41.628 44.120 47.091 50.241 48.736 51.959 53.741 51.940 53.901 57.106 60.252 58.521 60.231 57.383
54.941 55.456 56.085 58.521 57.125 59.043 58.572 54.767 55.038 57.166 54.790 51.689 53.673 54.726 51.083 50.270 48.408 50.854 49.034 45.982 43.186 45.760 46.250 49.997 51.355 51.948 48.179 47.677 50.725 49.605 46.101 47.731 50.155 47.542 45.011 47.555 51.020 51.871 51.364 49.715 49.249 47.323 44.214 42.047 39.385 36.383 34.384 31.188 33.334 34.027 37.642 39.319 42.051 45.298 46.995 43.815 41.755 39.032 35.928 34.867 31.087 31.024 34.410 36.311 36.002 37.914 36.345 35.327 32.424 29.039 26.613 29.647 29.228 32.996 32.801 36.641 36.876 39.592 40.394 40.614 44.261 45.168 44.523 47.338 50.059 53.188 52.235 49.571 48.487 45.144 44.366 45.345 43.316 40.194 40.911 41.135 37.525 36.313 38.122 36.682 32.977 32.580 34.814 37.887 39.809 37.480 35.743 38.696 38.729 42.530 43.127 41.102 42.998 46.465 47.077 45.100 47.512 50.566 53.687 52.202 55.367 57.251 55.483 57.360 60.571 63.724 61.957 63.575 60.646
57.959 58.332 58.996 61.343 59.870 61.884 61.549 57.735 57.962 60.221 57.942 54.786 56.774 57.971 54.372 53.482 51.487 53.823 51.912 48.984 46.087 48.492 48.962 52.706 54.158 54.575 50.772 50.452 53.449 52.129 48.691 50.451 52.711 49.946 47.565 50.210 53.596 54.638 54.191 52.713 52.198 50.108 46.972 44.611 41.899 38.754 36.519 33.534 35.875 36.773 40.421 42.128 45.018 48.289 49.928 46.695 44.579 42.022 38.870 37.953 34.138 34.223 37.699 39.654 39.362 41.122 39.560 38.317 35.412 32.044 29.810 32.921 32.679 36.469 36.297 40.129 40.480 43.117 43.825 43.882 47.526 48.537 47.761 50.490 53.319 56.404 55.554 52.827 51.870 48.544 47.608 48.589 46.693 43.517 44.059 44.350 40.814 39.421 41.089 39.762 36.065 35.393 37.374 40.590 42.443 39.903 38.371 41.248 41.010 44.816 45.488 43.251 44.963 48.542 49.303 47.244 49.502 52.613 55.853 54.566 57.816 59.632 58.005 60.016 63.129 66.365 64.745 66.486 63.619
58.672 59.093 59.992 62.429 61.121 63.296 62.871 59.072 59.515 61.825 59.449 56.405 58.590 59.743 56.120 55.442 53.386 55.844 54.115 51.151 48.395 50.834 51.070 54.758 56.019 56.323 52.514 52.075 54.914 53.540 50.041 51.642 53.790 50.932 48.482 50.990 54.398 55.574 54.918 53.492 52.708 50.587 47.295 44.831 41.899 38.793 36.293 33.432 35.674 36.955 40.697 42.692 45.663 49.075 50.915 47.816 45.449 43.012 39.676 38.575 34.794 35.280 38.834 40.523 39.928 41.386 39.588 38.145 35.458 31.979 30.134 33.496 33.654 37.479 37.685 41.501 41.680 44.104 44.496 44.510 48.046 49.336 48.638 51.169 54.116 57.289 56.650 54.047 53.247 49.805 48.864 50.112 48.311 45.005 45.648 46.211 42.663 41.150 43.028 41.926 38.149 37.558 39.546 42.661 44.259 41.652 39.956 42.608 42.199 45.949 46.917 44.750 46.235 49.817 50.822 48.968 51.341 54.311 57.615 56.293 59.633 61.262 59.532 61.669 64.805 67.989 66.364 68.198 65.435
55.581 56.158 57.131 59.692 58.533 60.690 60.096 56.315 56.900 59.110 56.601 53.665 55.938 56.938 53.270 52.767 50.802 53.418 51.864 48.777 46.189 48.795 48.930 52.589 53.667 54.081 50.307 49.640 52.451 51.242 47.654 49.054 51.307 48.552 45.927 48.274 51.770 52.821 52.013 50.451 49.589 47.608 44.270 41.943 38.955 36.000 33.606 30.583 32.593 33.861 37.622 39.727 42.588 46.044 48.032 45.047 42.613 40.079 36.700 35.378 31.642 32.198 35.706 37.214 36.456 37.907 35.993 34.658 32.067 28.509 26.679 30.102 30.311 34.130 34.511 38.316 38.312 40.692 41.013 41.150 44.640 45.965 45.421 47.938 50.841 54.093 53.458 50.973 50.135 46.627 45.825 47.201 45.331 42.015 42.862 43.502 39.892 38.482 40.589 39.505 35.693 35.390 37.605 40.530 42.062 39.622 37.657 40.267 40.037 43.753 44.787 42.859 44.415 47.889 48.862 47.185 49.758 52.606 55.823 54.294 57.592 59.198 57.285 59.351 62.589 65.668 63.902 65.663 62.894
53.018 53.559 54.707 57.297 56.256 58.570 57.946 54.189 54.949 57.249 54.709 51.864 54.323 55.353 51.710 51.386 49.295 51.983 50.618 47.557 45.125 47.704 47.550 51.121 52.005 52.263 48.501 47.752 50.386 49.101 45.487 46.764 48.881 46.045 43.398 45.651 49.130 50.322 49.387 47.940 46.893 44.829 41.405 38.964 35.859 32.901 30.335 27.438 29.451 30.980 34.778 37.052 40.017 43.556 45.651 42.770 40.136 37.778 34.269 32.917 29.220 30.148 33.738 35.090 34.201 35.360 33.420 31.812 29.296 25.764 24.276 27.833 28.458 32.270 32.956 36.694 36.708 38.815 38.849 38.787 42.199 43.758 43.149 45.468 48.507 51.766 51.355 48.928 48.321 44.757 43.830 45.431 43.761 40.308 41.131 42.081 38.542 36.914 39.162 38.403 34.546 34.243 36.387 39.181 40.403 37.894 35.803 38.158 37.755 41.392 42.690 40.846 42.187 45.633 46.823 45.366 48.053 50.732 53.989 52.431 55.809 57.215 55.221 57.418 60.651 63.681 61.946 63.825 61.193
50.454 51.159 52.232 54.912 53.928 56.105 55.343 51.592 52.364 54.506 51.869 49.068 51.489 52.359 48.667 48.397 46.471 49.260 47.961 44.773 42.432 45.183 45.099 48.680 49.498 49.972 46.251 45.323 48.042 46.989 43.314 44.470 46.793 44.143 41.336 43.494 47.066 48.017 47.042 45.382 44.423 42.557 39.175 36.976 33.947 31.154 28.905 25.716 27.489 28.732 32.501 34.720 37.490 40.996 43.139 40.297 37.759 35.179 31.737 30.209 26.532 27.254 30.738 32.043 31.136 32.520 30.558 29.254 26.713 23.114 21.336 24.832 25.219 29.026 29.671 33.432 33.303 35.536 35.713 35.872 39.311 40.720 40.269 42.724 45.625 48.936 48.370 46.000 45.216 41.637 40.906 42.472 40.626 37.252 38.275 39.109 35.485 34.089 36.471 35.550 31.706 31.708 34.121 36.766 38.105 35.845 33.556 36.029 35.959 39.597 40.758 39.134 40.713 44.034 45.015 43.606 46.422 49.069 52.184 50.427 53.692 55.209 53.087 55.112 58.445 61.395 59.501 61.225 58.503
48.124 48.731 49.600 52.185 51.045 53.123 52.464 48.685 49.284 51.435 48.895 45.979 48.278 49.240 45.569 45.129 43.179 45.877 44.457 41.303 38.861 41.579 41.602 45.227 46.173 46.696 42.961 42.132 44.968 43.927 40.288 41.596 43.997 41.400 38.657 40.968 44.516 45.388 44.622 42.962 42.260 40.363 37.133 34.987 32.195 29.317 27.342 24.038 26.002 26.822 30.501 32.412 35.165 38.549 40.488 37.496 35.161 32.501 29.201 27.924 24.164 24.528 28.020 29.649 29.116 30.775 29.165 27.972 25.106 21.691 19.463 22.691 22.737 26.562 26.854 30.657 30.806 33.192 33.644 33.720 37.297 38.467 37.845 40.470 43.316 46.523 45.811 43.284 42.434 38.948 38.125 39.481 37.626 34.295 35.166 35.849 32.240 30.832 33.062 32.049 28.213 28.116 30.524 33.243 34.730 32.491 30.302 32.952 33.006 36.707 37.648 35.971 37.732 41.054 41.858 40.313 43.080 45.815 48.892 47.150 50.371 52.011 49.962 51.920 55.236 58.238 56.367 58.060 55.277
47.201 47.991 48.697 51.346 50.220 52.072 51.285 47.521 48.046 49.977 47.360 44.461 46.617 47.387 43.665 43.195 41.499 44.259 42.823 39.532 37.123 40.032 40.277 43.933 44.897 45.721 42.051 41.077 44.067 43.313 39.655 40.882 43.540 41.195 38.328 40.559 44.175 44.728 43.984 42.061 41.545 39.912 36.803 34.990 32.374 29.725 28.185 24.640 26.295 26.675 30.221 31.957 34.410 37.677 39.597 36.626 34.520 31.569 28.463 27.035 23.362 23.263 26.523 28.167 27.703 29.741 28.152 27.449 24.593 21.207 18.531 21.489 20.991 24.749 24.800 28.632 28.611 31.276 32.042 32.461 36.067 36.943 36.530 39.375 41.984 45.222 44.240 41.761 40.606 37.156 36.615 37.809 35.664 32.518 33.619 34.001 30.280 29.273 31.557 30.190 26.426 26.692 29.421 32.008 33.769 31.867 29.556 32.424 32.916 36.600 37.263 35.797 37.879 41.049 41.530 39.948 42.768 45.526 48.416 46.494 49.541 51.378 49.246 50.953 54.359 57.288 55.246 56.716 53.783
44.289 45.075 45.603 48.215 47.021 48.740 47.959 44.197 44.617 46.478 43.890 40.947 43.008 43.768 40.050 39.502 37.865 40.613 39.157 35.832 33.434 36.406 36.727 40.391 41.381 42.336 38.703 37.695 40.780 40.160 36.522 37.770 40.562 38.373 35.497 37.755 41.365 41.743 41.129 39.126 38.843 37.296 34.361 32.738 30.390 27.834 26.712 23.070 24.673 24.553 27.914 29.347 31.646 34.763 36.539 33.513 31.627 28.541 25.637 24.347 20.719 20.183 23.324 25.189 25.048 27.383 26.125 25.667 22.619 19.510 16.402 18.927 17.980 21.672 21.391 25.231 25.386 28.200 29.245 29.681 33.362 33.978 33.499 36.507 38.995 42.154 41.011 38.454 37.189 33.819 33.296 34.318 32.105 29.039 30.122 30.348 26.614 25.726 27.974 26.479 22.748 23.153 26.030 28.524 30.416 28.709 26.363 29.374 30.144 33.806 34.245 32.905 35.206 38.258 38.512 36.904 39.755 42.508 45.274 43.260 46.205 48.154 46.005 47.580 51.012 53.919 51.822 53.203 50.206
45.410 46.141 46.363 48.842 47.443 48.927 48.262 44.507 44.626 46.386 43.935 40.857 42.612 43.403 39.725 38.866 37.366 39.931 38.204 34.917 32.302 35.247 35.957 39.696 40.966 42.099 38.498 37.664 40.956 40.423 36.907 38.361 41.275 39.232 36.491 38.896 42.428 42.629 42.288 40.230 40.293 38.820 36.130 34.663 32.623 30.084 29.256 25.645 27.313 26.769 29.900 30.930 33.058 35.927 37.413 34.250 32.752 29.549 26.989 25.978 22.459 21.308 24.188 26.381 26.653 29.335 28.374 28.209 25.057 22.227 18.823 20.822 19.247 22.711 21.800 25.583 25.943 29.063 30.560 31.104 34.838 35.056 34.521 37.756 40.031 43.049 41.615 38.931 37.415 34.245 33.785 34.393 32.010 29.207 30.162 29.917 26.208 25.594 27.488 25.567 22.000 22.326 25.219 27.852 30.160 28.593 26.534 29.844 30.842 34.523 34.543 33.110 35.689 38.710 38.632 36.740 39.398 42.336 45.001 43.051 45.853 48.056 46.064 47.450 50.838 53.802 51.714 52.949 49.806
43.917 44.811 44.855 47.368 46.005 47.242 46.446 42.752 42.800 44.310 41.805 38.784 40.375 40.956 37.264 36.390 35.182 37.795 36.106 32.702 30.202 33.333 34.239 37.942 39.179 40.620 37.152 36.149 39.542 39.335 35.858 37.182 40.316 38.580 35.761 38.027 41.562 41.427 41.122 38.836 39.111 37.929 35.440 34.349 32.569 30.335 29.973 26.294 27.615 26.619 29.466 30.244 31.993 34.650 36.066 32.993 31.787 28.371 26.137 25.055 21.820 20.158 22.602 24.787 25.221 28.237 27.437 27.761 24.711 22.151 18.508 19.945 17.770 20.917 19.654 23.321 23.559 26.918 28.766 29.618 33.300 33.169 32.827 36.237 38.223 41.207 39.507 36.895 35.084 32.020 31.855 32.258 29.609 27.078 28.255 27.675 23.927 23.811 25.723 23.449 20.093 20.908 24.103 26.439 28.963 27.850 25.692 29.109 30.562 34.105 33.846 32.717 35.561 38.333 37.926 36.078 38.779 41.650 44.066 41.925 44.502 46.868 44.789 45.896 49.351 52.198 49.943 50.941 47.676
44.084 44.871 44.590 46.923 45.349 46.344 45.697 42.044 41.772 43.190 40.875 37.732 38.994 39.642 36.047 34.841 33.753 36.133 34.186 30.874 28.189 31.245 32.522 36.248 37.751 39.347 35.958 35.148 38.703 38.583 35.285 36.805 40.013 38.453 35.822 38.214 41.612 41.311 41.313 39.036 39.681 38.555 36.368 35.433 34.016 31.824 31.776 28.212 29.606 28.201 30.743 31.066 32.631 34.974 36.035 32.859 32.084 28.649 26.837 26.137 23.110 20.908 23.002 25.515 26.440 29.696 29.304 29.821 26.680 24.508 20.734 21.593 18.958 21.711 19.800 23.241 23.821 27.354 29.614 30.448 34.127 33.595 33.116 36.691 38.458 41.225 39.269 36.520 34.523 31.740 31.570 31.517 28.793 26.579 27.529 26.479 22.879 23.021 24.479 21.826 18.778 19.492 22.617 24.991 27.879 26.968 25.150 28.773 30.444 33.920 33.234 32.067 35.151 37.821 37.072 34.988 37.478 40.474 42.744 40.674 43.075 45.671 43.764 44.675 48.053 50.938 48.718 49.580 46.202
46.801 47.714 47.302 49.629 48.054 48.827 48.118 44.545 44.156 45.345 43.042 39.955 40.976 41.439 37.890 36.592 35.822 38.119 36.092 32.788 30.124 33.199 34.791 38.469 40.063 41.884 38.623 37.801 41.428 41.499 38.294 39.774 43.085 41.702 39.079 41.393 44.764 44.261 44.291 41.868 42.621 41.697 39.605 38.856 37.498 35.437 35.468 31.867 33.103 31.644 34.099 34.369 35.711 37.921 38.937 35.848 35.263 31.741 30.112 29.305 26.446 24.104 25.895 28.269 29.136 32.522 32.036 32.838 29.867 27.668 23.902 24.673 21.844 24.353 22.324 25.565 25.894 29.576 32.033 33.175 36.751 36.001 35.752 39.408 40.931 43.672 41.498 38.859 36.588 33.946 34.071 33.813 30.865 28.983 30.083 28.683 25.165 25.742 27.058 24.086 21.389 22.283 25.402 27.651 30.742 30.073 28.360 32.028 33.872 37.270 36.387 35.296 38.498 41.067 40.107 37.946 40.314 43.347 45.460 43.372 45.579 48.336 46.468 47.153 50.518 53.335 51.035 51.674 48.183
50.560 51.507 51.104 53.430 51.840 52.584 51.884 48.324 47.896 49.046 46.759 43.680 44.621 45.046 41.523 40.177 39.486 41.713 39.599 36.352 33.628 36.625 38.352 42.034 43.719 45.551 42.293 41.545 45.189 45.229 42.044 43.567 46.859 45.432 42.829 45.164 48.543 48.065 48.076 45.638 46.340 45.419 43.257 42.448 40.964 38.835 38.677 35.042 36.321 35.057 37.636 38.032 39.420 41.681 42.736 39.648 39.021 35.503 33.794 32.891 29.959 27.759 29.612 31.887 32.581 35.920 35.220 36.010 33.110 30.696 27.002 28.034 25.327 27.910 26.009 29.247 29.407 33.106 35.515 36.767 40.318 39.609 39.462 43.105 44.611 47.388 45.186 42.598 40.264 37.632 37.838 37.567 34.568 32.747 33.877 32.417 28.927 29.541 30.791 27.770 25.135 25.907 28.905 31.264 34.409 33.654 32.039 35.725 37.471 40.918 40.041 38.829 41.999 44.648 43.708 41.446 43.707 46.827 48.971 46.971 49.164 51.967 50.169 50.837 54.167 57.005 54.724 55.319 51.796
52.208 52.921 52.522 54.721 52.960 53.843 53.372 49.747 49.215 50.603 48.472 45.238 46.195 46.906 43.425 41.910 40.936 42.996 40.684 37.604 34.631 37.386 39.105 42.860 44.743 46.325 42.948 42.491 46.138 45.874 42.729 44.514 47.634 45.974 43.544 46.112 49.432 49.215 49.364 47.155 47.845 46.641 44.421 43.315 41.769 39.353 38.937 35.403 37.049 35.959 38.677 39.078 40.764 43.100 44.046 40.776 40.072 36.717 34.875 34.222 31.066 29.021 31.182 33.687 34.486 37.689 37.044 37.474 34.373 31.875 28.224 29.490 27.024 29.837 27.936 31.299 31.772 35.382 37.674 38.610 42.274 41.713 41.279 44.871 46.589 49.310 47.244 44.472 42.349 39.710 39.585 39.301 36.530 34.527 35.320 33.980 30.546 30.752 31.783 28.928 26.157 26.382 29.058 31.777 34.911 33.784 32.444 36.167 37.587 41.156 40.318 38.757 41.806 44.665 43.870 41.409 43.497 46.780 49.117 47.369 49.716 52.484 50.882 51.750 54.970 57.974 55.897 56.689 53.228
48.939 49.533 49.179 51.348 49.563 50.576 50.171 46.501 46.014 47.561 45.452 42.166 43.260 44.123 40.626 39.140 37.941 40.032 37.761 34.687 31.686 34.423 35.940 39.726 41.561 42.995 39.543 39.115 42.720 42.334 39.155 40.989 44.038 42.286 39.887 42.522 45.828 45.729 45.910 43.820 44.497 43.156 40.938 39.732 38.229 35.741 35.348 31.876 33.645 32.503 35.204 35.548 37.355 39.719 40.629 37.292 36.528 33.254 31.368 30.878 27.661 25.637 27.937 30.591 31.533 34.670 34.199 34.449 31.206 28.833 25.162 26.367 23.980 26.872 24.956 28.393 29.121 32.627 34.839 35.525 39.252 38.779 38.139 41.684 43.543 46.232 44.296 41.422 39.489 36.803 36.448 36.243 33.645 31.457 32.090 30.944 27.497 27.420 28.474 25.814 22.860 22.927 25.582 28.380 31.404 30.142 28.780 32.483 33.813 37.411 36.653 35.050 38.048 40.948 40.253 37.835 39.999 43.254 45.676 43.936 46.399 49.069 47.451 48.457 51.679 54.728 52.714 53.656 50.274
47.099 47.536 46.943 48.935 46.975 47.853 47.611 43.976 43.257 44.805 42.887 39.501 40.393 41.397 38.011 36.282 35.058 36.943 34.503 31.559 28.426 31.035 32.733 36.511 38.524 39.991 36.599 36.350 40.027 39.656 36.638 38.636 41.683 40.050 37.837 40.580 43.741 43.564 44.011 42.009 42.974 41.618 39.664 38.553 37.386 34.935 34.845 31.519 33.362 31.859 34.273 34.218 35.918 38.020 38.616 35.196 34.756 31.553 30.005 29.903 26.867 24.481 26.547 29.490 30.874 34.123 34.077 34.381 31.020 29.046 25.297 26.009 23.377 25.969 23.616 26.839 27.974 31.481 33.927 34.440 38.163 37.431 36.566 40.181 41.929 44.401 42.353 39.335 37.391 34.938 34.443 33.918 31.414 29.404 29.742 28.353 25.105 25.057 25.722 22.935 20.226 20.088 22.585 25.398 28.608 27.473 26.400 30.195 31.654 35.160 34.096 32.478 35.625 38.417 37.486 34.928 36.942 40.250 42.566 40.894 43.249 46.039 44.563 45.471 48.610 51.694 49.754 50.662 47.255
43.830 44.143 43.605 45.573 43.600 44.627 44.444 40.763 40.111 41.833 39.930 36.500 37.563 38.727 35.330 33.659 32.177 34.113 31.750 28.807 25.672 28.268 29.694 33.502 35.434 36.733 33.255 33.017 36.641 36.142 33.075 35.116 38.090 36.362 34.173 36.981 40.128 40.076 40.551 38.680 39.630 38.132 36.192 34.989 33.894 31.390 31.367 28.139 30.092 28.503 30.857 30.714 32.533 34.652 35.205 31.719 31.216 28.114 26.541 26.652 23.594 21.221 23.413 26.519 28.075 31.222 31.394 31.509 28.026 26.259 22.550 23.115 20.602 23.212 20.849 24.104 25.542 28.879 31.215 31.436 35.203 34.569 33.474 37.021 38.917 41.346 39.453 36.335 34.619 32.122 31.363 30.937 28.654 26.433 26.576 25.437 22.193 21.786 22.482 19.963 17.022 16.673 19.168 22.069 25.134 23.851 22.732 26.507 27.887 31.421 30.448 28.805 31.909 34.735 33.916 31.428 33.562 36.820 39.229 37.541 40.030 42.700 41.184 42.248 45.400 48.524 46.641 47.715 44.403
42.513 42.572 41.787 43.508 41.304 42.237 42.308 38.667 37.738 39.547 37.917 34.354 35.211 36.631 33.403 31.436 29.811 31.445 28.852 26.147 22.800 25.127 26.707 30.514 32.691 33.915 30.473 30.545 34.218 33.625 30.774 33.075 35.958 34.297 32.400 35.378 38.314 38.268 39.075 37.402 38.647 37.054 35.413 34.237 33.514 31.011 31.249 28.292 30.385 28.493 30.515 29.929 31.696 33.516 33.674 30.077 29.921 27.023 25.831 26.470 23.644 21.013 22.960 26.368 28.391 31.528 32.157 32.217 28.642 27.326 23.694 23.786 21.209 23.447 20.713 23.637 25.588 28.785 31.265 31.186 34.910 34.065 32.644 36.186 38.015 40.164 38.227 34.927 33.314 31.105 30.073 29.303 27.271 25.218 24.875 23.552 20.654 20.090 20.199 17.695 15.082 14.172 16.250 19.293 22.530 21.264 20.630 24.462 25.859 29.283 27.980 26.213 29.428 32.177 31.147 28.449 30.360 33.716 36.072 34.542 36.968 39.738 38.440 39.473 42.491 45.699 43.972 45.085 41.792
39.328 39.204 38.399 40.029 37.760 38.805 38.993 35.329 34.398 36.390 34.851 31.229 32.201 33.835 30.665 28.701 26.781 28.383 25.840 23.216 19.850 22.078 23.376 27.200 29.336 30.375 26.863 27.019 30.645 29.915 27.079 29.487 32.276 30.565 28.779 31.852 34.703 34.761 35.691 34.202 35.524 33.792 32.284 31.063 30.561 28.064 28.496 25.770 27.945 25.863 27.656 26.819 28.644 30.354 30.340 26.666 26.581 23.875 22.834 23.868 21.196 18.525 20.424 24.024 26.339 29.329 30.307 30.202 26.561 25.644 22.181 21.927 19.511 21.528 18.735 21.465 23.835 26.750 29.134 28.690 32.389 31.569 29.843 33.290 35.214 37.223 35.431 32.008 30.659 28.522 27.158 26.386 24.683 22.505 21.797 20.699 17.987 16.974 16.894 14.762 12.068 10.638 12.544 15.724 18.847 17.454 16.935 20.757 22.114 25.508 24.178 22.384 25.616 28.347 27.346 24.680 26.684 29.998 32.416 30.883 33.421 36.096 34.799 35.967 38.970 42.226 40.583 41.861 38.674
39.155 38.702 37.641 38.939 36.387 37.356 37.895 34.311 33.048 35.182 34.019 30.273 30.994 32.972 30.071 27.773 25.645 26.790 23.954 21.766 18.154 19.843 21.290 25.064 27.536 28.373 24.918 25.564 29.175 28.238 25.736 28.491 31.063 29.382 28.035 31.307 33.849 33.993 35.313 34.128 35.730 33.857 32.679 31.433 31.305 28.799 29.405 27.060 29.393 27.144 28.589 27.329 29.126 30.495 30.021 26.268 26.551 24.220 23.590 25.178 22.793 20.081 21.706 25.470 28.143 31.000 32.357 32.133 28.477 27.946 24.682 24.115 21.821 23.465 20.502 22.788 25.578 28.241 30.660 29.882 33.465 32.493 30.422 33.763 35.628 37.297 35.527 31.940 30.788 29.012 27.320 26.194 24.894 22.944 21.622 20.408 18.287 17.017 16.107 14.259 12.240 9.866 10.660 14.082 17.288 15.799 16.113 19.835 21.036 24.239 22.536 20.480 23.749 26.417 25.216 22.233 23.857 27.337 29.744 28.513 31.008 33.767 32.808 33.995 36.777 40.158 38.771 40.141 37.030
35.581 35.007 33.960 35.229 32.680 33.773 34.343 30.733 29.548 31.838 30.692 26.935 27.847 29.970 27.104 24.921 22.510 23.724 21.075 18.900 15.411 17.089 18.077 21.865 24.167 24.854 21.310 21.921 25.477 24.471 21.922 24.708 27.238 25.557 24.251 27.554 30.040 30.232 31.619 30.569 32.228 30.282 29.254 28.049 28.172 25.789 26.681 24.585 26.846 24.384 25.519 23.997 25.767 27.000 26.389 22.606 22.972 20.839 20.430 22.372 20.279 17.573 19.008 22.839 25.740 28.418 30.097 29.785 26.176 26.083 23.068 22.111 20.017 21.322 18.411 20.385 23.490 25.807 28.092 26.999 30.494 29.547 27.233 30.453 32.380 33.929 32.311 28.656 27.772 26.058 24.080 23.004 22.052 19.992 18.341 17.440 15.571 13.829 12.747 11.486 9.513 6.484 6.938 10.498 13.530 11.984 12.355 16.045 17.330 20.460 18.730 16.791 20.148 22.726 21.532 18.695 20.598 23.942 26.384 25.006 27.628 30.261 29.181 30.494 33.336 36.717 35.335 36.850 33.845
36.824 35.910 34.589 35.460 32.602 33.577 34.557 31.094 29.517 31.922 31.234 27.401 27.962 30.428 27.920 25.376 22.828 23.427 20.427 18.892 15.208 16.047 17.275 20.899 23.636 24.056 20.662 21.924 25.387 24.128 22.073 25.225 27.433 25.802 25.056 28.518 30.610 30.907 32.702 31.992 33.904 31.842 31.146 29.908 30.349 27.963 28.916 27.187 29.590 27.098 27.952 26.111 27.830 28.710 27.637 23.866 24.604 22.916 22.880 25.215 23.366 20.743 21.936 25.778 28.873 31.413 33.325 32.915 29.335 29.458 26.603 25.535 23.555 24.619 21.648 23.243 26.559 28.678 30.974 29.655 32.990 31.914 29.347 32.414 34.241 35.432 33.837 30.084 29.379 28.068 25.853 24.418 23.860 22.134 19.962 18.916 17.734 15.932 14.010 13.105 12.087 8.656 7.351 10.820 13.735 12.125 13.623 16.932 17.903 20.697 18.554 16.264 19.541 22.014 20.592 17.322 18.584 22.174 24.598 23.686 26.215 28.950 28.349 29.664 32.182 35.703 34.655 36.251 33.350
39.630 38.635 37.518 38.392 35.535 36.734 37.795 34.296 32.829 35.394 34.700 30.879 31.584 34.105 31.567 29.116 26.468 27.074 24.105 22.653 19.003 19.697 20.755 24.302 27.021 27.134 23.664 25.059 28.369 26.773 24.671 27.908 29.885 27.890 27.198 30.794 32.922 33.559 35.255 34.687 36.344 34.038 33.069 31.452 31.569 28.832 29.299 27.565 30.323 28.229 29.457 27.949 30.052 31.234 30.348 26.512 26.856 25.247 24.751 26.971 24.724 22.468 24.174 27.995 30.836 33.247 34.897 34.180 30.469 30.246 27.402 26.844 25.127 26.659 23.954 25.931 29.097 31.268 33.355 31.968 35.424 34.653 32.073 35.055 37.132 38.457 37.048 33.298 32.725 31.203 28.910 27.757 27.213 25.206 23.138 22.385 20.950 18.908 17.350 16.586 15.044 11.609 10.473 14.160 16.680 14.417 15.874 19.079 19.420 22.461 20.731 17.952 20.811 23.693 22.746 19.393 20.451 24.166 26.907 26.330 29.064 31.597 31.146 32.731 35.126 38.735 37.869 39.642 36.859
37.734 36.901 36.122 37.296 34.699 36.174 36.963 33.327 32.274 34.912 33.874 30.132 31.282 33.643 30.856 28.804 26.059 27.156 24.571 22.717 19.307 20.495 21.043 24.689 26.974 27.056 23.379 24.327 27.587 25.978 23.448 26.452 28.526 26.304 25.224 28.769 31.190 31.949 33.298 32.627 33.967 31.585 30.294 28.519 28.340 25.487 25.787 23.901 26.706 24.769 26.250 25.051 27.386 28.922 28.421 24.559 24.437 22.690 21.767 23.799 21.318 19.309 21.379 25.134 27.759 30.059 31.543 30.671 26.916 26.572 23.786 23.422 21.947 23.738 21.350 23.607 26.639 28.748 30.592 29.168 32.726 32.255 29.745 32.692 35.007 36.604 35.377 31.695 31.225 29.340 27.039 26.353 25.748 23.319 21.522 21.237 19.393 17.039 16.175 15.659 13.380 10.093 9.670 13.488 15.702 13.094 13.793 17.109 17.357 20.748 19.550 16.864 19.643 22.767 22.237 19.271 20.956 24.457 27.383 26.474 29.460 31.751 30.903 32.690 35.330 38.870 37.816 39.692 36.945
40.798 40.166 39.463 40.780 38.265 39.677 40.327 36.661 35.652 38.142 36.957 33.231 34.331 36.493 33.567 31.515 29.013 30.225 27.560 25.513 22.015 23.439 24.313 28.026 30.354 30.641 26.985 27.787 31.135 29.662 27.034 29.905 32.110 29.884 28.605 32.063 34.646 35.337 36.504 35.621 36.822 34.534 33.001 31.191 30.667 27.704 27.682 25.457 28.287 26.604 28.468 27.627 30.004 31.772 31.531 27.690 27.388 25.339 24.104 25.685 22.859 20.864 23.190 26.871 29.209 31.682 32.780 31.982 28.181 27.337 24.302 24.389 22.757 24.950 22.582 25.225 27.922 30.367 32.292 31.198 34.881 34.453 32.222 35.310 37.617 39.429 38.080 34.476 33.741 31.675 29.671 29.051 28.055 25.603 24.216 23.716 21.477 19.502 18.979 17.894 15.325 12.582 12.908 16.683 19.170 16.734 17.055 20.509 20.828 24.332 23.257 20.629 23.351 26.534 26.037 23.071 24.684 28.227 31.117 30.199 33.106 35.484 34.605 36.289 38.974 42.486 41.337 43.081 40.212
41.552 41.259 40.682 42.277 39.980 41.325 41.657 37.941 37.120 39.387 37.897 34.257 35.432 37.255 34.108 32.231 30.025 31.571 29.036 26.602 23.206 25.125 26.132 29.931 32.079 32.702 29.048 29.427 32.882 31.723 28.851 31.413 33.904 31.783 30.108 33.356 36.204 36.684 37.551 36.317 37.362 35.297 33.529 31.854 31.035 28.150 28.035 25.388 27.995 26.404 28.555 28.044 30.327 32.321 32.435 28.677 28.190 25.728 24.235 25.276 22.229 20.152 22.608 26.142 28.185 30.871 31.613 31.039 27.275 26.038 22.740 23.097 21.230 23.708 21.388 24.367 26.665 29.415 31.425 30.738 34.513 34.097 32.235 35.489 37.738 39.826 38.334 34.878 33.839 31.533 29.915 29.454 28.007 25.505 24.671 24.039 21.332 19.785 19.820 18.240 15.301 13.371 14.691 18.242 20.935 18.835 18.476 22.109 22.779 26.387 25.454 23.173 26.011 29.129 28.601 25.849 27.736 31.166 33.936 32.709 35.530 37.975 36.819 38.342 41.230 44.618 43.196 44.749 41.729
44.915 44.764 44.229 45.905 43.656 44.940 45.187 41.472 40.661 42.808 41.240 37.631 38.733 40.405 37.195 35.313 33.311 34.889 32.295 29.788 26.368 28.370 29.603 33.413 35.609 36.359 32.739 33.063 36.561 35.483 32.586 35.075 37.629 35.514 33.747 36.929 39.857 40.288 41.041 39.669 40.617 38.637 36.720 35.038 33.983 31.060 30.702 27.861 30.428 29.074 31.466 31.214 33.490 35.614 35.892 32.181 31.599 28.979 27.317 28.008 24.794 22.800 25.346 28.721 30.484 33.263 33.662 33.173 29.460 27.820 24.406 25.150 23.208 25.926 23.695 26.872 28.825 31.801 33.852 33.452 37.264 36.875 35.255 38.580 40.790 43.015 41.430 38.062 36.826 34.429 33.060 32.626 30.918 28.473 27.926 27.132 24.245 23.018 23.210 21.317 18.377 16.822 18.339 21.821 24.634 22.621 22.162 25.812 26.489 30.130 29.245 26.963 29.758 32.913 32.393 29.604 31.399 34.878 37.626 36.427 39.184 41.697 40.552 41.995 44.893 48.263 46.789 48.235 45.132
46.802 46.909 46.516 48.399 46.332 47.598 47.612 43.880 43.239 45.230 43.439 39.933 41.109 42.517 39.167 37.463 35.685 37.488 35.021 32.289 29.001 31.278 32.553 36.378 38.426 39.359 35.750 35.799 39.317 38.416 35.367 37.623 40.322 38.243 36.219 39.227 42.330 42.658 43.153 41.549 42.310 40.488 38.361 36.742 35.403 32.539 32.009 28.902 31.274 30.139 32.778 32.865 35.088 37.407 37.987 34.385 33.610 30.757 28.864 29.074 25.721 23.847 26.478 29.592 30.977 33.831 33.828 33.483 29.890 27.849 24.344 25.456 23.468 26.421 24.407 27.803 29.299 32.459 34.481 34.429 38.259 37.953 36.669 40.050 42.230 44.679 43.034 39.832 38.399 35.814 34.763 34.510 32.498 30.029 29.925 29.106 25.939 25.024 25.626 23.508 20.418 19.436 21.404 24.702 27.534 25.677 24.826 28.482 29.286 32.977 32.255 30.157 32.946 36.091 35.622 32.982 34.933 38.339 41.045 39.677 42.400 44.919 43.595 44.961 47.981 51.262 49.615 50.941 47.759
49.959 50.115 49.576 51.407 49.269 50.347 50.383 46.700 45.892 47.735 46.011 42.491 43.423 44.756 41.456 39.584 38.023 39.685 37.052 34.379 31.012 33.234 34.851 38.658 40.880 41.973 38.458 38.590 42.198 41.407 38.468 40.769 43.535 41.580 39.613 42.616 45.678 45.869 46.448 44.758 45.642 43.937 41.890 40.384 39.095 36.291 35.801 32.657 34.950 33.769 36.366 36.389 38.470 40.682 41.180 37.593 37.000 34.071 32.323 32.479 29.201 27.163 29.602 32.689 34.077 37.075 37.008 36.858 33.334 31.226 27.648 28.728 26.524 29.371 27.191 30.506 31.881 35.212 37.426 37.585 41.386 40.897 39.737 43.217 45.228 47.640 45.807 42.629 40.981 38.516 37.646 37.175 34.992 32.771 32.725 31.574 28.464 27.880 28.291 25.860 23.050 22.166 24.084 27.333 30.399 28.723 28.044 31.775 32.705 36.337 35.397 33.295 36.186 39.264 38.594 35.805 37.556 41.051 43.638 42.339 44.899 47.587 46.377 47.567 50.534 53.808 52.151 53.318 50.034
52.376 52.716 52.327 54.317 52.327 53.436 53.302 49.605 48.953 50.710 48.814 45.386 46.409 47.554 44.157 42.452 41.025 42.857 40.340 37.523 34.270 36.657 38.242 42.054 44.149 45.323 41.798 41.744 45.336 44.626 41.567 43.701 46.534 44.557 42.411 45.290 48.480 48.646 49.008 47.175 47.867 46.252 44.016 42.511 40.968 38.190 37.500 34.203 36.361 35.433 38.236 38.562 40.644 43.031 43.781 40.283 39.494 36.440 34.481 34.271 30.895 29.057 31.583 34.417 35.449 38.426 37.995 37.906 34.522 32.085 28.544 29.968 27.852 30.872 28.961 32.414 33.402 36.808 38.921 39.326 43.115 42.752 41.850 45.325 47.344 49.937 48.108 45.074 43.324 40.702 40.052 39.768 37.404 35.138 35.405 34.313 31.024 30.594 31.312 28.821 25.893 25.331 27.483 30.640 33.650 32.004 31.063 34.758 35.696 39.376 38.615 36.598 39.430 42.543 41.977 39.299 41.165 44.613 47.216 45.820 48.395 51.050 49.712 50.891 53.942 57.160 55.394 56.503 53.186
55.007 55.428 54.890 56.851 54.825 55.728 55.574 51.938 51.148 52.722 50.867 47.458 48.252 49.277 45.932 44.106 42.925 44.655 42.037 39.250 35.990 38.367 40.245 44.018 46.224 47.591 44.177 44.139 47.812 47.265 44.296 46.425 49.357 47.543 45.417 48.255 51.417 51.403 51.829 49.879 50.706 49.248 47.114 45.775 44.321 41.650 41.088 37.744 39.773 38.723 41.436 41.665 43.560 45.820 46.495 43.036 42.442 39.295 37.511 37.253 33.998 31.958 34.251 37.048 38.109 41.239 40.794 40.945 37.644 35.223 31.610 32.897 30.546 33.394 31.313 34.640 35.510 39.056 41.369 41.992 45.730 45.157 44.397 47.970 49.790 52.342 50.314 47.331 45.356 42.865 42.420 41.930 39.393 37.388 37.740 36.340 33.115 33.023 33.602 30.833 28.176 27.773 29.943 32.986 36.195 34.780 33.932 37.697 38.824 42.436 41.461 39.517 42.484 45.491 44.704 41.939 43.677 47.164 49.613 48.215 50.608 53.425 52.147 53.122 56.146 59.320 57.503 58.423 55.003
58.356 58.878 58.421 60.459 58.501 59.413 59.180 55.542 54.819 56.339 54.407 51.048 51.863 52.783 49.402 47.649 46.557 48.344 45.761 42.930 39.715 42.138 44.032 47.801 49.973 51.376 47.960 47.858 51.523 51.000 47.982 50.044 52.996 51.154 48.951 51.735 54.959 54.945 55.257 53.235 53.946 52.533 50.284 48.925 47.306 44.633 43.909 40.501 42.467 41.613 44.456 44.874 46.782 49.143 49.955 46.545 45.840 42.641 40.732 40.267 36.959 35.067 37.407 40.039 40.865 43.956 43.260 43.438 40.250 37.614 34.076 35.595 33.335 36.270 34.368 37.749 38.370 41.946 44.186 44.966 48.681 48.188 47.591 51.152 52.970 55.622 53.591 50.700 48.659 46.094 45.784 45.386 42.750 40.742 41.257 39.875 36.578 36.569 37.277 34.481 31.791 31.505 33.736 36.761 39.947 38.516 37.578 41.319 42.410 46.054 45.172 43.228 46.144 49.193 48.471 45.729 47.479 50.968 53.438 52.031 54.428 57.239 55.927 56.896 59.944 63.098 61.239 62.119 58.677
58.495 58.931 58.664 60.730 58.799 59.947 59.757 56.052 55.465 57.190 55.226 51.842 52.881 53.932 50.500 48.852 47.511 49.370 46.844 44.017 40.774 43.150 44.785 48.594 50.700 51.865 48.325 48.263 51.834 51.084 47.985 50.081 52.885 50.811 48.613 51.456 54.709 54.945 55.169 53.287 53.795 52.185 49.763 48.154 46.337 43.494 42.466 39.126 41.265 40.714 43.744 44.372 46.535 49.085 50.014 46.561 45.591 42.515 40.346 39.867 36.382 34.827 37.468 40.073 40.750 43.623 42.798 42.664 39.436 36.642 33.266 35.113 33.205 36.385 34.756 38.296 38.950 42.386 44.359 44.946 48.710 48.505 47.799 51.232 53.290 56.019 54.216 51.286 49.476 46.752 46.244 46.086 43.617 41.331 41.772 40.714 37.348 36.983 37.822 35.313 32.359 31.861 33.989 37.180 40.150 38.405 37.428 41.068 41.852 45.587 44.973 42.863 45.561 48.781 48.351 45.653 47.453 50.944 53.620 52.300 54.905 57.542 56.224 57.438 60.481 63.709 61.942 63.035 59.698
60.312 60.880 60.805 63.016 61.238 62.489 62.157 58.429 58.035 59.749 57.629 54.332 55.533 56.466 52.947 51.496 50.178 52.209 49.828 46.882 43.747 46.250 47.743 51.561 53.512 54.667 51.089 50.864 54.376 53.638 50.418 52.363 55.172 53.030 50.685 53.416 56.772 57.053 57.060 55.110 55.391 53.814 51.207 49.551 47.495 44.672 43.433 40.033 42.061 41.796 44.993 45.914 48.125 50.850 52.017 48.650 47.451 44.339 41.956 41.193 37.647 36.366 39.115 41.477 41.821 44.564 43.423 43.250 40.183 37.145 33.931 36.086 34.398 37.710 36.403 40.036 40.401 43.789 45.564 46.274 50.000 49.993 49.465 52.823 54.949 57.835 56.126 53.322 51.526 48.640 48.245 48.323 45.792 43.393 44.052 43.164 39.669 39.303 40.418 37.986 34.882 34.561 36.837 39.979 42.818 41.027 39.821 43.375 44.095 47.866 47.481 45.430 48.020 51.288 51.027 48.465 50.410 53.834 56.573 55.168 57.850 60.390 58.938 60.218 63.340 66.528 64.686 65.800 62.482
61.731 62.243 62.352 64.593 62.862 64.310 64.000 60.232 59.969 61.836 59.684 56.393 57.774 58.791 55.241 53.894 52.399 54.485 52.167 49.236 46.103 48.558 49.841 53.668 55.550 56.508 52.848 52.647 56.056 55.135 51.859 53.804 56.471 54.136 51.796 54.545 57.916 58.414 58.318 56.488 56.561 54.833 52.065 50.196 47.937 44.992 43.443 40.139 42.279 42.351 45.707 46.853 49.268 52.157 53.446 50.080 48.639 45.653 43.046 42.233 38.572 37.639 40.612 42.885 43.041 45.548 44.242 43.793 40.764 37.574 34.595 37.059 35.730 39.213 38.190 41.916 42.256 45.493 47.006 47.577 51.305 51.565 50.984 54.202 56.520 59.477 57.972 55.171 53.567 50.554 50.025 50.319 47.924 45.319 45.942 45.326 41.797 41.165 42.395 40.207 36.933 36.468 38.640 41.874 44.507 42.473 41.232 44.653 45.093 48.910 48.780 46.607 48.972 52.369 52.374 49.875 51.848 55.250 58.150 56.826 59.669 62.049 60.592 62.073 65.181 68.416 66.650 67.931 64.709
58.915 59.571 59.817 62.200 60.641 62.142 61.660 57.892 57.823 59.640 57.328 54.146 55.687 56.567 52.943 51.814 50.358 52.645 50.532 47.451 44.487 47.128 48.234 52.049 53.713 54.723 51.061 50.624 53.976 53.163 49.770 51.511 54.240 51.942 49.427 52.019 55.483 55.929 55.642 53.711 53.642 52.010 49.151 47.355 44.993 42.163 40.629 37.225 39.175 39.316 42.721 44.028 46.390 49.369 50.846 47.593 46.012 42.962 40.251 39.209 35.568 34.767 37.750 39.829 39.780 42.230 40.774 40.376 37.461 34.182 31.257 33.825 32.593 36.117 35.318 39.080 39.217 42.397 43.784 44.452 48.133 48.499 48.064 51.232 53.559 56.622 55.180 52.500 50.906 47.777 47.357 47.848 45.405 42.722 43.556 43.093 39.461 38.869 40.381 38.264 34.872 34.677 37.083 40.165 42.675 40.730 39.194 42.543 43.073 46.877 46.902 44.928 47.287 50.626 50.698 48.404 50.607 53.876 56.753 55.235 58.101 60.398 58.742 60.224 63.442 66.586 64.694 65.960 62.759
56.325 56.820 56.945 59.203 57.509 58.999 58.662 54.886 54.689 56.591 54.411 51.135 52.613 53.652 50.086 48.817 47.243 49.408 47.196 44.215 41.153 43.676 44.801 48.623 50.393 51.330 47.657 47.370 50.747 49.849 46.530 48.421 51.103 48.790 46.406 49.130 52.514 52.999 52.892 51.075 51.164 49.427 46.690 44.853 42.666 39.748 38.334 34.992 37.132 37.066 40.373 41.454 43.865 46.742 48.027 44.667 43.214 40.232 37.633 36.874 33.215 32.248 35.249 37.578 37.831 40.350 39.194 38.724 35.599 32.520 29.450 31.814 30.473 33.968 32.937 36.679 37.134 40.315 41.814 42.277 46.028 46.293 45.630 48.836 51.187 54.123 52.669 49.844 48.322 45.288 44.680 45.031 42.710 40.024 40.623 40.123 36.579 35.851 37.168 35.091 31.724 31.301 33.562 36.739 39.286 37.276 35.914 39.315 39.812 43.621 43.530 41.457 43.852 47.203 47.218 44.827 46.943 50.263 53.150 51.720 54.592 56.914 55.365 56.871 60.024 63.227 61.430 62.752 59.572
57.753 58.081 58.314 60.503 58.762 60.435 60.232 56.429 56.262 58.364 56.260 52.940 54.526 55.749 52.215 50.942 49.139 51.236 49.002 46.143 43.017 45.364 46.324 50.137 51.933 52.610 48.869 48.741 52.014 50.856 47.563 49.565 52.037 49.510 47.252 50.078 53.400 54.150 54.060 52.457 52.425 50.462 47.640 45.538 43.241 40.132 38.416 35.266 37.651 37.868 41.274 42.459 45.113 48.082 49.360 45.948 44.334 41.563 38.815 38.188 34.429 33.761 36.970 39.330 39.549 41.830 40.660 39.845 36.676 33.561 30.727 33.298 32.306 35.914 35.047 38.823 39.420 42.431 43.716 43.919 47.685 48.165 47.320 50.385 52.933 55.848 54.594 51.699 50.412 47.336 46.488 46.953 44.853 41.998 42.401 42.130 38.652 37.588 38.847 37.044 33.590 32.844 34.826 38.155 40.507 38.195 36.974 40.236 40.375 44.213 44.310 42.015 44.157 47.655 47.921 45.508 47.534 50.874 53.934 52.693 55.718 57.894 56.451 58.174 61.238 64.529 62.896 64.414 61.350
55.429 55.691 56.091 58.302 56.638 58.497 58.297 54.480 54.470 56.710 54.577 51.298 53.089 54.387 50.847 49.725 47.737 49.914 47.827 44.978 41.943 44.265 44.929 48.707 50.349 50.837 47.049 46.884 50.015 48.723 45.377 47.325 49.662 46.995 44.731 47.536 50.856 51.785 51.601 50.127 49.927 47.833 44.912 42.648 40.237 37.050 35.147 32.097 34.586 35.019 38.501 39.829 42.645 45.724 47.092 43.713 41.890 39.271 36.358 35.745 31.933 31.582 34.964 37.256 37.384 39.430 38.247 37.160 33.983 30.861 28.237 30.975 30.334 34.035 33.425 37.223 37.880 40.676 41.707 41.698 45.446 46.157 45.207 48.114 50.833 53.769 52.734 49.845 48.793 45.628 44.612 45.296 43.391 40.340 40.684 40.732 37.270 35.919 37.317 35.835 32.239 31.405 33.312 36.627 38.698 36.213 34.893 37.972 37.888 41.725 42.083 39.773 41.708 45.261 45.772 43.515 45.653 48.885 52.053 50.815 53.976 55.960 54.456 56.356 59.421 62.711 61.128 62.805 59.867
52.667 52.767 53.200 55.333 53.630 55.610 55.515 51.696 51.706 54.097 52.044 48.743 50.625 52.081 48.596 47.489 45.301 47.432 45.390 42.641 39.622 41.821 42.277 46.015 47.617 47.911 44.095 44.017 47.049 45.595 42.279 44.294 46.485 43.707 41.545 44.425 47.675 48.763 48.640 47.347 47.139 44.879 41.985 39.576 37.217 33.912 31.957 29.056 31.761 32.208 35.655 36.918 39.879 42.950 44.241 40.824 38.945 36.509 33.572 33.186 29.355 29.137 32.627 35.023 35.292 37.195 36.220 34.894 31.591 28.644 26.119 28.797 28.360 32.054 31.482 35.235 36.142 38.757 39.674 39.370 43.128 43.929 42.754 45.556 48.400 51.250 50.364 47.397 46.566 43.423 42.164 42.903 41.237 38.068 38.198 38.454 35.102 33.450 34.792 33.599 29.961 28.888 30.590 33.942 35.808 33.145 31.899 34.853 34.558 38.388 38.859 36.459 38.249 41.853 42.510 40.300 42.442 45.627 48.879 47.716 50.972 52.829 51.367 53.408 56.418 59.741 58.267 60.090 57.263
49.566 49.667 49.955 52.060 50.305 52.174 52.080 48.263 48.187 50.520 48.493 45.158 46.961 48.412 44.939 43.765 41.615 43.731 41.665 38.892 35.864 38.109 38.631 42.388 44.018 44.422 40.624 40.524 43.641 42.296 38.988 41.028 43.336 40.685 38.506 41.416 44.667 45.607 45.591 44.233 44.212 42.023 39.269 37.010 34.862 31.622 30.000 26.991 29.669 29.736 33.042 34.065 36.910 39.858 41.027 37.561 35.862 33.330 30.555 30.302 26.512 25.980 29.375 31.943 32.463 34.564 33.837 32.686 29.246 26.500 23.702 26.068 25.347 28.950 28.127 31.845 32.909 35.603 36.717 36.411 40.214 40.815 39.582 42.501 45.246 48.026 47.016 43.991 43.082 40.018 38.760 39.357 37.657 34.561 34.643 34.776 31.440 29.849 31.124 29.840 26.229 25.181 26.975 30.305 32.294 29.758 28.501 31.595 31.522 35.363 35.641 33.328 35.332 38.856 39.315 37.068 39.259 42.459 45.615 44.358 47.538 49.498 48.011 49.941 52.983 56.289 54.760 56.506 53.625
46.227 46.214 46.560 48.631 46.890 48.882 48.834 45.016 45.016 47.472 45.477 42.158 44.096 45.654 42.223 41.134 38.804 40.937 38.994 36.278 33.345 35.524 35.771 39.474 40.983 41.225 37.404 37.302 40.307 38.853 35.531 37.570 39.770 37.036 34.892 37.833 41.048 42.109 42.107 40.889 40.839 38.524 35.789 33.428 31.339 28.025 26.425 23.522 26.363 26.389 29.643 30.608 33.571 36.521 37.655 34.180 32.400 30.027 27.217 27.163 23.378 22.996 26.487 29.118 29.763 31.711 31.205 29.850 26.304 23.787 21.101 23.346 22.856 26.413 25.681 29.323 30.608 33.077 34.049 33.461 37.254 37.954 36.525 39.332 42.190 44.903 44.051 40.981 40.296 37.238 35.763 36.466 35.004 31.777 31.694 32.091 28.860 26.964 28.269 27.331 23.662 22.460 24.118 27.403 29.129 26.458 25.158 28.107 27.880 31.717 32.144 29.832 31.719 35.260 35.863 33.742 36.036 39.133 42.345 41.078 44.347 46.165 44.642 46.698 49.726 53.029 51.556 53.427 50.658
43.082 43.015 43.202 45.212 43.394 45.296 45.288 41.474 41.376 43.817 41.883 38.515 40.388 41.996 38.602 37.436 35.082 37.175 35.217 32.514 29.576 31.760 32.009 35.721 37.254 37.555 33.745 33.653 36.725 35.342 32.042 34.141 36.426 33.805 31.688 34.689 37.873 38.815 38.962 37.735 37.903 35.620 33.075 30.857 29.060 25.820 24.635 21.724 24.552 24.113 27.134 27.764 30.623 33.407 34.361 30.815 29.243 26.833 24.240 24.456 20.770 20.031 23.404 26.274 27.275 29.384 29.248 28.037 24.351 22.211 19.315 21.066 20.307 23.676 22.646 26.185 27.750 30.223 31.381 30.691 34.514 35.004 33.434 36.331 39.105 41.700 40.755 37.596 36.898 33.952 32.394 32.938 31.529 28.359 28.126 28.451 25.297 23.352 24.539 23.614 19.975 18.687 20.368 23.640 25.438 22.852 21.574 24.655 24.629 28.469 28.695 26.455 28.552 32.008 32.422 30.272 32.620 35.718 38.845 37.498 40.711 42.607 41.074 43.049 46.095 49.391 47.894 49.725 46.930
39.473 39.404 39.722 41.802 40.111 42.142 42.052 38.235 38.333 40.836 38.823 35.546 37.638 39.237 35.840 34.901 32.431 34.672 32.984 30.242 27.554 29.796 29.672 33.297 34.557 34.768 30.954 30.671 33.605 32.224 28.819 30.760 33.016 30.364 28.126 31.050 34.284 35.278 35.313 34.129 34.195 31.864 29.278 27.030 25.242 22.015 20.946 18.031 20.879 20.355 23.345 23.999 26.935 29.784 30.832 27.345 25.601 23.272 20.566 20.848 17.171 16.650 20.135 22.958 23.990 25.929 25.964 24.610 20.868 18.980 16.224 17.812 17.351 20.654 19.862 23.312 24.981 27.179 28.132 27.220 31.015 31.646 29.977 32.754 35.636 38.239 37.463 34.337 33.845 30.836 29.145 29.919 28.704 25.365 25.122 25.813 22.713 20.497 21.942 21.433 17.705 16.533 18.269 21.280 22.703 20.107 18.498 21.382 21.328 25.156 25.629 23.595 25.602 28.994 29.559 27.705 30.318 33.194 36.316 34.806 38.086 39.808 38.099 40.162 43.273 46.495 44.951 46.862 44.174
36.615 36.410 36.508 38.461 36.632 38.573 38.592 34.781 34.724 37.257 35.372 32.012 34.016 35.744 32.430 31.362 28.797 30.937 29.211 26.548 23.845 26.015 25.847 29.471 30.785 31.007 27.194 26.993 30.000 28.642 25.296 27.380 29.692 27.155 25.025 28.076 31.219 32.110 32.393 31.270 31.643 29.309 27.024 24.940 23.614 20.511 20.025 17.304 20.102 18.954 21.509 21.626 24.433 27.009 27.748 24.141 22.711 20.424 18.094 18.898 15.494 14.468 17.701 20.871 22.438 24.509 25.086 23.890 20.063 18.820 16.003 16.769 16.005 18.875 17.661 20.845 22.968 25.085 26.255 25.130 28.917 29.275 27.349 30.202 32.985 35.381 34.519 31.248 30.800 27.987 26.103 26.640 25.589 22.332 21.762 22.400 19.498 17.095 18.283 17.923 14.292 12.835 14.457 17.463 18.915 16.360 14.851 17.905 18.065 21.888 22.081 20.090 22.348 25.639 25.979 24.066 26.720 29.599 32.639 31.079 34.313 36.115 34.438 36.440 39.539 42.781 41.257 43.160 40.463
33.142 33.125 33.269 35.397 33.756 35.662 35.443 31.623 31.762 34.171 32.089 28.843 31.010 32.547 29.149 28.338 25.860 28.276 26.869 23.996 21.637 24.096 23.690 27.244 28.227 28.641 24.890 24.267 27.258 26.205 22.688 24.450 26.994 24.675 22.232 25.067 28.361 29.014 29.135 27.797 28.179 26.037 23.776 21.982 20.792 18.005 18.053 15.176 17.542 15.925 18.296 18.310 20.920 23.507 24.392 20.875 19.415 16.882 14.568 15.295 12.005 10.696 13.893 17.089 18.789 20.970 21.761 20.796 16.984 16.117 13.227 13.416 12.521 15.187 14.008 17.131 19.298 21.310 22.497 21.389 25.187 25.481 23.618 26.540 29.270 31.741 30.850 27.652 27.176 24.270 22.471 23.174 22.072 18.713 18.374 19.212 16.206 13.805 15.492 15.304 11.562 10.794 12.961 15.374 16.629 14.530 12.316 15.356 16.041 19.758 19.999 18.583 21.011 23.991 24.204 22.669 25.670 28.258 31.084 29.157 32.295 34.062 32.082 33.957 37.225 40.306 38.563 40.365 37.650
30.221 29.933 29.965 31.931 30.174 32.161 32.111 28.298 28.385 30.977 29.068 25.779 28.011 29.791 26.555 25.730 22.965 25.264 23.975 21.319 19.124 21.335 20.540 23.975 24.865 25.057 21.284 20.757 23.655 22.451 18.967 20.881 23.317 20.968 18.684 21.698 24.855 25.600 25.966 24.890 25.491 23.177 21.229 19.449 18.784 16.100 16.695 14.375 16.739 14.637 16.387 15.783 18.411 20.714 21.249 17.607 16.338 14.156 12.259 13.860 11.166 9.745 12.497 15.911 18.142 20.093 21.517 20.463 16.727 16.720 14.317 13.672 12.990 14.870 13.570 16.049 18.764 20.311 21.438 19.819 23.482 23.677 21.369 24.152 26.918 29.109 28.352 25.002 24.861 22.191 19.947 20.563 19.974 16.613 15.686 16.861 14.362 11.344 12.740 13.336 9.972 8.731 10.300 12.398 13.148 10.903 8.634 11.591 12.275 15.979 16.180 14.836 17.309 20.199 20.413 19.014 22.141 24.581 27.404 25.459 28.667 30.324 28.356 30.346 33.568 36.677 35.040 36.988 34.404
26.983 26.972 27.009 29.204 27.685 29.560 29.186 25.368 25.680 28.058 25.885 22.739 25.143 26.643 23.289 22.784 20.194 22.854 21.980 19.057 17.371 19.941 18.922 22.213 22.677 23.198 19.582 18.452 21.350 20.648 16.991 18.411 21.217 19.276 16.578 19.231 22.572 22.905 23.077 21.654 22.342 20.361 18.529 17.286 16.914 14.852 16.205 13.850 15.420 12.660 13.930 13.030 15.217 17.452 18.152 14.635 13.447 10.794 9.140 10.744 8.591 6.449 8.762 12.303 14.855 16.998 18.762 18.137 14.596 15.170 12.850 11.268 10.321 11.536 10.177 12.353 15.203 16.592 17.829 16.260 19.924 19.928 17.701 20.648 23.283 25.564 24.698 21.425 21.184 18.409 16.296 17.087 16.395 12.915 12.319 13.753 11.157 8.167 10.384 11.220 8.016 8.097 10.276 11.241 11.719 10.481 7.221 10.008 11.669 14.963 15.110 14.697 17.338 19.659 19.601 18.709 22.134 24.176 26.633 24.238 27.231 28.883 26.550 28.297 31.722 34.606 32.674 34.440 31.802
24.475 24.085 24.161 26.191 24.609 26.750 26.576 22.775 23.179 25.868 23.896 20.798 23.415 25.216 22.130 21.754 18.771 21.269 20.683 18.162 16.848 18.944 17.268 20.250 20.447 20.506 16.886 15.830 18.403 17.375 13.685 15.207 17.739 15.588 13.013 15.907 19.119 19.764 20.130 19.168 19.934 17.593 16.042 14.639 14.829 12.869 14.691 13.162 14.755 11.794 12.289 10.719 13.118 15.094 15.450 11.813 10.577 8.739 7.575 10.365 9.170 7.867 9.373 12.598 15.394 16.901 19.200 18.248 14.958 16.296 14.754 12.840 12.616 13.075 12.113 13.342 16.484 17.087 17.918 15.630 18.981 19.121 16.332 18.863 21.681 23.638 23.148 19.775 20.168 17.678 14.932 15.853 16.028 12.595 11.216 13.392 11.739 8.085 9.805 11.883 9.625 9.163 10.100 10.364 9.611 8.192 4.678 6.531 8.020 11.230 11.722 11.550 13.923 16.112 16.331 15.848 19.444 21.156 23.671 21.294 24.453 25.791 23.435 25.471 28.813 31.718 29.965 32.009 29.641
20.920 20.645 20.593 22.756 21.340 23.371 22.959 19.154 19.749 22.307 20.178 17.213 20.033 21.687 18.627 18.585 15.652 18.407 18.362 15.806 15.234 17.410 15.339 17.963 17.621 17.924 14.571 12.854 15.333 14.858 11.065 12.020 14.964 13.411 10.506 13.017 16.298 16.451 16.823 15.638 16.758 14.746 13.721 13.124 14.097 13.101 15.753 14.602 15.328 11.827 11.194 8.707 10.241 11.686 11.842 8.207 7.478 5.463 5.882 9.219 9.496 7.916 7.764 10.691 13.962 15.402 18.274 17.783 15.012 17.070 15.869 13.154 12.808 12.113 11.156 11.273 14.645 14.697 15.589 13.097 16.159 15.936 12.907 15.489 18.109 19.914 19.365 15.956 16.499 14.176 11.204 12.221 12.790 9.458 7.860 10.670 9.698 6.133 8.157 10.909 9.689 10.135 10.994 9.854 8.383 8.485 4.796 5.239 8.070 10.172 10.426 11.520 13.918 15.223 15.045 15.221 18.975 20.146 22.177 19.362 22.242 23.523 20.814 22.605 26.113 28.785 26.786 28.702 26.347
19.381 18.846 19.331 21.530 20.389 22.936 22.543 18.858 19.943 22.762 20.692 18.117 21.299 23.017 20.252 20.641 17.564 20.184 20.558 18.422 18.214 19.951 17.359 19.491 18.694 18.369 15.219 13.492 15.123 14.208 10.413 10.923 13.234 11.153 7.961 10.472 13.883 14.711 14.759 14.134 14.705 12.082 10.830 9.690 10.922 10.036 12.997 12.635 13.280 9.985 8.775 6.056 8.420 10.173 10.625 7.372 5.275 5.030 4.996 8.813 9.627 9.543 9.613 11.545 14.271 14.742 17.732 16.640 14.166 16.673 16.297 13.788 14.458 13.762 13.755 13.672 16.625 15.931 15.930 12.779 15.449 15.953 12.659 14.399 17.508 19.236 19.431 16.287 17.619 15.342 12.086 13.812 15.061 11.820 10.320 13.677 13.156 9.787 11.542 14.602 13.474 13.593 13.914 12.806 10.473 10.093 7.040 5.392 6.786 8.362 9.973 11.311 12.708 13.892 14.573 15.456 19.262 19.946 22.108 19.420 22.494 23.159 20.349 22.579 25.944 28.510 26.707 28.953 27.028
21.810 21.264 22.204 24.410 23.408 26.211 25.869 22.275 23.500 26.405 24.344 21.877 25.091 26.802 24.016 24.429 21.348 23.899 24.101 21.975 21.437 23.134 20.658 22.903 22.266 21.649 18.423 17.038 18.458 17.100 13.462 14.074 15.778 13.093 10.164 12.584 15.926 17.370 17.039 16.672 16.487 13.493 11.383 9.061 9.153 7.131 9.527 9.273 10.602 7.991 7.830 6.657 10.142 12.662 13.684 10.851 7.993 7.901 5.936 8.944 8.786 9.903 11.183 12.866 14.823 14.853 17.287 15.443 12.713 14.885 14.857 13.121 14.548 14.676 15.239 15.883 18.415 17.828 17.338 14.199 16.982 18.190 15.213 16.614 20.061 22.038 22.558 19.655 21.033 18.474 15.464 17.478 18.477 15.011 13.911 17.127 16.097 12.661 14.584 17.313 15.510 15.276 15.663 15.365 13.299 11.938 9.078 7.927 7.633 9.832 12.221 12.676 13.451 15.294 16.714 17.416 21.103 21.956 24.503 22.173 25.480 25.918 23.293 25.817 29.019 31.642 30.040 32.452 30.669
24.849 23.893 24.612 26.413 24.996 27.851 27.978 24.395 25.201 28.362 26.678 23.945 26.890 28.983 26.319 26.269 22.939 25.083 24.817 22.959 21.916 23.251 20.919 23.334 23.202 22.216 18.771 18.148 19.682 17.696 14.319 15.773 17.032 13.867 11.794 14.829 17.704 19.574 19.742 19.813 19.820 16.588 14.711 11.989 11.914 9.121 10.344 10.316 12.718 10.882 11.340 10.377 13.813 16.024 16.505 13.402 11.118 11.243 9.506 12.385 11.411 12.252 14.064 16.233 18.227 18.418 20.573 18.483 15.487 17.050 16.726 15.598 16.829 17.513 17.644 18.682 21.423 21.220 20.971 17.943 20.775 21.870 18.794 20.210 23.587 25.329 25.796 22.696 24.046 21.682 18.519 20.049 21.076 17.690 16.093 18.930 17.891 14.168 15.414 18.068 16.087 14.952 14.744 15.158 13.228 10.858 8.868 8.107 6.390 9.400 11.770 11.078 11.610 14.242 15.999 16.153 19.595 20.838 23.817 21.987 25.560 26.031 23.870 26.666 29.624 32.539 31.303 33.921 32.177
27.536 26.605 27.660 29.483 28.218 31.243 31.367 27.861 28.812 32.007 30.294 27.669 30.674 32.725 30.038 30.063 26.757 28.895 28.571 26.714 25.521 26.837 24.594 27.024 26.937 25.787 22.377 21.879 23.232 21.060 17.843 19.187 20.089 16.703 14.816 17.577 20.344 22.550 22.420 22.629 22.131 18.768 16.437 13.162 12.176 8.673 8.415 8.698 11.869 11.213 12.471 12.552 16.283 18.855 19.703 16.874 14.195 14.362 11.988 14.124 12.604 14.198 16.578 18.445 19.828 19.667 21.275 18.643 15.655 16.711 16.744 16.446 18.206 19.444 19.995 21.435 23.820 23.652 23.051 20.103 22.909 24.463 21.621 22.794 26.361 28.269 28.972 26.051 27.452 24.897 21.888 23.660 24.553 21.037 19.729 22.548 21.227 17.580 18.986 21.382 19.035 17.780 17.670 18.567 16.860 14.158 12.408 11.882 9.701 12.468 15.132 14.001 13.926 16.824 19.042 19.117 22.312 23.608 26.788 25.245 28.910 29.179 27.152 30.118 32.940 35.853 34.757 37.484 35.859
30.205 29.069 29.727 31.261 29.575 32.434 32.900 29.345 29.821 33.113 31.671 28.735 31.410 33.727 31.073 30.619 27.202 29.023 28.209 26.500 24.823 25.911 23.997 26.655 27.106 25.889 22.303 22.377 24.053 21.619 18.596 20.606 21.504 18.067 16.681 19.897 22.427 24.604 24.966 25.236 25.161 21.815 19.792 16.691 15.963 12.504 12.057 11.914 15.320 14.545 15.920 15.616 19.183 21.487 21.873 18.674 16.576 16.518 14.450 16.789 14.861 15.730 18.276 20.707 22.417 22.731 24.308 21.877 18.617 19.241 18.651 18.527 19.719 21.236 21.182 22.874 25.537 25.816 25.681 22.904 25.905 27.091 24.145 25.634 29.033 30.789 31.197 28.015 29.194 26.796 23.713 24.965 25.740 22.331 20.664 23.018 21.658 17.924 18.760 20.903 18.484 16.541 16.014 17.558 16.278 12.987 12.015 12.194 9.772 13.014 15.030 12.983 13.163 16.604 18.629 17.979 20.847 22.661 26.089 24.916 28.669 29.207 27.584 30.564 33.242 36.412 35.521 38.272 36.524
29.577 28.776 29.220 30.965 29.257 31.821 32.067 28.370 28.738 31.800 30.147 27.062 29.637 31.766 28.872 28.319 25.092 27.136 26.181 24.106 22.271 23.776 22.190 25.162 25.740 25.041 21.316 21.117 23.281 21.299 17.979 19.970 21.526 18.462 16.601 19.813 22.687 24.316 24.655 24.388 24.555 21.555 19.493 16.854 16.119 12.857 12.918 11.730 14.857 13.469 15.065 14.635 17.989 20.381 20.865 17.413 15.516 14.644 12.497 14.696 12.420 12.654 15.351 18.140 20.056 20.934 22.500 20.517 16.986 17.435 16.223 15.896 16.573 18.210 17.822 19.757 22.460 23.126 23.393 20.958 24.254 25.120 22.355 24.340 27.568 29.522 29.518 26.247 26.983 24.444 21.601 22.693 23.026 19.563 18.123 20.186 18.453 14.848 15.927 17.685 14.977 13.240 13.313 15.024 14.325 11.245 9.634 10.826 9.564 13.269 14.641 12.850 14.080 17.370 18.689 17.761 20.857 22.931 26.159 24.623 28.219 29.189 27.373 30.004 32.939 36.099 34.892 37.357 35.286
29.317 28.881 29.754 31.859 30.575 33.252 33.110 29.423 30.234 33.136 31.125 28.300 31.157 32.938 29.876 29.751 26.731 29.149 28.525 26.167 24.612 26.468 24.792 27.695 27.896 27.362 23.743 23.022 25.015 23.315 19.787 21.160 22.814 19.806 17.424 20.138 23.317 24.909 24.652 24.126 23.749 20.857 18.236 15.449 13.935 10.479 10.011 8.210 11.494 10.637 12.941 13.447 17.010 19.939 21.111 17.991 15.429 14.317 11.370 12.743 10.082 11.283 14.402 16.645 17.914 18.499 19.629 17.359 13.819 14.011 13.162 13.313 14.674 16.626 16.987 19.153 21.328 21.852 21.678 19.366 22.689 24.015 21.609 23.461 26.875 29.198 29.378 26.398 27.126 24.220 21.677 23.330 23.447 19.755 18.985 21.333 19.258 15.901 17.760 19.382 16.400 15.439 16.218 17.643 16.896 14.289 11.929 12.833 11.862 15.263 17.131 15.920 16.896 19.913 21.423 20.939 24.216 26.008 29.106 27.318 30.848 31.651 29.513 32.100 35.183 38.136 36.713 39.102 37.057
32.709 32.091 33.020 34.959 33.563 36.346 36.414 32.765 33.469 36.508 34.659 31.775 34.549 36.490 33.493 33.206 30.086 32.298 31.452 29.258 27.438 29.070 27.510 30.449 30.881 30.098 26.439 26.094 28.017 25.981 22.654 24.280 25.596 22.332 20.339 23.171 26.127 28.037 27.864 27.601 27.102 24.031 21.362 18.252 16.484 12.758 11.248 9.864 13.608 13.630 16.147 16.910 20.585 23.506 24.593 21.481 18.929 18.078 15.144 16.366 13.543 14.866 18.139 20.345 21.369 21.801 22.580 20.011 16.560 16.205 15.466 16.339 17.789 20.097 20.452 22.829 24.916 25.558 25.307 23.032 26.298 27.773 25.374 27.086 30.568 32.842 33.128 30.136 30.924 28.051 25.465 27.035 27.175 23.510 22.613 24.819 22.722 19.344 20.896 22.373 19.287 17.860 18.323 20.242 19.627 16.572 14.837 15.767 14.164 17.558 19.502 17.705 18.280 21.632 23.444 22.696 25.654 27.631 30.979 29.576 33.237 33.953 32.097 34.875 37.771 40.850 39.666 42.204 40.241
34.075 33.437 33.961 35.773 34.066 36.574 36.792 33.065 33.368 36.349 34.622 31.470 33.925 35.963 32.917 32.226 29.152 31.202 29.942 27.719 25.493 27.131 26.009 29.211 30.080 29.507 25.722 25.649 27.984 26.006 22.728 24.763 26.351 23.248 21.392 24.518 27.447 29.086 29.274 28.842 28.797 25.874 23.473 20.684 19.281 15.726 14.741 12.977 16.482 15.900 18.307 18.578 22.008 24.699 25.452 22.016 19.990 18.737 16.136 17.545 14.505 14.867 18.149 20.904 22.338 23.382 24.261 22.152 18.468 17.904 16.360 17.077 17.712 20.161 19.824 22.416 24.743 25.876 26.192 24.175 27.657 28.661 26.239 28.372 31.624 33.826 33.707 30.491 30.927 28.166 25.639 26.722 26.595 23.067 22.003 23.683 21.443 18.167 19.350 20.382 17.178 15.356 15.828 18.285 18.307 15.102 13.719 15.477 14.280 17.993 19.216 17.037 18.231 21.749 23.063 21.726 24.502 26.922 30.283 28.967 32.563 33.673 32.015 34.608 37.506 40.742 39.557 41.958 39.764
33.611 33.404 34.025 36.162 34.700 37.069 36.913 33.135 33.628 36.334 34.269 31.209 33.741 35.415 32.133 31.646 28.874 31.281 30.157 27.536 25.422 27.549 26.588 29.899 30.596 30.454 26.692 26.135 28.637 27.118 23.588 25.233 27.246 24.422 22.054 24.860 28.113 29.377 29.223 28.310 28.126 25.546 22.889 20.406 18.664 15.335 14.452 11.808 14.909 14.271 17.103 17.780 21.027 23.987 25.162 21.830 19.647 17.778 14.830 15.511 12.050 12.376 15.954 18.565 19.687 21.006 21.530 19.681 15.901 14.884 12.930 13.944 14.476 17.298 17.151 20.099 22.039 23.420 23.791 22.198 25.833 26.847 24.834 27.198 30.373 32.895 32.596 29.538 29.643 26.605 24.495 25.768 25.181 21.555 21.105 22.689 19.990 17.100 18.906 19.515 15.977 14.930 16.313 18.584 18.935 16.261 14.119 16.213 15.792 19.504 20.652 19.006 20.575 23.827 24.860 23.683 26.712 29.061 32.195 30.495 33.931 35.194 33.222 35.555 38.693 41.777 40.260 42.416 40.039
36.128 35.938 36.841 39.027 37.703 40.250 40.067 36.327 36.994 39.759 37.648 34.699 37.351 38.994 35.713 35.361 32.574 35.003 33.938 31.353 29.260 31.326 30.295 33.546 34.172 33.860 30.117 29.581 31.888 30.213 26.715 28.248 30.017 26.997 24.668 27.339 30.565 32.087 31.702 30.908 30.346 27.660 24.719 21.930 19.684 16.163 14.375 11.823 15.163 15.495 18.707 19.973 23.411 26.597 28.024 24.873 22.352 20.703 17.453 17.722 14.180 15.230 18.934 21.116 21.680 22.604 22.624 20.366 16.783 15.223 13.763 15.630 16.730 19.819 20.159 23.210 24.790 26.055 26.050 24.489 28.016 29.416 27.556 29.666 33.003 35.643 35.579 32.673 32.907 29.743 27.693 29.224 28.664 24.967 24.675 26.408 23.667 20.821 22.721 23.349 19.775 18.742 20.021 22.361 22.566 19.739 17.709 19.469 18.602 22.198 23.724 21.952 23.074 26.436 27.838 26.757 29.691 31.984 35.253 33.702 37.235 38.300 36.357 38.855 41.927 44.999 43.566 45.830 43.567
38.691 38.246 38.899 40.827 39.193 41.674 41.798 38.048 38.377 41.261 39.413 36.257 38.663 40.558 37.370 36.649 33.748 35.866 34.437 32.059 29.611 31.403 30.623 33.968 34.985 34.543 30.734 30.655 33.090 31.167 27.872 29.842 31.480 28.360 26.420 29.414 32.431 34.061 34.043 33.441 33.156 30.333 27.630 24.768 22.816 19.185 17.432 15.286 18.789 18.949 21.927 22.794 26.238 29.192 30.237 26.867 24.678 23.148 20.212 20.910 17.427 17.973 21.575 24.128 25.028 26.141 26.326 24.152 20.519 19.017 17.316 19.022 19.674 22.736 22.570 25.641 27.507 28.984 29.269 27.661 31.234 32.401 30.338 32.549 35.820 38.269 38.082 34.974 35.164 32.193 29.983 31.137 30.622 27.057 26.389 27.814 25.179 22.260 23.617 24.083 20.577 18.928 19.784 22.603 23.082 19.922 18.553 20.566 19.450 23.150 24.354 22.049 23.192 26.795 28.125 26.597 29.173 31.778 35.197 33.991 37.569 38.762 37.161 39.712 42.615 45.874 44.659 46.991 44.697
41.705 41.406 41.942 43.913 42.216 44.523 44.606 40.820 41.008 43.755 41.863 38.620 40.848 42.645 39.357 38.472 35.757 37.868 36.209 33.708 31.026 32.951 32.573 36.081 37.321 37.116 33.279 33.231 35.899 34.120 30.818 32.853 34.694 31.698 29.702 32.701 35.789 37.225 37.226 36.404 36.205 33.554 30.824 28.129 26.098 22.562 20.811 18.347 21.623 21.779 24.911 25.835 29.122 32.091 33.166 29.729 27.693 25.829 22.914 23.316 19.648 19.833 23.463 26.084 26.884 28.322 28.217 26.316 22.681 20.710 18.591 20.598 20.824 24.154 23.764 27.109 28.779 30.654 31.198 29.968 33.652 34.656 32.819 35.266 38.401 40.956 40.522 37.406 37.270 34.251 32.297 33.275 32.401 28.934 28.466 29.497 26.608 24.037 25.358 25.280 21.652 20.091 21.239 24.333 25.326 22.292 20.991 23.418 22.623 26.400 27.288 24.914 26.343 29.961 31.021 29.215 31.652 34.487 37.861 36.669 40.153 41.587 40.044 42.429 45.368 48.668 47.379 49.557 47.084
44.294 43.846 44.130 45.903 43.953 46.123 46.428 42.649 42.524 45.292 43.610 40.206 42.164 44.117 40.908 39.691 36.971 38.809 36.818 34.482 31.504 33.216 33.168 36.744 38.339 38.127 34.287 34.586 37.397 35.520 32.409 34.755 36.565 33.594 31.870 35.074 38.012 39.430 39.726 38.978 39.042 36.361 33.834 31.175 29.382 25.826 24.211 21.892 25.222 25.163 28.129 28.742 31.957 34.723 35.499 31.911 30.198 28.346 25.708 26.370 22.762 22.526 26.004 28.892 29.961 31.611 31.644 29.889 26.197 24.290 21.955 23.767 23.595 26.848 26.026 29.352 31.211 33.298 34.133 32.936 36.666 37.420 35.476 38.057 41.080 43.489 42.882 39.618 39.364 36.521 34.518 35.141 34.230 30.943 30.234 30.911 28.113 25.628 26.490 26.151 22.678 20.727 21.580 24.999 26.328 23.203 22.430 25.087 24.281 28.064 28.578 25.882 27.432 31.128 31.985 29.788 31.870 34.972 38.375 37.446 40.877 42.492 41.236 43.566 46.369 49.798 48.653 50.809 48.266
47.668 47.141 47.516 49.233 47.268 49.532 49.924 46.163 46.044 48.894 47.269 43.869 45.836 47.857 44.681 43.446 40.672 42.428 40.385 38.153 35.125 36.694 36.647 40.182 41.832 41.463 37.633 38.069 40.786 38.741 35.713 38.109 39.734 36.625 35.034 38.253 41.111 42.717 42.993 42.378 42.311 39.518 36.908 34.068 32.120 28.468 26.490 24.376 27.799 28.115 31.180 31.969 35.304 38.136 38.944 35.388 33.564 31.863 29.126 29.731 26.095 26.113 29.657 32.434 33.327 34.805 34.651 32.706 29.114 27.032 24.924 27.023 27.061 30.405 29.735 33.094 34.862 36.909 37.604 36.375 40.066 40.977 39.033 41.500 44.612 47.031 46.535 43.288 43.118 40.253 38.209 38.892 38.038 34.724 33.987 34.714 31.945 29.419 30.227 29.929 26.492 24.449 25.111 28.586 29.830 26.569 25.968 28.463 27.366 31.082 31.733 28.868 30.136 33.913 34.967 32.735 34.622 37.742 41.249 40.534 44.025 45.541 44.419 46.870 49.564 53.041 52.031 54.284 51.814
49.287 49.002 49.331 51.195 49.286 51.387 51.607 47.811 47.679 50.333 48.560 45.156 47.035 48.849 45.546 44.293 41.761 43.639 41.531 39.089 36.001 37.825 38.061 41.713 43.410 43.350 39.516 39.777 42.683 40.899 37.761 40.053 41.955 39.013 37.198 40.323 43.343 44.693 44.867 43.956 43.911 41.344 38.659 36.027 33.970 30.448 28.562 26.062 29.221 29.474 32.680 33.580 36.743 39.638 40.585 37.035 35.263 33.211 30.438 30.695 26.947 26.737 30.261 32.985 33.726 35.468 35.054 33.405 29.853 27.442 25.037 27.306 27.033 30.529 29.774 33.317 34.813 37.154 38.032 37.179 40.941 41.730 40.064 42.733 45.709 48.282 47.566 44.386 43.903 40.952 39.216 39.842 38.630 35.397 34.973 35.427 32.409 30.255 31.217 30.477 26.949 25.248 26.353 29.845 31.448 28.447 27.622 30.408 29.716 33.510 33.983 31.289 32.870 36.573 37.376 35.079 37.044 40.245 43.629 42.733 46.105 47.825 46.591 48.837 51.660 55.094 53.893 55.947 53.296
52.003 51.762 51.908 53.727 51.705 53.618 53.874 50.079 49.751 52.291 50.572 47.090 48.742 50.520 47.217 45.761 43.388 45.154 42.831 40.396 37.141 38.960 39.550 43.268 45.184 45.300 41.497 41.854 44.929 43.251 40.184 42.579 44.610 41.796 40.018 43.193 46.204 47.390 47.686 46.656 46.789 44.336 41.744 39.259 37.301 33.846 32.118 29.501 32.554 32.619 35.780 36.542 39.557 42.350 43.190 39.575 38.029 35.809 33.196 33.430 29.692 29.135 32.521 35.351 36.182 38.182 37.745 36.352 32.789 30.305 27.646 29.826 29.172 32.644 31.598 35.174 36.632 39.232 40.381 39.744 43.553 44.114 42.537 45.385 48.205 50.760 49.817 46.597 45.874 43.005 41.417 41.795 40.378 37.327 36.936 37.031 33.974 32.100 32.875 31.758 28.347 26.666 27.825 31.421 33.379 30.527 29.868 32.890 32.424 36.226 36.391 33.655 35.459 39.124 39.658 37.133 38.918 42.283 45.576 44.734 47.976 49.913 48.790 50.868 53.668 57.137 55.917 57.830 55.044
55.272 55.134 55.379 57.282 55.335 57.268 57.444 53.640 53.386 55.882 54.077 50.633 52.316 53.999 50.639 49.244 46.953 48.789 46.483 43.978 40.738 42.632 43.269 47.000 48.890 49.048 45.242 45.527 48.597 46.949 43.833 46.147 48.195 45.355 43.496 46.596 49.669 50.864 51.029 49.929 49.923 47.512 44.787 42.276 40.121 36.680 34.748 32.080 35.035 35.352 38.660 39.649 42.675 45.583 46.578 43.019 41.351 39.069 36.321 36.309 32.515 32.107 35.540 38.200 38.775 40.729 40.006 38.614 35.183 32.441 29.873 32.329 31.758 35.344 34.464 38.130 39.341 41.996 43.067 42.589 46.384 47.046 45.635 48.469 51.305 53.975 53.040 49.903 49.113 46.148 44.696 45.171 43.632 40.565 40.354 40.443 37.276 35.522 36.435 35.220 31.763 30.255 31.542 35.109 37.086 34.263 33.496 36.498 36.019 39.829 40.090 37.383 39.125 42.807 43.407 40.916 42.706 46.063 49.370 48.519 51.765 53.692 52.532 54.611 57.437 60.891 59.633 61.519 58.708
56.598 56.601 56.695 58.636 56.662 58.387 58.488 54.690 54.320 56.631 54.793 51.330 52.831 54.374 50.981 49.482 47.422 49.249 46.837 44.247 40.948 42.960 43.899 47.685 49.680 50.102 46.341 46.569 49.805 48.375 45.258 47.555 49.816 47.163 45.219 48.287 51.418 52.365 52.566 51.257 51.400 49.184 46.528 44.241 42.166 38.856 37.155 34.273 37.036 37.117 40.382 41.273 44.093 46.920 47.888 44.319 42.842 40.325 37.715 37.583 33.822 33.080 36.344 39.034 39.648 41.875 41.110 40.047 36.635 33.832 30.996 33.331 32.377 35.910 34.801 38.484 39.569 42.469 43.800 43.606 47.429 47.857 46.617 49.640 52.284 54.979 53.801 50.688 49.616 46.702 45.484 45.772 43.974 41.093 41.037 40.798 37.551 36.148 37.018 35.424 32.064 30.770 32.277 35.817 38.112 35.542 34.749 37.976 37.836 41.659 41.657 39.061 41.087 44.676 44.984 42.382 44.148 47.589 50.749 49.799 52.888 55.030 53.853 55.710 58.592 62.015 60.634 62.320 59.354
60.240 60.308 60.410 62.380 60.417 62.103 62.175 58.379 57.995 60.248 58.384 54.930 56.379 57.856 54.444 52.926 50.961 52.784 50.325 47.718 44.397 46.426 47.483 51.278 53.317 53.801 50.054 50.278 53.546 52.150 49.035 51.317 53.607 50.966 48.999 52.040 55.195 56.114 56.276 54.905 55.013 52.847 50.142 47.869 45.711 42.422 40.636 37.723 40.411 40.598 43.925 44.907 47.697 50.558 51.581 48.032 46.544 43.969 41.330 41.067 37.296 36.570 39.810 42.415 42.901 45.148 44.214 43.214 39.896 36.951 34.144 36.594 35.613 39.171 38.096 41.806 42.732 45.711 47.057 47.008 50.818 51.247 50.128 53.177 55.785 58.534 57.304 54.236 53.067 50.133 49.031 49.308 47.399 44.572 44.617 44.286 40.993 39.727 40.612 38.890 35.566 34.364 35.917 39.451 41.824 39.299 38.507 41.759 41.644 45.467 45.449 42.847 44.875 48.468 48.755 46.114 47.820 51.296 54.441 53.517 56.571 58.758 57.603 59.418 62.297 65.721 64.322 65.954 62.941
61.440 61.653 61.632 63.645 61.685 63.178 63.158 59.384 58.918 60.980 59.075 55.635 56.924 58.244 54.813 53.231 51.503 53.331 50.815 48.129 44.805 46.950 48.256 52.072 54.170 54.901 51.217 51.357 54.751 53.574 50.459 52.690 55.168 52.709 50.655 53.637 56.842 57.527 57.700 56.133 56.363 54.392 51.753 49.696 47.610 44.459 42.883 39.796 42.290 42.275 45.545 46.450 49.035 51.816 52.828 49.302 47.978 45.205 42.697 42.312 38.608 37.611 40.666 43.253 43.752 46.223 45.250 44.557 41.289 38.317 35.315 37.632 36.333 39.800 38.552 42.235 43.014 46.184 47.748 47.967 51.772 51.992 51.053 54.250 56.669 59.439 57.993 54.978 53.555 50.676 49.811 49.936 47.794 45.157 45.366 44.755 41.411 40.483 41.353 39.314 36.112 35.150 36.905 40.355 42.972 40.702 39.858 43.269 43.458 47.273 47.043 44.579 46.843 50.332 50.369 47.671 49.378 52.894 55.889 54.851 57.750 60.117 58.923 60.526 63.460 66.830 65.305 66.739 63.594
65.227 65.454 65.420 67.424 65.440 66.904 66.900 63.132 62.624 64.660 62.773 59.325 60.551 61.854 58.433 56.805 55.131 56.912 54.334 51.680 48.321 50.425 51.829 55.641 57.804 58.552 54.883 55.071 58.484 57.299 54.213 56.471 58.943 56.477 54.447 57.439 60.637 61.326 61.504 59.925 60.146 58.186 55.527 53.457 51.327 48.167 46.517 43.446 45.928 45.990 49.292 50.236 52.818 55.608 56.625 53.097 51.782 48.999 46.486 46.058 42.351 41.368 44.406 46.956 47.395 49.867 48.801 48.129 44.916 41.872 38.910 41.289 39.987 43.454 42.212 45.891 46.594 49.806 51.384 51.674 55.469 55.684 54.798 58.007 60.404 63.189 61.708 58.708 57.229 54.362 53.551 53.641 51.449 48.862 49.095 48.412 45.073 44.214 45.041 42.932 39.786 38.825 40.540 44.005 46.670 44.402 43.620 47.041 47.205 51.018 50.762 48.251 50.495 54.001 54.027 51.270 52.884 56.441 59.433 58.463 61.335 63.737 62.604 64.185 67.087 70.474 68.969 70.374 67.203
67.136 67.516 67.428 69.500 67.563 68.887 68.770 65.026 64.500 66.365 64.410 61.009 62.136 63.269 59.826 58.201 56.741 58.561 55.984 53.247 49.934 52.155 53.723 57.538 59.700 60.651 57.037 57.112 60.602 59.605 56.498 58.668 61.288 58.961 56.829 59.735 62.991 63.497 63.629 61.876 62.140 60.355 57.713 55.812 53.688 50.654 49.123 45.917 48.211 48.183 51.463 52.412 54.830 57.585 58.648 55.175 53.942 51.004 48.558 47.968 44.324 43.201 46.092 48.552 48.918 51.525 50.357 49.927 46.814 43.714 40.664 42.988 41.497 44.888 43.592 47.239 47.746 51.082 52.781 53.320 57.080 57.170 56.482 59.780 62.027 64.858 63.225 60.313 58.630 55.785 55.202 55.223 52.834 50.395 50.814 49.944 46.556 45.980 46.855 44.523 41.467 40.752 42.652 46.011 48.825 46.763 45.886 49.395 49.784 53.585 53.219 50.844 53.241 56.665 56.532 53.775 55.425 58.984 61.859 60.775 63.528 66.048 64.850 66.266 69.227 72.550 70.922 72.160 68.890
68.514 68.808 68.519 70.454 68.367 69.541 69.551 65.847 65.106 66.925 65.124 61.656 62.561 63.758 60.413 58.577 57.181 58.800 56.053 53.456 50.044 52.115 53.909 57.692 60.042 61.044 57.501 57.747 61.308 60.328 57.361 59.672 62.302 60.061 58.071 61.069 64.230 64.662 64.993 63.266 63.744 61.969 59.489 57.652 55.719 52.677 51.308 48.133 50.493 50.243 53.394 54.105 56.448 59.040 59.893 56.355 55.355 52.422 50.178 49.782 46.201 44.829 47.587 50.215 50.822 53.570 52.604 52.269 49.060 46.110 42.920 45.015 43.304 46.564 44.989 48.535 49.207 52.629 54.535 55.058 58.837 58.718 57.942 61.332 63.468 66.168 64.395 61.401 59.632 56.956 56.352 56.119 53.725 51.459 51.729 50.627 47.369 46.890 47.490 45.021 42.176 41.338 43.083 46.464 49.438 47.455 46.822 50.415 50.877 54.633 54.021 51.582 54.082 57.454 57.129 54.206 55.647 59.291 62.077 61.110 63.741 66.393 65.362 66.665 69.528 72.881 71.324 72.484 69.168
72.197 72.455 72.175 74.080 71.958 73.151 73.212 69.507 68.736 70.586 68.824 65.336 66.219 67.453 64.127 62.253 60.837 62.400 59.603 57.065 53.617 55.609 57.428 61.201 63.607 64.555 61.010 61.334 64.883 63.833 60.898 63.260 65.835 63.539 61.603 64.637 67.776 68.272 68.620 66.938 67.390 65.565 63.057 61.148 59.169 56.074 54.595 51.473 53.886 53.739 56.932 57.685 60.084 62.700 63.547 59.992 58.965 56.073 53.794 53.407 49.797 48.494 51.292 53.914 54.482 57.183 56.161 55.762 52.570 49.568 46.444 48.622 46.981 50.272 48.733 52.288 52.952 56.364 58.235 58.742 62.524 62.446 61.657 65.026 67.194 69.896 68.142 65.136 63.386 60.710 60.080 59.845 57.473 55.200 55.434 54.337 51.100 50.583 51.137 48.692 45.862 44.945 46.595 50.020 52.978 50.925 50.371 53.939 54.303 58.063 57.470 54.945 57.372 60.787 60.509 57.537 58.883 62.559 65.380 64.513 67.159 69.801 68.847 70.185 72.996 76.384 74.887 76.073 72.770
