40.317 39.344 39.635 41.078 39.020 41.474 42.134 38.452 38.346 41.483 40.121 36.792 38.948 41.259 38.305 37.194 34.028 35.560 33.768 31.957 29.243 30.339 29.632 32.887 34.330 33.479 29.695 30.351 32.727 30.323 27.497 30.061 31.304 28.041 26.850 30.261 32.822 34.673 35.255 35.125 35.273 32.160 29.947 26.981 25.704 22.033 20.682 19.195 22.867 22.647 25.031 25.192 28.633 31.124 31.508 27.955 26.249 25.203 22.884 24.385 21.283 21.413 24.640 27.593 29.071 30.212 30.858 28.702 25.028 23.858 22.258 23.626 23.782 26.580 25.876 28.600 31.021 32.436 32.953 30.995 34.494 35.369 32.837 34.991 38.180 40.188 40.011 36.636 37.022 34.472 31.849 32.529 32.415 29.090 27.693 28.961 26.838 23.642 24.137 24.952 21.697 20.417 18.648 21.946 22.459 18.833 18.598 20.616 18.875 22.417 23.357 20.365 21.083 24.928 26.348 24.389 26.387 29.228 32.859 32.179 35.794 37.001 35.998 38.739 41.231 44.716 43.994 46.605 44.495
41.836 41.117 41.290 42.876 40.813 43.045 43.553 39.799 39.600 42.530 41.031 37.616 39.627 41.752 38.637 37.408 34.484 36.123 34.143 32.081 29.160 30.549 30.266 33.740 35.348 34.883 31.051 31.570 34.260 32.158 29.202 31.733 33.351 30.303 28.857 32.221 34.978 36.502 37.033 36.543 36.789 33.919 31.625 28.899 27.494 23.917 22.656 20.600 24.045 23.707 26.323 26.573 29.839 32.408 32.903 29.265 27.678 26.136 23.763 24.911 21.543 21.280 24.591 27.647 29.058 30.591 30.998 29.172 25.414 23.850 21.758 23.300 23.019 26.065 25.134 28.157 30.396 32.226 33.035 31.483 35.148 35.830 33.560 36.029 39.067 41.244 40.760 37.386 37.377 34.728 32.413 32.945 32.393 29.132 28.025 28.897 26.434 23.605 24.201 24.421 20.977 19.668 18.610 22.199 23.318 19.958 19.514 22.080 20.926 24.637 25.224 22.339 23.588 27.373 28.381 26.202 28.234 31.283 34.779 33.922 37.391 38.914 37.833 40.318 42.961 46.445 45.518 47.902 45.543
45.384 44.613 44.639 46.107 43.890 46.002 46.645 42.907 42.489 45.394 44.023 40.509 42.300 44.487 41.408 39.939 37.082 38.523 36.273 34.319 31.163 32.409 32.464 35.984 37.877 37.446 33.645 34.404 37.199 35.060 32.261 34.969 36.571 33.561 32.286 35.734 38.399 39.895 40.577 40.094 40.461 37.609 35.385 32.684 31.312 27.729 26.408 24.354 27.786 27.476 30.107 30.296 33.500 35.988 36.352 32.650 31.248 29.653 27.395 28.528 25.123 24.650 27.901 31.051 32.493 34.177 34.498 32.770 29.011 27.277 25.027 26.659 26.138 29.244 28.092 31.187 33.413 35.458 36.452 35.035 38.739 39.289 37.048 39.620 42.572 44.705 44.081 40.646 40.491 37.926 35.672 35.974 35.304 32.187 31.024 31.582 29.118 26.474 26.791 26.695 23.351 21.647 20.942 24.533 25.966 22.639 22.554 25.264 24.140 27.803 28.125 25.036 26.330 30.121 30.985 28.505 30.186 33.446 36.941 36.317 39.708 41.379 40.534 42.950 45.478 49.047 48.222 50.558 48.139
47.223 46.712 46.743 48.390 46.260 48.239 48.686 44.902 44.514 47.227 45.677 42.166 43.905 45.863 42.637 41.180 38.567 40.169 37.869 35.667 32.450 33.998 34.329 37.976 39.888 39.770 35.955 36.498 39.472 37.596 34.655 37.220 39.096 36.226 34.685 38.016 40.870 42.137 42.665 41.880 42.210 39.563 37.198 34.653 33.076 29.577 28.213 25.769 28.970 28.719 31.577 31.975 35.052 37.668 38.233 34.545 33.120 31.161 28.780 29.500 25.917 25.297 28.604 31.674 32.902 34.813 34.819 33.329 29.608 27.497 24.975 26.849 26.093 29.404 28.228 31.564 33.485 35.829 36.961 35.919 39.709 40.197 38.253 41.013 43.866 46.191 45.375 42.019 41.558 38.861 36.924 37.221 36.173 33.094 32.292 32.603 29.835 27.560 28.102 27.540 24.072 22.567 22.463 26.185 27.977 24.920 24.522 27.509 26.776 30.530 30.747 27.846 29.422 33.154 33.809 31.305 33.093 36.409 39.787 38.968 42.250 44.101 43.118 45.348 48.022 51.543 50.517 52.669 50.068
50.568 50.045 49.918 51.477 49.219 51.049 51.586 47.819 47.230 49.874 48.425 44.836 46.352 48.324 45.134 43.461 40.963 42.398 39.870 37.748 34.355 35.807 36.471 40.147 42.299 42.274 38.508 39.217 42.304 40.460 37.641 40.334 42.248 39.459 38.027 41.416 44.211 45.394 46.055 45.231 45.702 43.110 40.826 38.353 36.840 33.367 32.043 29.568 32.720 32.407 35.240 35.544 38.526 41.049 41.495 37.756 36.524 34.486 32.240 32.956 29.384 28.532 31.727 34.874 36.158 38.238 38.204 36.866 33.152 30.957 28.283 30.135 29.123 32.415 31.014 34.366 36.264 38.808 40.142 39.252 43.070 43.391 41.497 44.374 47.112 49.396 48.413 45.014 44.381 41.778 39.933 40.002 38.819 35.911 35.086 35.084 32.329 30.275 30.582 29.711 26.395 24.610 24.856 28.519 30.594 27.644 27.498 30.617 29.985 33.705 33.663 30.657 32.339 36.039 36.505 33.766 35.285 38.759 42.079 41.409 44.577 46.595 45.789 47.902 50.498 54.071 53.095 55.153 52.470
53.320 52.868 52.777 54.383 52.150 53.964 54.459 50.684 50.107 52.704 51.210 47.628 49.122 51.027 47.797 46.123 43.709 45.169 42.607 40.440 37.022 38.523 39.291 42.986 45.164 45.196 41.435 42.116 45.229 43.418 40.579 43.236 45.180 42.387 40.905 44.259 47.097 48.267 48.860 47.971 48.376 45.821 43.449 40.965 39.316 35.836 34.364 31.823 34.923 34.769 37.723 38.174 41.156 43.753 44.290 40.571 39.283 37.169 34.836 35.374 31.731 30.934 34.168 37.228 38.352 40.450 40.215 38.905 35.256 32.856 30.180 32.224 31.214 34.603 33.267 36.709 38.437 41.076 42.407 41.657 45.489 45.846 44.073 46.978 49.709 52.072 51.055 47.698 46.976 44.317 42.585 42.677 41.371 38.475 37.784 37.711 34.863 32.940 33.318 32.301 28.976 27.254 27.670 31.340 33.490 30.585 30.381 33.526 32.915 36.646 36.627 33.631 35.296 39.004 39.477 36.723 38.202 41.697 45.011 44.356 47.501 49.549 48.747 50.833 53.437 57.009 56.011 58.030 55.306
53.832 53.408 53.583 55.294 53.221 55.250 55.660 51.867 51.533 54.225 52.611 49.124 50.865 52.743 49.457 48.017 45.498 47.121 44.758 42.525 39.249 40.815 41.285 44.946 46.909 46.785 42.975 43.526 46.479 44.558 41.610 44.124 45.942 42.974 41.404 44.667 47.564 48.929 49.302 48.481 48.590 45.937 43.351 40.671 38.745 35.180 33.335 30.890 34.044 34.313 37.455 38.237 41.398 44.203 44.974 41.346 39.727 37.725 35.105 35.462 31.731 31.389 34.830 37.665 38.488 40.303 39.832 38.258 34.718 32.135 29.769 32.167 31.583 35.130 34.198 37.721 39.284 41.748 42.757 41.927 45.717 46.392 44.661 47.386 50.301 52.785 51.999 48.734 48.190 45.357 43.586 43.998 42.779 39.675 39.098 39.361 36.433 34.333 35.005 34.249 30.750 29.321 29.435 33.164 35.010 31.940 31.501 34.432 33.566 37.302 37.672 34.711 36.081 39.869 40.677 38.151 39.784 43.132 46.570 45.888 49.184 51.007 50.088 52.359 54.993 58.535 57.545 59.700 57.082
56.793 56.522 56.686 58.486 56.449 58.381 58.691 54.882 54.540 57.104 55.403 51.921 53.593 55.329 51.974 50.517 48.174 49.855 47.437 45.091 41.778 43.480 44.151 47.868 49.875 49.933 46.131 46.592 49.649 47.872 44.872 47.322 49.284 46.399 44.709 47.909 50.895 52.127 52.424 51.429 51.522 49.001 46.348 43.768 41.734 38.240 36.371 33.751 36.728 37.049 40.293 41.189 44.254 47.112 47.984 44.375 42.768 40.574 37.917 38.029 34.248 33.819 37.231 39.979 40.644 42.585 41.888 40.491 37.040 34.238 31.763 34.284 33.558 37.170 36.229 39.850 41.182 43.830 44.929 44.363 48.175 48.799 47.274 50.104 52.934 55.524 54.608 51.405 50.656 47.770 46.216 46.597 45.143 42.112 41.748 41.827 38.756 36.919 37.674 36.630 33.139 31.799 32.256 36.004 38.054 35.140 34.592 37.656 36.987 40.756 41.043 38.157 39.669 43.429 44.111 41.540 43.180 46.579 49.950 49.196 52.413 54.355 53.393 55.545 58.242 61.764 60.671 62.703 59.972
58.299 58.133 58.128 59.935 57.841 59.566 59.839 56.036 55.550 57.950 56.251 52.729 54.201 55.830 52.464 50.869 48.734 50.370 47.815 45.420 42.022 43.800 44.784 48.551 50.695 50.992 47.236 47.686 50.908 49.319 46.342 48.814 50.964 48.254 46.518 49.713 52.734 53.738 54.107 52.936 53.200 50.845 48.276 45.898 43.960 40.575 38.930 36.122 38.940 39.025 42.218 42.991 45.868 48.632 49.441 45.802 44.404 42.001 39.497 39.540 35.789 35.023 38.273 41.083 41.821 44.027 43.325 42.230 38.776 35.952 33.209 35.578 34.489 38.032 36.842 40.470 41.723 44.604 45.967 45.647 49.492 49.878 48.485 51.498 54.145 56.737 55.580 52.378 51.369 48.554 47.195 47.364 45.683 42.843 42.578 42.325 39.204 37.682 38.338 36.933 33.570 32.164 33.045 36.747 39.109 36.427 35.913 39.186 38.820 42.607 42.611 39.785 41.576 45.258 45.649 42.935 44.510 48.013 51.247 50.433 53.494 55.654 54.712 56.654 59.388 62.899 61.711 63.559 60.680
61.318 61.292 61.286 63.173 61.125 62.767 62.941 59.137 58.656 60.935 59.157 55.661 57.075 58.563 55.149 53.561 51.593 53.281 50.707 48.221 44.827 46.718 47.854 51.648 53.804 54.256 50.521 50.881 54.172 52.712 49.695 52.093 54.357 51.721 49.882 53.007 56.100 56.990 57.283 55.963 56.204 53.971 51.348 49.060 47.033 43.722 42.058 39.128 41.784 41.919 45.182 46.055 48.839 51.641 52.544 48.941 47.548 45.000 42.472 42.304 38.543 37.729 40.925 43.626 44.214 46.505 45.608 44.673 41.327 38.348 35.554 38.002 36.816 40.373 39.202 42.875 43.905 46.918 48.342 48.255 52.093 52.440 51.239 54.323 56.887 59.567 58.303 55.177 53.995 51.144 49.987 50.140 48.265 45.504 45.433 45.037 41.817 40.529 41.266 39.642 36.320 35.027 36.162 39.845 42.341 39.799 39.184 42.534 42.319 46.121 46.075 43.328 45.217 48.869 49.168 46.442 48.033 51.557 54.727 53.845 56.833 59.081 58.093 59.929 62.717 66.196 64.915 66.649 63.678
61.691 61.802 61.654 63.576 61.523 62.961 63.050 59.269 58.695 60.781 58.973 55.482 56.729 58.063 54.640 52.978 51.245 52.933 50.298 47.735 44.335 46.345 47.733 51.548 53.763 54.471 50.802 51.079 54.502 53.271 50.259 52.612 55.072 52.634 50.712 53.783 56.918 57.561 57.883 56.370 56.758 54.722 52.185 50.126 48.198 45.032 43.613 40.505 42.966 42.861 46.048 46.811 49.379 52.084 52.954 49.368 48.162 45.416 43.043 42.780 39.094 37.978 40.979 43.686 44.323 46.852 45.961 45.342 42.027 39.069 36.049 38.308 36.794 40.232 38.860 42.497 43.414 46.616 48.275 48.441 52.276 52.394 51.353 54.594 56.959 59.643 58.155 55.072 53.638 50.858 49.924 49.905 47.807 45.246 45.317 44.630 41.371 40.417 41.117 39.171 35.996 34.751 36.274 39.872 42.615 40.348 39.689 43.196 43.305 47.099 46.817 44.205 46.361 49.905 49.928 47.141 48.742 52.305 55.313 54.307 57.129 59.565 58.536 60.151 63.000 66.427 65.014 66.547 63.439
63.998 64.273 64.098 66.102 64.109 65.425 65.391 61.627 61.056 62.977 61.087 57.645 58.811 59.966 56.511 54.868 53.348 55.093 52.465 49.805 46.451 48.593 50.136 53.957 56.161 57.065 53.444 53.598 57.092 56.041 52.994 55.248 57.849 55.535 53.498 56.474 59.678 60.154 60.404 58.717 59.115 57.247 54.695 52.786 50.820 47.773 46.419 43.181 45.442 45.308 48.509 49.324 51.742 54.444 55.390 51.863 50.706 47.803 45.460 44.998 41.357 40.140 43.020 45.608 46.126 48.767 47.729 47.334 44.140 41.097 38.008 40.249 38.593 41.972 40.589 44.217 44.901 48.230 49.984 50.410 54.213 54.239 53.413 56.734 58.965 61.717 60.092 57.107 55.473 52.690 51.993 51.932 49.628 47.196 47.477 46.619 43.289 42.619 43.395 41.220 38.137 37.043 38.834 42.369 45.246 43.176 42.401 45.980 46.297 50.086 49.722 47.238 49.531 53.010 52.896 50.119 51.762 55.324 58.228 57.110 59.825 62.365 61.264 62.729 65.646 69.013 67.473 68.852 65.643
63.195 63.683 63.515 65.653 63.791 64.996 64.764 61.023 60.531 62.263 60.226 56.881 58.033 58.955 55.444 53.912 52.615 54.509 51.990 49.160 45.932 48.302 49.907 53.729 55.814 56.946 53.373 53.293 56.837 56.030 52.901 54.968 57.750 55.598 53.375 56.193 59.495 59.759 59.881 57.976 58.365 56.715 54.152 52.453 50.464 47.601 46.393 42.990 44.975 44.754 47.938 48.808 51.030 53.728 54.797 51.373 50.245 47.158 44.849 44.144 40.584 39.261 41.993 44.419 44.803 47.560 46.396 46.272 43.216 40.134 36.957 39.125 37.319 40.611 39.254 42.862 43.283 46.710 48.540 49.242 52.991 52.930 52.351 55.740 57.824 60.661 58.914 56.067 54.242 51.429 51.001 50.958 48.440 46.117 46.674 45.702 42.272 41.899 42.855 40.484 37.459 36.664 38.712 42.182 45.146 43.330 42.313 45.946 46.544 50.316 49.907 47.658 50.122 53.497 53.242 50.573 52.387 55.879 58.654 57.311 59.923 62.534 61.258 62.563 65.605 68.864 67.133 68.348 65.044
62.275 62.778 62.404 64.472 62.533 63.532 63.321 59.634 58.976 60.565 58.608 55.245 56.181 57.050 53.607 51.930 50.802 52.585 49.973 47.182 43.935 46.294 48.132 51.924 54.113 55.419 51.945 51.895 55.530 54.881 51.849 53.950 56.838 54.875 52.698 55.518 58.765 58.833 59.097 57.115 57.732 56.209 53.831 52.328 50.562 47.811 46.899 43.448 45.354 44.807 47.809 48.427 50.454 52.961 53.863 50.433 49.572 46.406 44.351 43.753 40.329 38.667 41.159 43.693 44.299 47.266 46.307 46.420 43.322 40.433 37.059 38.894 36.759 39.843 38.182 41.656 42.153 45.700 47.791 48.591 52.325 51.988 51.424 54.935 56.824 59.553 57.608 54.742 52.747 50.103 49.773 49.478 46.864 44.775 45.305 44.046 40.707 40.577 41.345 38.742 35.949 35.063 37.388 40.704 43.862 42.283 41.377 45.106 45.943 49.651 48.965 46.796 49.467 52.711 52.187 49.432 51.161 54.682 57.291 55.917 58.353 61.125 59.901 61.007 64.031 67.255 65.480 66.534 63.146
60.875 61.160 60.717 62.633 60.544 61.605 61.594 57.893 57.117 58.870 57.077 53.607 54.519 55.624 52.249 50.428 49.093 50.713 47.980 45.354 41.973 44.120 45.933 49.727 52.047 53.173 49.668 49.845 53.459 52.618 49.685 51.977 54.726 52.666 50.678 53.657 56.794 57.008 57.448 55.663 56.370 54.664 52.368 50.727 49.080 46.190 45.275 41.961 44.113 43.502 46.446 46.903 49.064 51.509 52.229 48.687 47.886 44.875 42.875 42.579 39.116 37.433 40.006 42.765 43.611 46.534 45.809 45.721 42.441 39.686 36.308 38.081 35.981 39.093 37.296 40.757 41.590 45.061 47.155 47.672 51.465 51.130 50.292 53.773 55.762 58.365 56.495 53.470 51.641 49.071 48.470 48.089 45.684 43.529 43.755 42.548 39.332 38.942 39.479 37.025 34.211 32.999 35.144 38.498 41.626 39.870 39.217 42.934 43.590 47.299 46.568 44.210 46.801 50.101 49.624 46.749 48.324 51.915 54.602 53.411 55.908 58.651 57.592 58.807 61.718 65.037 63.432 64.617 61.306
57.233 57.461 56.982 58.864 56.754 57.825 57.844 54.141 53.353 55.147 53.383 49.891 50.827 51.994 48.630 46.797 45.387 47.005 44.287 41.665 38.276 40.424 42.176 45.977 48.280 49.380 45.867 46.052 49.661 48.814 45.890 48.203 50.948 48.910 46.948 49.949 53.056 53.265 53.761 52.018 52.791 51.062 48.840 47.224 45.693 42.820 42.042 38.753 40.936 40.171 43.021 43.352 45.501 47.885 48.530 44.964 44.221 41.241 39.317 39.153 35.729 33.950 36.497 39.363 40.366 43.312 42.769 42.664 39.301 36.698 33.261 34.876 32.713 35.780 33.880 37.310 38.311 41.745 43.873 44.274 48.081 47.703 46.754 50.236 52.234 54.777 52.925 49.846 48.079 45.542 44.846 44.433 42.105 39.927 40.056 38.876 35.695 35.227 35.717 33.314 30.479 29.221 31.339 34.700 37.821 36.075 35.440 39.167 39.860 43.552 42.781 40.448 43.083 46.352 45.842 42.984 44.604 48.173 50.850 49.626 52.136 54.864 53.789 55.018 57.935 61.255 59.659 60.879 57.594
55.178 55.249 54.865 56.700 54.561 55.822 55.944 52.200 51.473 53.476 51.755 48.222 49.320 50.676 47.314 45.524 43.843 45.456 42.773 40.221 36.798 38.833 40.339 44.154 46.422 47.278 43.675 43.956 47.473 46.405 43.466 45.862 48.448 46.230 44.350 47.444 50.515 50.942 51.456 49.900 50.591 48.661 46.393 44.577 43.019 39.998 39.087 35.925 38.324 37.666 40.557 40.909 43.265 45.718 46.346 42.719 41.840 39.029 36.991 36.994 33.480 31.896 34.646 37.601 38.657 41.430 40.977 40.585 37.111 34.545 31.226 32.947 31.024 34.216 32.425 35.910 37.121 40.384 42.333 42.446 46.292 46.090 44.926 48.294 50.486 53.002 51.349 48.181 46.667 44.073 43.109 42.828 40.737 38.343 38.275 37.371 34.223 33.379 33.868 31.781 28.753 27.379 29.129 32.628 35.555 33.530 32.957 36.599 37.026 40.760 40.157 37.677 40.133 43.514 43.220 40.384 42.018 45.582 48.419 47.292 49.973 52.550 51.509 52.950 55.822 59.211 57.739 59.162 56.000
51.905 51.846 51.411 53.160 50.956 52.252 52.469 48.726 47.957 50.055 48.419 44.843 45.963 47.456 44.141 42.309 40.479 42.031 39.341 36.865 33.411 35.356 36.763 40.572 42.855 43.611 39.991 40.357 43.849 42.702 39.809 42.289 44.812 42.579 40.796 43.962 46.959 47.436 48.062 46.623 47.402 45.389 43.230 41.394 40.000 36.960 36.194 33.133 35.637 34.805 37.560 37.726 40.112 42.474 42.965 39.286 38.482 35.778 33.845 34.100 30.642 28.978 31.713 34.830 36.117 38.865 38.676 38.199 34.611 32.281 28.954 30.466 28.532 31.646 29.734 33.142 34.630 37.786 39.743 39.637 43.491 43.255 41.892 45.229 47.458 49.863 48.267 45.007 43.627 41.102 39.948 39.617 37.700 35.267 34.984 34.153 31.113 30.071 30.428 28.496 25.448 23.904 25.499 29.017 31.895 29.799 29.343 32.973 33.358 37.073 36.424 33.898 36.362 39.734 39.434 36.581 38.215 41.775 44.634 43.537 46.256 48.797 47.794 49.291 52.128 55.546 54.140 55.644 52.542
49.788 49.647 49.405 51.189 49.056 50.590 50.815 47.029 46.444 48.728 47.045 43.497 44.877 46.474 43.128 41.475 39.399 41.059 38.535 36.055 32.687 34.610 35.639 39.441 41.554 42.070 38.352 38.687 42.038 40.700 37.715 40.170 42.546 40.113 38.315 41.503 44.521 45.222 45.749 44.456 45.048 42.860 40.576 38.532 37.016 33.844 32.882 29.918 32.592 31.960 34.815 35.125 37.733 40.239 40.834 37.152 36.093 33.546 31.398 31.702 28.138 26.806 29.790 32.875 34.082 36.590 36.393 35.615 31.977 29.630 26.496 28.199 26.625 29.893 28.259 31.734 33.305 36.237 37.915 37.559 41.423 41.452 39.953 43.131 45.579 48.024 46.677 43.403 42.294 39.640 38.274 38.209 36.512 33.811 33.450 33.015 29.959 28.530 29.069 27.544 24.241 22.813 23.922 27.595 30.156 27.768 27.194 30.680 30.780 34.553 34.213 31.619 33.853 37.349 37.353 34.649 36.430 39.903 42.935 41.845 44.767 47.087 46.012 47.744 50.590 54.029 52.687 54.394 51.430
47.342 46.982 46.635 48.250 45.982 47.548 47.959 44.195 43.494 45.915 44.410 40.796 42.145 43.960 40.730 38.968 36.693 38.184 35.603 33.316 29.892 31.581 32.509 36.272 38.464 38.804 35.083 35.628 38.932 37.437 34.577 37.206 39.447 36.977 35.392 38.716 41.584 42.382 43.114 42.026 42.765 40.443 38.343 36.250 34.994 31.781 31.002 28.261 31.108 30.254 32.880 32.895 35.548 37.890 38.237 34.480 33.565 31.230 29.273 29.990 26.556 25.136 28.046 31.341 32.874 35.316 35.486 34.586 30.833 28.848 25.784 27.169 25.618 28.700 26.900 30.187 32.138 34.893 36.583 35.919 39.761 39.725 37.939 41.053 43.532 45.786 44.509 41.107 40.187 37.686 36.044 35.862 34.442 31.743 31.021 30.663 27.847 26.132 26.375 25.110 21.882 20.103 20.893 24.542 27.011 24.472 24.204 27.638 27.599 31.328 30.891 28.151 30.353 33.857 33.859 31.068 32.746 36.252 39.328 38.367 41.332 43.614 42.670 44.483 47.226 50.724 49.526 51.342 48.472
44.337 43.883 43.680 45.307 43.107 44.871 45.288 41.507 40.970 43.548 42.019 38.451 40.031 41.941 38.719 37.135 34.636 36.217 33.838 31.570 28.295 29.950 30.472 34.187 36.180 36.303 32.517 33.013 36.167 34.520 31.588 34.185 36.293 33.675 32.089 35.430 38.294 39.269 39.944 39.006 39.626 37.157 35.015 32.777 31.519 28.227 27.410 24.812 27.804 26.996 29.597 29.631 32.447 34.851 35.237 31.488 30.394 28.245 26.181 27.055 23.627 22.464 25.512 28.799 30.359 32.572 32.874 31.728 27.930 26.118 23.268 24.626 23.397 26.475 24.889 28.117 30.217 32.696 34.146 33.198 37.012 37.165 35.212 38.164 40.809 43.044 41.993 38.579 37.934 35.373 33.509 33.542 32.385 29.480 28.629 28.661 25.919 23.816 24.194 23.397 20.012 18.378 18.591 22.319 24.421 21.634 21.257 24.522 24.244 28.007 27.834 25.079 27.099 30.681 30.934 28.328 30.195 33.570 36.767 35.769 38.898 40.968 39.933 41.941 44.696 48.188 47.035 49.021 46.291
42.681 41.934 41.609 42.998 40.623 42.439 43.113 39.383 38.697 41.453 40.175 36.550 38.078 40.262 37.225 35.514 32.776 34.099 31.664 29.705 26.405 27.681 28.039 31.655 33.747 33.595 29.826 30.639 33.685 31.793 29.065 31.901 33.772 31.084 29.832 33.344 35.974 37.110 38.051 37.410 38.195 35.553 33.658 31.348 30.424 27.106 26.491 24.280 27.450 26.431 28.699 28.369 31.231 33.401 33.461 29.652 28.742 26.946 25.159 26.555 23.381 22.194 25.067 28.519 30.417 32.482 33.189 31.895 28.052 26.696 24.055 25.030 23.906 26.674 24.961 27.870 30.363 32.577 33.998 32.685 36.411 36.505 34.217 37.037 39.709 41.685 40.745 37.204 36.818 34.480 32.282 32.174 31.403 28.549 27.232 27.383 25.031 22.580 22.533 22.153 18.998 16.929 16.562 20.146 22.020 18.982 19.118 22.207 21.638 25.303 25.030 22.025 23.920 27.533 27.836 25.108 26.787 30.206 33.489 32.716 35.911 37.902 37.074 39.208 41.796 45.367 44.430 46.565 43.981
39.470 38.618 38.425 39.818 37.521 39.532 40.206 36.478 35.968 38.870 37.578 34.031 35.791 38.057 35.063 33.560 30.613 32.021 29.851 27.940 24.885 26.105 25.984 29.492 31.328 30.947 27.137 27.879 30.735 28.696 25.904 28.691 30.414 27.588 26.349 29.875 32.481 33.788 34.687 34.217 34.908 32.126 30.246 27.821 26.986 23.640 23.108 21.140 24.407 23.346 25.466 25.068 28.059 30.233 30.294 26.518 25.458 23.921 22.108 23.749 20.721 19.800 22.686 26.088 28.052 29.853 30.769 29.266 25.436 24.408 22.069 22.859 22.080 24.686 23.201 25.917 28.563 30.428 31.601 29.977 33.618 33.874 31.403 34.026 36.836 38.753 38.049 34.515 34.430 32.081 29.651 29.756 29.303 26.291 24.813 25.397 23.217 20.374 20.442 20.645 17.471 15.657 14.531 18.056 19.414 16.118 16.152 18.971 18.119 21.804 21.823 18.835 20.531 24.211 24.782 22.312 24.243 27.464 30.846 29.998 33.349 35.101 34.154 36.477 39.082 42.621 41.718 44.015 41.586
40.377 39.192 39.013 40.140 37.714 39.888 40.857 37.226 36.643 39.773 38.750 35.222 36.976 39.515 36.741 35.187 32.003 33.118 30.948 29.439 26.441 27.170 26.807 30.090 31.975 31.146 27.411 28.539 31.111 28.670 26.170 29.160 30.426 27.380 26.594 30.249 32.546 34.210 35.296 35.242 35.915 32.874 31.134 28.463 27.781 24.326 23.634 22.226 25.737 24.858 26.774 26.257 29.401 31.432 31.266 27.538 26.485 25.467 23.778 25.762 22.943 22.340 25.139 28.482 30.506 31.989 33.064 31.258 27.497 26.689 24.734 25.506 25.060 27.509 26.154 28.626 31.438 33.010 33.979 32.015 35.510 35.895 33.160 35.507 38.426 40.122 39.663 36.083 36.339 34.160 31.429 31.534 31.493 28.510 26.668 27.475 25.682 22.559 22.301 22.966 20.089 18.029 16.314 19.468 20.338 16.718 17.347 19.630 18.095 21.543 21.730 18.383 19.491 23.279 24.213 21.701 23.266 26.462 30.039 29.619 33.097 34.601 33.958 36.538 38.865 42.486 41.918 44.448 42.268
36.772 35.497 35.373 36.491 34.126 36.423 37.379 33.768 33.318 36.537 35.514 32.072 33.995 36.582 33.880 32.507 29.182 30.358 28.459 27.006 24.295 24.978 24.178 27.325 28.948 27.960 24.220 25.258 27.661 25.143 22.600 25.542 26.708 23.602 22.846 26.512 28.763 30.510 31.607 31.691 32.368 29.258 27.640 24.978 24.538 21.185 20.811 19.689 23.138 22.039 23.638 22.901 26.047 27.969 27.725 24.047 22.973 22.228 20.689 22.978 20.476 19.996 22.603 25.880 28.044 29.328 30.694 28.827 25.143 24.789 23.097 23.491 23.251 25.374 24.146 26.308 29.271 30.510 31.323 29.100 32.464 32.893 29.992 32.169 35.133 36.720 36.424 32.860 33.363 31.254 28.335 28.562 28.824 25.800 23.787 24.935 23.395 20.006 19.781 20.973 18.254 16.478 14.119 17.013 17.345 13.585 14.183 16.117 14.354 17.783 18.172 14.898 15.893 19.707 20.812 18.582 20.459 23.423 27.027 26.457 30.033 31.353 30.562 33.257 35.625 39.192 38.610 41.239 39.179
35.679 34.143 33.680 34.475 31.838 33.987 35.238 31.733 30.951 34.233 33.549 30.033 31.696 34.527 32.081 30.452 27.025 27.808 25.764 24.708 21.980 22.190 21.381 24.384 26.233 25.084 21.440 22.919 25.298 22.651 20.489 23.757 24.767 21.835 21.560 25.365 27.267 28.946 30.474 30.768 31.836 28.759 27.625 25.217 25.358 22.306 22.488 21.668 24.900 23.350 24.393 23.063 25.912 27.349 26.587 22.892 22.377 21.923 21.031 23.780 21.751 20.893 22.979 26.390 28.955 30.302 32.082 30.409 26.804 26.902 25.200 25.054 24.565 26.214 24.643 26.366 29.643 30.759 31.772 29.411 32.614 32.721 29.592 31.737 34.491 35.720 35.341 31.665 32.255 30.535 27.435 27.261 27.819 25.120 22.638 23.608 22.595 19.188 18.275 19.702 17.564 15.329 12.624 14.960 15.150 11.391 12.964 14.681 12.922 16.007 15.820 12.249 13.399 17.091 17.894 15.322 16.881 20.015 23.611 23.277 26.798 28.212 27.714 30.371 32.554 36.206 35.812 38.463 36.472
31.955 30.453 30.140 31.082 28.625 30.937 32.013 28.470 27.972 31.299 30.452 27.062 29.021 31.775 29.302 27.996 24.479 25.528 23.902 22.716 20.403 20.807 19.463 22.357 23.759 22.560 18.855 19.976 22.211 19.593 17.167 20.255 21.304 18.298 17.818 21.597 23.614 25.321 26.719 27.034 28.027 24.920 23.817 21.454 21.772 18.886 19.432 18.797 21.832 20.073 20.828 19.348 22.195 23.616 22.918 19.272 18.620 18.360 17.550 20.499 18.797 18.114 20.009 23.266 25.872 27.019 29.003 27.311 23.830 24.324 22.893 22.419 22.168 23.514 22.179 23.629 26.938 27.724 28.535 25.979 29.065 29.269 26.053 28.052 30.879 32.112 31.900 28.284 29.089 27.328 24.109 24.194 24.979 22.166 19.664 21.084 20.211 16.573 15.952 17.925 15.870 14.286 11.018 13.056 12.546 8.668 9.837 11.135 9.184 12.443 12.635 9.339 10.533 14.279 15.292 13.278 15.538 18.250 21.803 21.048 24.682 25.892 25.014 27.768 30.143 33.678 33.118 35.828 33.903
31.265 30.202 30.031 31.389 29.188 31.409 32.060 28.360 28.095 31.186 29.915 26.523 28.638 31.040 28.225 27.097 23.805 25.343 23.800 22.030 19.682 20.785 19.641 22.837 24.075 23.405 19.578 20.066 22.619 20.502 17.563 20.272 21.899 19.065 17.825 21.415 23.936 25.302 26.313 26.112 26.960 24.069 22.597 20.354 20.284 17.349 17.886 16.584 19.505 17.650 18.812 17.649 20.532 22.339 22.105 18.362 17.415 16.459 15.215 17.778 15.694 14.846 17.061 20.406 22.885 24.293 26.055 24.534 20.911 21.150 19.428 19.039 18.634 20.238 18.925 20.736 23.869 24.916 25.820 23.554 26.886 27.112 24.177 26.479 29.332 30.942 30.543 26.983 27.456 25.339 22.414 22.704 23.009 19.948 17.937 19.318 17.853 14.303 14.356 15.948 13.316 12.246 9.371 12.147 12.183 8.611 8.400 10.605 9.593 13.333 13.605 11.004 12.825 16.351 17.057 15.269 17.981 20.620 23.926 22.641 26.145 27.558 26.244 28.748 31.475 34.881 33.914 36.393 34.202
31.294 30.476 29.988 31.415 29.135 30.963 31.490 27.742 27.228 30.040 28.697 25.148 26.984 29.233 26.281 24.893 21.850 23.448 21.628 19.569 16.919 18.388 17.783 21.287 22.787 22.679 18.840 19.196 22.221 20.602 17.630 20.335 22.480 20.143 18.708 22.185 24.810 25.621 26.734 26.113 27.304 24.806 23.500 21.768 21.841 19.241 20.150 18.376 20.876 18.589 19.683 18.294 20.704 22.330 21.992 18.141 17.699 16.123 15.239 17.625 15.559 13.820 15.744 19.403 22.147 24.101 25.903 24.920 21.263 21.438 19.177 18.457 17.299 18.781 16.851 18.727 21.958 23.433 24.865 23.009 26.464 26.223 23.485 26.211 28.733 30.378 29.516 25.883 25.864 23.812 21.178 21.038 20.897 18.047 16.134 16.875 15.177 11.970 11.806 12.753 9.984 8.597 6.244 9.628 10.744 7.810 7.459 10.730 11.020 14.635 14.065 11.831 14.533 17.663 17.550 15.447 18.157 21.013 23.992 22.439 25.650 27.532 26.154 28.229 31.124 34.509 33.291 35.450 32.943
33.761 33.267 32.818 34.446 32.277 33.934 34.243 30.458 29.961 32.515 30.960 27.406 29.129 31.082 27.914 26.483 23.798 25.576 23.586 21.179 18.291 20.191 20.148 23.834 25.451 25.741 21.947 22.082 25.311 24.003 20.935 23.422 25.837 23.633 21.903 25.191 28.034 28.621 29.501 28.506 29.584 27.308 25.720 24.062 23.705 21.028 21.615 19.272 21.712 19.627 21.235 20.295 22.648 24.545 24.547 20.743 20.165 18.022 16.758 18.459 15.872 13.880 16.167 19.853 22.316 24.633 25.991 25.224 21.462 21.035 18.280 17.974 16.403 18.406 16.318 18.788 21.669 23.683 25.342 23.989 27.649 27.367 25.036 28.040 30.476 32.409 31.296 27.759 27.290 24.999 22.825 22.681 21.910 19.048 17.739 18.012 15.659 13.060 13.327 13.224 9.879 8.566 7.901 11.697 13.618 11.237 10.420 13.988 14.618 18.267 17.678 15.604 18.356 21.462 21.205 18.999 21.573 24.563 27.428 25.804 28.842 30.934 29.497 31.339 34.336 37.671 36.268 38.198 35.473
32.096 31.985 31.527 33.425 31.488 32.941 32.878 29.077 28.734 30.964 29.096 25.640 27.398 28.964 25.586 24.347 22.010 24.181 22.415 19.546 16.899 19.419 19.489 23.202 24.551 25.345 21.666 21.224 24.604 23.858 20.602 22.649 25.495 23.684 21.524 24.464 27.528 27.660 28.305 26.854 27.976 26.103 24.504 23.303 22.952 20.688 21.645 18.973 20.824 18.406 19.935 19.012 20.944 22.852 23.090 19.420 18.937 16.238 15.079 16.354 13.898 11.281 13.303 17.016 19.521 22.206 23.545 23.265 19.620 19.267 16.220 15.486 13.360 15.194 12.806 15.411 18.167 20.451 22.391 21.440 25.151 24.641 22.641 25.908 28.127 30.247 28.874 25.461 24.617 22.176 20.411 20.287 19.038 16.194 15.438 15.471 12.637 10.552 11.480 10.802 7.063 7.009 7.463 11.041 13.266 11.844 10.127 13.868 15.379 18.834 18.127 16.797 19.847 22.553 21.958 20.093 22.948 25.680 28.193 26.117 28.904 31.124 29.337 30.850 34.095 37.226 35.464 37.115 34.195
35.166 35.278 34.961 37.005 35.184 36.609 36.403 32.602 32.342 34.427 32.411 29.029 30.748 32.085 28.593 27.407 25.342 27.596 25.760 22.760 20.033 22.691 23.065 26.816 28.213 29.134 25.481 24.968 28.361 27.677 24.371 26.285 29.169 27.296 24.988 27.812 31.013 31.137 31.544 29.903 30.784 29.004 27.092 25.798 24.975 22.562 23.045 19.984 21.853 19.878 21.938 21.563 23.577 25.781 26.358 22.796 22.035 19.112 17.495 18.079 15.132 12.760 15.199 18.626 20.595 23.424 24.181 23.965 20.298 19.230 15.834 15.818 13.560 16.062 13.901 17.070 19.225 21.908 23.845 23.328 27.142 26.779 25.173 28.511 30.737 33.112 31.669 28.419 27.320 24.660 23.286 23.312 21.646 18.812 18.605 18.441 15.226 13.717 14.945 13.687 9.950 9.987 11.144 14.707 17.096 15.625 13.878 17.542 18.866 22.427 21.906 20.460 23.366 26.225 25.751 23.808 26.553 29.397 31.959 29.937 32.694 34.959 33.169 34.630 37.897 41.004 39.173 40.720 37.712
37.993 38.116 38.036 40.140 38.386 39.994 39.789 35.967 35.838 38.020 35.956 32.622 34.458 35.796 32.279 31.190 29.076 31.335 29.490 26.551 23.782 26.318 26.642 30.389 31.790 32.516 28.793 28.359 31.633 30.722 27.361 29.278 31.988 29.832 27.502 30.353 33.622 34.012 34.237 32.673 33.229 31.287 29.048 27.410 26.126 23.396 23.254 20.048 22.199 20.843 23.403 23.546 25.895 28.421 29.257 25.725 24.557 21.733 19.609 19.853 16.467 14.793 17.740 20.874 22.329 24.935 25.199 24.668 20.960 19.265 15.911 16.800 15.034 18.112 16.526 19.980 21.742 24.415 26.028 25.550 29.411 29.418 27.925 31.123 33.560 36.104 34.845 31.682 30.685 27.837 26.486 26.797 25.142 22.144 22.084 22.147 18.862 17.256 18.627 17.511 13.754 13.646 14.494 18.189 20.369 18.460 16.762 20.252 21.060 24.780 24.636 22.904 25.471 28.609 28.504 26.528 29.194 32.121 34.905 33.057 35.974 38.106 36.369 38.023 41.238 44.398 42.657 44.321 41.383
39.557 39.940 40.130 42.463 40.960 42.645 42.195 38.374 38.517 40.592 38.287 35.123 37.126 38.207 34.574 33.771 31.824 34.321 32.677 29.565 26.991 29.720 29.968 33.672 34.854 35.650 31.951 31.241 34.419 33.615 30.110 31.727 34.478 32.288 29.701 32.312 35.751 36.138 36.003 34.257 34.467 32.642 30.083 28.415 26.680 23.978 23.458 19.980 21.917 21.048 24.003 24.710 27.089 29.915 31.172 27.834 26.306 23.344 20.817 20.392 16.778 15.596 18.768 21.423 22.246 24.766 24.443 23.916 20.368 18.067 14.679 16.286 14.803 18.294 17.290 21.007 22.151 24.891 26.256 26.097 29.947 30.234 29.117 32.249 34.749 37.566 36.386 33.455 32.379 29.270 28.224 28.886 27.013 23.912 24.356 24.573 21.051 19.697 21.549 20.378 16.597 17.024 17.939 21.549 23.566 21.731 19.665 22.960 23.726 27.435 27.617 26.056 28.448 31.595 31.678 29.919 32.716 35.524 38.317 36.353 39.287 41.314 39.396 41.058 44.368 47.426 45.555 47.176 44.230
43.260 43.661 43.903 46.235 44.714 46.414 45.992 42.171 42.284 44.359 42.066 38.890 40.834 41.902 38.264 37.397 35.502 37.932 36.161 33.087 30.382 33.045 33.455 37.197 38.504 39.271 35.550 34.955 38.143 37.251 33.776 35.458 38.141 35.850 33.316 35.955 39.390 39.867 39.692 37.962 38.062 36.205 33.526 31.725 29.772 26.949 26.044 22.574 24.599 24.136 27.289 28.222 30.686 33.601 34.925 31.595 29.984 27.064 24.419 23.831 20.137 19.211 22.423 24.911 25.452 27.881 27.208 26.605 23.183 20.494 17.268 19.342 18.043 21.643 20.789 24.557 25.453 28.274 29.567 29.550 33.376 33.766 32.772 35.869 38.390 41.271 40.096 37.211 36.077 32.939 31.983 32.647 30.690 27.639 28.136 28.254 24.709 23.456 25.205 23.887 20.161 20.328 21.354 25.026 27.138 25.155 23.277 26.566 27.124 30.883 31.116 29.354 31.628 34.908 35.086 33.189 35.834 38.769 41.654 39.831 42.796 44.846 43.026 44.724 47.987 51.096 49.275 50.898 47.933
45.118 45.641 46.147 48.617 47.282 49.129 48.576 44.760 45.104 47.189 44.755 41.710 43.834 44.795 41.108 40.469 38.585 41.155 39.545 36.415 33.846 36.557 36.801 40.497 41.631 42.322 38.591 37.859 40.909 39.979 36.415 37.913 40.515 38.110 35.452 37.938 41.454 42.052 41.605 39.857 39.625 37.765 34.830 32.899 30.574 27.732 26.402 22.908 24.834 24.924 28.346 29.735 32.307 35.452 37.075 33.895 31.957 29.094 26.140 25.170 21.397 21.035 24.395 26.482 26.511 28.654 27.511 26.728 23.534 20.421 17.543 20.212 19.432 23.200 22.895 26.719 27.227 29.906 30.849 30.928 34.674 35.394 34.599 37.525 40.168 43.220 42.226 39.510 38.459 35.146 34.294 35.272 33.311 30.139 30.865 31.229 27.617 26.346 28.367 27.203 23.436 23.848 24.688 28.345 30.227 28.155 26.087 29.158 29.521 33.261 33.826 32.114 34.145 37.476 37.911 36.189 38.920 41.755 44.718 42.873 45.923 47.815 45.891 47.695 50.989 54.049 52.200 53.880 50.978
48.842 49.404 49.949 52.433 51.100 52.944 52.388 48.574 48.903 50.965 48.523 45.477 47.554 48.479 44.780 44.105 42.285 44.823 43.130 40.006 37.358 40.046 40.418 44.143 45.358 46.057 42.318 41.643 44.711 43.747 40.201 41.725 44.299 41.846 39.212 41.696 45.213 45.849 45.360 43.598 43.287 41.437 38.428 36.442 33.979 31.109 29.544 26.110 28.014 28.369 31.878 33.409 35.999 39.192 40.870 37.709 35.731 32.876 29.874 28.784 25.017 24.759 28.095 30.058 29.891 31.970 30.569 29.785 26.763 23.454 20.760 23.620 22.915 26.683 26.448 30.286 30.602 33.340 34.245 34.463 38.167 38.942 38.271 41.176 43.808 46.915 45.907 43.243 42.123 38.791 38.038 39.010 36.961 33.843 34.633 34.905 31.265 30.098 32.065 30.772 27.046 27.328 28.281 31.966 33.933 31.804 29.840 32.922 33.190 36.948 37.530 35.708 37.675 41.075 41.556 39.745 42.373 45.290 48.301 46.540 49.597 51.517 49.649 51.459 54.732 57.818 55.986 57.649 54.718
50.841 51.416 52.184 54.727 53.512 55.523 54.929 51.122 51.621 53.763 51.262 48.299 50.536 51.460 47.753 47.232 45.330 47.930 46.346 43.239 40.665 43.315 43.506 47.188 48.287 48.834 45.073 44.364 47.287 46.204 42.621 44.054 46.481 43.882 41.227 43.629 47.157 47.976 47.310 45.635 45.051 43.122 39.934 37.772 35.046 32.127 30.175 26.885 28.789 29.627 33.288 35.135 37.867 41.217 43.077 40.015 37.775 35.073 31.856 30.609 26.830 27.040 30.494 32.201 31.709 33.456 31.767 30.716 27.902 24.397 22.159 25.375 25.150 28.975 29.131 32.954 33.104 35.636 36.211 36.369 39.980 41.056 40.439 43.144 45.920 49.111 48.315 45.750 44.792 41.354 40.568 41.782 39.839 36.597 37.438 37.959 34.330 33.016 35.116 34.039 30.260 30.621 31.317 35.013 36.750 34.464 32.437 35.311 35.320 39.047 39.920 38.075 39.775 43.237 43.984 42.302 44.960 47.798 50.915 49.202 52.370 54.117 52.215 54.176 57.431 60.505 58.717 60.492 57.660
54.350 55.015 55.743 58.311 57.089 59.010 58.379 54.576 55.021 57.067 54.541 51.572 53.707 54.541 50.811 50.231 48.470 51.057 49.383 46.237 43.598 46.293 46.679 50.401 51.589 52.252 48.504 47.802 50.806 49.796 46.223 47.666 50.167 47.621 44.950 47.336 50.884 51.616 50.941 49.166 48.603 46.773 43.584 41.501 38.751 35.896 33.941 30.631 32.412 33.264 36.923 38.790 41.426 44.758 46.636 43.583 41.411 38.611 35.444 34.085 30.347 30.432 33.780 35.430 34.847 36.685 34.839 33.971 31.294 27.716 25.451 28.641 28.253 32.027 32.110 35.944 35.916 38.594 39.269 39.649 43.234 44.232 43.774 46.549 49.223 52.458 51.546 49.029 47.903 44.475 43.859 44.989 42.876 39.749 40.701 41.026 37.341 36.244 38.299 36.986 33.275 33.577 34.524 38.219 40.135 37.925 35.951 38.926 39.024 42.767 43.533 41.659 43.442 46.910 47.563 45.779 48.366 51.289 54.378 52.675 55.783 57.635 55.757 57.631 60.901 63.979 62.146 63.827 60.909
57.403 57.942 58.725 61.223 59.942 61.970 61.455 57.640 58.062 60.235 57.788 54.773 56.929 57.894 54.195 53.557 51.667 54.162 52.413 49.374 46.643 49.187 49.543 53.268 54.534 55.028 51.239 50.697 53.646 52.443 48.919 50.474 52.815 50.114 47.571 50.044 53.527 54.453 53.812 52.198 51.561 49.574 46.338 44.058 41.233 38.236 36.023 32.915 34.890 35.974 39.681 41.606 44.406 47.777 49.623 46.527 44.276 41.636 38.401 37.162 33.384 33.642 37.092 38.776 38.186 39.855 37.987 36.881 34.220 30.629 28.588 31.891 31.695 35.506 35.633 39.465 39.535 42.126 42.687 42.910 46.486 47.608 47.035 49.714 52.503 55.709 54.910 52.342 51.344 47.919 47.156 48.309 46.322 43.130 43.927 44.333 40.708 39.429 41.371 40.175 36.432 36.518 37.293 41.043 42.888 40.464 38.663 41.565 41.392 45.146 46.014 43.949 45.537 49.111 49.934 48.084 50.543 53.516 56.728 55.203 58.404 60.182 58.425 60.436 63.618 66.771 65.072 66.872 64.022
57.962 58.565 59.586 62.179 61.077 63.256 62.639 58.849 59.494 61.704 59.154 56.269 58.618 59.527 55.812 55.398 53.457 56.077 54.520 51.446 48.870 51.451 51.572 55.233 56.296 56.686 52.903 52.228 55.015 53.775 50.193 51.570 53.805 51.028 48.408 50.724 54.229 55.272 54.410 52.838 51.926 49.929 46.543 44.180 41.138 38.203 35.736 32.767 34.608 36.077 39.862 42.076 44.936 48.438 50.492 47.549 45.052 42.534 39.125 37.691 33.973 34.636 38.140 39.534 38.629 39.980 37.867 36.573 34.165 30.481 28.862 32.389 32.611 36.425 36.941 40.733 40.619 42.980 43.215 43.403 46.852 48.254 47.775 50.245 53.141 56.433 55.847 53.420 52.577 49.042 48.289 49.714 47.819 44.511 45.421 46.097 42.470 41.091 43.245 42.270 38.476 38.787 39.336 43.056 44.647 42.172 40.198 42.877 42.560 46.239 47.394 45.433 46.806 50.363 51.410 49.778 52.355 55.175 58.434 56.862 60.142 61.734 59.863 61.986 65.189 68.277 66.566 68.449 65.700
54.786 55.541 56.619 59.325 58.365 60.512 59.734 55.969 56.742 58.847 56.176 53.400 55.821 56.580 52.834 52.586 50.742 53.506 52.119 48.934 46.529 49.262 49.292 52.913 53.800 54.302 50.565 49.672 52.430 51.362 47.706 48.886 51.226 48.568 45.784 47.939 51.520 52.428 51.428 49.719 48.748 46.899 43.484 41.275 38.198 35.429 33.097 29.977 31.562 32.993 36.777 39.080 41.812 45.340 47.526 44.700 42.160 39.547 36.117 34.469 30.816 31.530 34.965 36.176 35.118 36.471 34.255 33.091 30.786 27.049 25.435 28.983 29.255 33.032 33.716 37.480 37.184 39.501 39.675 39.991 43.389 44.812 44.486 46.946 49.786 53.146 52.555 50.244 49.360 45.771 45.160 46.697 44.736 41.434 42.544 43.282 39.609 38.348 40.710 39.748 35.968 36.594 37.181 40.824 42.350 40.059 37.836 40.468 40.346 43.977 45.169 43.449 44.908 48.352 49.337 47.875 50.632 53.328 56.486 54.719 57.944 59.517 57.475 59.517 62.814 65.796 63.951 65.757 62.994
52.191 52.917 54.174 56.911 56.075 58.375 57.561 53.827 54.779 56.966 54.262 51.588 54.191 54.979 51.261 51.198 49.231 52.066 50.874 47.717 45.477 48.179 47.921 51.446 52.135 52.485 48.768 47.788 50.363 49.228 45.550 46.595 48.801 46.072 43.261 45.308 48.874 49.914 48.781 47.180 46.017 44.096 40.595 38.282 35.084 32.329 29.829 26.838 28.399 30.099 33.916 36.396 39.222 42.830 45.130 42.419 39.680 37.243 33.686 31.995 28.396 29.493 32.999 34.037 32.836 33.884 31.630 30.187 27.974 24.247 23.009 26.705 27.409 31.174 32.174 35.857 35.575 37.606 37.481 37.598 40.911 42.574 42.189 44.445 47.419 50.786 50.423 48.177 47.525 43.882 43.153 44.919 43.159 39.725 40.818 41.868 38.273 36.804 39.311 38.672 34.860 35.663 35.922 39.499 40.717 38.367 36.011 38.391 38.114 41.650 43.101 41.490 42.741 46.140 47.328 46.094 48.960 51.480 54.666 52.866 56.165 57.537 55.412 57.576 60.863 63.787 61.973 63.892 61.266
49.550 50.419 51.581 54.388 53.588 55.745 54.815 51.086 52.029 54.066 51.285 48.642 51.193 51.835 48.081 48.053 46.244 49.162 48.021 44.754 42.594 45.450 45.268 48.798 49.437 49.993 46.320 45.185 47.849 46.936 43.211 44.158 46.562 44.019 41.073 43.044 46.687 47.489 46.343 44.541 43.495 41.761 38.321 36.250 33.155 30.561 28.403 25.132 26.457 27.837 31.610 34.003 36.632 40.192 42.512 39.827 37.206 34.555 31.083 29.243 25.667 26.533 29.924 30.936 29.745 31.040 28.796 27.674 25.411 21.651 20.079 23.673 24.128 27.873 28.814 32.514 32.111 34.277 34.316 34.644 37.996 39.487 39.241 41.645 44.477 47.882 47.353 45.149 44.320 40.675 40.127 41.837 39.910 36.561 37.832 38.755 35.089 33.847 36.460 35.659 31.900 32.919 33.397 36.907 38.241 36.138 33.619 36.109 36.160 39.694 40.985 39.565 41.061 44.347 45.310 44.107 47.079 49.574 52.618 50.642 53.823 55.310 53.078 55.072 58.449 61.305 59.345 61.117 58.396
47.420 48.167 49.116 51.818 50.840 52.907 52.102 48.334 49.089 51.155 48.482 45.702 48.131 48.887 45.147 44.929 43.079 45.894 44.613 41.387 39.105 41.916 41.847 45.430 46.218 46.808 43.108 42.096 44.883 43.957 40.270 41.395 43.868 41.357 38.490 40.641 44.258 45.002 44.085 42.301 41.522 39.726 36.434 34.388 31.529 28.815 26.917 23.510 25.079 26.032 29.737 31.818 34.459 37.907 40.009 37.149 34.727 31.996 28.654 27.085 23.388 23.892 27.326 28.699 27.908 29.499 27.627 26.590 23.944 20.333 18.264 21.645 21.729 25.546 26.114 29.887 29.790 32.128 32.459 32.684 36.200 37.449 37.002 39.589 42.383 45.681 45.005 42.618 41.729 38.174 37.507 38.998 37.069 33.747 34.843 35.616 31.957 30.678 33.130 32.242 28.462 29.319 29.878 33.439 34.923 32.819 30.416 33.088 33.231 36.847 37.922 36.412 38.076 41.386 42.190 40.832 43.743 46.341 49.366 47.425 50.574 52.185 50.045 51.988 55.343 58.270 56.346 58.099 55.322
46.466 47.383 48.153 50.907 49.926 51.763 50.843 47.090 47.757 49.607 46.870 44.096 46.372 46.943 43.160 42.899 41.301 44.168 42.862 39.506 37.251 40.244 40.400 44.013 44.829 45.716 42.082 40.940 43.886 43.242 39.546 40.606 43.332 41.075 38.102 40.187 43.859 44.284 43.410 41.372 40.802 39.265 36.111 34.401 31.743 29.258 27.815 24.186 25.451 25.930 29.483 31.359 33.694 37.012 39.072 36.222 34.049 31.031 27.904 26.208 22.605 22.612 25.801 27.207 26.507 28.501 26.684 26.163 23.514 19.993 17.423 20.465 19.981 23.707 24.015 27.816 27.558 30.188 30.856 31.427 34.977 35.911 35.664 38.481 41.029 44.347 43.390 41.042 39.845 36.334 35.945 37.255 35.038 31.911 33.223 33.681 29.919 29.040 31.525 30.280 26.611 27.635 28.628 32.105 33.861 32.094 29.598 32.475 33.050 36.652 37.430 36.101 38.097 41.267 41.738 40.326 43.278 45.905 48.746 46.640 49.610 51.422 49.212 50.906 54.350 57.212 55.123 56.658 53.726
43.711 44.594 45.167 47.862 46.785 48.489 47.605 43.846 44.381 46.178 43.492 40.649 42.817 43.403 39.628 39.258 37.702 40.536 39.182 35.807 33.535 36.573 36.818 40.446 41.317 42.322 38.717 37.575 40.627 40.093 36.428 37.545 40.396 38.280 35.323 37.469 41.123 41.387 40.677 38.579 38.268 36.790 33.822 32.282 29.912 27.492 26.469 22.744 24.007 23.960 27.328 28.870 31.070 34.233 36.118 33.184 31.247 28.099 25.182 23.666 20.087 19.624 22.710 24.386 24.057 26.375 24.934 24.646 21.753 18.527 15.468 18.068 17.085 20.773 20.706 24.534 24.495 27.295 28.272 28.836 32.485 33.140 32.793 35.787 38.221 41.446 40.320 37.865 36.560 33.139 32.740 33.853 31.576 28.525 29.784 30.074 26.301 25.521 27.937 26.562 22.928 23.990 25.156 28.583 30.481 28.889 26.397 29.421 30.251 33.847 34.383 33.133 35.352 38.427 38.669 37.203 40.161 42.805 45.535 43.363 46.238 48.170 45.970 47.541 51.003 53.862 51.737 53.192 50.195
45.043 45.861 46.128 48.689 47.397 48.875 48.115 44.354 44.584 46.291 43.746 40.752 42.618 43.241 39.498 38.808 37.382 40.033 38.397 35.057 32.553 35.565 36.202 39.916 41.078 42.254 38.669 37.713 40.977 40.515 36.968 38.309 41.275 39.287 36.474 38.783 42.359 42.462 42.031 39.890 39.923 38.502 35.771 34.368 32.297 29.872 29.120 25.414 26.784 26.324 29.477 30.619 32.668 35.593 37.183 34.097 32.540 29.277 26.695 25.472 21.981 20.898 23.742 25.770 25.861 28.532 27.394 27.381 24.366 21.416 18.054 20.138 18.507 21.987 21.268 25.063 25.235 28.356 29.794 30.463 34.174 34.430 34.020 37.245 39.473 42.559 41.140 38.548 36.994 33.770 33.423 34.117 31.670 28.874 29.992 29.810 26.050 25.528 27.585 25.781 22.279 22.980 24.607 28.047 30.359 28.890 26.696 30.014 31.041 34.679 34.807 33.423 35.911 38.977 38.911 37.146 39.910 42.754 45.402 43.305 46.045 48.233 46.197 47.592 51.014 53.943 51.829 53.146 50.006
43.579 44.542 44.613 47.190 45.913 47.137 46.267 42.566 42.704 44.167 41.587 38.635 40.320 40.746 37.001 36.274 35.135 37.817 36.201 32.755 30.350 33.536 34.380 38.058 39.206 40.685 37.234 36.132 39.505 39.358 35.865 37.098 40.277 38.599 35.730 37.919 41.482 41.252 40.884 38.528 38.799 37.659 35.148 34.119 32.331 30.205 29.929 26.176 27.221 26.284 29.135 29.991 31.659 34.355 35.846 32.834 31.595 28.129 25.897 24.643 21.449 19.819 22.212 24.257 24.548 27.567 26.635 27.116 24.188 21.573 17.952 19.398 17.151 20.273 19.165 22.836 22.911 26.283 28.098 29.065 32.726 32.613 32.376 35.784 37.715 40.750 39.055 36.522 34.670 31.568 31.504 31.966 29.259 26.748 28.061 27.523 23.738 23.709 25.747 23.577 20.334 21.270 23.355 26.552 29.084 28.066 25.814 29.229 30.702 34.209 34.030 32.913 35.684 38.516 38.105 36.359 39.146 41.937 44.339 42.071 44.583 46.940 44.836 45.953 49.438 52.262 49.991 51.074 47.807
43.935 44.765 44.510 46.896 45.387 46.386 45.686 42.015 41.822 43.217 40.841 37.742 39.103 39.621 35.968 34.886 33.844 36.281 34.385 31.041 28.420 31.519 32.735 36.452 37.887 39.500 36.111 35.231 38.771 38.681 35.364 36.827 40.065 38.533 35.870 38.214 41.637 41.269 41.225 38.902 39.543 38.427 36.209 35.303 33.870 31.751 31.763 28.114 29.291 27.956 30.522 30.923 32.443 34.839 35.962 32.820 32.001 28.527 26.701 25.860 22.840 20.675 22.757 25.172 25.974 29.229 28.718 29.347 26.289 24.044 20.284 21.196 18.489 21.258 19.477 22.947 23.402 26.949 29.175 30.096 33.770 33.263 32.860 36.433 38.167 40.980 39.036 36.344 34.322 31.500 31.396 31.395 28.632 26.419 27.466 26.465 22.823 23.005 24.569 22.028 19.038 19.539 22.046 25.146 28.039 27.186 25.301 28.919 30.567 34.037 33.439 32.227 35.230 37.989 37.263 35.255 37.822 40.762 43.045 40.871 43.225 45.811 43.897 44.840 48.247 51.129 48.907 49.870 46.500
46.641 47.593 47.200 49.574 48.058 48.832 48.076 44.485 44.168 45.335 42.977 39.927 41.041 41.375 37.775 36.592 35.867 38.218 36.235 32.898 30.288 33.409 34.946 38.617 40.150 41.990 38.727 37.843 41.458 41.558 38.338 39.770 43.108 41.756 39.108 41.380 44.769 44.199 44.192 41.729 42.487 41.570 39.454 38.735 37.367 35.378 35.470 31.795 32.817 31.425 33.898 34.234 35.529 37.784 38.852 35.791 35.173 31.617 29.985 29.053 26.207 23.893 25.665 27.949 28.703 32.086 31.495 32.411 29.527 27.287 23.536 24.321 21.439 23.929 22.017 25.277 25.490 29.184 31.614 32.840 36.407 35.676 35.498 39.153 40.637 43.418 41.251 38.667 36.370 33.697 33.883 33.666 30.682 28.809 29.993 28.630 25.076 25.690 27.090 24.214 21.591 22.016 24.865 27.759 30.855 30.246 28.481 32.138 33.959 37.355 36.548 35.397 38.529 41.188 40.248 38.151 40.593 43.577 45.704 43.517 45.675 48.426 46.556 47.271 50.669 53.489 51.185 51.927 48.440
50.389 51.382 51.003 53.382 51.859 52.601 51.845 48.269 47.919 49.039 46.692 43.655 44.691 44.975 41.400 40.175 39.539 41.826 39.762 36.474 33.810 36.864 38.535 42.209 43.828 45.685 42.428 41.608 45.239 45.317 42.114 43.579 46.904 45.512 42.876 45.161 48.563 48.012 47.978 45.492 46.195 45.290 43.102 42.329 40.833 38.782 38.685 34.977 36.029 34.837 37.432 37.900 39.234 41.540 42.653 39.600 38.940 35.384 33.671 32.635 29.721 27.552 29.380 31.553 32.125 35.456 34.642 35.555 32.757 30.305 26.636 27.672 24.925 27.474 25.697 28.948 28.979 32.687 35.067 36.412 39.947 39.258 39.193 42.834 44.295 47.115 44.919 42.394 40.029 37.365 37.643 37.416 34.376 32.569 33.792 32.367 28.840 29.499 30.839 27.907 25.343 25.613 28.478 31.401 34.552 33.864 32.187 35.863 37.591 41.035 40.238 38.976 42.073 44.807 43.889 41.698 44.040 47.109 49.265 47.155 49.297 52.095 50.287 50.981 54.350 57.186 54.893 55.585 52.066
52.118 52.891 52.542 54.812 53.135 54.035 53.492 49.843 49.413 50.778 48.564 45.379 46.458 47.021 43.467 42.096 41.171 43.313 41.068 37.933 35.029 37.856 39.498 43.255 45.053 46.657 43.269 42.720 46.349 46.117 42.935 44.646 47.802 46.160 43.676 46.187 49.548 49.268 49.344 47.080 47.740 46.550 44.278 43.195 41.606 39.261 38.884 35.251 36.670 35.683 38.445 38.955 40.605 43.015 44.051 40.820 40.046 36.643 34.763 33.942 30.779 28.800 30.966 33.352 33.994 37.177 36.374 36.913 33.917 31.317 27.705 29.055 26.551 29.386 27.645 31.049 31.368 34.985 37.223 38.258 41.913 41.399 41.060 44.644 46.335 49.122 47.077 44.376 42.228 39.531 39.483 39.277 36.458 34.442 35.351 34.077 30.581 30.818 31.984 29.240 26.461 26.298 28.916 32.075 35.206 34.130 32.689 36.409 37.795 41.373 40.656 39.055 42.003 44.951 44.216 41.842 44.036 47.262 49.627 47.754 50.067 52.818 51.188 52.096 55.362 58.359 56.264 57.157 53.711
48.887 49.537 49.233 51.474 49.770 50.803 50.330 46.633 46.248 47.775 45.585 42.347 43.565 44.286 40.712 39.369 38.216 40.386 38.181 35.056 32.126 34.926 36.365 40.152 41.904 43.355 39.891 39.374 42.961 42.602 39.385 41.148 44.230 42.491 40.038 42.618 45.967 45.810 45.919 43.776 44.421 43.089 40.813 39.625 38.077 35.652 35.295 31.713 33.268 32.229 34.982 35.439 37.217 39.660 40.662 37.362 36.521 33.199 31.268 30.606 27.372 25.419 27.736 30.276 31.060 34.181 33.549 33.899 30.747 28.245 24.609 25.931 23.492 26.439 24.682 28.169 28.748 32.264 34.421 35.200 38.924 38.502 37.951 41.491 43.329 46.085 44.174 41.365 39.411 36.663 36.381 36.257 33.614 31.404 32.155 31.081 27.568 27.518 28.714 26.177 23.196 23.010 25.427 28.703 31.724 30.506 29.041 32.744 34.035 37.642 37.011 35.369 38.259 41.250 40.619 38.290 40.557 43.754 46.205 44.344 46.775 49.426 47.784 48.833 52.095 55.138 53.110 54.156 50.792
47.270 47.741 47.195 49.247 47.350 48.260 47.970 44.302 43.671 45.221 43.234 39.877 40.894 41.779 38.313 36.708 35.510 37.459 35.064 32.084 28.997 31.650 33.273 37.062 39.014 40.478 37.061 36.751 40.414 40.041 36.986 38.942 42.009 40.365 38.114 40.828 44.028 43.818 44.208 42.174 43.107 41.733 39.715 38.595 37.378 34.961 34.888 31.443 33.120 31.724 34.207 34.264 35.965 38.156 38.833 35.429 34.904 31.660 30.053 29.804 26.722 24.411 26.524 29.385 30.628 33.864 33.664 34.035 30.730 28.604 24.877 25.751 23.055 25.746 23.535 26.832 27.845 31.365 33.757 34.342 38.078 37.402 36.603 40.214 41.960 44.496 42.477 39.506 37.553 35.037 34.585 34.139 31.604 29.555 29.980 28.672 25.356 25.294 26.085 23.434 20.641 20.051 22.636 25.814 29.019 27.894 26.744 30.537 31.920 35.459 34.527 32.820 35.850 38.757 37.913 35.417 37.518 40.790 43.159 41.391 43.729 46.501 45.020 45.989 49.161 52.256 50.319 51.342 47.963
44.028 44.367 43.871 45.891 43.974 45.030 44.808 41.094 40.522 42.247 40.284 36.882 38.062 39.116 35.639 34.085 32.626 34.614 32.289 29.322 26.231 28.855 30.215 34.030 35.909 37.202 33.702 33.414 37.023 36.517 33.421 35.427 38.416 36.676 34.457 37.242 40.424 40.341 40.767 38.870 39.793 38.273 36.273 35.057 33.919 31.442 31.438 28.085 29.889 28.398 30.822 30.784 32.609 34.813 35.439 31.965 31.382 28.242 26.613 26.584 23.475 21.174 23.416 26.452 27.880 31.019 31.045 31.218 27.773 25.840 22.145 22.898 20.297 23.032 20.801 24.130 25.459 28.811 31.098 31.382 35.166 34.582 33.544 37.090 38.985 41.473 39.608 36.530 34.806 32.251 31.530 31.176 28.865 26.607 26.830 25.770 22.464 22.040 22.858 20.485 17.446 16.824 19.148 22.470 25.538 24.258 23.073 26.851 28.147 31.713 30.870 29.135 32.117 35.059 34.324 31.894 34.103 37.327 39.787 38.011 40.481 43.135 41.625 42.748 45.922 49.058 47.187 48.375 45.093
42.988 43.056 42.318 44.084 41.921 42.901 42.953 39.271 38.416 40.251 38.570 35.021 36.002 37.335 34.021 32.158 30.536 32.209 29.640 26.929 23.606 25.937 27.446 31.267 33.409 34.600 31.122 31.172 34.827 34.191 31.310 33.602 36.481 34.774 32.861 35.841 38.812 38.767 39.533 37.854 39.061 37.417 35.701 34.477 33.695 31.184 31.410 28.314 30.316 28.537 30.655 30.186 31.999 33.924 34.155 30.551 30.292 27.364 26.088 26.602 23.688 21.149 23.191 26.551 28.448 31.572 32.048 32.127 28.556 27.034 23.413 23.759 21.094 23.518 20.912 23.941 25.797 29.009 31.431 31.395 35.153 34.373 32.991 36.530 38.382 40.592 38.697 35.422 33.817 31.542 30.521 29.834 27.789 25.673 25.388 24.167 21.200 20.571 20.801 18.472 15.659 14.301 16.632 19.883 23.109 21.794 21.115 24.945 26.202 29.690 28.537 26.620 29.691 32.587 31.680 29.016 30.986 34.333 36.769 35.182 37.610 40.358 39.086 40.202 43.231 46.467 44.770 46.011 42.766
39.878 39.753 38.994 40.662 38.426 39.521 39.699 35.996 35.132 37.154 35.572 31.963 33.054 34.610 31.354 29.487 27.569 29.196 26.668 24.054 20.711 22.920 24.154 27.988 30.100 31.096 27.548 27.698 31.302 30.516 27.656 30.065 32.840 31.072 29.279 32.365 35.247 35.317 36.211 34.725 36.008 34.215 32.629 31.350 30.786 28.266 28.680 25.802 27.919 25.947 27.845 27.125 29.011 30.829 30.886 27.201 27.005 24.275 23.140 24.056 21.280 18.707 20.717 24.281 26.476 29.457 30.283 30.180 26.522 25.377 21.919 21.956 19.435 21.676 19.001 21.847 24.128 27.061 29.389 28.980 32.718 31.963 30.270 33.714 35.667 37.734 35.985 32.582 31.245 29.044 27.686 26.996 25.285 23.040 22.385 21.394 18.615 17.529 17.575 15.635 12.690 11.016 12.982 16.361 19.469 18.002 17.452 21.270 22.461 25.929 24.756 22.790 25.865 28.757 27.890 25.247 27.294 30.606 33.112 31.539 34.081 36.733 35.476 36.732 39.733 43.019 41.418 42.823 39.690
39.975 39.514 38.520 39.860 37.340 38.385 38.919 35.287 34.103 36.285 35.073 31.335 32.196 34.104 31.099 28.905 26.767 27.945 25.130 22.955 19.370 21.032 22.395 26.181 28.626 29.393 25.888 26.537 30.116 29.088 26.548 29.317 31.858 30.078 28.723 32.025 34.609 34.800 36.073 34.904 36.439 34.482 33.197 31.856 31.638 29.072 29.622 27.104 29.435 27.317 28.903 27.787 29.688 31.199 30.815 27.038 27.168 24.811 24.041 25.506 22.976 20.384 22.170 25.914 28.453 31.299 32.484 32.227 28.525 27.722 24.462 24.249 21.855 23.785 20.944 23.391 26.087 28.778 31.128 30.379 34.019 33.137 31.094 34.432 36.354 38.098 36.386 32.814 31.684 29.818 28.120 27.108 25.797 23.743 22.483 21.410 19.183 17.802 17.067 15.424 12.980 10.278 11.847 15.009 18.160 16.531 16.798 20.511 21.479 24.797 23.301 21.016 24.086 26.950 25.951 22.980 24.640 28.136 30.671 29.426 31.951 34.668 33.761 35.064 37.835 41.255 39.923 41.430 38.395
36.484 35.886 34.892 36.181 33.650 34.810 35.398 31.750 30.622 32.960 31.789 28.041 29.065 31.134 28.179 26.077 23.661 24.871 22.216 20.092 16.617 18.215 19.155 22.941 25.247 25.847 22.265 22.918 26.434 25.317 22.758 25.578 28.056 26.267 24.981 28.329 30.841 31.092 32.450 31.432 33.033 30.993 29.865 28.555 28.595 26.136 26.966 24.699 26.994 24.655 25.932 24.546 26.431 27.799 27.262 23.453 23.671 21.525 20.975 22.812 20.564 17.976 19.582 23.407 26.188 28.860 30.378 30.020 26.344 25.974 22.955 22.368 20.160 21.774 18.962 21.101 24.122 26.472 28.696 27.625 31.177 30.312 28.017 31.232 33.215 34.824 33.263 29.617 28.756 26.969 24.980 24.004 23.045 20.895 19.296 18.522 16.560 14.718 13.802 12.737 10.298 7.333 8.188 11.469 14.436 12.708 13.085 16.751 17.759 21.012 19.482 17.263 20.414 23.210 22.216 19.360 21.252 24.635 27.210 25.855 28.502 31.099 30.105 31.534 34.337 37.764 36.459 38.112 35.185
37.944 37.008 35.770 36.679 33.848 34.921 35.910 32.396 30.902 33.368 32.631 28.804 29.513 31.919 29.290 26.848 24.290 24.921 21.944 20.427 16.772 17.582 18.724 22.348 25.059 25.378 21.931 23.211 26.624 25.231 23.134 26.316 28.465 26.685 25.940 29.459 31.597 31.985 33.728 33.049 34.872 32.698 31.868 30.495 30.824 28.332 29.193 27.276 29.752 27.398 28.426 26.746 28.618 29.671 28.705 24.895 25.435 23.717 23.495 25.717 23.679 21.184 22.588 26.439 29.404 31.940 33.671 33.190 29.525 29.338 26.481 25.820 23.732 25.143 22.272 24.074 27.304 29.472 31.700 30.399 33.813 32.843 30.297 33.364 35.277 36.554 35.028 31.282 30.603 29.180 26.950 25.654 25.072 23.205 21.108 20.220 18.875 16.940 15.255 14.507 12.846 9.261 9.511 12.063 14.882 13.029 14.459 17.761 18.407 21.373 19.495 16.887 19.904 22.629 21.496 18.216 19.478 23.112 25.710 24.838 27.420 30.090 29.569 31.027 33.509 37.074 36.106 37.843 35.044
40.634 39.650 38.639 39.587 36.793 38.094 39.119 35.561 34.212 36.822 36.038 32.235 33.115 35.547 32.860 30.541 27.893 28.583 25.667 24.175 20.565 21.311 22.270 25.840 28.491 28.543 25.014 26.356 29.626 27.937 25.757 28.974 30.926 28.794 28.051 31.671 33.876 34.584 36.187 35.620 37.166 34.768 33.646 31.907 31.889 29.059 29.427 27.484 30.289 28.353 29.765 28.449 30.692 32.061 31.318 27.460 27.587 25.923 25.229 27.295 24.862 22.755 24.663 28.464 31.149 33.549 34.991 34.212 30.436 29.874 27.052 26.926 25.108 26.987 24.412 26.590 29.646 31.862 33.868 32.516 36.048 35.394 32.857 35.841 38.005 39.440 38.101 34.370 33.812 32.156 29.871 28.879 28.288 26.134 24.178 23.585 21.971 19.826 18.539 17.918 15.784 12.527 12.492 15.393 17.861 15.434 16.716 19.937 20.004 23.200 21.777 18.796 21.364 24.459 23.818 20.533 21.668 25.369 28.259 27.647 30.435 32.896 32.467 34.181 36.571 40.203 39.379 41.280 38.590
38.491 37.679 36.982 38.222 35.688 37.233 37.983 34.303 33.350 36.009 34.891 31.180 32.472 34.739 31.824 29.894 27.168 28.326 25.782 23.904 20.536 21.751 22.241 25.898 28.127 28.175 24.465 25.362 28.586 26.921 24.338 27.306 29.369 27.056 25.929 29.474 31.960 32.751 34.018 33.333 34.586 32.142 30.724 28.862 28.572 25.656 25.890 23.794 26.611 24.810 26.449 25.424 27.859 29.550 29.176 25.312 25.012 23.209 22.124 23.995 21.358 19.482 21.715 25.435 27.914 30.210 31.498 30.593 26.788 26.120 23.356 23.401 21.806 23.913 21.646 24.065 26.987 29.134 30.910 29.531 33.147 32.767 30.310 33.259 35.630 37.320 36.147 32.492 32.022 30.033 27.759 27.203 26.549 24.017 22.336 22.175 20.191 17.788 17.165 16.780 14.028 11.424 11.056 14.496 16.697 14.009 14.542 17.873 17.903 21.398 20.464 17.645 20.159 23.449 23.151 20.262 22.006 25.476 28.501 27.540 30.543 32.787 31.960 33.841 36.471 40.022 39.004 40.993 38.317
41.455 40.854 40.239 41.633 39.192 40.675 41.272 37.560 36.663 39.172 37.897 34.205 35.460 37.516 34.462 32.547 30.063 31.353 28.744 26.660 23.217 24.685 25.475 29.204 31.460 31.721 28.026 28.757 32.073 30.558 27.866 30.690 32.896 30.591 29.252 32.698 35.351 36.061 37.137 36.230 37.343 35.001 33.343 31.458 30.823 27.818 27.735 25.308 28.107 26.572 28.588 27.924 30.386 32.306 32.198 28.364 27.888 25.782 24.394 25.797 22.830 20.977 23.452 27.074 29.251 31.709 32.602 31.785 27.961 26.798 23.796 24.277 22.542 25.026 22.806 25.599 28.172 30.645 32.492 31.451 35.184 34.852 32.683 35.769 38.127 40.037 38.743 35.176 34.443 32.269 30.296 29.813 28.771 26.218 24.951 24.584 22.214 20.191 19.902 18.977 16.005 13.684 14.091 17.639 20.105 17.604 17.761 21.230 21.368 24.960 24.136 21.406 23.889 27.219 26.936 24.060 25.763 29.266 32.248 31.250 34.176 36.507 35.628 37.403 40.097 43.615 42.488 44.346 41.545
41.994 41.735 41.233 42.900 40.675 42.078 42.358 38.601 37.887 40.166 38.593 34.990 36.311 38.025 34.766 33.028 30.841 32.457 29.979 27.513 24.176 26.131 27.052 30.861 32.938 33.540 29.853 30.165 33.591 32.404 29.479 31.992 34.490 32.316 30.588 33.814 36.722 37.202 37.987 36.727 37.701 35.595 33.723 31.997 31.087 28.188 28.042 25.214 27.740 26.286 28.561 28.209 30.547 32.672 32.903 29.158 28.526 26.014 24.399 25.266 22.108 20.159 22.732 26.195 28.081 30.750 31.300 30.734 26.970 25.455 22.185 22.883 20.919 23.641 21.477 24.580 26.752 29.520 31.455 30.824 34.635 34.305 32.506 35.755 38.039 40.212 38.771 35.356 34.318 31.919 30.337 29.996 28.513 25.929 25.206 24.698 21.889 20.303 20.539 19.134 15.908 14.240 15.340 18.985 21.660 19.520 19.030 22.672 23.200 26.869 26.146 23.777 26.419 29.670 29.306 26.638 28.616 32.003 34.849 33.534 36.361 38.769 37.609 39.212 42.115 45.509 44.104 45.772 42.807
45.271 45.167 44.713 46.471 44.306 45.647 45.829 42.071 41.379 43.533 41.869 38.301 39.560 41.110 37.785 36.054 34.074 35.740 33.215 30.658 27.304 29.364 30.501 34.325 36.436 37.176 33.521 33.758 37.230 36.137 33.178 35.604 38.176 36.018 34.184 37.332 40.326 40.746 41.406 39.996 40.869 38.860 36.838 35.116 33.967 31.046 30.662 27.649 30.098 28.889 31.401 31.313 33.631 35.885 36.289 32.598 31.872 29.197 27.417 27.920 24.608 22.744 25.393 28.679 30.269 33.025 33.221 32.756 29.069 27.162 23.787 24.847 22.825 25.758 23.700 26.993 28.805 31.795 33.764 33.433 37.276 36.975 35.431 38.749 40.988 43.305 41.770 38.453 37.214 34.720 33.396 33.090 31.338 28.814 28.390 27.721 24.727 23.470 23.867 22.144 18.954 17.488 18.938 22.530 25.325 23.289 22.683 26.345 26.905 30.600 29.922 27.574 30.185 33.461 33.098 30.405 32.313 35.742 38.560 37.252 40.015 42.490 41.323 42.844 45.771 49.142 47.670 49.231 46.179
46.981 47.145 46.828 48.795 46.819 48.131 48.070 44.301 43.780 45.766 43.877 40.421 41.747 43.019 39.564 38.017 36.272 38.167 35.775 32.988 29.774 32.118 33.297 37.133 39.088 40.024 36.388 36.340 39.833 38.939 35.831 38.012 40.738 38.638 36.544 39.502 42.668 42.964 43.365 41.712 42.406 40.574 38.355 36.719 35.298 32.464 31.928 28.667 30.873 29.876 32.614 32.856 35.093 37.527 38.231 34.662 33.761 30.852 28.861 28.876 25.453 23.698 26.401 29.406 30.612 33.442 33.237 32.946 29.410 27.136 23.674 25.047 22.993 26.110 24.278 27.767 29.109 32.279 34.222 34.252 38.098 37.873 36.676 40.049 42.241 44.778 43.177 40.035 38.593 35.918 34.929 34.794 32.735 30.206 30.233 29.525 26.263 25.343 26.138 24.178 20.921 19.980 21.709 25.282 28.102 26.253 25.256 28.924 29.647 33.370 32.833 30.696 33.326 36.574 36.229 33.692 35.761 39.108 41.866 40.375 43.090 45.576 44.221 45.650 48.707 51.982 50.327 51.762 48.619
50.159 50.371 49.911 51.830 49.781 50.912 50.873 47.148 46.463 48.308 46.482 43.005 44.096 45.293 41.885 40.170 38.635 40.397 37.838 35.102 31.800 34.099 35.614 39.440 41.569 42.662 39.112 39.147 42.733 41.943 38.940 41.170 43.963 41.981 39.944 42.902 46.029 46.194 46.678 44.941 45.756 44.036 41.893 40.367 38.993 36.216 35.716 32.424 34.551 33.512 36.210 36.388 38.486 40.819 41.440 37.879 37.158 34.174 32.327 32.292 28.945 27.023 29.536 32.518 33.724 36.695 36.427 36.330 32.869 30.542 27.011 28.332 26.075 29.071 27.072 30.484 31.706 35.048 37.181 37.422 41.240 40.836 39.762 43.233 45.259 47.763 45.975 42.857 41.201 38.643 37.830 37.479 35.251 32.963 33.042 32.005 28.793 28.192 28.792 26.514 23.526 22.425 24.493 27.913 30.963 29.286 28.467 32.205 33.047 36.723 35.970 33.810 36.547 39.736 39.200 36.507 38.383 41.828 44.479 43.056 45.616 48.271 47.027 48.288 51.300 54.574 52.906 54.187 50.944
52.434 52.844 52.533 54.617 52.727 53.879 53.658 49.925 49.403 51.147 49.145 45.771 46.949 47.944 44.446 42.907 41.519 43.456 41.023 38.136 34.960 37.433 38.917 42.742 44.734 45.920 42.369 42.204 45.771 45.081 41.959 44.008 46.875 44.889 42.666 45.483 48.737 48.860 49.120 47.228 47.853 46.242 43.917 42.411 40.788 38.058 37.371 33.940 35.894 35.108 37.996 38.477 40.553 43.050 43.927 40.470 39.562 36.452 34.407 33.994 30.574 28.848 31.424 34.129 34.969 37.913 37.277 37.265 33.974 31.344 27.862 29.485 27.333 30.459 28.743 32.271 33.089 36.500 38.529 39.031 42.822 42.541 41.741 45.203 47.223 49.907 48.119 45.158 43.394 40.683 40.107 39.942 37.526 35.208 35.615 34.628 31.245 30.823 31.728 29.380 26.332 25.593 27.720 31.153 34.149 32.526 31.437 35.138 36.015 39.722 39.137 37.090 39.781 42.989 42.537 39.966 41.966 45.351 48.003 46.468 49.033 51.655 50.272 51.511 54.613 57.822 56.033 57.251 53.966
55.098 55.586 55.127 57.181 55.252 56.202 55.963 52.287 51.627 53.193 51.232 47.869 48.821 49.697 46.251 44.588 43.442 45.280 42.742 39.881 36.688 39.158 40.933 44.725 46.831 48.210 44.763 44.617 48.270 47.738 44.703 46.753 49.719 47.893 45.691 48.474 51.699 51.644 51.971 49.965 50.726 49.267 47.044 45.702 44.167 41.544 40.982 37.510 39.336 38.428 41.226 41.606 43.498 45.870 46.669 43.246 42.534 39.331 37.463 37.008 33.708 31.776 34.119 36.792 37.662 40.758 40.112 40.342 37.137 34.541 30.984 32.448 30.069 33.009 31.119 34.524 35.224 38.777 41.008 41.728 45.469 44.979 44.319 47.880 49.702 52.345 50.357 47.446 45.458 42.876 42.502 42.129 39.541 37.483 37.967 36.670 33.349 33.258 34.015 31.380 28.604 27.806 30.244 33.505 36.698 35.301 34.314 38.080 39.142 42.788 41.985 39.994 42.826 45.937 45.267 42.600 44.473 47.906 50.413 48.879 51.267 54.052 52.729 53.768 56.851 60.022 58.180 59.213 55.824
58.348 58.951 58.574 60.712 58.861 59.813 59.482 55.810 55.222 56.722 54.677 51.373 52.346 53.102 49.622 48.040 46.996 48.900 46.405 43.490 40.353 42.880 44.673 48.459 50.521 51.947 48.504 48.280 51.925 51.433 48.348 50.317 53.310 51.469 49.182 51.896 55.185 55.118 55.322 53.233 53.877 52.479 50.144 48.798 47.101 44.492 43.778 40.248 41.984 41.271 44.188 44.759 46.646 49.112 50.054 46.691 45.874 42.616 40.631 39.958 36.623 34.836 37.209 39.698 40.323 43.377 42.475 42.750 39.683 36.891 33.420 35.084 32.808 35.802 34.098 37.542 37.978 41.558 43.713 44.605 48.311 47.897 47.416 50.961 52.769 55.515 53.520 50.713 48.650 45.997 45.774 45.494 42.799 40.750 41.411 40.125 36.735 36.746 37.637 34.963 32.184 31.526 33.980 37.245 40.417 39.022 37.935 41.678 42.723 46.392 45.678 43.707 46.497 49.638 49.021 46.387 48.282 51.710 54.226 52.669 55.054 57.834 56.466 57.489 60.603 63.746 61.851 62.835 59.417
58.414 58.952 58.779 60.963 59.162 60.348 60.038 56.301 55.869 57.560 55.464 52.154 53.359 54.227 50.687 49.234 47.954 49.947 47.531 44.608 41.463 43.960 45.486 49.309 51.283 52.484 48.922 48.709 52.254 51.554 48.376 50.351 53.208 51.143 48.838 51.589 54.920 55.091 55.182 53.216 53.639 52.062 49.544 47.958 46.049 43.284 42.264 38.791 40.675 40.280 43.389 44.192 46.324 48.986 50.069 46.681 45.585 42.439 40.184 39.463 35.956 34.524 37.192 39.627 40.075 42.903 41.842 41.815 38.730 35.752 32.463 34.481 32.563 35.808 34.404 38.004 38.445 41.879 43.755 44.470 48.217 48.101 47.534 50.948 52.992 55.827 54.064 51.234 49.397 46.574 46.176 46.154 43.613 41.285 41.905 40.951 37.482 37.159 38.214 35.832 32.778 32.155 34.261 37.716 40.672 38.977 37.813 41.460 42.216 45.966 45.539 43.444 46.008 49.304 48.982 46.418 48.386 51.797 54.509 53.013 55.603 58.206 56.809 58.069 61.184 64.385 62.569 63.756 60.445
59.981 60.670 60.691 63.027 61.395 62.673 62.203 58.455 58.225 59.888 57.626 54.422 55.788 56.518 52.899 51.659 50.418 52.592 50.336 47.288 44.272 46.906 48.287 52.107 53.909 55.116 51.527 51.131 54.612 53.947 50.649 52.450 55.322 53.210 50.746 53.363 56.797 56.993 56.855 54.805 55.000 53.479 50.783 49.176 47.032 44.314 43.098 39.578 41.309 41.197 44.456 45.553 47.705 50.532 51.861 48.580 47.262 44.077 41.621 40.601 37.058 35.900 38.650 40.813 40.914 43.604 42.221 42.180 39.290 36.092 32.981 35.270 33.585 36.924 35.858 39.527 39.657 43.032 44.704 45.560 49.250 49.329 48.962 52.292 54.388 57.379 55.708 53.024 51.193 48.214 47.950 48.168 45.559 43.134 43.991 43.205 39.614 39.315 40.655 38.346 35.184 34.857 36.882 40.380 43.204 41.490 40.080 43.641 44.362 48.129 47.922 45.924 48.391 51.715 51.541 49.134 51.255 54.583 57.339 55.739 58.392 60.898 59.353 60.664 63.861 67.007 65.103 66.302 63.003
61.260 61.914 62.132 64.513 62.950 64.424 63.956 60.171 60.090 61.894 59.584 56.403 57.958 58.756 55.100 53.986 52.579 54.823 52.649 49.603 46.609 49.208 50.372 54.197 55.911 56.931 53.265 52.867 56.239 55.408 52.045 53.821 56.559 54.263 51.785 54.397 57.857 58.259 57.994 56.049 56.020 54.365 51.501 49.690 47.333 44.508 42.980 39.551 41.369 41.607 45.028 46.367 48.714 51.709 53.181 49.919 48.348 45.283 42.594 41.496 37.849 37.056 40.023 42.070 41.958 44.398 42.825 42.515 39.688 36.321 33.470 36.084 34.774 38.281 37.524 41.279 41.359 44.574 45.967 46.696 50.377 50.734 50.334 53.517 55.802 58.874 57.412 54.749 53.107 49.993 49.613 50.064 47.583 44.952 45.799 45.294 41.664 41.115 42.595 40.535 37.196 36.919 38.646 42.256 44.871 42.927 41.451 44.883 45.342 49.144 49.208 47.126 49.364 52.801 52.894 50.572 52.742 56.033 58.940 57.398 60.209 62.552 60.981 62.484 65.674 68.852 67.012 68.370 65.167
58.258 59.050 59.390 61.900 60.504 62.015 61.380 57.606 57.707 59.451 56.994 53.927 55.624 56.285 52.572 51.669 50.308 52.738 50.766 47.584 44.766 47.536 48.532 52.331 53.832 54.908 51.255 50.629 53.941 53.228 49.764 51.337 54.137 51.897 49.254 51.707 55.247 55.582 55.141 53.095 52.942 51.394 48.459 46.740 44.301 41.607 40.121 36.607 38.215 38.496 41.943 43.421 45.694 48.758 50.401 47.258 45.572 42.446 39.679 38.363 34.756 34.076 37.029 38.879 38.577 40.970 39.265 39.027 36.321 32.897 30.092 32.764 31.544 35.060 34.517 38.286 38.170 41.325 42.604 43.432 47.059 47.504 47.247 50.382 52.661 55.825 54.418 51.876 50.240 47.026 46.760 47.391 44.864 42.176 43.228 42.860 39.147 38.655 40.399 38.404 35.003 35.073 36.770 40.357 42.854 41.017 39.262 42.620 43.190 46.960 47.152 45.280 47.529 50.894 51.022 48.904 51.287 54.438 57.302 55.573 58.390 60.655 58.894 60.385 63.674 66.757 64.797 66.133 62.944
55.889 56.503 56.721 59.100 57.553 59.064 58.591 54.799 54.763 56.610 54.292 51.115 52.753 53.593 49.930 48.872 47.377 49.676 47.591 44.517 41.582 44.224 45.241 49.057 50.677 51.666 47.991 47.533 50.874 50.054 46.663 48.405 51.150 48.875 46.371 48.976 52.437 52.831 52.581 50.662 50.667 48.990 46.169 44.384 42.113 39.303 37.920 34.453 36.292 36.373 39.741 40.996 43.345 46.319 47.765 44.496 42.928 39.873 37.201 36.182 32.528 31.688 34.687 36.815 36.828 39.296 37.897 37.556 34.603 31.344 28.380 30.900 29.556 33.091 32.303 36.077 36.301 39.467 40.861 41.464 45.181 45.530 45.024 48.203 50.525 53.563 52.147 49.440 47.885 44.760 44.283 44.774 42.376 39.666 40.467 40.069 36.436 35.781 37.327 35.381 31.962 31.788 33.424 37.048 39.584 37.657 36.086 39.500 40.011 43.802 43.887 41.890 44.160 47.554 47.645 45.416 47.703 50.918 53.809 52.184 55.019 57.308 55.668 57.198 60.415 63.570 61.718 63.121 59.960
57.368 57.834 58.177 60.504 58.930 60.630 60.272 56.452 56.464 58.506 56.245 53.036 54.795 55.806 52.162 51.119 49.400 51.650 49.556 46.589 43.601 46.083 46.929 50.740 52.370 53.107 49.360 49.038 52.273 51.202 47.821 49.653 52.197 49.704 47.305 49.996 53.411 54.069 53.810 52.093 51.953 50.059 47.134 45.082 42.678 39.679 37.974 34.685 36.762 37.154 40.636 42.024 44.620 47.702 49.167 45.858 44.105 41.253 38.413 37.495 33.735 33.220 36.437 38.575 38.527 40.742 39.296 38.600 35.618 32.280 29.581 32.358 31.375 35.046 34.446 38.259 38.605 41.595 42.756 43.108 46.836 47.418 46.746 49.778 52.303 55.335 54.128 51.363 50.042 46.861 46.156 46.782 44.597 41.707 42.335 42.180 38.599 37.614 39.132 37.463 33.920 33.594 34.881 38.602 40.943 38.716 37.251 40.535 40.693 44.513 44.811 42.622 44.628 48.158 48.516 46.284 48.503 51.729 54.793 53.337 56.331 58.469 56.915 58.660 61.797 65.030 63.330 64.924 61.881
55.043 55.445 55.957 58.308 56.813 58.697 58.339 54.509 54.679 56.856 54.566 51.404 53.364 54.453 50.805 49.915 48.013 50.338 48.394 45.441 42.550 45.003 45.553 49.323 50.799 51.348 47.561 47.198 50.288 49.086 45.656 47.427 49.835 47.208 44.798 47.461 50.876 51.709 51.352 49.762 49.450 47.428 44.403 42.192 39.670 36.595 34.701 31.509 33.685 34.299 37.860 39.398 42.154 45.345 46.904 43.635 41.672 38.972 35.964 35.053 31.242 31.056 34.444 36.506 36.363 38.337 36.868 35.894 32.906 29.537 27.066 30.035 29.411 33.182 32.847 36.677 37.082 39.850 40.751 40.887 44.595 45.411 44.636 47.506 50.204 53.257 52.271 49.516 48.430 45.161 44.290 45.139 43.149 40.065 40.638 40.804 37.244 35.979 37.640 36.295 32.614 32.408 33.335 37.101 39.165 36.770 35.198 38.304 38.250 42.058 42.617 40.435 42.231 45.805 46.400 44.333 46.660 49.771 52.932 51.477 54.602 56.548 54.933 56.850 59.981 63.206 61.560 63.309 60.393
52.372 52.607 53.154 55.424 53.888 55.898 55.651 51.816 52.004 54.338 52.129 48.943 50.996 52.252 48.655 47.775 45.666 47.942 46.038 43.191 40.312 42.633 42.979 46.710 48.149 48.499 44.681 44.410 47.401 46.029 42.627 44.468 46.727 43.979 41.671 44.414 47.761 48.764 48.468 47.064 46.738 44.540 41.534 39.164 36.686 33.477 31.517 28.458 30.877 31.516 35.055 36.537 39.455 42.645 44.129 40.818 38.789 36.273 33.228 32.544 28.697 28.660 32.173 34.347 34.349 36.178 34.915 33.677 30.541 27.310 24.942 27.905 27.481 31.281 30.982 34.776 35.443 38.029 38.813 38.641 42.367 43.281 42.269 45.036 47.870 50.838 50.007 47.164 46.305 43.056 41.931 42.840 41.093 37.881 38.236 38.616 35.163 33.587 35.198 34.148 30.396 30.105 30.689 34.483 36.344 33.763 32.259 35.245 34.972 38.774 39.456 37.190 38.829 42.452 43.203 41.184 43.511 46.574 49.821 48.447 51.672 53.489 51.920 53.983 57.050 60.311 58.781 60.678 57.878
49.359 49.575 49.963 52.191 50.582 52.482 52.256 48.420 48.505 50.792 48.626 45.391 47.356 48.624 45.042 44.077 41.997 44.242 42.298 39.440 36.538 38.889 39.307 43.058 44.543 44.990 41.189 40.918 43.997 42.719 39.334 41.224 43.590 40.960 38.655 41.448 44.787 45.652 45.484 44.029 43.907 41.763 38.904 36.674 34.418 31.258 29.637 26.464 28.884 29.125 32.526 33.750 36.564 39.628 40.972 37.594 35.754 33.146 30.267 29.739 25.917 25.552 28.981 31.356 31.633 33.678 32.688 31.617 28.308 25.281 22.602 25.260 24.528 28.258 27.687 31.458 32.305 34.981 35.978 35.790 39.576 40.279 39.189 42.081 44.820 47.709 46.750 43.832 42.898 39.734 38.593 39.344 37.571 34.429 34.715 34.967 31.534 30.006 31.532 30.394 26.667 26.338 27.041 30.828 32.813 30.346 28.857 31.980 31.910 35.730 36.211 33.998 35.847 39.406 39.960 37.886 40.241 43.330 46.490 45.044 48.195 50.117 48.543 50.503 53.593 56.849 55.278 57.106 54.253
46.052 46.146 46.586 48.773 47.170 49.188 49.017 45.181 45.333 47.745 45.618 42.396 44.486 45.872 42.334 41.443 39.180 41.430 39.601 36.810 33.997 36.270 36.424 40.118 41.493 41.775 37.954 37.691 40.660 39.269 35.876 37.771 40.028 37.314 35.049 37.878 41.179 42.167 42.021 40.711 40.566 38.291 35.452 33.115 30.921 27.677 26.079 22.997 25.602 25.794 29.149 30.310 33.249 36.313 37.615 34.225 32.306 29.857 26.941 26.620 22.791 22.575 26.109 28.562 28.979 30.878 30.120 28.831 25.390 22.569 19.992 22.565 22.047 25.759 25.264 28.961 30.047 32.501 33.362 32.881 36.666 37.460 36.164 38.948 41.805 44.622 43.817 40.846 40.137 36.982 35.617 36.467 34.935 31.662 31.775 32.287 28.962 27.128 28.680 27.885 24.091 23.805 24.120 27.908 29.639 27.037 25.509 28.496 28.274 32.085 32.710 30.503 32.234 35.806 36.496 34.545 36.989 39.976 43.187 41.740 44.977 46.761 45.161 47.243 50.310 53.565 52.057 54.008 51.268
43.041 43.061 43.326 45.435 43.734 45.662 45.553 41.716 41.749 44.156 42.108 38.821 40.835 42.288 38.790 37.800 35.503 37.695 35.830 33.066 30.231 32.489 32.658 36.364 37.785 38.117 34.303 34.078 37.120 35.782 32.423 34.404 36.736 34.127 31.908 34.821 38.081 38.960 38.988 37.682 37.774 35.514 32.873 30.667 28.780 25.592 24.417 21.317 23.949 23.651 26.773 27.580 30.427 33.321 34.422 30.941 29.242 26.758 24.064 24.040 20.291 19.697 23.126 25.854 26.659 28.739 28.379 27.227 23.606 21.167 18.338 20.423 19.597 23.150 22.325 25.932 27.325 29.797 30.866 30.269 34.098 34.669 33.209 36.095 38.871 41.559 40.655 37.575 36.854 33.820 32.353 33.027 31.553 28.336 28.276 28.706 25.460 23.566 24.979 24.194 20.417 20.041 20.355 24.147 25.957 23.429 21.952 25.071 25.029 28.854 29.266 27.095 29.032 32.537 33.038 31.034 33.508 36.511 39.647 38.145 41.327 43.195 41.608 43.615 46.688 49.951 48.434 50.350 47.585
39.398 39.410 39.793 41.962 40.378 42.425 42.242 38.408 38.622 41.087 38.971 35.775 37.990 39.445 35.952 35.176 32.765 35.090 33.483 30.693 28.101 30.403 30.215 33.829 34.989 35.232 31.423 31.018 33.925 32.593 29.140 30.968 33.273 30.643 28.312 31.150 34.453 35.377 35.305 34.042 34.047 31.741 29.072 26.843 24.979 21.809 20.769 17.657 20.310 19.902 22.987 23.804 26.722 29.669 30.850 27.428 25.573 23.168 20.373 20.421 16.680 16.293 19.830 22.523 23.380 25.302 25.133 23.838 20.139 17.951 15.242 17.175 16.627 20.125 19.519 23.029 24.543 26.740 27.616 26.790 30.595 31.293 29.725 32.497 35.375 38.061 37.320 34.267 33.748 30.662 29.059 29.948 28.671 25.294 25.217 26.000 22.820 20.667 22.323 21.941 18.103 18.108 17.988 21.702 23.152 20.625 18.832 21.765 21.713 25.511 26.145 24.188 26.049 29.482 30.106 28.389 31.107 33.890 37.007 35.353 38.592 40.294 38.543 40.629 43.756 46.944 45.388 47.381 44.715
36.713 36.559 36.711 38.733 36.985 38.949 38.905 35.071 35.109 37.624 35.658 32.360 34.479 36.089 32.683 31.752 29.228 31.427 29.758 27.068 24.438 26.637 26.416 30.033 31.274 31.506 27.691 27.406 30.386 29.047 25.666 27.671 30.011 27.473 25.280 28.276 31.474 32.320 32.522 31.348 31.672 29.335 26.972 24.881 23.491 20.413 19.946 17.032 19.704 18.655 21.306 21.565 24.381 27.054 27.902 24.338 22.799 20.452 18.033 18.647 15.160 14.254 17.560 20.642 22.070 24.132 24.537 23.375 19.552 18.027 15.240 16.351 15.467 18.562 17.496 20.751 22.757 24.878 25.984 24.920 28.728 29.146 27.290 30.142 32.931 35.398 34.571 31.352 30.888 28.007 26.182 26.819 25.721 22.421 21.982 22.708 19.734 17.365 18.738 18.512 14.731 14.520 14.185 17.908 19.392 16.870 15.220 18.316 18.427 22.239 22.596 20.624 22.716 26.081 26.497 24.694 27.423 30.230 33.285 31.616 34.820 36.601 34.912 36.953 40.053 43.278 41.765 43.761 41.095
33.209 33.227 33.395 35.571 33.988 35.898 35.637 31.799 32.005 34.395 32.255 29.060 31.313 32.749 29.275 28.575 26.134 28.585 27.210 24.326 22.020 24.485 24.050 27.595 28.532 28.957 25.206 24.529 27.506 26.468 22.938 24.648 27.220 24.913 22.436 25.231 28.560 29.157 29.231 27.850 28.218 26.074 23.767 21.983 20.766 18.021 18.122 15.082 17.309 15.743 18.177 18.287 20.887 23.540 24.497 21.011 19.486 16.898 14.536 15.106 11.753 10.507 13.753 16.890 18.495 20.691 21.353 20.441 16.623 15.529 12.631 13.103 12.037 14.912 13.833 17.011 19.093 21.118 22.271 21.218 25.038 25.359 23.551 26.482 29.202 31.721 30.849 27.689 27.190 24.241 22.493 23.258 22.115 18.735 18.500 19.394 16.338 13.983 15.804 15.728 11.914 12.512 12.129 15.628 16.942 14.876 12.585 15.677 16.330 20.027 20.374 18.946 21.256 24.320 24.558 23.100 26.146 28.680 31.515 29.499 32.596 34.359 32.388 34.293 37.553 40.628 38.906 40.801 38.102
30.487 30.205 30.254 32.244 30.521 32.519 32.457 28.627 28.757 31.349 29.406 26.154 28.458 30.169 26.863 26.117 23.371 25.671 24.383 21.743 19.564 21.745 20.940 24.375 25.254 25.429 21.648 21.115 23.998 22.771 19.291 21.193 23.629 21.263 18.981 21.986 25.162 25.882 26.225 25.137 25.728 23.385 21.392 19.587 18.896 16.211 16.826 14.339 16.659 14.613 16.437 15.922 18.574 20.941 21.525 17.898 16.563 14.353 12.402 13.887 11.113 9.769 12.585 15.972 18.128 20.088 21.393 20.350 16.576 16.331 13.938 13.612 12.762 14.879 13.640 16.178 18.836 20.396 21.494 19.906 23.595 23.815 21.538 24.325 27.092 29.317 28.584 25.254 25.103 22.404 20.185 20.847 20.232 16.851 15.990 17.210 14.672 11.682 13.167 13.858 10.342 10.770 9.367 12.664 13.497 11.220 8.947 11.966 12.545 16.254 16.564 15.141 17.477 20.491 20.748 19.388 22.529 24.944 27.800 25.806 28.988 30.641 28.716 30.753 33.944 37.064 35.476 37.527 34.969
27.203 27.171 27.197 29.391 27.878 29.754 29.395 25.559 25.883 28.272 26.092 22.967 25.417 26.875 23.470 23.015 20.426 23.061 22.161 19.267 17.569 20.091 19.069 22.369 22.850 23.344 19.708 18.610 21.511 20.771 17.130 18.582 21.382 19.429 16.765 19.441 22.777 23.086 23.277 21.861 22.576 20.556 18.713 17.448 17.085 15.026 16.410 13.937 15.472 12.742 14.051 13.190 15.391 17.656 18.354 14.828 13.623 10.970 9.314 10.859 8.659 6.553 8.894 12.433 14.951 17.110 18.796 18.187 14.604 15.002 12.672 11.349 10.217 11.640 10.289 12.495 15.327 16.728 17.959 16.408 20.090 20.092 17.869 20.822 23.446 25.733 24.881 21.609 21.362 18.588 16.477 17.270 16.573 13.096 12.511 13.962 11.358 8.381 10.601 11.522 8.249 9.916 8.643 11.230 11.805 10.504 7.289 10.178 11.752 15.070 15.261 14.721 17.303 19.772 19.703 18.814 22.244 24.280 26.771 24.344 27.312 28.973 26.700 28.496 31.887 34.798 32.926 34.806 32.176
24.592 24.197 24.268 26.311 24.751 26.891 26.714 22.898 23.327 26.015 24.019 20.956 23.626 25.378 22.227 21.918 18.946 21.436 20.844 18.341 17.037 19.097 17.416 20.399 20.593 20.638 17.008 15.957 18.527 17.481 13.801 15.325 17.864 15.713 13.151 16.046 19.266 19.873 20.240 19.266 20.051 17.687 16.119 14.714 14.916 12.977 14.853 13.176 14.745 11.771 12.294 10.763 13.169 15.182 15.557 11.927 10.659 8.784 7.603 10.332 9.108 7.815 9.338 12.578 15.357 16.893 19.127 18.190 14.846 16.021 14.487 12.809 12.412 13.058 12.093 13.344 16.473 17.079 17.907 15.637 19.009 19.142 16.365 18.911 21.720 23.692 23.216 19.849 20.230 17.729 14.995 15.941 16.099 12.652 11.317 13.525 11.847 8.215 10.003 12.134 9.735 11.123 8.661 10.365 9.704 8.240 4.717 6.707 8.132 11.345 11.888 11.634 13.948 16.266 16.463 16.008 19.612 21.300 23.833 21.410 24.540 25.882 23.570 25.644 28.952 31.869 30.167 32.312 29.953
21.033 20.744 20.685 22.854 21.452 23.483 23.078 19.257 19.871 22.433 20.289 17.357 20.222 21.837 18.721 18.739 15.809 18.549 18.490 15.955 15.381 17.517 15.441 18.066 17.729 18.008 14.639 12.940 15.420 14.918 11.133 12.108 15.052 13.493 10.612 13.137 16.418 16.541 16.924 15.738 16.880 14.839 13.798 13.193 14.173 13.193 15.885 14.612 15.333 11.810 11.203 8.746 10.296 11.779 11.944 8.307 7.548 5.504 5.897 9.204 9.464 7.882 7.739 10.694 13.959 15.428 18.251 17.763 14.933 16.869 15.666 13.144 12.662 12.134 11.155 11.291 14.661 14.712 15.602 13.123 16.206 15.972 12.950 15.545 18.157 19.971 19.438 16.031 16.567 14.238 11.272 12.309 12.867 9.520 7.959 10.790 9.795 6.244 8.314 11.085 9.760 11.809 9.498 9.815 8.410 8.455 4.757 5.306 8.102 10.235 10.504 11.492 13.895 15.347 15.115 15.307 19.068 20.221 22.273 19.425 22.280 23.564 20.902 22.737 26.212 28.904 26.960 28.982 26.625
19.520 18.974 19.453 21.656 20.530 23.075 22.688 18.992 20.092 22.913 20.825 18.290 21.506 23.198 20.378 20.820 17.740 20.346 20.706 18.586 18.374 20.073 17.480 19.615 18.826 18.476 15.310 13.603 15.237 14.291 10.506 11.036 13.347 11.254 8.089 10.614 14.027 14.826 14.881 14.249 14.836 12.188 10.915 9.759 10.990 10.098 13.088 12.598 13.286 9.954 8.776 6.092 8.490 10.278 10.746 7.499 5.377 5.083 4.992 8.798 9.590 9.519 9.606 11.564 14.292 14.792 17.728 16.624 14.076 16.445 16.086 13.788 14.338 13.812 13.778 13.711 16.664 15.972 15.969 12.826 15.518 16.012 12.725 14.479 17.584 19.322 19.534 16.391 17.712 15.428 12.183 13.928 15.158 11.899 10.436 13.810 13.262 9.904 11.709 14.782 13.553 15.353 12.613 12.779 10.509 10.052 6.968 5.462 6.854 8.450 10.067 11.345 12.743 14.068 14.676 15.574 19.379 20.044 22.223 19.506 22.562 23.229 20.466 22.735 26.053 28.634 26.892 29.240 27.307
21.924 21.369 22.306 24.518 23.538 26.341 25.999 22.400 23.645 26.551 24.471 22.052 25.304 26.986 24.151 24.623 21.540 24.076 24.274 22.171 21.643 23.297 20.812 23.051 22.412 21.769 18.536 17.162 18.574 17.190 13.565 14.178 15.882 13.189 10.276 12.699 16.048 17.463 17.131 16.757 16.585 13.568 11.447 9.112 9.222 7.198 9.627 9.236 10.621 7.982 7.839 6.703 10.206 12.742 13.781 10.965 8.085 7.975 5.990 8.962 8.793 9.943 11.230 12.915 14.869 14.912 17.284 15.427 12.634 14.639 14.667 13.175 14.476 14.769 15.319 15.961 18.489 17.896 17.395 14.256 17.047 18.251 15.277 16.680 20.125 22.107 22.652 19.754 21.128 18.568 15.567 17.603 18.592 15.117 14.052 17.293 16.250 12.838 14.807 17.575 15.685 17.256 14.450 15.385 13.386 11.955 9.067 8.073 7.788 9.946 12.362 12.814 13.540 15.486 16.847 17.585 21.266 22.086 24.642 22.277 25.565 25.999 23.416 25.976 29.123 31.751 30.212 32.725 30.943
25.084 24.142 24.872 26.697 25.316 28.169 28.281 24.688 25.524 28.677 26.955 24.269 27.263 29.310 26.570 26.586 23.268 25.412 25.139 23.289 22.249 23.559 21.236 23.662 23.531 22.537 19.085 18.457 19.991 17.993 14.623 16.059 17.332 14.163 12.081 15.092 17.996 19.831 19.970 20.012 20.003 16.759 14.835 12.091 11.985 9.158 10.397 10.157 12.642 10.806 11.336 10.459 13.932 16.197 16.735 13.655 11.311 11.373 9.564 12.362 11.327 12.231 14.089 16.257 18.218 18.427 20.484 18.374 15.305 16.638 16.379 15.554 16.647 17.541 17.684 18.757 21.471 21.279 21.012 18.002 20.862 21.969 18.917 20.347 23.731 25.503 25.990 22.902 24.233 21.841 18.705 20.277 21.267 17.852 16.322 19.187 18.098 14.399 15.738 18.422 16.252 17.017 13.879 15.288 13.470 11.024 8.970 8.444 6.762 9.716 12.140 11.459 11.888 14.606 16.343 16.526 19.959 21.181 24.172 22.300 25.851 26.325 24.204 27.028 29.931 32.845 31.664 34.368 32.636
27.619 26.734 27.824 29.699 28.506 31.530 31.603 28.091 29.105 32.275 30.497 27.942 31.015 32.995 30.227 30.352 27.073 29.239 28.943 27.074 25.920 27.237 24.987 27.419 27.295 26.158 22.754 22.197 23.539 21.393 18.159 19.429 20.368 17.000 15.046 17.743 20.568 22.721 22.518 22.673 22.129 18.771 16.370 13.079 12.034 8.500 8.269 8.315 11.563 10.932 12.261 12.466 16.227 18.868 19.814 17.035 14.266 14.372 11.912 13.929 12.377 14.086 16.494 18.306 19.624 19.447 20.941 18.283 15.254 16.072 16.239 16.250 17.912 19.332 19.944 21.399 23.728 23.546 22.896 19.964 22.784 24.376 21.576 22.747 26.327 28.284 29.019 26.132 27.517 24.920 21.957 23.804 24.655 21.108 19.905 22.775 21.403 17.802 19.342 21.786 19.273 19.963 16.998 18.796 17.184 14.470 12.592 12.251 10.168 12.853 15.593 14.584 14.419 17.324 19.514 19.665 22.879 24.122 27.285 25.659 29.291 29.557 27.533 30.509 33.291 36.177 35.114 37.913 36.302
30.512 29.434 30.159 31.765 30.168 33.044 33.443 29.874 30.436 33.703 32.176 29.311 32.076 34.304 31.543 31.204 27.823 29.693 28.911 27.172 25.528 26.641 24.728 27.399 27.805 26.609 23.024 23.019 24.679 22.270 19.215 21.129 22.062 18.621 17.144 20.284 22.890 25.032 25.289 25.500 25.340 21.990 19.855 16.707 15.862 12.343 11.829 11.436 14.937 14.267 15.777 15.658 19.283 21.702 22.225 19.080 16.841 16.703 14.493 16.659 14.636 15.662 18.295 20.662 22.257 22.548 23.957 21.477 18.171 18.483 18.024 18.297 19.401 21.167 21.212 22.971 25.546 25.825 25.622 22.880 25.908 27.163 24.281 25.767 29.197 31.029 31.480 28.341 29.500 27.028 24.004 25.363 26.073 22.607 21.077 23.498 22.042 18.349 19.373 21.555 18.868 18.846 15.863 18.073 16.914 13.618 12.463 12.834 10.473 13.647 15.814 13.904 13.917 17.356 19.426 18.869 21.762 23.519 26.942 25.679 29.404 29.929 28.302 31.301 33.944 37.085 36.220 39.043 37.324
29.897 29.137 29.634 31.436 29.801 32.382 32.580 28.869 29.311 32.356 30.633 27.613 30.273 32.315 29.327 28.881 25.688 27.765 26.834 24.744 22.938 24.451 22.862 25.839 26.381 25.686 21.964 21.712 23.853 21.877 18.543 20.462 22.033 18.958 17.043 20.197 23.125 24.726 24.984 24.673 24.776 21.763 19.606 16.924 16.094 12.793 12.815 11.373 14.547 13.252 14.983 14.724 18.128 20.626 21.225 17.821 15.799 14.860 12.583 14.607 12.217 12.602 15.396 18.127 19.932 20.799 22.203 20.188 16.602 16.744 15.618 15.688 16.259 18.158 17.866 19.875 22.491 23.165 23.372 20.975 24.302 25.227 22.521 24.505 27.756 29.777 29.811 26.579 27.297 24.694 21.905 23.089 23.366 19.854 18.543 20.664 18.845 15.287 16.535 18.337 15.388 15.559 12.930 15.517 14.933 11.850 10.118 11.457 10.176 13.817 15.341 13.603 14.638 17.988 19.364 18.517 21.625 23.649 26.889 25.283 28.851 29.806 28.005 30.668 33.568 36.712 35.541 38.091 36.048
29.302 28.921 29.836 32.001 30.798 33.476 33.273 29.579 30.468 33.339 31.256 28.509 31.448 33.133 29.994 29.990 27.010 29.468 28.888 26.514 25.020 26.887 25.189 28.080 28.222 27.707 24.101 23.303 25.274 23.610 20.065 21.348 23.040 20.059 17.610 20.248 23.481 25.009 24.672 24.084 23.664 20.785 18.094 15.313 13.738 10.305 9.889 7.812 11.054 10.243 12.645 13.296 16.865 19.872 21.150 18.091 15.438 14.263 11.225 12.423 9.707 11.069 14.223 16.377 17.549 18.111 19.112 16.837 13.263 13.198 12.478 12.959 14.239 16.372 16.843 19.020 21.114 21.615 21.377 19.094 22.430 23.804 21.456 23.304 26.723 29.103 29.316 26.384 27.096 24.141 21.657 23.398 23.471 19.752 19.110 21.520 19.397 16.107 18.117 19.808 16.718 17.651 15.412 17.915 17.247 14.673 12.185 13.217 12.308 15.619 17.584 16.479 17.341 20.382 21.878 21.494 24.807 26.527 29.605 27.719 31.205 31.999 29.853 32.453 35.511 38.436 37.033 39.501 37.468
32.704 32.175 33.179 35.211 33.932 36.722 36.693 33.036 33.853 36.847 34.891 32.103 34.983 36.799 33.704 33.571 30.507 32.794 32.018 29.780 28.042 29.720 28.130 31.061 31.406 30.663 27.018 26.549 28.445 26.472 23.101 24.592 25.964 22.732 20.621 23.341 26.382 28.221 27.918 27.568 26.980 23.939 21.160 18.051 16.161 12.443 10.902 9.203 12.928 13.094 15.749 16.722 20.406 23.436 24.681 21.653 18.968 18.035 14.974 15.959 13.069 14.598 17.923 19.995 20.862 21.245 21.832 19.239 15.785 15.102 14.547 15.817 17.230 19.738 20.256 22.664 24.622 25.237 24.891 22.668 25.942 27.497 25.192 26.889 30.386 32.746 33.077 30.156 30.922 27.972 25.473 27.169 27.244 23.537 22.814 25.102 22.926 19.627 21.390 22.936 19.693 20.158 17.946 20.712 20.176 17.182 15.240 16.297 14.784 18.090 20.175 18.554 19.002 22.335 24.157 23.547 26.574 28.459 31.775 30.236 33.853 34.553 32.655 35.437 38.325 41.355 40.169 42.771 40.826
34.243 33.679 34.283 36.184 34.586 37.118 37.249 33.507 33.925 36.874 35.045 31.977 34.550 36.465 33.314 32.774 29.751 31.874 30.681 28.416 26.265 27.947 26.790 29.986 30.770 30.221 26.443 26.257 28.560 26.618 23.296 25.211 26.836 23.735 21.778 24.813 27.821 29.414 29.481 28.981 28.844 25.927 23.412 20.599 19.075 15.513 14.483 12.449 15.920 15.487 18.041 18.519 21.980 24.793 25.701 22.333 20.159 18.831 16.090 17.267 14.124 14.685 18.056 20.695 21.964 22.969 23.645 21.513 17.818 16.904 15.484 16.634 17.208 19.905 19.736 22.394 24.588 25.710 25.933 23.971 27.471 28.562 26.229 28.348 31.625 33.916 33.846 30.695 31.114 28.269 25.818 27.031 26.841 23.257 22.362 24.134 21.802 18.586 19.991 21.108 17.695 17.655 15.739 18.906 18.996 15.840 14.253 16.103 14.912 18.568 19.980 17.926 18.930 22.467 23.853 22.656 25.502 27.831 31.185 29.747 33.310 34.394 32.706 35.325 38.214 41.413 40.234 42.713 40.549
33.515 33.377 34.049 36.261 34.894 37.267 37.033 33.244 33.834 36.504 34.350 31.373 34.005 35.557 32.192 31.848 29.128 31.596 30.537 27.885 25.857 28.015 27.013 30.307 30.923 30.810 27.060 26.401 28.877 27.406 23.844 25.384 27.443 24.649 22.200 24.922 28.237 29.428 29.182 28.195 27.963 25.405 22.675 20.212 18.407 15.129 14.298 11.418 14.368 13.810 16.739 17.566 20.800 23.847 25.141 21.873 19.593 17.650 14.615 15.081 11.545 12.026 15.655 18.155 19.143 20.446 20.807 18.987 15.202 13.888 12.006 13.382 13.830 16.851 16.861 19.840 21.665 23.031 23.330 21.793 25.442 26.511 24.578 26.939 30.113 32.704 32.437 29.440 29.523 26.423 24.387 25.762 25.122 21.466 21.167 22.829 20.070 17.251 19.241 19.952 16.323 16.951 15.649 18.898 19.304 16.696 14.394 16.567 16.182 19.828 21.105 19.561 20.999 24.278 25.327 24.275 27.372 29.633 32.749 30.925 34.314 35.563 33.565 35.912 39.045 42.097 40.583 42.817 40.456
35.845 35.771 36.746 39.041 37.851 40.395 40.090 36.344 37.141 39.842 37.609 34.769 37.537 39.021 35.645 35.475 32.765 35.290 34.323 31.678 29.702 31.839 30.758 33.988 34.498 34.245 30.525 29.832 32.111 30.528 26.978 28.351 30.196 27.236 24.776 27.314 30.629 32.046 31.522 30.614 29.971 27.347 24.311 21.572 19.223 15.788 14.044 11.201 14.321 14.789 18.122 19.592 22.989 26.276 27.870 24.818 22.179 20.432 17.076 17.055 13.458 14.708 18.443 20.449 20.817 21.701 21.502 19.278 15.731 13.809 12.493 14.764 15.848 19.110 19.665 22.737 24.147 25.384 25.278 23.805 27.331 28.809 27.073 29.173 32.503 35.238 35.208 32.395 32.593 29.348 27.414 29.078 28.441 24.715 24.630 26.449 23.633 20.893 23.026 23.745 20.092 20.756 19.478 22.714 22.971 20.254 17.997 19.843 19.082 22.593 24.253 22.667 23.683 27.025 28.422 27.504 30.543 32.722 35.944 34.224 37.696 38.747 36.737 39.226 42.312 45.325 43.864 46.186 43.931
38.617 38.291 39.046 41.097 39.609 42.112 42.104 38.339 38.820 41.649 39.663 36.614 39.162 40.892 37.588 37.062 34.234 36.467 35.145 32.692 30.360 32.242 31.400 34.736 35.623 35.235 31.436 31.185 33.585 31.740 28.372 30.175 31.881 28.789 26.701 29.564 32.685 34.238 34.057 33.348 32.948 30.169 27.336 24.487 22.391 18.804 17.014 14.591 17.943 18.293 21.422 22.529 25.969 29.056 30.295 27.020 24.669 23.043 19.961 20.362 16.798 17.564 21.237 23.614 24.290 25.347 25.277 23.109 19.523 17.631 16.083 18.238 18.873 22.155 22.221 25.350 27.027 28.483 28.650 27.132 30.708 31.981 30.049 32.241 35.525 38.088 37.952 34.940 35.102 32.026 29.930 31.245 30.648 27.028 26.577 28.113 25.373 22.538 24.166 24.735 21.056 21.027 19.770 23.222 23.743 20.672 19.033 21.123 20.063 23.706 25.112 22.989 23.974 27.567 28.960 27.614 30.321 32.806 36.198 34.813 38.349 39.515 37.833 40.394 43.319 46.519 45.272 47.668 45.398
41.603 41.418 42.046 44.135 42.578 44.905 44.861 41.057 41.391 44.086 42.059 38.916 41.287 42.917 39.515 38.820 36.177 38.403 36.848 34.271 31.704 33.720 33.274 36.776 37.889 37.737 33.905 33.692 36.329 34.624 31.250 33.132 35.041 32.071 29.939 32.820 36.005 37.361 37.213 36.287 35.988 33.381 30.538 27.864 25.713 22.236 20.476 17.775 20.857 21.181 24.438 25.575 28.846 31.936 33.189 29.839 27.657 25.700 22.663 22.783 19.047 19.415 23.103 25.556 26.137 27.532 27.175 25.313 21.745 19.409 17.410 19.822 20.007 23.538 23.371 26.776 28.257 30.121 30.560 29.429 33.115 34.213 32.506 34.939 38.078 40.741 40.350 37.328 37.161 34.042 32.201 33.327 32.371 28.856 28.595 29.731 26.740 24.248 25.827 25.863 22.075 21.878 21.217 24.876 25.905 22.953 21.401 23.897 23.140 26.878 27.960 25.735 27.012 30.636 31.766 30.132 32.708 35.431 38.788 37.415 40.858 42.269 40.649 43.047 46.015 49.261 47.938 50.183 47.733
44.282 43.936 44.327 46.221 44.411 46.621 46.803 42.996 43.027 45.760 43.940 40.627 42.747 44.539 41.203 40.180 37.519 39.480 37.598 35.181 32.313 34.124 33.988 37.568 39.030 38.856 35.006 35.140 37.917 36.092 32.895 35.098 36.964 33.989 32.130 35.232 38.271 39.635 39.778 38.941 38.893 36.234 33.580 30.915 28.993 25.467 23.816 21.276 24.454 24.576 27.675 28.506 31.734 34.637 35.595 32.082 30.201 28.266 25.488 25.886 22.196 22.150 25.710 28.443 29.294 30.893 30.672 28.937 25.306 23.043 20.833 23.050 22.837 26.308 25.710 29.115 30.792 32.867 33.589 32.480 36.217 37.079 35.254 37.816 40.859 43.382 42.831 39.654 39.381 36.428 34.521 35.305 34.322 30.965 30.452 31.257 28.344 25.902 27.035 26.834 23.133 22.346 21.882 25.624 26.967 23.893 22.858 25.572 24.751 28.528 29.275 26.700 28.061 31.786 32.768 30.748 32.989 35.981 39.392 38.281 41.693 43.271 41.934 44.300 47.137 50.519 49.343 51.578 49.074
47.628 47.218 47.713 49.567 47.756 50.066 50.318 46.528 46.581 49.392 47.614 44.312 46.454 48.303 44.992 43.964 41.251 43.146 41.224 38.897 35.985 37.671 37.528 41.074 42.578 42.254 38.409 38.661 41.343 39.358 36.231 38.467 40.156 37.043 35.298 38.403 41.374 42.924 43.027 42.314 42.118 39.355 36.607 33.761 31.670 28.052 26.021 23.696 26.957 27.476 30.677 31.700 35.045 38.021 39.030 35.558 33.552 31.765 28.882 29.208 25.500 25.722 29.343 31.946 32.601 34.014 33.585 31.656 28.152 25.706 23.760 26.265 26.282 29.832 29.401 32.836 34.406 36.434 37.002 35.867 39.558 40.589 38.776 41.217 44.352 46.895 46.461 43.311 43.122 40.138 38.199 39.058 38.127 34.738 34.210 35.073 32.181 29.700 30.794 30.634 26.954 26.060 25.529 29.246 30.504 27.292 26.406 28.966 27.863 31.574 32.474 29.754 30.833 34.627 35.818 33.777 35.848 38.853 42.368 41.450 44.927 46.404 45.181 47.667 50.405 53.827 52.773 55.102 52.671
49.199 49.032 49.480 51.479 49.725 51.871 51.951 48.128 48.169 50.783 48.858 45.555 47.610 49.245 45.814 44.775 42.307 44.324 42.343 39.806 36.841 38.782 38.912 42.569 44.115 44.099 40.251 40.330 43.197 41.474 38.243 40.376 42.339 39.399 37.437 40.445 43.570 44.859 44.864 43.855 43.685 41.153 38.338 35.711 33.519 30.050 28.125 25.433 28.387 28.842 32.173 33.301 36.461 39.494 40.637 37.174 35.230 33.097 30.188 30.161 26.355 26.342 29.930 32.468 32.960 34.635 33.941 32.331 28.888 26.137 23.885 26.525 26.242 29.917 29.416 33.028 34.313 36.634 37.382 36.634 40.388 41.295 39.769 42.409 45.400 48.094 47.440 44.363 43.862 40.794 39.169 39.969 38.682 35.380 35.168 35.757 32.624 30.518 31.760 31.167 27.438 26.698 26.701 30.495 32.100 29.154 28.059 30.892 30.192 33.976 34.689 32.121 33.521 37.251 38.182 36.073 38.221 41.306 44.701 43.604 46.960 48.638 47.304 49.586 52.458 55.839 54.593 56.726 54.113
51.968 51.847 52.118 54.078 52.212 54.178 54.291 50.463 50.316 52.820 50.942 47.555 49.394 50.989 47.551 46.314 44.001 45.918 43.724 41.184 38.049 39.997 40.472 44.203 45.965 46.122 42.296 42.467 45.506 43.883 40.713 42.953 45.045 42.223 40.297 43.360 46.480 47.611 47.734 46.607 46.611 44.188 41.461 38.975 36.878 33.473 31.704 28.899 31.743 32.013 35.301 36.296 39.313 42.252 43.292 39.759 38.033 35.730 32.974 32.923 29.121 28.757 32.214 34.859 35.434 37.368 36.645 35.297 31.850 29.037 26.518 29.055 28.389 32.040 31.252 34.911 36.149 38.735 39.753 39.228 43.033 43.716 42.283 45.104 47.941 50.625 49.744 46.629 45.886 42.892 41.415 41.974 40.477 37.351 37.173 37.409 34.224 32.390 33.451 32.484 28.853 27.898 28.321 32.121 34.073 31.264 30.335 33.397 32.905 36.717 37.131 34.496 36.116 39.824 40.506 38.165 40.146 43.401 46.721 45.674 48.911 50.802 49.574 51.698 54.557 57.978 56.708 58.706 55.959
55.137 55.135 55.507 57.561 55.782 57.762 57.780 53.946 53.881 56.329 54.354 51.016 52.887 54.371 50.875 49.711 47.492 49.489 47.322 44.700 41.589 43.627 44.147 47.892 49.617 49.830 46.004 46.087 49.124 47.548 44.325 46.468 48.588 45.755 43.736 46.709 49.895 51.019 51.000 49.788 49.650 47.288 44.429 41.937 39.643 36.274 34.311 31.463 34.171 34.695 38.120 39.344 42.351 45.401 46.605 43.139 41.297 38.925 36.044 35.730 31.891 31.672 35.157 37.610 37.913 39.796 38.774 37.450 34.167 31.112 28.698 31.480 30.908 34.640 34.030 37.765 38.736 41.374 42.311 41.963 45.740 46.525 45.276 48.080 50.921 53.724 52.849 49.830 49.012 45.922 44.599 45.257 43.630 40.497 40.516 40.740 37.446 35.749 36.954 35.879 32.229 31.418 31.966 35.770 37.745 34.981 33.935 36.980 36.501 40.311 40.814 38.227 39.801 43.517 44.249 41.949 43.948 47.192 50.517 49.443 52.677 54.562 53.283 55.397 58.294 61.691 60.368 62.332 59.554
56.445 56.577 56.793 58.879 57.066 58.838 58.787 54.958 54.772 57.038 55.036 51.672 53.360 54.705 51.180 49.907 47.916 49.903 47.624 44.919 41.744 43.898 44.719 48.519 50.354 50.827 47.044 47.079 50.283 48.919 45.700 47.837 50.166 47.519 45.427 48.376 51.613 52.490 52.518 51.101 51.123 48.953 46.171 43.904 41.701 38.465 36.745 33.694 36.202 36.477 39.851 40.964 43.761 46.726 47.892 44.408 42.767 40.162 37.429 37.007 33.206 32.635 35.947 38.437 38.786 40.951 39.899 38.917 35.653 32.567 29.865 32.488 31.528 35.191 34.344 38.097 38.945 41.833 43.038 42.977 46.782 47.326 46.246 49.241 51.887 54.711 53.587 50.589 49.489 46.454 45.361 45.824 43.940 40.997 41.161 41.053 37.680 36.330 37.478 36.025 32.488 31.666 32.659 36.425 38.713 36.199 35.146 38.406 38.256 42.087 42.316 39.812 41.677 45.312 45.752 43.329 45.299 48.635 51.820 50.656 53.734 55.834 54.545 56.442 59.397 62.771 61.327 63.096 60.161
60.048 60.255 60.487 62.609 60.817 62.552 62.462 58.635 58.445 60.650 58.615 55.264 56.907 58.177 54.632 53.349 51.457 53.449 51.133 48.401 45.208 47.391 48.322 52.133 54.005 54.542 50.771 50.792 54.025 52.702 49.478 51.592 53.952 51.319 49.197 52.111 55.375 56.222 56.199 54.717 54.694 52.581 49.748 47.500 45.208 42.003 40.196 37.124 39.541 39.930 43.361 44.572 47.334 50.333 51.563 48.106 46.449 43.787 41.025 40.463 36.662 36.113 39.394 41.785 41.992 44.167 42.936 42.026 38.877 35.664 33.005 35.722 34.752 38.420 37.619 41.394 42.069 45.030 46.242 46.334 50.117 50.668 49.720 52.734 55.341 58.224 57.052 54.109 52.911 49.852 48.884 49.343 47.345 44.457 44.731 44.534 41.114 39.904 41.073 39.490 35.997 35.196 36.324 40.072 42.434 39.967 38.907 42.190 42.067 45.898 46.116 43.611 45.480 49.119 49.541 47.084 49.006 52.375 55.547 54.398 57.444 59.588 58.310 60.165 63.126 66.497 65.026 66.741 63.760
61.267 61.613 61.715 63.874 62.077 63.618 63.444 59.638 59.360 61.378 59.309 55.965 57.445 58.560 55.002 53.650 51.991 53.984 51.604 48.798 45.596 47.890 49.071 52.904 54.839 55.619 51.909 51.857 55.219 54.108 50.890 52.964 55.508 53.058 50.859 53.721 57.028 57.642 57.641 55.969 56.078 54.156 51.396 49.366 47.155 44.091 42.501 39.266 41.486 41.662 45.030 46.150 48.704 51.618 52.826 49.386 47.904 45.048 42.426 41.755 38.025 37.192 40.283 42.661 42.890 45.293 44.036 43.442 40.345 37.134 34.265 36.815 35.526 39.084 38.102 41.848 42.380 45.536 46.971 47.332 51.109 51.446 50.672 53.838 56.251 59.150 57.758 54.865 53.413 50.415 49.680 49.977 47.751 45.057 45.485 45.002 41.536 40.660 41.797 39.896 36.546 35.791 37.294 40.962 43.564 41.350 40.258 43.691 43.865 47.692 47.687 45.295 47.406 50.952 51.119 48.593 50.508 53.924 56.951 55.699 58.590 60.913 59.605 61.252 64.269 67.594 66.000 67.521 64.405
65.045 65.410 65.509 67.666 65.854 67.370 67.204 63.402 63.092 65.084 63.023 59.675 61.101 62.192 58.640 57.249 55.645 57.600 55.165 52.381 49.146 51.409 52.682 56.515 58.509 59.308 55.609 55.596 58.975 57.859 54.663 56.757 59.297 56.837 54.656 57.523 60.828 61.446 61.440 59.752 59.844 57.935 55.151 53.107 50.847 47.776 46.107 42.892 45.094 45.356 48.755 49.924 52.474 55.401 56.622 53.185 51.704 48.838 46.207 45.486 41.756 40.944 44.017 46.351 46.509 48.905 47.546 46.974 43.946 40.669 37.852 40.456 39.177 42.726 41.759 45.500 45.948 49.140 50.581 51.018 54.779 55.117 54.406 57.578 59.970 62.889 61.467 58.595 57.089 54.096 53.419 53.690 51.411 48.765 49.222 48.672 45.206 44.398 45.500 43.528 40.229 39.425 40.986 44.636 47.284 45.069 44.031 47.473 47.622 51.448 51.426 48.989 51.079 54.642 54.807 52.227 54.060 57.518 60.549 59.354 62.225 64.581 63.323 64.951 67.944 71.284 69.703 71.197 68.056
66.923 67.440 67.478 69.698 67.929 69.301 69.025 65.250 64.917 66.736 64.613 61.310 62.631 63.550 59.984 58.592 57.205 59.195 56.757 53.894 50.701 53.080 54.519 58.353 60.349 61.351 57.709 57.590 61.047 60.120 56.909 58.920 61.606 59.291 57.016 59.798 63.153 63.584 63.540 61.680 61.824 60.093 57.334 55.467 53.223 50.285 48.745 45.408 47.411 47.573 50.940 52.101 54.478 57.362 58.620 55.238 53.850 50.833 48.281 47.407 43.752 42.786 45.701 47.945 48.037 50.568 49.120 48.803 45.881 42.580 39.668 42.178 40.714 44.160 43.133 46.832 47.085 50.400 51.969 52.657 56.379 56.584 56.070 59.332 61.565 64.525 62.946 60.164 58.452 55.489 55.042 55.234 52.761 50.271 50.908 50.164 46.657 46.135 47.271 45.069 41.890 41.201 43.032 46.603 49.397 47.394 46.276 49.799 50.175 53.987 53.841 51.530 53.783 57.268 57.262 54.674 56.536 60.000 62.912 61.608 64.355 66.831 65.513 66.974 70.028 73.306 71.602 72.929 69.685
68.492 68.913 68.755 70.840 68.913 70.151 70.010 66.263 65.715 67.506 65.537 62.150 63.262 64.257 60.777 59.169 57.829 59.623 57.006 54.278 50.970 53.202 54.861 58.678 60.870 61.910 58.324 58.384 61.916 60.986 57.907 60.073 62.763 60.513 58.382 61.273 64.538 64.914 65.072 63.248 63.599 61.858 59.249 57.424 55.361 52.394 50.998 47.684 49.782 49.732 52.987 53.918 56.243 58.978 60.029 56.565 55.396 52.385 50.018 49.347 45.733 44.524 47.331 49.760 50.094 52.768 51.521 51.277 48.240 45.073 42.014 44.321 42.635 45.979 44.669 48.290 48.718 52.125 53.899 54.560 58.315 58.321 57.707 61.063 63.203 66.037 64.324 61.448 59.658 56.851 56.367 56.313 53.838 51.502 51.979 51.012 47.622 47.172 48.033 45.698 42.688 41.728 43.689 47.177 50.128 48.177 47.310 50.916 51.338 55.126 54.748 52.340 54.685 58.137 57.967 55.201 56.856 60.420 63.265 62.088 64.732 67.336 66.189 67.555 70.516 73.838 72.208 73.469 70.185
72.199 72.603 72.470 74.542 72.597 73.858 73.748 69.996 69.437 71.250 69.300 65.903 67.005 68.020 64.548 62.918 61.568 63.326 60.672 57.984 54.647 56.823 58.502 62.316 64.548 65.546 61.952 62.068 65.590 64.601 61.539 63.739 66.384 64.080 61.983 64.897 68.152 68.586 68.739 66.945 67.255 65.476 62.827 60.937 58.812 55.802 54.289 51.021 53.155 53.222 56.524 57.516 59.893 62.662 63.727 60.255 59.046 56.067 53.654 52.967 49.326 48.197 51.044 53.446 53.719 56.340 55.014 54.714 51.713 48.484 45.504 47.902 46.294 49.668 48.411 52.044 52.439 55.836 57.564 58.225 61.976 62.032 61.426 64.759 66.929 69.779 68.088 65.212 63.434 60.617 60.124 60.083 57.617 55.271 55.734 54.778 51.395 50.918 51.756 49.439 46.430 45.418 47.336 50.833 53.769 51.754 50.939 54.524 54.856 58.652 58.308 55.830 58.104 61.596 61.481 58.679 60.262 63.854 66.737 65.639 68.301 70.894 69.802 71.202 74.126 77.476 75.890 77.172 73.896
