48.002 49.701 51.443 54.774 54.964 57.046 55.338 51.975 53.641 55.093 51.806 49.968 52.819 52.670 48.961 49.764 48.660 52.072 51.739 48.260 46.961 50.143 49.695 52.760 52.593 53.490 50.246 48.198 50.372 50.216 46.413 46.233 48.733 46.803 43.309 44.112 47.866 48.128 46.032 43.727 41.822 40.973 37.397 36.086 32.728 31.664 30.065 27.070 26.203 27.910 31.199 34.385 36.164 39.706 42.943 41.362 38.356 35.707 32.294 29.135 26.777 28.202 30.746 30.118 27.522 27.935 24.594 23.985 23.476 19.804 19.752 23.224 24.760 27.566 29.774 32.755 30.906 32.276 31.349 32.549 34.902 36.909 37.924 39.756 42.211 45.950 45.776 44.612 43.752 39.968 40.297 42.742 40.771 37.628 39.830 41.219 37.773 37.101 40.482 39.966 36.709 38.493 39.630 42.060 42.887 41.594 38.351 40.173 40.675 43.707 45.357 44.869 46.311 48.960 49.964 49.576 52.981 54.899 57.484 55.041 57.920 59.030 56.207 57.848 61.431 63.680 61.294 62.551 60.110
45.605 47.100 48.856 52.100 52.190 54.397 52.840 49.427 51.060 52.700 49.513 47.578 50.495 50.558 46.871 47.608 46.277 49.616 49.248 45.867 44.516 47.570 46.990 50.054 49.917 50.631 47.328 45.397 47.528 47.186 43.387 43.319 45.701 43.620 40.202 41.133 44.869 45.320 43.313 41.188 39.286 38.187 34.550 33.005 29.573 28.302 26.543 23.559 22.919 24.794 28.213 31.431 33.454 37.074 40.236 38.559 35.454 32.935 29.401 26.407 23.885 25.533 28.296 27.845 25.409 25.705 22.543 21.504 20.695 16.989 16.976 20.627 22.485 25.457 27.707 30.763 29.236 30.509 29.498 30.326 32.823 34.949 35.655 37.452 40.117 43.798 43.754 42.415 41.759 37.959 37.985 40.460 38.699 35.392 37.356 38.911 35.521 34.547 37.867 37.562 34.213 35.855 36.747 39.255 39.950 38.480 35.296 37.047 37.354 40.410 42.162 41.575 42.892 45.604 46.739 46.359 49.744 51.653 54.329 51.985 54.967 55.998 53.247 55.038 58.563 60.893 58.635 60.054 57.692
47.189 48.462 50.305 53.443 53.447 55.832 54.449 51.005 52.615 54.472 51.403 49.381 52.358 52.645 48.995 49.646 48.075 51.304 50.845 47.590 46.112 48.991 48.315 51.403 51.346 51.810 48.423 46.687 48.749 48.123 44.350 44.443 46.608 44.279 41.011 42.082 45.757 46.511 44.561 42.704 40.712 39.317 35.594 33.698 30.116 28.576 26.370 23.612 23.376 25.669 29.213 32.514 34.846 38.548 41.626 39.876 36.630 34.344 30.675 27.931 25.249 27.163 30.168 29.905 27.612 27.659 24.642 23.087 22.127 18.530 18.669 22.451 24.614 27.725 29.955 33.075 31.846 33.009 31.867 32.320 34.852 37.159 37.582 39.241 42.120 45.727 45.879 44.415 43.989 40.194 39.917 42.419 40.880 37.431 39.110 40.807 37.475 36.170 39.352 39.224 35.746 37.088 37.706 40.399 40.990 39.205 36.192 37.866 37.802 40.898 42.826 42.007 43.074 45.933 47.318 46.897 50.196 52.141 54.991 52.843 55.979 56.896 54.270 56.277 59.707 62.141 60.063 61.682 59.425
46.272 47.292 49.201 52.214 52.136 54.694 53.493 50.038 51.635 53.711 50.781 48.694 51.746 52.273 48.693 49.290 47.461 50.572 50.087 46.994 45.470 48.149 47.298 50.348 50.311 50.510 47.079 45.512 47.458 46.568 42.844 43.061 44.996 42.455 39.344 40.533 44.125 45.165 43.295 41.723 39.679 37.983 34.216 31.999 28.329 26.550 23.998 21.482 21.620 24.247 27.853 31.186 33.802 37.551 40.516 38.719 35.352 33.342 29.581 27.126 24.362 26.577 29.759 29.661 27.564 27.352 24.598 22.521 21.358 17.993 18.334 22.126 24.643 27.800 30.051 33.152 32.278 33.250 31.962 31.963 34.531 37.003 37.086 38.591 41.689 45.185 45.549 43.947 43.803 40.042 39.418 41.958 40.713 37.130 38.493 40.394 37.196 35.529 38.577 38.730 35.191 36.299 36.559 39.338 39.725 37.683 34.816 36.325 35.914 38.986 41.098 40.129 40.936 43.872 45.491 45.104 48.339 50.247 53.225 51.244 54.510 55.279 52.763 54.976 58.300 60.810 58.917 60.740 58.621
48.897 49.764 51.768 54.690 54.582 57.276 56.195 52.754 54.354 56.572 53.733 51.623 54.714 55.381 51.849 52.408 50.430 53.449 52.914 49.932 48.335 50.868 49.944 52.981 52.989 52.986 49.524 48.111 49.963 48.857 45.193 45.505 47.228 44.512 41.558 42.806 46.302 47.581 45.732 44.383 42.242 40.362 36.574 34.128 30.395 28.493 25.600 23.444 23.856 26.767 30.348 33.711 36.492 40.255 43.150 41.360 37.909 36.126 32.332 30.074 27.307 29.672 32.934 32.906 30.870 30.447 27.775 25.435 24.320 21.163 21.655 25.406 28.053 31.216 33.453 36.543 35.809 36.680 35.279 35.065 37.569 40.174 40.107 41.455 44.668 48.093 48.624 46.989 47.016 43.283 42.482 45.046 43.964 40.324 41.499 43.492 40.363 38.500 41.423 41.700 38.111 38.991 39.043 41.929 42.221 39.955 37.262 38.666 37.942 40.984 43.243 42.103 42.659 45.680 47.516 47.119 50.253 52.162 55.264 53.458 56.829 57.478 55.071 57.447 60.675 63.240 61.494 63.463 61.448
48.887 49.485 51.513 54.275 54.058 56.896 56.021 52.586 54.131 56.553 53.880 51.701 54.819 55.722 52.278 52.749 50.539 53.405 52.815 50.015 48.353 50.664 49.609 52.602 52.666 52.401 48.913 47.711 49.455 48.079 44.506 44.978 46.454 43.537 40.798 42.184 45.552 47.113 45.391 44.340 42.201 40.037 36.270 33.532 29.803 27.660 24.463 22.660 23.513 26.632 30.179 33.471 36.491 40.235 42.961 41.117 37.615 36.117 32.313 30.408 27.608 30.140 33.509 33.674 31.883 31.287 28.923 26.216 24.919 22.085 22.651 26.268 29.097 32.257 34.424 37.475 37.077 37.813 36.346 35.742 38.263 40.955 40.565 41.779 45.156 48.438 49.140 47.369 47.637 43.976 42.859 45.400 44.585 40.866 41.718 43.845 40.864 38.693 41.423 41.931 38.321 38.927 38.649 41.608 41.732 39.217 36.745 37.998 36.917 39.912 42.309 40.986 41.267 44.363 46.419 46.020 49.034 50.920 54.144 52.548 56.029 56.544 54.289 56.856 59.950 62.596 61.054 63.215 61.332
51.076 51.589 53.767 56.471 56.324 59.291 58.461 55.096 56.726 59.233 56.611 54.507 57.697 58.664 55.289 55.828 53.527 56.346 55.817 53.118 51.502 53.698 52.507 55.415 55.413 54.971 51.520 50.377 51.949 50.437 46.945 47.381 48.633 45.622 43.016 44.321 47.567 49.316 47.530 46.675 44.378 42.130 38.376 35.527 31.784 29.724 26.333 24.975 25.834 29.171 32.577 35.920 38.979 42.703 45.414 43.700 40.117 38.868 35.086 33.272 30.627 33.341 36.661 36.725 34.877 34.000 31.648 28.775 27.712 25.111 25.970 29.508 32.491 35.540 37.811 40.758 40.379 40.922 39.260 38.507 40.857 43.714 43.273 44.255 47.696 50.913 51.822 50.122 50.578 46.952 45.738 48.372 47.727 43.993 44.750 47.018 44.147 41.852 44.530 45.207 41.625 42.151 41.674 44.614 44.561 41.940 39.565 40.609 39.286 42.140 44.715 43.366 43.374 46.440 48.705 48.416 51.366 53.147 56.423 54.940 58.480 58.816 56.610 59.303 62.308 64.929 63.498 65.770 64.030
51.766 52.028 54.228 56.762 56.526 59.619 58.983 55.652 57.233 59.912 57.457 55.314 58.515 59.687 56.415 56.882 54.388 57.050 56.482 53.970 52.316 54.291 52.979 55.817 55.857 55.165 51.723 50.784 52.227 50.469 47.103 47.672 48.664 45.490 43.125 44.529 47.610 49.618 47.954 47.391 45.102 42.622 38.939 35.865 32.199 29.987 26.395 25.457 26.660 30.101 33.388 36.615 39.837 43.496 46.029 44.301 40.709 39.748 36.017 34.532 31.924 34.737 38.089 38.300 36.663 35.640 33.564 30.447 29.285 27.004 27.914 31.278 34.360 37.360 39.560 42.436 42.329 42.746 41.032 39.961 42.283 45.199 44.488 45.325 48.880 51.942 53.012 51.216 51.891 48.356 46.879 49.479 49.080 45.311 45.782 48.156 45.443 42.906 45.387 46.268 42.708 42.990 42.216 45.182 44.965 42.144 40.007 40.880 39.228 41.981 44.672 43.170 42.889 45.983 48.455 48.181 50.985 52.716 56.086 54.819 58.441 58.631 56.585 59.448 62.303 64.979 63.752 66.197 64.599
54.519 54.617 56.847 59.255 58.967 62.148 61.648 58.356 59.901 62.694 60.355 58.193 61.390 62.694 59.490 59.901 57.289 59.833 59.216 56.834 55.127 56.944 55.582 58.378 58.470 57.597 54.166 53.392 54.743 52.803 49.547 50.215 51.003 47.717 45.552 47.011 49.948 52.145 50.557 50.202 47.898 45.284 41.667 38.466 34.874 32.605 28.910 28.283 29.668 33.154 36.338 39.482 42.783 46.386 48.799 47.077 43.492 42.724 39.043 37.753 35.175 38.013 41.380 41.669 40.130 39.017 37.056 33.836 32.676 30.553 31.476 34.759 37.860 40.844 42.988 45.838 45.859 46.221 44.473 43.247 45.522 48.481 47.634 48.360 51.971 54.933 56.117 54.280 55.087 51.610 49.988 52.560 52.300 48.520 48.818 51.232 48.606 45.937 48.271 49.246 45.693 45.781 44.838 47.844 47.550 44.582 42.647 43.421 41.532 44.200 46.956 45.317 44.811 47.926 50.553 50.264 52.919 54.627 58.072 56.999 60.677 60.758 58.852 61.839 64.568 67.283 66.219 68.787 67.294
56.030 56.055 58.088 60.437 59.933 63.030 62.653 59.259 60.594 63.420 61.145 58.793 61.856 63.249 59.991 60.175 57.540 59.999 59.147 56.758 54.826 56.616 55.468 58.406 58.741 57.917 54.388 53.783 55.341 53.344 50.074 50.991 51.889 48.554 46.431 48.148 51.129 53.297 51.914 51.505 49.418 46.734 43.130 39.878 36.331 33.782 30.126 29.208 30.904 34.196 37.531 40.526 43.926 47.527 49.823 47.847 44.380 43.441 39.746 38.573 35.730 38.301 41.818 42.410 41.074 40.286 38.393 35.271 33.764 31.451 31.932 35.263 38.127 41.314 43.182 46.217 46.370 47.016 45.545 44.374 46.885 49.656 48.721 49.699 53.304 56.272 57.256 55.228 55.877 52.396 50.740 53.111 52.721 48.933 49.146 51.349 48.616 45.958 48.155 48.923 45.287 45.149 44.326 47.509 47.469 44.399 42.624 43.672 41.811 44.672 47.221 45.338 44.985 48.267 50.777 50.205 52.738 54.675 58.195 57.229 60.923 61.192 59.416 62.385 65.106 67.959 66.932 69.493 67.870
57.445 57.250 59.285 61.466 60.880 64.068 63.870 60.527 61.803 64.767 62.654 60.278 63.328 64.896 61.742 61.858 59.070 61.372 60.482 58.276 56.315 57.892 56.654 59.512 59.893 58.849 55.351 54.943 56.379 54.173 51.048 52.084 52.741 49.290 47.413 49.204 52.009 54.388 53.128 52.975 50.911 48.057 44.552 41.155 37.727 35.097 31.363 30.801 32.722 36.035 39.227 42.087 45.581 49.093 51.216 49.242 45.805 45.115 41.505 40.607 37.827 40.442 43.948 44.648 43.482 42.586 40.908 37.638 36.085 34.026 34.548 37.717 40.628 43.750 45.549 48.508 48.870 49.414 47.910 46.501 48.971 51.770 50.625 51.478 55.152 57.973 59.085 56.986 57.814 54.428 52.566 54.890 54.705 50.915 50.887 53.157 50.575 47.738 49.744 50.673 47.087 46.733 45.665 48.844 48.669 45.449 43.916 44.810 42.680 45.416 48.031 46.016 45.402 48.679 51.353 50.786 53.145 55.029 58.614 57.867 61.612 61.749 60.142 63.248 65.811 68.705 67.875 70.580 69.092
55.946 55.573 57.668 59.716 59.142 62.433 62.344 59.091 60.400 63.466 61.477 59.167 62.259 63.944 60.920 61.079 58.167 60.366 59.570 57.534 55.681 57.081 55.644 58.349 58.642 57.390 53.977 53.654 54.885 52.537 49.549 50.573 50.980 47.464 45.781 47.532 50.161 52.723 51.507 51.603 49.507 46.525 43.127 39.629 36.323 33.725 29.941 29.816 31.836 35.198 38.176 40.938 44.469 47.881 49.876 48.011 44.569 44.183 40.678 40.014 37.421 40.183 43.591 44.276 43.227 42.118 40.677 37.237 35.737 34.041 34.766 37.713 40.763 43.707 45.548 48.327 48.858 49.174 47.543 45.866 48.210 51.083 49.755 50.399 54.129 56.793 58.092 55.999 57.060 53.783 51.736 54.091 54.168 50.391 50.167 52.599 50.229 47.221 49.114 50.309 46.831 46.416 45.055 48.113 47.676 44.397 42.992 43.605 41.241 43.771 46.531 44.544 43.644 46.822 49.674 49.264 51.552 53.263 56.849 56.219 59.988 59.928 58.397 61.616 64.050 66.908 66.225 69.049 67.736
57.162 56.554 58.604 60.456 59.771 63.124 63.236 60.043 61.259 64.451 62.648 60.307 63.352 65.218 62.313 62.380 59.328 61.342 60.495 58.660 56.777 57.948 56.442 59.054 59.412 57.946 54.585 54.482 55.597 53.049 50.238 51.400 51.569 47.964 46.558 48.400 50.826 53.577 52.529 52.879 50.863 47.725 44.471 40.866 37.742 35.071 31.303 31.492 33.730 37.017 39.825 42.388 45.984 49.268 51.050 49.173 45.816 45.665 42.289 41.924 39.398 42.137 45.510 46.330 45.489 44.332 43.135 39.606 38.028 36.577 37.276 40.031 43.066 45.935 47.660 50.355 51.109 51.352 49.739 47.843 50.158 53.007 51.462 52.009 55.778 58.271 59.663 57.485 58.703 55.548 53.302 55.566 55.839 52.089 51.615 54.075 51.870 48.710 50.379 51.715 48.315 47.677 46.087 49.117 48.562 45.162 44.031 44.502 41.897 44.282 47.057 44.939 43.791 46.941 49.923 49.500 51.580 53.236 56.865 56.476 60.270 60.092 58.759 62.094 64.350 67.247 66.775 69.733 68.550
55.395 54.574 56.499 58.179 57.341 60.698 60.995 57.824 58.904 62.192 60.560 58.153 61.121 63.149 60.346 60.291 57.125 58.971 58.059 56.393 54.480 55.459 53.914 56.463 56.902 55.296 51.964 52.055 53.128 50.432 47.752 49.079 49.112 45.445 44.253 46.244 48.532 51.395 50.560 51.086 49.238 45.957 42.846 39.155 36.229 33.405 29.709 30.083 32.604 35.721 38.393 40.706 44.370 47.523 49.077 47.122 43.885 43.896 40.657 40.616 38.121 40.773 44.107 45.126 44.571 43.468 42.582 39.009 37.235 36.038 36.614 39.120 42.083 44.873 46.423 49.033 50.053 50.270 48.760 46.657 49.017 51.758 49.977 50.524 54.310 56.643 58.038 55.730 57.042 54.014 51.579 53.705 54.137 50.428 49.704 52.152 50.104 46.814 48.261 49.711 46.402 45.566 43.778 46.771 46.135 42.647 41.758 42.146 39.375 41.685 44.414 42.174 40.892 44.045 47.073 46.601 48.530 50.177 53.835 53.612 57.417 57.205 56.031 59.429 61.563 64.516 64.193 67.233 66.114
52.946 52.036 54.069 55.682 54.950 58.397 58.704 55.649 56.841 60.162 58.586 56.319 59.364 61.413 58.731 58.811 55.597 57.413 56.689 55.137 53.424 54.309 52.535 54.902 55.154 53.406 50.195 50.247 51.083 48.344 45.772 46.961 46.783 43.120 42.043 43.881 46.018 48.997 48.114 48.828 46.895 43.574 40.565 36.860 34.053 31.395 27.725 28.538 30.976 34.126 36.539 38.801 42.414 45.466 46.965 45.206 41.946 42.238 39.117 39.199 36.977 39.797 42.961 43.839 43.303 41.955 41.243 37.573 35.968 35.126 35.980 38.266 41.370 43.923 45.594 47.979 49.053 49.001 47.320 45.027 47.192 50.023 48.159 48.463 52.262 54.467 56.056 53.840 55.367 52.434 49.906 52.123 52.782 49.114 48.305 50.940 49.096 45.719 47.151 48.863 45.693 44.953 42.942 45.733 44.802 41.368 40.478 40.538 37.631 39.685 42.595 40.528 38.996 41.972 45.153 44.943 46.900 48.301 51.897 51.674 55.466 55.040 53.841 57.301 59.360 62.211 61.952 65.057 64.108
52.394 51.737 53.937 55.766 55.253 58.704 58.765 55.702 57.096 60.295 58.511 56.362 59.526 61.370 58.594 58.869 55.787 57.820 57.244 55.501 53.902 55.017 53.215 55.612 55.695 54.111 50.891 50.661 51.501 48.961 46.228 47.164 47.137 43.565 42.210 43.826 46.128 48.971 47.810 48.329 46.181 43.025 39.855 36.249 33.217 30.770 27.009 27.702 29.790 33.157 35.672 38.227 41.750 44.941 46.714 45.095 41.674 41.834 38.573 38.304 36.127 39.115 42.268 42.872 42.021 40.540 39.543 35.880 34.529 33.528 34.620 37.103 40.349 42.907 44.826 47.230 48.022 47.909 46.061 43.942 46.015 48.991 47.376 47.630 51.415 53.786 55.409 53.369 54.834 51.775 49.445 51.860 52.392 48.685 48.158 50.870 48.900 45.653 47.368 49.032 45.799 45.358 43.518 46.283 45.356 42.063 40.839 40.911 38.200 40.301 43.316 41.475 40.088 43.017 46.153 46.085 48.285 49.634 53.165 52.683 56.454 56.035 54.596 57.972 60.194 62.944 62.483 65.482 64.482
49.289 48.800 51.051 53.034 52.633 56.050 55.942 52.849 54.349 57.452 55.527 53.436 56.662 58.369 55.529 55.919 52.933 55.113 54.643 52.768 51.267 52.546 50.723 53.141 53.109 51.674 48.442 48.002 48.880 46.509 43.641 44.420 44.556 41.064 39.482 40.991 43.447 46.150 44.843 45.194 42.973 39.919 36.644 33.103 29.937 27.568 23.777 24.354 26.272 29.718 32.300 35.000 38.474 41.749 43.680 42.114 38.611 38.659 35.326 34.876 32.737 35.813 38.935 39.399 38.422 36.904 35.821 32.168 30.891 29.868 31.084 33.598 36.916 39.435 41.480 43.861 44.527 44.374 42.466 40.429 42.487 45.502 44.008 44.284 48.053 50.528 52.119 50.155 51.560 48.434 46.219 48.733 49.186 45.466 45.105 47.862 45.835 42.672 44.567 46.218 42.978 42.764 41.026 43.734 42.799 39.636 38.163 38.246 35.709 37.870 40.925 39.265 38.041 40.945 43.997 44.022 46.432 47.758 51.224 50.511 54.254 53.890 52.259 55.544 57.912 60.603 59.966 62.864 61.792
48.681 48.412 50.599 52.763 52.361 55.663 55.407 52.195 53.683 56.669 54.580 52.421 55.629 57.195 54.199 54.573 51.719 54.050 53.515 51.429 49.848 51.351 49.704 52.290 52.315 51.132 47.794 47.209 48.320 46.137 43.072 43.835 44.293 40.878 39.014 40.564 43.270 45.742 44.365 44.404 42.213 39.295 35.860 32.413 29.051 26.603 22.807 22.825 24.663 28.120 30.997 33.855 37.317 40.742 42.849 41.156 37.619 37.313 33.819 33.091 30.733 33.727 36.975 37.441 36.334 35.021 33.698 30.161 28.783 27.384 28.445 31.206 34.460 37.164 39.215 41.779 42.278 42.335 40.536 38.754 40.977 43.930 42.622 43.141 46.871 49.540 50.924 48.948 50.107 46.843 44.818 47.332 47.513 43.752 43.615 46.244 43.989 40.984 43.052 44.463 41.098 41.013 39.563 42.387 41.700 38.613 36.923 37.303 35.048 37.472 40.392 38.745 37.877 40.897 43.739 43.623 46.185 47.689 51.145 50.238 53.958 53.821 52.053 55.202 57.750 60.472 59.634 62.387 61.110
47.454 47.463 49.786 52.159 51.982 55.246 54.732 51.539 53.219 56.045 53.754 51.740 55.043 56.377 53.310 53.893 51.209 53.745 53.385 51.125 49.702 51.427 49.755 52.332 52.170 51.176 47.874 46.993 48.095 46.158 42.967 43.447 44.074 40.817 38.680 39.973 42.825 45.100 43.453 43.265 40.888 38.199 34.642 31.386 27.851 25.711 21.973 21.810 23.140 26.743 29.673 32.797 36.089 39.614 41.986 40.465 36.818 36.366 32.789 31.676 29.434 32.567 35.726 35.867 34.426 32.985 31.364 27.891 26.828 25.284 26.637 29.549 32.921 35.561 37.872 40.400 40.586 40.560 38.597 37.028 39.130 42.198 41.175 41.648 45.318 48.140 49.533 47.759 48.839 45.474 43.688 46.384 46.434 42.680 42.850 45.538 43.193 40.371 42.715 44.077 40.715 40.975 39.715 42.435 41.743 38.877 36.855 37.223 35.237 37.654 40.624 39.260 38.563 41.470 44.210 44.253 47.035 48.455 51.794 50.621 54.273 54.149 52.146 55.167 57.867 60.461 59.411 62.027 60.700
47.311 47.533 49.753 52.280 52.084 55.203 54.556 51.258 52.895 55.587 53.150 51.066 54.317 55.505 52.293 52.838 50.309 52.974 52.534 50.072 48.564 50.505 49.040 51.776 51.692 50.959 47.574 46.567 47.910 46.173 42.818 43.298 44.248 41.099 38.717 40.058 43.126 45.145 43.466 42.958 40.659 38.139 34.471 31.371 27.715 25.529 21.923 21.119 22.315 25.814 29.019 32.241 35.474 39.109 41.625 39.971 36.347 35.511 31.815 30.415 27.946 30.918 34.184 34.340 32.777 31.614 29.735 26.466 25.285 23.287 24.407 27.585 30.825 33.662 35.944 38.664 38.665 38.894 37.090 35.832 38.108 41.062 40.245 40.992 44.584 47.585 48.735 46.945 47.745 44.259 42.691 45.347 45.099 41.332 41.738 44.250 41.674 39.054 41.551 42.632 39.165 39.553 38.621 41.439 41.027 38.270 36.061 36.750 35.083 37.738 40.518 39.166 38.835 41.831 44.328 44.212 47.103 48.699 52.007 50.665 54.269 54.382 52.273 55.138 57.995 60.617 59.380 61.838 60.303
46.217 46.732 49.043 51.766 51.778 54.817 53.915 50.644 52.444 54.946 52.315 50.376 53.687 54.626 51.349 52.088 49.761 52.618 52.340 49.710 48.361 50.521 49.063 51.785 51.532 51.015 47.683 46.391 47.743 46.279 42.822 43.031 44.173 41.222 38.585 39.675 42.874 44.649 42.731 41.962 39.526 37.285 33.539 30.708 26.951 25.119 21.728 20.670 21.268 24.782 28.006 31.438 34.438 38.137 40.898 39.409 35.735 34.713 30.983 29.176 26.847 29.877 33.007 32.830 30.923 29.694 27.480 24.379 23.542 21.345 22.727 26.040 29.326 32.077 34.594 37.267 36.923 37.100 35.173 34.200 36.357 39.374 38.880 39.619 43.102 46.255 47.364 45.782 46.457 42.886 41.599 44.402 43.987 40.265 41.000 43.522 40.859 38.477 41.232 42.223 38.794 39.532 38.828 41.514 41.128 38.632 36.120 36.821 35.472 38.106 40.871 39.802 39.671 42.535 44.883 44.899 47.975 49.498 52.667 51.070 54.576 54.730 52.406 55.110 58.109 60.600 59.150 61.443 59.844
45.033 45.739 47.915 50.762 50.752 53.626 52.602 49.255 51.001 53.355 50.603 48.616 51.859 52.651 49.261 49.972 47.811 50.778 50.455 47.653 46.270 48.624 47.348 50.180 49.975 49.718 46.347 44.925 46.485 45.240 41.663 41.850 43.297 40.496 37.648 38.764 42.137 43.637 41.718 40.645 38.336 36.282 32.493 29.871 26.095 24.271 21.164 19.499 19.901 23.171 26.584 30.032 32.919 36.669 39.530 37.934 34.335 32.956 29.177 27.113 24.624 27.453 30.617 30.445 28.456 27.539 25.135 22.306 21.331 18.721 19.850 23.354 26.472 29.355 31.833 34.640 34.129 34.540 32.796 32.124 34.444 37.299 36.993 38.003 41.376 44.666 45.522 43.928 44.334 40.681 39.609 42.351 41.665 37.968 38.927 41.275 38.433 36.274 39.165 39.906 36.437 37.344 36.951 39.652 39.504 37.179 34.491 35.459 34.461 37.261 39.814 38.817 39.039 41.923 44.005 43.906 47.079 48.724 51.817 50.047 53.470 53.841 51.418 53.945 57.080 59.572 57.945 60.070 58.285
45.824 46.819 49.091 52.104 52.307 55.100 53.836 50.550 52.451 54.608 51.682 49.862 53.140 53.676 50.244 51.145 49.204 52.331 52.155 49.213 47.977 50.516 49.270 52.070 51.716 51.648 48.354 46.692 48.234 47.236 43.610 43.543 45.125 42.520 39.496 40.348 43.785 45.063 42.915 41.613 39.163 37.421 33.619 31.307 27.522 26.110 23.272 21.516 21.313 24.485 27.801 31.389 33.980 37.732 40.806 39.408 35.807 34.282 30.544 28.097 25.822 28.617 31.576 31.039 28.672 27.695 24.898 22.387 21.901 19.116 20.481 24.052 27.104 29.851 32.536 35.268 34.347 34.716 32.855 32.546 34.673 37.572 37.644 38.610 41.824 45.243 46.065 44.721 44.992 41.283 40.532 43.397 42.537 38.932 40.223 42.541 39.629 37.749 40.847 41.469 38.067 39.273 39.109 41.679 41.570 39.489 36.586 37.553 36.822 39.554 42.081 41.322 41.676 44.424 46.388 46.402 49.690 51.260 54.226 52.265 55.587 55.975 53.383 55.760 58.996 61.351 59.546 61.512 59.685
44.339 45.548 47.705 50.837 51.070 53.687 52.273 48.961 50.846 52.818 49.770 47.968 51.182 51.529 48.020 48.951 47.215 50.455 50.301 47.208 46.020 48.745 47.640 50.485 50.115 50.308 47.036 45.207 46.893 46.153 42.451 42.292 44.143 41.744 38.533 39.327 42.887 43.867 41.689 40.089 37.750 36.258 32.474 30.457 26.744 25.484 23.050 20.850 20.306 23.120 26.474 30.033 32.405 36.147 39.320 37.903 34.411 32.577 28.879 26.156 23.878 26.445 29.302 28.662 26.162 25.463 22.461 20.348 19.881 16.776 17.971 21.611 24.450 27.199 29.891 32.660 31.501 32.036 30.323 30.362 32.559 35.291 35.607 36.785 39.838 43.370 43.962 42.674 42.692 38.933 38.447 41.271 40.160 36.636 38.189 40.348 37.316 35.715 38.955 39.361 36.003 37.448 37.583 40.067 40.133 38.302 35.220 36.363 36.006 38.804 41.128 40.525 41.190 43.872 45.570 45.543 48.924 50.539 53.376 51.229 54.429 54.988 52.283 54.458 57.812 60.117 58.129 59.908 57.932
45.298 46.785 48.924 52.192 52.562 55.024 53.400 50.132 52.081 53.824 50.626 48.942 52.112 52.197 48.640 49.683 48.210 51.577 51.504 48.264 47.173 50.086 49.103 51.949 51.506 51.941 48.739 46.716 48.461 47.990 44.253 43.919 45.963 43.786 40.424 41.041 44.662 45.362 43.055 41.183 38.840 37.684 33.956 32.289 28.675 27.724 25.637 23.272 22.309 24.807 28.038 31.585 33.633 37.315 40.624 39.323 35.934 33.878 30.290 27.261 25.153 27.481 30.107 29.209 26.443 25.900 22.588 21.025 20.908 17.654 18.786 22.363 24.907 27.520 30.268 32.983 31.423 32.050 30.391 30.889 32.960 35.578 36.278 37.533 40.353 43.994 44.429 43.342 43.121 39.337 39.215 42.051 40.686 37.310 39.191 41.200 38.076 36.826 40.213 40.399 37.130 38.831 39.268 41.634 41.839 40.269 37.033 38.273 38.235 41.011 43.197 42.776 43.652 46.229 47.727 47.721 51.175 52.782 55.483 53.161 56.230 56.890 54.056 56.034 59.486 61.682 59.510 61.087 59.011
44.350 46.046 48.046 51.407 51.809 54.069 52.298 49.036 50.955 52.483 49.179 47.538 50.610 50.485 46.876 47.949 46.718 50.176 50.131 46.760 45.737 48.820 47.995 50.856 50.398 51.099 47.955 45.780 47.650 47.449 43.683 43.253 45.544 43.601 40.103 40.645 44.337 44.726 42.414 40.257 38.061 37.191 33.559 32.233 28.789 28.022 26.379 23.716 22.467 24.485 27.626 31.041 32.799 36.393 39.755 38.463 35.250 32.913 29.462 26.216 24.199 26.180 28.596 27.583 24.718 24.522 21.069 20.097 20.048 16.643 17.491 20.934 23.093 25.609 28.302 30.995 29.152 29.966 28.513 29.428 31.517 33.895 34.874 36.335 38.926 42.644 42.824 41.823 41.321 37.532 37.720 40.473 38.844 35.615 37.767 39.571 36.359 35.451 38.940 38.887 35.723 37.660 38.409 40.642 41.025 39.739 36.376 37.770 38.107 40.897 42.853 42.595 43.759 46.238 47.459 47.416 50.925 52.559 55.108 52.618 55.537 56.361 53.435 55.191 58.737 60.863 58.518 59.889 57.671
40.577 42.258 44.292 47.656 48.108 50.400 48.612 45.379 47.368 48.916 45.617 44.038 47.182 47.078 43.516 44.686 43.406 46.878 46.968 43.650 42.779 45.823 44.833 47.588 46.998 47.655 44.575 42.324 44.089 43.921 40.174 39.633 41.894 40.006 36.482 36.928 40.611 40.985 38.634 36.496 34.269 33.403 29.778 28.516 25.114 24.504 23.056 20.430 18.915 20.869 23.918 27.361 29.070 32.666 36.055 34.856 31.609 29.353 25.927 22.637 20.806 22.981 25.286 24.123 21.201 20.825 17.399 16.306 16.357 13.082 14.337 17.658 20.078 22.417 25.314 27.849 26.072 26.648 25.022 25.783 27.842 30.316 31.227 32.606 35.255 38.954 39.228 38.238 37.871 34.089 34.197 37.051 35.573 32.316 34.441 36.414 33.333 32.343 35.878 36.040 32.974 35.037 35.628 37.695 37.879 36.684 33.244 34.453 34.825 37.491 39.507 39.417 40.540 42.890 44.115 44.229 47.794 49.289 51.767 49.220 52.114 52.853 49.875 51.633 55.174 57.245 54.900 56.296 54.151
37.901 39.570 41.810 45.182 45.809 48.233 46.402 43.275 45.462 47.061 43.773 42.372 45.670 45.589 42.145 43.525 42.154 45.629 45.956 42.762 42.130 45.060 43.776 46.333 45.505 46.002 43.035 40.693 42.185 41.990 38.310 37.550 39.618 37.746 34.245 34.448 38.050 38.523 35.998 34.005 31.538 30.663 27.019 25.774 22.342 22.069 20.665 18.442 16.511 18.700 21.506 25.107 26.759 30.353 33.818 32.894 29.508 27.572 24.192 20.902 19.496 22.108 24.202 22.713 19.634 18.642 15.226 13.733 14.331 11.619 13.803 16.800 19.676 21.622 24.842 27.038 25.331 25.386 23.313 23.766 25.542 28.323 29.175 30.198 32.949 36.594 37.174 36.329 36.278 32.545 32.523 35.603 34.443 31.172 33.215 35.506 32.684 31.520 35.078 35.619 32.699 34.852 35.122 36.979 36.790 35.634 32.146 32.960 33.201 35.613 37.861 37.984 38.869 41.039 42.422 42.828 46.448 47.692 50.113 47.538 50.438 50.941 47.892 49.727 53.219 55.177 52.874 54.353 52.401
36.426 37.790 40.078 43.315 43.821 46.430 44.812 41.643 43.792 45.643 42.514 41.005 44.376 44.577 41.198 42.485 40.823 44.169 44.450 41.422 40.728 43.454 41.995 44.525 43.733 43.958 40.930 38.765 40.158 39.683 36.032 35.416 37.266 35.160 31.791 32.147 35.698 36.483 34.065 32.382 29.882 28.618 24.875 23.222 19.620 19.069 17.310 15.284 13.621 16.287 19.243 22.933 24.963 28.650 31.990 30.974 27.432 25.780 22.260 19.295 17.761 20.753 23.076 21.840 19.076 17.806 14.836 12.494 12.692 10.269 12.761 15.767 19.071 21.109 24.300 26.504 25.279 25.167 22.991 22.837 24.739 27.688 28.076 28.971 32.010 35.526 36.317 35.260 35.514 31.817 31.365 34.468 33.629 30.192 31.864 34.370 31.684 30.117 33.533 34.368 31.382 33.300 33.210 35.142 34.742 33.335 29.971 30.612 30.515 32.914 35.354 35.344 35.990 38.234 39.842 40.284 43.858 45.068 47.616 45.197 48.236 48.605 45.664 47.715 51.110 53.168 51.054 52.755 50.928
33.036 34.569 36.940 40.266 40.974 43.537 41.750 38.693 41.012 42.731 39.525 38.234 41.675 41.725 38.426 39.950 38.404 41.823 42.371 39.368 38.983 41.727 40.107 42.440 41.391 41.686 38.838 36.447 37.665 37.412 33.815 32.882 34.756 32.895 29.432 29.456 32.986 33.581 30.982 29.187 26.574 25.566 21.897 20.620 17.200 17.271 16.131 14.330 11.851 14.160 16.668 20.377 22.045 25.644 29.111 28.398 24.887 23.328 20.025 16.875 15.985 19.084 20.925 19.225 16.226 14.549 11.516 9.209 10.229 8.595 11.826 14.129 17.509 18.960 22.419 24.203 22.839 22.310 19.830 19.674 21.294 24.366 24.917 25.621 28.578 32.107 32.994 32.149 32.496 28.852 28.522 31.786 31.062 27.751 29.564 32.218 29.748 28.310 31.816 32.835 30.126 32.329 32.183 33.756 33.127 32.038 28.536 28.890 29.017 31.135 33.585 33.954 34.619 36.565 38.069 38.777 42.438 43.411 45.753 43.163 46.064 46.341 43.252 45.179 48.603 50.487 48.267 49.873 48.119
32.922 34.571 36.637 40.012 40.559 42.890 41.067 37.892 40.020 41.597 38.316 36.870 40.156 40.098 36.652 38.030 36.656 40.146 40.543 37.360 36.857 39.793 38.452 40.946 40.062 40.646 37.731 35.301 36.834 36.779 33.090 32.281 34.508 32.796 29.203 29.418 33.087 33.379 30.962 28.837 26.585 25.750 22.163 21.132 17.920 17.781 17.061 14.565 12.232 13.767 16.487 19.946 21.485 25.066 28.510 27.528 24.238 22.160 18.860 15.462 14.248 16.862 18.765 17.213 14.203 13.350 10.099 8.624 8.980 6.385 9.045 11.569 14.594 16.297 19.636 21.682 20.137 20.090 18.063 18.390 20.414 23.080 23.797 25.018 27.800 31.447 31.902 30.916 30.852 27.111 27.024 30.089 28.975 25.690 27.738 30.082 27.360 26.212 29.814 30.470 27.715 30.056 30.296 31.910 31.638 30.722 27.128 27.886 28.410 30.751 32.845 33.181 34.251 36.264 37.438 37.904 41.577 42.753 45.035 42.345 45.153 45.727 42.631 44.362 47.895 49.842 47.485 48.917 46.916
34.187 35.504 37.384 40.595 40.800 43.191 41.660 38.311 40.168 41.979 38.863 37.082 40.278 40.522 37.008 38.034 36.417 39.765 39.831 36.680 35.816 38.663 37.456 40.167 39.602 40.062 36.927 34.803 36.555 36.207 32.455 32.081 34.295 32.289 28.812 29.510 33.219 33.751 31.665 29.729 27.730 26.463 22.795 21.268 17.900 16.956 15.776 12.837 11.428 13.210 16.513 19.876 21.958 25.651 28.854 27.417 24.102 21.939 18.363 15.343 13.276 15.857 18.416 17.626 15.227 14.862 12.196 10.256 9.171 5.780 7.454 10.787 13.897 16.332 19.258 21.783 20.751 21.152 19.558 19.541 22.055 24.534 24.775 26.276 29.258 32.814 33.156 31.756 31.675 27.913 27.470 30.294 29.176 25.684 27.392 29.624 26.725 25.275 28.715 29.277 26.220 28.199 28.393 30.378 30.306 29.029 25.596 26.662 26.958 29.627 31.668 31.590 32.687 35.019 36.264 36.422 40.001 41.440 43.945 41.455 44.427 45.126 42.229 44.123 47.606 49.800 47.608 49.198 47.119
34.022 34.948 36.789 39.802 39.774 42.339 41.107 37.683 39.398 41.504 38.606 36.627 39.833 40.429 36.979 37.791 35.837 38.993 38.894 35.926 34.874 37.479 36.169 38.925 38.518 38.680 35.418 33.589 35.324 34.606 30.877 30.813 32.806 30.478 27.195 28.227 31.875 32.774 30.927 29.358 27.446 25.693 21.967 19.892 16.379 14.778 13.050 10.041 9.556 11.855 15.470 18.783 21.401 25.154 28.108 26.428 22.999 21.112 17.358 14.933 12.453 15.323 18.289 18.051 16.257 15.801 13.852 11.209 9.305 6.522 7.786 11.025 14.387 17.034 19.666 22.287 21.890 22.264 20.753 20.089 22.794 25.308 24.981 26.432 29.683 33.052 33.540 31.835 32.021 28.339 27.394 30.114 29.304 25.644 26.851 29.212 26.417 24.485 27.678 28.478 25.275 26.848 26.664 28.865 28.673 27.003 23.785 24.806 24.670 27.460 29.651 29.268 30.147 32.681 34.163 34.227 37.716 39.229 41.935 39.676 42.829 43.454 40.741 42.883 46.248 48.614 46.658 48.492 46.504
37.284 38.007 39.855 42.737 42.565 45.233 44.193 40.734 42.332 44.601 41.832 39.721 42.881 43.661 40.223 40.853 38.742 41.758 41.448 38.568 37.265 39.732 38.494 41.352 41.148 41.128 37.752 36.195 37.962 36.960 33.272 33.480 35.290 32.702 29.628 30.893 34.453 35.627 33.912 32.578 30.665 28.662 24.921 22.493 18.881 16.854 14.431 11.723 12.128 14.809 18.479 21.722 24.608 28.356 31.151 29.320 25.869 24.143 20.342 18.279 15.548 18.288 21.509 21.595 19.988 19.541 17.622 14.861 12.974 10.287 11.014 14.384 17.540 20.453 22.810 25.623 25.396 25.931 24.512 23.738 26.461 28.989 28.495 29.904 33.244 36.533 37.082 35.256 35.502 31.854 30.735 33.336 32.578 28.864 29.827 32.115 29.271 27.148 30.128 30.873 27.486 28.653 28.362 30.878 30.785 28.746 25.806 26.939 26.414 29.347 31.612 30.843 31.530 34.315 36.004 35.874 39.215 40.885 43.799 41.783 45.078 45.683 43.154 45.472 48.736 51.240 49.457 51.437 49.481
38.352 38.738 40.393 43.052 42.567 45.273 44.541 40.999 42.328 44.807 42.262 39.901 42.940 44.020 40.618 40.933 38.591 41.384 40.792 38.058 36.467 38.725 37.574 40.546 40.631 40.429 36.920 35.724 37.608 36.304 32.674 33.300 34.994 32.168 29.345 31.028 34.495 35.897 34.535 33.448 31.800 29.466 25.826 23.069 19.601 16.953 14.254 11.580 13.122 15.636 19.354 22.240 25.455 29.122 31.583 29.424 26.082 24.461 20.678 19.223 16.137 18.623 22.124 22.814 21.784 21.597 20.177 17.348 14.903 12.550 12.509 15.609 18.501 21.624 23.503 26.472 26.740 27.481 26.370 25.294 28.241 30.578 29.675 31.214 34.649 37.763 38.253 36.114 36.414 32.869 31.418 33.750 33.106 29.335 29.877 32.052 29.231 26.819 29.469 30.212 26.689 27.368 26.889 29.689 29.707 27.307 24.712 26.023 25.183 28.315 30.499 29.307 29.924 32.968 34.741 34.332 37.492 39.370 42.472 40.719 44.136 44.809 42.530 44.997 48.143 50.847 49.274 51.410 49.446
41.183 41.350 43.033 45.537 44.940 47.764 47.229 43.701 44.947 47.591 45.201 42.769 45.780 47.051 43.717 43.906 41.398 44.023 43.295 40.720 38.975 41.025 39.865 42.843 43.066 42.630 39.078 38.149 39.968 38.379 34.862 35.695 37.135 34.090 31.530 33.364 36.678 38.362 37.118 36.304 34.633 32.077 28.476 25.451 21.995 19.144 16.020 13.943 15.917 18.648 22.245 25.041 28.426 32.041 34.336 32.126 28.781 27.423 23.692 22.555 19.489 21.948 25.497 26.342 25.433 25.117 23.766 20.773 18.431 16.262 16.259 19.273 22.102 25.244 26.978 29.958 30.391 31.119 29.987 28.735 31.627 34.026 32.947 34.359 37.882 40.883 41.497 39.278 39.719 36.246 34.603 36.860 36.367 32.582 32.865 35.041 32.300 29.700 32.101 32.907 29.339 29.637 28.943 31.913 31.902 29.198 26.940 28.193 26.944 30.065 32.345 30.843 31.168 34.365 36.372 35.853 38.819 40.764 44.034 42.552 46.084 46.666 44.584 47.234 50.236 53.040 51.672 53.971 52.102
43.431 43.439 44.875 47.232 46.355 49.087 48.760 45.150 46.109 48.820 46.574 43.914 46.733 48.161 44.812 44.686 42.114 44.567 43.522 40.999 38.942 40.891 39.991 43.129 43.682 43.243 39.586 38.949 40.986 39.266 35.803 36.997 38.482 35.362 32.974 35.140 38.404 40.108 39.168 38.390 37.009 34.355 30.878 27.806 24.555 21.409 18.433 16.240 18.651 20.980 24.586 27.045 30.515 34.027 36.077 33.567 30.442 28.966 25.329 24.496 21.154 23.137 26.839 28.137 27.582 27.666 26.493 23.694 21.010 18.757 18.079 20.993 23.382 26.740 28.014 31.194 31.870 32.941 32.180 30.957 34.065 36.197 34.962 36.622 40.103 43.027 43.434 40.983 41.275 37.866 36.134 38.084 37.488 33.731 33.812 35.698 32.873 30.247 32.371 32.929 29.257 29.143 28.543 31.781 32.092 29.194 27.264 28.862 27.567 30.890 32.891 31.011 31.465 34.875 36.771 35.874 38.628 40.856 44.238 42.960 46.518 47.295 45.435 48.093 51.025 53.999 52.741 55.064 53.087
46.746 46.594 48.010 50.233 49.241 52.026 51.865 48.265 49.116 51.937 49.822 47.088 49.842 51.414 48.114 47.852 45.178 47.477 46.281 43.888 41.678 43.452 42.614 45.768 46.477 45.883 42.202 41.805 43.824 41.901 38.552 39.932 41.245 37.991 35.827 38.119 41.253 43.136 42.316 41.716 40.357 37.569 34.144 30.932 27.732 24.494 21.355 19.512 22.090 24.494 28.018 30.387 33.939 37.396 39.307 36.740 33.665 32.335 28.764 28.119 24.784 26.689 30.407 31.823 31.347 31.398 30.242 27.379 24.744 22.533 21.852 24.741 27.045 30.429 31.568 34.775 35.551 36.665 35.934 34.637 37.731 39.869 38.529 40.141 43.661 46.506 46.958 44.435 44.785 41.433 39.589 41.441 40.914 37.171 37.076 38.897 36.117 33.406 35.311 35.845 32.166 31.732 31.032 34.390 34.746 31.651 30.034 31.632 30.083 33.381 35.371 33.230 33.494 37.007 39.026 37.984 40.515 42.833 46.332 45.303 48.923 49.669 48.005 50.776 53.579 56.644 55.555 57.987 56.059
49.760 49.535 50.771 52.900 51.715 54.403 54.376 50.728 51.361 54.196 52.177 49.288 51.871 53.526 50.212 49.712 47.040 49.205 47.754 45.397 42.944 44.647 44.067 47.337 48.312 47.752 44.018 43.833 46.022 44.042 40.752 42.373 43.737 40.471 38.427 40.917 44.014 45.872 45.250 44.636 43.468 40.660 37.316 34.123 31.045 27.694 24.689 22.749 25.450 27.618 31.147 33.321 36.876 40.258 42.021 39.265 36.369 34.923 31.439 30.922 27.441 28.990 32.759 34.435 34.137 34.464 33.344 30.646 27.857 25.523 24.458 27.310 29.274 32.786 33.606 36.948 37.823 39.206 38.738 37.538 40.764 42.714 41.331 43.125 46.587 49.399 49.678 47.018 47.215 43.907 42.064 43.683 43.031 39.346 39.160 40.713 37.860 35.217 36.910 37.185 33.470 32.733 32.191 35.714 36.366 33.192 31.838 33.700 32.184 35.589 37.324 34.927 35.313 38.942 40.832 39.485 41.806 44.348 47.902 47.039 50.643 51.558 50.073 52.815 55.559 58.740 57.725 60.144 58.118
52.386 51.965 53.200 55.169 53.885 56.650 56.806 53.196 53.749 56.713 54.851 51.922 54.468 56.291 53.068 52.472 49.666 51.659 50.122 47.947 45.420 46.898 46.288 49.503 50.576 49.806 46.090 46.137 48.235 46.035 42.894 44.664 45.799 42.406 40.612 43.194 46.126 48.191 47.689 47.304 46.148 43.183 39.913 36.573 33.573 30.153 27.021 25.452 28.321 30.571 33.980 36.056 39.699 43.008 44.615 41.849 38.986 37.767 34.363 34.075 30.664 32.247 35.992 37.746 37.551 37.764 36.750 33.919 31.164 29.002 28.045 30.796 32.793 36.246 37.001 40.282 41.306 42.620 42.117 40.744 43.924 45.912 44.369 46.054 49.576 52.270 52.654 49.930 50.266 47.041 45.031 46.589 46.099 42.427 42.021 43.595 40.874 38.090 39.564 39.942 36.285 35.278 34.521 38.067 38.638 35.294 34.241 35.980 34.179 37.479 39.252 36.660 36.785 40.451 42.497 41.088 43.181 45.729 49.375 48.772 52.431 53.251 51.965 54.841 57.424 60.670 59.855 62.410 60.490
55.957 55.598 56.785 58.775 57.449 60.146 60.297 56.654 57.136 60.052 58.170 55.186 57.651 59.436 56.160 55.476 52.746 54.731 53.067 50.840 48.187 49.708 49.294 52.594 53.792 53.115 49.372 49.457 51.669 49.511 46.361 48.185 49.408 46.045 44.230 46.843 49.810 51.807 51.317 50.836 49.708 46.807 43.512 40.228 37.193 33.799 30.698 28.989 31.753 33.974 37.457 39.560 43.158 46.488 48.123 45.296 42.484 41.117 37.700 37.296 33.797 35.220 38.996 40.779 40.521 40.874 39.698 36.993 34.257 31.865 30.761 33.644 35.474 39.039 39.701 43.103 44.022 45.522 45.127 43.938 47.173 49.101 47.667 49.462 52.935 55.693 55.964 53.229 53.414 50.155 48.257 49.741 49.083 45.442 45.125 46.527 43.687 41.045 42.501 42.643 38.951 37.880 37.349 40.973 41.762 38.451 37.441 39.357 37.666 41.032 42.672 40.008 40.250 43.952 45.895 44.336 46.341 49.013 52.660 52.097 55.723 56.659 55.421 58.241 60.832 64.118 63.285 65.786 63.777
56.569 56.192 57.144 59.078 57.573 60.103 60.332 56.639 56.900 59.762 57.946 54.821 57.094 58.907 55.614 54.708 52.041 53.925 52.045 49.816 46.974 48.482 48.343 51.751 53.179 52.636 48.862 49.075 51.494 49.393 46.270 48.280 49.660 46.379 44.591 47.377 50.358 52.211 51.918 51.335 50.459 47.605 44.408 41.228 38.345 34.856 32.014 30.046 32.903 34.776 38.262 40.133 43.680 46.916 48.412 45.394 42.799 41.243 37.943 37.652 34.031 35.060 38.832 40.877 40.850 41.544 40.488 38.008 35.050 32.602 31.078 33.817 35.270 38.899 39.217 42.705 43.740 45.506 45.428 44.352 47.741 49.408 47.943 49.978 53.346 56.072 56.103 53.233 53.215 50.019 48.162 49.391 48.577 45.031 44.662 45.772 42.872 40.358 41.638 41.503 37.828 36.558 36.250 39.959 41.059 37.793 36.947 39.150 37.648 41.135 42.457 39.655 40.166 43.925 45.615 43.780 45.656 48.535 52.153 51.638 55.187 56.355 55.224 57.924 60.511 63.878 63.036 65.449 63.296
53.139 52.668 53.551 55.419 53.857 56.385 56.679 52.994 53.211 56.116 54.370 51.225 53.490 55.379 52.140 51.208 48.467 50.298 48.433 46.273 43.459 44.895 44.675 48.048 49.469 48.871 45.103 45.364 47.763 45.622 42.530 44.598 45.947 42.662 40.936 43.789 46.725 48.596 48.404 47.892 47.120 44.209 41.098 37.905 35.156 31.588 28.862 26.926 29.953 31.665 35.058 36.766 40.340 43.498 44.877 41.818 39.287 37.809 34.588 34.507 30.916 31.907 35.653 37.818 37.993 38.705 37.897 35.389 32.295 30.080 28.491 31.004 32.445 35.988 36.223 39.626 40.855 42.550 42.513 41.278 44.686 46.288 44.672 46.702 50.076 52.707 52.747 49.812 49.869 46.747 44.767 45.942 45.248 41.709 41.192 42.345 39.552 36.920 38.110 38.105 34.465 33.124 32.655 36.346 37.365 34.055 33.278 35.442 33.895 37.377 38.674 35.850 36.359 40.121 41.804 39.976 41.865 44.727 48.345 47.834 51.392 52.544 51.432 54.149 56.713 60.088 59.279 61.723 59.604
49.912 49.537 50.355 52.300 50.762 53.207 53.405 49.690 49.915 52.735 50.914 47.768 50.029 51.833 48.547 47.639 44.972 46.895 45.070 42.799 40.021 41.598 41.403 44.822 46.199 45.754 41.969 42.097 44.586 42.600 39.416 41.428 42.955 39.778 37.902 40.744 43.777 45.481 45.279 44.619 43.929 41.118 38.021 34.956 32.256 28.703 26.196 23.985 26.973 28.459 31.873 33.517 37.023 40.172 41.585 38.485 36.000 34.362 31.151 31.033 27.394 28.246 31.992 34.210 34.458 35.325 34.592 32.224 29.015 26.805 25.016 27.433 28.750 32.300 32.466 35.890 37.128 38.888 38.957 37.793 41.261 42.755 41.180 43.325 46.635 49.298 49.229 46.289 46.247 43.110 41.203 42.353 41.569 38.040 37.605 38.713 35.857 33.295 34.577 34.506 30.832 29.624 29.284 32.975 34.072 30.875 29.928 32.221 30.900 34.476 35.682 32.975 33.724 37.465 38.989 37.172 39.228 42.104 45.648 44.946 48.456 49.704 48.465 51.073 53.747 57.086 56.142 58.487 56.285
46.800 46.564 47.540 49.634 48.291 50.803 50.816 47.111 47.555 50.326 48.349 45.335 47.770 49.442 46.109 45.440 42.812 44.934 43.353 40.958 38.399 40.146 39.738 43.102 44.220 43.823 40.052 39.908 42.304 40.437 37.123 38.888 40.469 37.328 35.245 37.906 41.050 42.705 42.290 41.545 40.688 37.943 34.735 31.699 28.860 25.394 22.833 20.507 23.366 24.987 28.481 30.330 33.823 37.086 38.696 35.734 33.068 31.409 28.057 27.733 24.120 25.242 29.016 31.017 31.075 31.791 30.969 28.530 25.392 23.162 21.559 24.094 25.674 29.208 29.667 33.055 34.147 35.744 35.618 34.453 37.860 39.500 38.024 40.081 43.430 46.185 46.216 43.404 43.427 40.193 38.349 39.729 38.968 35.353 35.092 36.426 33.538 30.955 32.534 32.637 28.915 28.082 27.697 31.283 32.172 29.075 27.759 29.914 28.664 32.229 33.649 31.209 31.955 35.616 37.209 35.667 38.006 40.700 44.187 43.244 46.769 47.908 46.436 49.034 51.830 55.058 53.974 56.288 54.121
44.292 43.895 44.982 46.997 45.696 48.368 48.453 44.807 45.353 48.259 46.361 43.426 45.988 47.778 44.558 44.005 41.206 43.281 41.867 39.627 37.243 38.827 38.096 41.301 42.255 41.617 37.890 37.772 39.940 37.906 34.653 36.379 37.720 34.454 32.490 35.128 38.167 40.035 39.615 39.113 38.171 35.253 32.076 28.862 26.059 22.512 19.787 17.847 20.956 22.729 26.078 27.903 31.525 34.760 36.297 33.442 30.665 29.348 26.012 25.935 22.508 23.975 27.685 29.615 29.753 30.149 29.570 26.854 23.754 21.961 20.737 23.043 24.959 28.269 28.905 32.065 33.331 34.583 34.225 32.712 35.994 37.789 36.104 37.918 41.386 44.020 44.293 41.493 41.817 38.651 36.572 38.080 37.649 33.981 33.512 35.149 32.503 29.639 31.176 31.708 28.082 27.260 26.409 29.864 30.345 27.112 25.835 27.625 26.047 29.473 31.162 28.757 29.179 32.810 34.662 33.344 35.727 38.226 41.760 40.870 44.480 45.387 43.917 46.674 49.394 52.590 51.617 54.077 52.096
40.805 40.532 41.745 43.897 42.780 45.494 45.403 41.776 42.523 45.370 43.337 40.537 43.254 44.918 41.678 41.355 38.602 40.852 39.693 37.358 35.224 36.952 36.005 39.124 39.811 39.233 35.548 35.152 37.219 35.330 31.961 33.428 34.835 31.639 29.462 31.916 35.062 36.856 36.247 35.663 34.592 31.740 28.478 25.308 22.405 18.930 16.216 14.117 17.161 19.004 22.399 24.383 27.987 31.308 33.013 30.298 27.364 26.047 22.604 22.383 19.037 20.796 24.474 26.195 26.216 26.455 25.903 23.114 20.044 18.396 17.404 19.665 21.851 25.044 25.952 28.998 30.176 31.220 30.680 29.113 32.329 34.238 32.611 34.337 37.834 40.529 40.892 38.206 38.609 35.382 33.343 35.059 34.686 30.961 30.634 32.500 29.883 26.999 28.804 29.543 25.946 25.518 24.599 27.865 28.105 25.032 23.379 24.983 23.518 26.900 28.781 26.703 27.152 30.648 32.522 31.501 34.161 36.452 39.885 38.740 42.331 43.141 41.440 44.159 46.994 50.067 48.953 51.368 49.422
40.206 39.885 41.389 43.545 42.636 45.563 45.431 41.915 42.913 45.840 43.800 41.202 44.115 45.784 42.644 42.574 39.738 42.019 41.128 38.904 37.034 38.662 37.374 40.277 40.685 39.879 36.302 35.813 37.540 35.539 32.232 33.464 34.568 31.261 29.145 31.358 34.407 36.443 35.618 35.261 33.871 30.909 27.565 24.200 21.119 17.769 14.560 13.138 16.109 18.530 21.790 24.041 27.707 31.082 32.892 30.483 27.302 26.389 22.902 22.642 19.652 21.973 25.489 26.824 26.591 26.280 25.678 22.524 19.834 18.493 18.273 20.542 23.215 26.146 27.468 30.257 31.335 31.950 30.977 29.173 32.112 34.358 32.709 34.041 37.670 40.327 41.040 38.532 39.255 36.037 33.899 35.901 35.815 32.055 31.709 33.933 31.528 28.503 30.400 31.526 28.067 27.815 26.561 29.588 29.366 26.282 24.560 25.632 23.837 26.919 29.229 27.349 27.336 30.687 32.913 32.271 34.989 36.970 40.408 39.280 42.934 43.416 41.647 44.525 47.294 50.256 49.217 51.759 50.042
36.923 36.774 38.427 40.748 40.065 43.014 42.665 39.188 40.416 43.242 41.048 38.625 41.689 43.188 40.038 40.230 37.487 39.952 39.344 37.027 35.446 37.224 35.742 38.526 38.640 37.930 34.439 33.628 35.230 33.435 30.028 30.924 32.110 28.934 26.565 28.506 31.674 33.590 32.522 32.047 30.486 27.636 24.182 20.899 17.657 14.476 11.236 9.656 12.418 15.039 18.331 20.826 24.423 27.893 29.920 27.720 24.369 23.466 19.890 19.400 16.620 19.304 22.679 23.689 23.267 22.723 22.125 18.872 16.309 15.208 15.423 17.582 20.558 23.268 24.918 27.522 28.449 28.804 27.601 25.759 28.583 30.973 29.431 30.641 34.285 37.020 37.830 35.485 36.280 33.007 30.958 33.195 33.158 29.381 29.231 31.679 29.331 26.363 28.539 29.849 26.497 26.685 25.428 28.177 27.713 24.898 22.781 23.607 22.011 24.966 27.453 25.998 26.036 29.164 31.362 31.050 34.028 35.771 39.050 37.643 41.232 41.621 39.599 42.397 45.285 48.093 46.886 49.350 47.666
35.191 35.401 37.200 39.784 39.381 42.258 41.583 38.129 39.597 42.204 39.752 37.517 40.696 41.892 38.650 39.117 36.609 39.339 38.975 36.440 35.101 37.163 35.649 38.390 38.248 37.799 34.392 33.176 34.760 33.323 29.775 30.269 31.695 28.781 26.045 27.618 30.981 32.601 31.194 30.389 28.616 26.076 22.446 19.460 15.960 13.245 10.250 8.052 9.902 12.794 16.297 19.217 22.578 26.211 28.608 26.638 23.144 21.990 18.264 17.141 14.479 17.456 20.721 21.268 20.393 19.711 18.758 15.509 13.156 11.809 12.492 14.911 18.174 20.813 22.875 25.433 25.954 26.197 24.781 23.196 25.943 28.476 27.291 28.491 32.074 35.025 35.819 33.712 34.394 30.971 29.235 31.723 31.507 27.727 28.017 30.552 28.090 25.397 27.975 29.220 25.918 26.639 25.674 28.197 27.715 25.295 22.707 23.490 22.358 25.224 27.729 26.727 27.003 29.888 31.902 31.824 35.041 36.633 39.709 37.968 41.428 41.833 39.522 42.130 45.195 47.826 46.357 48.634 46.888
33.587 34.056 36.146 38.914 38.872 41.796 40.845 37.525 39.323 41.781 39.156 37.229 40.580 41.536 38.333 39.165 36.814 39.720 39.707 37.122 36.140 38.311 36.591 39.127 38.625 38.237 35.013 33.457 34.782 33.577 30.031 30.049 31.441 28.724 25.804 26.873 30.260 31.771 29.963 29.059 26.910 24.606 20.856 18.090 14.364 12.402 9.546 7.787 8.200 11.646 14.948 18.307 21.378 25.080 27.795 26.270 22.600 21.579 17.887 16.283 14.231 17.628 20.495 20.360 18.954 17.703 16.444 12.970 11.373 10.302 12.096 14.434 18.057 20.279 22.858 25.095 25.230 25.048 23.163 21.643 24.027 26.884 25.995 26.867 30.433 33.487 34.505 32.742 33.549 30.082 28.556 31.380 31.232 27.519 28.115 30.887 28.548 26.039 28.879 30.290 27.196 28.350 27.409 29.577 28.820 26.736 23.867 24.265 23.314 25.834 28.543 28.017 28.196 30.748 32.789 33.105 36.479 37.759 40.644 38.684 42.040 42.255 39.708 42.235 45.363 47.766 46.152 48.345 46.712
31.004 31.791 33.873 36.842 36.979 39.748 38.534 35.234 37.163 39.391 36.571 34.786 38.173 38.865 35.606 36.637 34.521 37.619 37.805 35.063 34.316 36.702 34.990 37.464 36.768 36.661 33.546 31.656 33.008 32.181 28.557 28.255 29.934 27.552 24.336 25.117 28.656 29.781 27.778 26.507 24.331 22.390 18.602 16.326 12.648 11.320 9.496 7.197 6.050 9.162 12.488 16.039 18.754 22.509 25.480 24.121 20.476 19.165 15.496 13.338 11.596 15.095 17.665 17.111 15.390 14.096 12.670 9.266 7.790 6.831 9.291 11.395 15.151 17.089 19.967 22.036 21.880 21.574 19.578 18.288 20.656 23.516 22.922 23.885 27.330 30.545 31.445 29.848 30.504 26.957 25.719 28.682 28.374 24.730 25.691 28.476 26.114 23.904 27.017 28.367 25.439 27.047 26.358 28.233 27.482 25.838 22.635 23.018 22.602 25.014 27.570 27.458 27.949 30.244 31.984 32.450 35.987 37.156 39.805 37.549 40.730 41.030 38.259 40.545 43.821 46.072 44.217 46.200 44.476
31.020 32.221 34.472 37.655 38.121 40.782 39.240 36.068 38.237 40.188 37.146 35.645 39.087 39.428 36.151 37.482 35.671 38.960 39.388 36.508 36.012 38.595 36.893 39.258 38.325 38.443 35.495 33.287 34.542 34.061 30.447 29.744 31.545 29.483 26.094 26.411 29.968 30.779 28.422 26.844 24.409 22.977 19.215 17.528 13.968 13.583 12.337 10.384 8.087 10.690 13.530 17.250 19.365 23.072 26.357 25.385 21.787 20.343 16.871 14.074 12.927 16.305 18.411 17.143 14.682 13.060 10.802 7.659 7.603 6.391 9.715 11.834 15.521 17.109 20.395 22.249 21.463 20.950 18.620 17.856 19.846 22.877 22.874 23.685 26.910 30.311 31.226 30.031 30.555 26.942 26.174 29.348 28.851 25.373 26.811 29.580 27.195 25.401 28.760 29.984 27.219 29.214 28.802 30.439 29.701 28.424 25.016 25.321 25.258 27.457 29.960 30.193 30.790 32.835 34.424 35.075 38.702 39.720 42.167 39.694 42.705 42.978 40.005 42.084 45.452 47.486 45.417 47.194 45.462
28.406 29.537 32.038 35.192 35.870 38.684 37.114 34.108 36.498 38.501 35.524 34.264 37.846 38.224 35.152 36.709 34.814 38.042 38.755 36.085 35.895 38.286 36.254 38.327 37.107 37.018 34.266 31.978 32.847 32.336 28.875 27.882 29.385 27.374 24.071 24.030 27.430 28.384 25.827 24.507 21.776 20.287 16.542 14.867 11.328 11.666 10.718 9.858 6.856 9.624 11.677 15.484 17.461 21.059 24.361 23.800 20.096 19.231 16.039 13.545 13.270 16.911 18.521 16.926 14.567 12.115 10.490 6.879 7.794 8.424 12.002 13.152 16.885 17.789 21.185 22.485 21.877 20.732 17.966 16.671 18.166 21.516 21.340 21.603 24.937 28.174 29.490 28.477 29.427 25.992 25.031 28.406 28.354 24.983 26.234 29.325 27.359 25.419 28.670 30.324 27.853 29.886 29.106 30.408 29.209 28.041 24.691 24.421 24.187 25.945 28.713 29.250 29.521 31.264 33.027 34.059 37.699 38.376 40.709 38.223 41.201 41.175 38.138 40.294 43.571 45.452 43.453 45.324 43.844
30.649 31.413 33.957 36.902 37.416 40.427 39.130 36.105 38.390 40.654 37.878 36.478 40.056 40.718 37.707 39.080 36.919 39.965 40.509 37.998 37.598 39.777 37.684 39.804 38.742 38.339 35.478 33.503 34.310 33.397 29.999 29.302 30.480 28.098 25.074 25.313 28.566 29.971 27.596 26.710 23.986 22.039 18.290 15.966 12.226 11.831 9.732 9.439 7.651 11.233 13.509 17.214 19.679 23.264 26.306 25.576 21.775 21.236 17.919 15.972 15.235 18.975 20.983 19.858 17.874 15.556 14.196 10.498 10.648 10.856 13.993 15.555 19.368 20.650 23.804 25.317 25.044 24.038 21.408 19.800 21.371 24.715 24.163 24.319 27.818 30.865 32.341 31.140 32.287 28.925 27.615 30.879 31.024 27.538 28.402 31.541 29.596 27.303 30.326 32.099 29.449 31.084 30.018 31.585 30.316 28.717 25.637 25.319 24.532 26.367 29.364 29.541 29.462 31.429 33.537 34.487 38.000 38.739 41.305 39.098 42.269 42.114 39.279 41.708 44.837 46.860 45.115 47.224 45.864
28.806 29.206 31.583 34.345 34.603 37.688 36.649 33.544 35.655 38.128 35.549 33.967 37.508 38.448 35.508 36.688 34.291 37.169 37.612 35.268 34.798 36.775 34.591 36.696 35.737 35.148 32.225 30.454 31.264 30.119 26.748 26.291 27.357 24.775 21.880 22.435 25.666 27.295 25.226 24.605 22.146 19.768 16.047 13.244 9.468 8.385 5.954 6.153 5.107 8.845 11.122 14.580 17.472 21.024 23.772 22.803 18.992 18.699 15.398 14.117 13.322 17.086 19.163 18.506 17.198 15.078 14.587 10.808 10.058 10.976 13.598 14.616 18.346 19.571 22.398 23.845 24.128 23.133 20.747 18.617 20.437 23.597 22.500 22.734 26.400 29.239 30.714 29.192 30.508 27.271 25.547 28.649 29.052 25.508 25.946 29.159 27.393 24.789 27.569 29.565 26.965 28.365 26.995 28.546 27.120 25.360 22.449 21.989 20.957 22.806 25.869 25.935 25.745 27.778 29.975 30.899 34.364 35.114 37.762 35.675 38.934 38.767 36.058 38.624 41.678 43.837 42.247 44.509 43.182
31.234 31.319 33.451 36.001 35.890 38.999 38.273 35.033 36.829 39.509 37.119 35.220 38.622 39.840 36.857 37.677 35.070 37.766 37.854 35.576 34.730 36.571 34.541 36.856 36.257 35.521 32.382 30.997 32.031 30.545 27.167 27.235 28.243 25.334 22.681 23.809 26.990 28.859 27.200 26.766 24.647 21.947 18.330 15.137 11.539 9.247 5.797 5.542 6.830 10.329 13.066 16.127 19.447 22.972 25.388 23.945 20.236 19.861 16.410 15.600 14.028 17.557 20.154 20.178 19.302 17.738 17.332 13.662 12.043 12.285 14.088 15.484 19.062 20.816 23.225 25.062 25.691 25.131 23.162 20.989 23.196 26.086 24.690 25.232 28.952 31.688 32.990 31.120 32.349 29.126 27.155 29.956 30.315 26.648 26.756 29.787 27.878 25.014 27.546 29.434 26.575 27.518 26.033 27.986 26.767 24.552 21.935 21.800 20.387 22.612 25.610 25.122 24.874 27.316 29.642 30.195 33.504 34.553 37.468 35.660 39.092 39.049 36.606 39.338 42.302 44.713 43.321 45.728 44.329
31.730 31.474 33.278 35.587 35.081 38.162 37.763 34.407 35.859 38.726 36.567 34.368 37.603 39.116 36.153 36.615 33.797 36.269 36.051 33.904 32.771 34.420 32.494 34.945 34.668 33.799 30.499 29.487 30.718 28.948 25.600 26.173 27.153 24.011 21.606 23.299 26.408 28.432 27.252 26.999 25.329 22.341 18.942 15.514 12.351 9.145 5.721 5.166 8.238 10.856 13.615 16.041 19.677 23.051 25.045 23.151 19.650 19.281 15.898 15.794 13.788 16.907 19.758 20.478 20.255 19.214 19.272 15.838 13.501 13.733 14.635 15.789 18.995 20.953 22.823 24.817 25.943 25.689 24.178 21.822 24.354 26.881 25.082 25.911 29.645 32.195 33.304 31.063 32.252 29.146 26.869 29.313 29.735 26.033 25.712 28.577 26.691 23.560 25.744 27.629 24.677 25.172 23.479 25.672 24.566 21.998 19.717 19.800 18.083 20.609 23.465 22.525 22.285 25.044 27.394 27.623 30.789 32.084 35.186 33.609 37.157 37.255 35.063 37.909 40.781 43.420 42.209 44.735 43.270
34.925 34.430 36.078 38.170 37.401 40.495 40.369 36.980 38.178 41.194 39.232 36.838 39.923 41.657 38.720 38.896 35.931 38.183 37.662 35.646 34.196 35.649 33.881 36.451 36.492 35.453 32.045 31.429 32.769 30.699 27.478 28.468 29.289 25.938 23.887 25.926 28.854 31.081 30.201 30.143 28.664 25.519 22.281 18.738 15.821 12.426 9.090 8.683 11.971 14.371 17.114 19.219 22.950 26.196 27.904 25.767 22.461 22.122 18.832 19.017 16.677 19.422 22.508 23.623 23.603 22.816 22.820 19.446 16.938 16.740 17.157 18.579 21.532 23.801 25.329 27.554 28.869 28.893 27.620 25.292 27.946 30.327 28.384 29.323 33.048 35.485 36.519 34.091 35.239 32.202 29.788 31.973 32.381 28.677 28.091 30.747 28.809 25.545 27.407 29.157 26.058 26.047 24.255 26.783 25.883 22.924 21.109 21.442 19.363 22.057 24.782 23.301 22.902 25.969 28.447 28.327 31.219 32.758 36.081 34.847 38.506 38.661 36.767 39.752 42.470 45.289 44.300 46.954 45.487
37.094 36.385 37.732 39.612 38.501 41.500 41.650 38.189 39.041 42.161 40.402 37.753 40.615 42.567 39.643 39.461 36.382 38.401 37.525 35.621 33.829 35.104 33.574 36.302 36.723 35.618 32.091 31.869 33.432 31.156 28.038 29.495 30.316 26.861 25.095 27.551 30.361 32.632 32.145 32.168 31.044 27.802 24.770 21.236 18.658 15.027 12.119 11.445 15.022 16.905 19.628 21.282 25.071 28.150 29.526 27.042 24.038 23.599 20.463 21.018 18.370 20.581 23.828 25.450 25.811 25.449 25.597 22.430 19.581 19.171 18.933 20.315 22.840 25.328 26.369 28.783 30.389 30.753 29.871 27.572 30.445 32.527 30.399 31.596 35.257 37.573 38.391 35.702 36.717 33.779 31.236 33.057 33.404 29.737 28.865 31.220 29.243 25.888 27.380 28.936 25.744 25.213 23.377 26.213 25.612 22.344 21.000 21.707 19.473 22.409 24.801 22.793 22.471 25.837 28.236 27.664 30.284 32.150 35.641 34.694 38.409 38.755 37.158 40.185 42.788 45.810 44.990 47.702 46.147
36.310 35.235 36.520 38.107 36.859 39.969 40.395 37.050 37.804 41.107 39.630 36.999 39.816 42.015 39.329 39.078 35.798 37.539 36.694 35.137 33.435 34.329 32.571 35.073 35.489 34.029 30.611 30.685 31.989 29.399 26.563 28.191 28.596 24.981 23.678 26.261 28.730 31.308 31.083 31.536 30.553 27.082 24.370 20.712 18.609 15.001 12.374 12.681 16.329 17.914 20.050 21.232 25.026 27.793 28.779 26.358 23.530 23.633 20.890 22.035 19.807 21.941 24.872 26.585 27.281 26.756 27.352 24.159 21.422 21.601 21.505 22.371 24.803 26.919 27.805 29.878 31.803 31.919 31.020 28.365 31.054 33.070 30.607 31.561 35.231 37.223 38.220 35.457 36.773 34.102 31.251 32.943 33.691 30.156 28.857 31.319 29.752 26.181 27.276 29.191 26.288 25.490 23.162 25.765 24.786 21.369 20.508 20.746 17.997 20.595 23.124 20.983 20.139 23.463 26.150 25.693 28.102 29.796 33.356 32.689 36.464 36.584 35.209 38.425 40.797 43.852 43.305 46.209 44.875
40.049 38.893 40.125 41.594 40.225 43.319 43.890 40.554 41.164 44.519 43.148 40.427 43.131 45.426 42.747 42.330 39.013 40.614 39.557 38.078 36.155 36.927 35.349 37.919 38.558 37.020 33.582 33.904 35.266 32.539 29.835 31.657 31.967 28.305 27.211 29.883 32.231 34.888 34.770 35.290 34.333 30.841 28.152 24.478 22.334 18.754 15.972 16.154 19.766 21.520 23.792 25.009 28.804 31.557 32.467 29.971 27.238 27.285 24.530 25.608 23.178 25.180 28.259 30.086 30.735 30.295 30.697 27.473 24.716 24.540 24.292 25.469 27.823 30.174 30.943 33.202 35.117 35.415 34.595 32.038 34.782 36.786 34.344 35.349 39.011 40.992 41.950 39.131 40.383 37.714 34.869 36.439 37.109 33.580 32.231 34.516 32.865 29.316 30.248 31.967 28.973 27.863 25.613 28.427 27.679 24.109 23.557 24.003 21.187 23.787 26.138 23.687 22.763 26.183 28.884 28.161 30.258 32.122 35.787 35.407 39.200 39.357 38.218 41.487 43.723 46.869 46.480 49.442 48.112
40.690 39.756 41.300 42.978 41.912 45.110 45.435 42.134 43.043 46.315 44.732 42.194 45.091 47.187 44.429 44.284 41.073 42.906 42.066 40.419 38.660 39.647 37.965 40.500 40.890 39.425 36.029 36.039 37.272 34.694 31.864 33.325 33.644 30.018 28.671 30.998 33.468 36.123 35.618 36.043 34.702 31.300 28.355 24.638 22.083 18.716 15.431 15.723 19.020 21.366 23.827 25.558 29.337 32.316 33.586 31.348 28.307 28.326 25.313 25.919 23.529 25.952 29.091 30.513 30.698 29.939 29.961 26.538 24.094 23.715 23.904 25.473 28.197 30.613 31.806 34.112 35.674 35.825 34.673 32.221 34.823 37.141 34.952 35.775 39.513 41.678 42.812 40.226 41.522 38.680 36.009 37.906 38.506 34.879 33.854 36.332 34.545 31.094 32.400 34.128 31.037 30.295 28.215 30.978 30.142 26.730 25.760 26.078 23.380 25.890 28.523 26.397 25.428 28.689 31.492 31.056 33.354 35.032 38.619 38.042 41.825 41.842 40.476 43.736 46.072 49.077 48.553 51.477 50.193
37.540 36.648 38.392 40.148 39.311 42.612 42.796 39.587 40.741 43.983 42.327 39.999 43.059 45.058 42.371 42.493 39.307 41.248 40.720 39.082 37.644 38.672 36.708 39.047 39.110 37.604 34.335 34.098 35.076 32.583 29.743 30.881 31.085 27.499 26.059 28.104 30.563 33.267 32.550 33.057 31.517 28.113 25.152 21.401 18.825 15.667 12.279 13.207 16.290 18.774 20.967 22.800 26.518 29.488 30.862 28.910 25.713 25.999 23.039 23.631 21.639 24.379 27.268 28.371 28.447 27.342 27.494 23.960 21.798 21.865 22.521 23.837 26.795 28.882 30.351 32.369 33.858 33.655 32.231 29.614 31.978 34.465 32.282 32.826 36.600 38.730 40.081 37.667 39.170 36.360 33.675 35.797 36.591 32.988 32.026 34.780 33.173 29.707 31.176 33.194 30.271 29.871 27.651 30.094 28.886 25.681 24.454 24.338 21.615 23.846 26.791 25.078 23.929 26.930 29.867 29.856 32.371 33.717 37.171 36.393 40.145 39.948 38.377 41.647 44.028 46.870 46.271 49.196 48.045
39.197 38.113 39.988 41.562 40.786 44.220 44.531 41.488 42.699 46.032 44.531 42.331 45.414 47.511 44.993 45.174 41.901 43.694 43.258 41.837 40.502 41.308 39.177 41.310 41.286 39.513 36.399 36.300 36.979 34.300 31.718 32.807 32.610 28.966 27.871 29.764 31.904 34.869 34.158 35.001 33.343 29.857 27.072 23.287 20.909 18.075 14.753 16.313 19.122 21.701 23.553 25.305 28.932 31.734 32.972 31.252 28.094 28.763 25.993 26.707 24.989 27.820 30.545 31.513 31.549 30.170 30.366 26.737 24.878 25.129 26.043 27.307 30.346 32.275 33.818 35.667 37.176 36.759 35.158 32.390 34.499 37.107 34.846 35.074 38.858 40.807 42.408 40.092 41.839 39.161 36.367 38.527 39.562 36.034 34.931 37.796 36.401 32.865 34.186 36.390 33.606 33.110 30.679 32.978 31.532 28.304 27.320 26.863 23.866 25.697 28.799 27.112 25.501 28.306 31.505 31.684 33.989 35.100 38.550 38.006 41.764 41.280 39.860 43.275 45.442 48.221 47.840 50.912 50.002
41.902 41.051 43.013 44.760 44.073 47.470 47.629 44.518 45.793 49.040 47.369 45.152 48.269 50.230 47.556 47.768 44.598 46.545 46.046 44.423 42.974 43.983 42.017 44.313 44.338 42.736 39.531 39.310 40.147 37.598 34.858 35.883 35.895 32.300 30.965 32.788 35.116 37.944 37.043 37.643 35.826 32.481 29.463 25.732 22.986 20.187 16.582 17.617 20.249 23.184 25.431 27.558 31.191 34.216 35.721 33.971 30.678 31.027 27.985 28.268 26.281 29.189 32.141 33.003 32.714 31.362 31.109 27.440 25.650 25.386 26.323 28.076 31.215 33.433 35.119 37.227 38.468 38.215 36.563 34.064 36.252 38.975 36.974 37.314 41.110 43.287 44.817 42.571 44.139 41.267 38.680 40.940 41.713 38.083 37.253 40.043 38.364 34.953 36.494 38.450 35.449 35.034 32.888 35.403 34.217 30.983 29.795 29.642 26.857 28.923 31.957 30.228 28.863 31.776 34.863 34.906 37.272 38.541 42.016 41.387 45.146 44.784 43.280 46.625 48.902 51.685 51.181 54.169 53.140
40.132 39.585 41.607 43.618 43.077 46.395 46.291 43.096 44.501 47.590 45.677 43.497 46.690 48.430 45.602 45.943 42.938 45.130 44.713 42.834 41.444 42.748 40.849 43.254 43.179 41.857 38.591 38.061 39.045 36.776 33.789 34.610 34.956 31.496 29.751 31.445 34.070 36.635 35.503 35.763 33.834 30.671 27.419 23.793 20.725 17.963 14.211 14.791 17.217 20.352 22.884 25.330 28.926 32.158 33.964 32.224 28.783 28.818 25.562 25.457 23.375 26.405 29.423 30.111 29.577 28.247 27.748 24.093 22.334 21.852 22.893 24.843 28.090 30.385 32.254 34.454 35.455 35.253 33.549 31.258 33.512 36.294 34.532 34.998 38.781 41.186 42.609 40.454 41.847 38.807 36.441 38.844 39.391 35.700 35.183 37.978 36.099 32.849 34.704 36.522 33.423 33.326 31.452 33.982 32.921 29.866 28.265 28.285 25.853 28.123 31.139 29.627 28.632 31.552 34.437 34.514 37.162 38.486 41.876 40.920 44.632 44.421 42.653 45.837 48.344 51.067 50.290 53.109 51.917
38.598 38.322 40.589 42.813 42.592 45.929 45.540 42.419 44.110 47.046 44.929 42.981 46.328 47.825 44.971 45.612 42.769 45.174 45.034 43.019 41.889 43.389 41.366 43.674 43.305 42.119 38.957 38.074 38.921 36.907 33.832 34.244 34.664 31.383 29.369 30.657 33.385 35.805 34.306 34.413 32.173 29.222 25.828 22.366 19.058 16.785 12.994 13.707 15.407 18.883 21.360 24.173 27.572 30.907 33.024 31.599 27.979 28.005 24.683 24.166 22.376 25.705 28.542 28.764 27.832 26.166 25.419 21.691 20.405 19.994 21.581 23.597 27.090 29.198 31.445 33.499 34.173 33.726 31.711 29.530 31.545 34.557 33.067 33.330 37.092 39.627 41.187 39.307 40.735 37.612 35.457 38.138 38.653 34.976 34.771 37.733 35.844 32.760 34.923 36.799 33.767 34.090 32.346 34.665 33.468 30.701 28.723 28.562 26.385 28.495 31.664 30.573 29.650 32.328 35.169 35.550 38.427 39.538 42.761 41.526 45.152 44.846 42.809 45.888 48.519 51.051 50.081 52.788 51.631
37.746 37.824 40.107 42.591 42.505 45.707 45.049 41.858 43.647 46.382 44.021 42.113 45.493 46.737 43.722 44.478 41.850 44.490 44.407 42.131 41.044 42.845 40.953 43.373 42.937 42.071 38.871 37.696 38.720 37.026 33.742 33.957 34.748 31.671 29.270 30.411 33.415 35.496 33.781 33.477 31.156 28.489 24.891 21.684 18.093 16.010 12.355 12.261 13.424 17.063 19.873 23.020 26.278 29.803 32.235 30.822 27.122 26.737 23.222 22.179 20.282 23.670 26.551 26.548 25.280 23.685 22.543 18.892 17.703 16.891 18.624 20.943 24.513 26.724 29.170 31.343 31.688 31.344 29.298 27.453 29.541 32.584 31.426 31.868 35.560 38.350 39.742 37.977 39.157 35.857 34.009 36.805 37.020 33.313 33.492 36.386 34.265 31.431 33.909 35.562 32.448 33.101 31.716 34.038 33.043 30.510 28.154 28.233 26.509 28.802 31.842 30.954 30.441 33.100 35.669 36.028 39.115 40.306 43.421 41.894 45.433 45.313 43.050 45.925 48.767 51.235 49.993 52.497 51.157
37.164 37.538 40.059 42.728 42.974 46.166 45.228 42.156 44.220 46.772 44.230 42.589 46.087 47.072 44.064 45.121 42.684 45.501 45.687 43.311 42.486 44.443 42.453 44.748 44.035 43.295 40.239 38.752 39.616 38.182 34.880 34.692 35.522 32.672 30.083 30.779 33.812 35.717 33.640 33.180 30.546 28.188 24.531 21.641 17.953 16.598 13.272 13.301 13.397 17.189 19.788 23.231 26.151 29.699 32.416 31.372 27.579 27.198 23.729 22.242 20.753 24.327 26.924 26.385 24.649 22.679 21.182 17.559 17.105 16.356 18.709 21.046 24.770 26.718 29.533 31.509 31.460 30.850 28.469 26.822 28.574 31.841 31.037 31.235 34.837 37.737 39.269 37.837 39.038 35.692 34.114 37.161 37.337 33.707 34.212 37.225 35.128 32.518 35.247 36.926 33.929 34.955 33.706 35.799 34.690 32.456 29.829 29.729 28.260 30.334 33.459 32.952 32.477 34.875 37.386 38.016 41.249 42.230 45.169 43.422 46.847 46.623 44.140 46.893 49.816 52.076 50.667 53.047 51.762
38.001 38.736 41.317 44.199 44.634 47.699 46.495 43.437 45.626 47.955 45.195 43.674 47.191 47.895 44.783 45.995 43.805 46.818 47.092 44.508 43.761 45.966 44.091 46.433 45.629 45.157 42.129 40.389 41.340 40.200 36.793 36.383 37.465 34.841 32.000 32.470 35.643 37.239 34.927 34.118 31.359 29.379 25.651 23.154 19.401 18.465 15.542 15.026 14.386 18.064 20.745 24.406 27.018 30.637 33.631 32.713 28.921 28.218 24.703 22.675 21.244 24.761 27.265 26.379 24.183 22.217 20.151 16.803 16.817 15.601 18.181 20.807 24.504 26.459 29.497 31.517 31.016 30.457 27.983 26.796 28.446 31.758 31.401 31.666 35.107 38.219 39.640 38.433 39.406 35.936 34.737 37.898 37.792 34.213 35.124 38.047 35.771 33.476 36.465 37.917 34.904 36.228 35.319 37.373 36.435 34.439 31.552 31.617 30.526 32.653 35.657 35.336 35.131 37.458 39.763 40.403 43.759 44.763 47.586 45.625 48.944 48.827 46.168 48.732 51.796 53.948 52.318 54.501 53.104
39.153 40.161 42.907 45.921 46.623 49.643 48.209 45.273 47.657 49.803 46.902 45.607 49.178 49.643 46.543 47.981 45.985 49.124 49.581 46.914 46.342 48.671 46.773 49.031 48.044 47.691 44.781 42.827 43.673 42.744 39.351 38.656 39.772 37.347 34.406 34.542 37.693 39.116 36.538 35.582 32.609 30.967 27.290 25.149 21.479 21.083 18.491 18.032 16.792 20.310 22.744 26.502 28.758 32.319 35.503 34.874 31.091 30.358 26.950 24.596 23.476 26.973 29.223 27.924 25.334 23.162 20.716 17.687 18.398 17.148 20.016 22.636 26.283 28.027 31.290 33.162 32.272 31.556 28.865 27.988 29.301 32.726 32.750 32.832 36.102 39.293 40.784 39.894 40.823 37.341 36.438 39.749 39.555 36.091 37.287 40.227 37.948 35.890 39.041 40.440 37.515 39.084 38.325 40.240 39.279 37.495 34.459 34.448 33.547 35.529 38.544 38.454 38.284 40.442 42.688 43.482 46.911 47.790 50.486 48.383 51.601 51.423 48.620 51.065 54.179 56.160 54.398 56.455 55.093
37.818 39.132 41.810 44.998 45.798 48.637 46.984 44.041 46.470 48.391 45.318 44.099 47.638 47.857 44.677 46.219 44.463 47.755 48.289 45.454 44.983 47.521 45.740 48.021 46.966 46.899 44.033 41.851 42.815 42.197 38.717 37.852 39.263 37.091 33.915 33.908 37.205 38.272 35.581 34.259 31.322 30.030 26.349 24.612 21.001 20.903 18.816 17.864 16.060 19.214 21.643 25.449 27.396 30.964 34.329 33.759 30.062 29.007 25.645 22.896 21.902 25.242 27.305 25.741 22.860 20.806 17.989 15.358 16.404 14.931 17.921 20.530 24.039 25.664 29.050 30.879 29.652 28.986 26.307 25.838 27.124 30.466 30.844 31.085 34.172 37.527 38.819 38.070 38.751 35.199 34.629 37.971 37.525 34.155 35.685 38.506 36.126 34.380 37.720 38.927 36.076 37.939 37.478 39.268 38.454 36.961 33.702 33.835 33.351 35.374 38.198 38.319 38.470 40.533 42.500 43.291 46.835 47.735 50.280 47.952 51.032 51.012 48.053 50.272 53.525 55.420 53.437 55.279 53.772
40.350 41.828 44.633 47.877 48.866 51.687 49.896 47.065 49.621 51.425 48.279 47.228 50.790 50.850 47.700 49.385 47.758 51.108 51.746 48.876 48.495 51.091 49.303 51.529 50.370 50.348 47.559 45.280 46.154 45.631 42.190 41.167 42.539 40.465 37.289 37.076 40.301 41.301 38.445 37.082 34.000 32.931 29.340 27.803 24.292 24.453 22.429 21.623 19.691 22.757 24.994 28.797 30.518 33.996 37.442 37.072 33.402 32.377 29.112 26.239 25.412 28.683 30.597 28.806 25.710 23.565 20.545 18.273 19.715 18.228 21.211 23.818 27.205 28.712 32.180 33.919 32.422 31.677 28.886 28.660 29.655 33.039 33.690 33.765 36.692 40.057 41.418 40.917 41.574 38.048 37.684 41.100 40.599 37.332 39.023 41.831 39.452 37.856 41.260 42.417 39.607 41.564 41.185 42.930 42.111 40.695 37.400 37.487 37.041 38.970 41.825 42.033 42.143 44.127 46.109 46.984 50.541 51.369 53.859 51.487 54.516 54.428 51.405 53.571 56.827 58.605 56.564 58.334 56.878
43.211 44.512 47.221 50.383 51.158 54.029 52.412 49.455 51.846 53.795 50.723 49.452 52.963 53.189 49.960 51.426 49.666 52.947 53.347 50.469 49.823 52.381 50.717 53.111 52.182 52.083 49.131 47.058 48.089 47.360 43.868 43.135 44.495 42.198 39.101 39.201 42.465 43.635 40.964 39.691 36.733 35.405 31.722 29.860 26.202 25.857 23.416 22.451 21.093 24.359 26.952 30.751 32.795 36.383 39.724 39.067 35.359 34.251 30.799 28.066 26.780 29.994 32.271 30.846 27.936 26.074 23.085 20.646 21.517 19.601 22.175 25.159 28.525 30.443 33.719 35.777 34.446 34.013 31.448 31.157 32.469 35.770 36.229 36.509 39.561 42.934 44.202 43.462 44.057 40.464 39.949 43.238 42.666 39.266 40.813 43.522 40.981 39.245 42.561 43.598 40.575 42.278 41.909 43.937 43.288 41.604 38.441 38.747 38.111 40.269 43.110 42.993 43.079 45.316 47.387 48.030 51.500 52.532 55.208 52.997 56.155 56.151 53.269 55.558 58.786 60.741 58.807 60.682 59.156
41.925 43.211 45.704 48.878 49.456 52.224 50.662 47.561 49.779 51.727 48.646 47.184 50.601 50.862 47.524 48.819 47.072 50.359 50.592 47.627 46.828 49.461 47.972 50.515 49.756 49.787 46.726 44.699 45.971 45.275 41.686 41.129 42.709 40.402 37.214 37.553 40.964 42.026 39.526 38.092 35.368 33.988 30.237 28.340 24.630 23.982 21.603 20.116 18.919 22.037 24.933 28.687 30.844 34.516 37.826 36.895 33.250 31.854 28.297 25.513 23.909 26.955 29.412 28.221 25.425 23.949 20.928 18.540 18.950 16.615 18.869 22.061 25.321 27.489 30.619 32.898 31.631 31.502 29.211 29.019 30.685 33.795 34.196 34.828 37.899 41.354 42.362 41.411 41.799 38.130 37.623 40.769 40.012 36.556 38.124 40.668 37.968 36.281 39.604 40.453 37.339 39.014 38.812 40.950 40.523 38.836 35.648 36.230 35.749 38.131 40.782 40.551 40.885 43.253 45.156 45.588 49.064 50.285 52.991 50.757 53.916 54.127 51.277 53.503 56.801 58.875 56.895 58.720 57.018
42.459 43.425 45.893 48.896 49.285 52.196 50.886 47.729 49.827 52.013 49.110 47.488 50.905 51.445 48.149 49.267 47.264 50.391 50.478 47.662 46.700 49.135 47.585 50.161 49.543 49.326 46.175 44.406 45.654 44.650 41.111 40.804 42.177 39.610 36.623 37.212 40.540 41.914 39.605 38.471 35.808 34.054 30.275 27.969 24.185 23.110 20.279 19.032 18.464 21.876 24.898 28.589 31.107 34.811 37.925 36.821 33.111 31.930 28.283 25.890 24.050 27.216 29.928 29.096 26.649 25.156 22.512 19.682 19.612 17.428 19.499 22.724 26.120 28.476 31.432 33.818 32.956 32.855 30.630 30.025 31.858 34.997 34.997 35.604 38.884 42.207 43.322 42.132 42.708 39.080 38.215 41.279 40.729 37.146 38.363 40.979 38.338 36.326 39.448 40.442 37.223 38.571 38.103 40.411 39.911 37.918 34.954 35.495 34.650 37.085 39.848 39.351 39.460 41.984 44.097 44.443 47.798 49.078 51.952 49.944 53.246 53.384 50.711 53.146 56.327 58.543 56.774 58.806 57.182
40.686 41.383 43.735 46.594 46.775 49.747 48.651 45.426 47.376 49.737 46.987 45.204 48.588 49.360 46.100 47.046 44.845 47.836 47.804 45.110 44.039 46.317 44.728 47.325 46.829 46.459 43.240 41.665 42.940 41.734 38.222 38.138 39.420 36.687 33.829 34.669 37.966 39.520 37.436 36.491 33.992 31.937 28.158 25.555 21.761 20.271 17.194 15.987 15.969 19.489 22.630 26.194 29.001 32.713 35.631 34.328 30.618 29.556 25.865 23.830 21.799 25.021 27.908 27.422 25.362 23.952 21.740 18.588 17.971 15.993 17.869 20.984 24.461 26.917 29.684 32.119 31.660 31.595 29.503 28.534 30.586 33.659 33.281 33.961 37.395 40.599 41.720 40.276 40.968 37.395 36.222 39.169 38.784 35.116 36.027 38.681 36.117 33.851 36.798 37.922 34.665 35.785 35.104 37.489 36.932 34.754 31.948 32.473 31.420 33.919 36.702 36.032 36.053 38.681 40.875 41.138 44.420 45.753 48.723 46.852 50.237 50.375 47.834 50.388 53.495 55.835 54.210 56.374 54.773
41.998 42.392 44.770 47.433 47.498 50.622 49.756 46.557 48.437 51.004 48.447 46.599 49.985 50.998 47.842 48.679 46.256 49.065 48.956 46.461 45.305 47.340 45.643 48.191 47.772 47.117 43.882 42.559 43.709 42.198 38.815 38.916 39.895 36.937 34.362 35.350 38.464 40.345 38.411 37.821 35.334 32.979 29.276 26.352 22.627 20.872 17.418 16.787 17.359 21.020 24.034 27.443 30.480 34.118 36.816 35.467 31.740 31.013 27.369 25.767 23.719 27.002 29.971 29.717 27.945 26.422 24.559 21.172 20.382 18.767 20.526 23.460 26.972 29.431 32.047 34.451 34.309 34.164 32.065 30.743 32.776 35.891 35.193 35.718 39.283 42.305 43.599 42.029 42.954 39.485 38.008 40.892 40.763 37.053 37.623 40.367 37.952 35.406 38.114 39.431 36.161 36.963 35.966 38.437 37.730 35.279 32.760 33.125 31.654 34.077 37.008 36.116 35.802 38.509 40.963 41.216 44.338 45.647 48.753 47.135 50.634 50.619 48.265 51.026 53.971 56.393 55.000 57.366 55.912
42.454 42.542 44.741 47.202 46.987 50.147 49.559 46.291 47.940 50.693 48.336 46.281 49.567 50.841 47.725 48.306 45.684 48.295 47.967 45.620 44.255 46.090 44.439 47.050 46.859 46.030 42.703 41.689 42.912 41.136 37.825 38.270 39.130 35.968 33.628 34.969 37.992 40.078 38.461 38.087 35.842 33.192 29.576 26.370 22.774 20.503 16.838 16.298 17.680 21.210 24.278 27.402 30.712 34.286 36.699 35.082 31.447 30.823 27.202 26.057 23.758 26.891 30.048 30.244 28.911 27.614 26.140 22.664 21.336 19.849 21.141 23.944 27.327 29.936 32.224 34.732 34.985 34.993 33.137 31.556 33.813 36.768 35.714 36.364 40.023 42.897 44.138 42.290 43.270 39.884 38.121 40.790 40.776 37.018 37.242 39.913 37.549 34.770 37.202 38.555 35.224 35.650 34.463 37.103 36.438 33.713 31.501 31.946 30.191 32.724 35.604 34.379 33.950 36.847 39.393 39.440 42.388 43.837 47.094 45.718 49.315 49.336 47.207 50.105 52.932 55.523 54.326 56.835 55.387
43.513 43.338 45.602 47.866 47.613 50.914 50.514 47.341 48.977 51.888 49.716 47.689 50.989 52.448 49.482 50.037 47.243 49.680 49.368 47.246 45.904 47.488 45.674 48.148 47.946 46.831 43.572 42.759 43.765 41.738 38.618 39.142 39.652 36.344 34.317 35.678 38.452 40.830 39.311 39.293 37.020 34.167 30.697 27.308 23.893 21.608 17.820 17.994 19.616 23.157 25.923 28.867 32.254 35.687 37.894 36.361 32.748 32.514 29.045 28.259 26.146 29.341 32.412 32.673 31.520 30.020 28.821 25.202 23.948 22.872 24.256 26.796 30.214 32.671 34.900 37.254 37.724 37.547 35.602 33.725 35.835 38.856 37.568 37.975 41.703 44.375 45.830 43.957 45.197 41.950 39.951 42.598 42.870 39.136 39.078 41.868 39.726 36.742 38.953 40.542 37.303 37.508 35.998 38.589 37.693 34.805 32.872 33.038 30.909 33.218 36.258 34.931 34.107 36.959 39.764 39.904 42.681 44.000 47.323 46.182 49.843 49.646 47.682 50.757 53.397 55.998 55.028 57.714 56.465
44.582 44.107 46.198 48.229 47.719 51.047 50.928 47.736 49.148 52.225 50.277 48.088 51.272 52.979 50.093 50.414 47.442 49.650 49.144 47.213 45.698 47.040 45.261 47.745 47.754 46.441 43.143 42.660 43.687 41.395 38.416 39.263 39.600 36.127 34.406 36.065 38.675 41.252 40.049 40.268 38.229 35.141 31.831 28.258 25.081 22.449 18.663 19.013 21.209 24.508 27.193 29.800 33.355 36.656 38.554 36.822 33.356 33.272 29.919 29.573 27.336 30.336 33.487 34.115 33.345 32.021 31.151 27.519 25.918 24.992 26.016 28.368 31.616 34.131 36.053 38.439 39.248 39.177 37.437 35.351 37.594 40.456 38.865 39.340 43.112 45.607 47.031 44.935 46.245 43.119 40.870 43.298 43.704 39.978 39.582 42.290 40.251 37.079 38.976 40.612 37.380 37.207 35.490 38.188 37.304 34.178 32.621 32.808 30.389 32.713 35.679 34.033 33.032 36.016 38.921 38.877 41.417 42.834 46.285 45.430 49.162 48.962 47.257 50.461 52.939 55.682 54.937 57.762 56.558
46.282 45.584 47.722 49.559 49.026 52.459 52.508 49.432 50.829 54.023 52.248 50.110 53.287 55.140 52.403 52.708 49.613 51.653 51.171 49.452 47.975 49.085 47.176 49.510 49.505 47.940 44.741 44.441 45.256 42.760 39.996 40.895 40.904 37.348 35.943 37.582 39.924 42.736 41.624 42.152 40.097 36.884 33.749 30.101 27.143 24.606 20.875 21.739 23.976 27.230 29.630 32.065 35.614 38.756 40.466 38.842 35.437 35.681 32.497 32.407 30.354 33.376 36.419 37.062 36.401 34.916 34.222 30.521 29.034 28.378 29.499 31.673 34.935 37.312 39.199 41.444 42.392 42.167 40.349 38.063 40.153 43.059 41.307 41.566 45.359 47.667 49.273 47.184 48.707 45.716 43.300 45.699 46.340 42.664 42.053 44.841 43.001 39.699 41.400 43.219 40.096 39.752 37.787 40.404 39.327 36.108 34.816 34.752 32.048 34.115 37.179 35.469 34.107 36.993 40.105 40.152 42.491 43.763 47.240 46.623 50.378 49.968 48.436 51.780 54.060 56.790 56.264 59.236 58.226
48.741 47.816 49.813 51.441 50.705 54.142 54.428 51.364 52.566 55.879 54.299 52.044 55.103 57.147 54.487 54.596 51.379 53.211 52.555 51.008 49.379 50.274 48.425 50.755 50.942 49.213 46.011 46.006 46.827 44.122 41.522 42.681 42.531 38.878 37.761 39.611 41.778 44.733 43.874 44.585 42.708 39.360 36.374 32.651 29.897 27.189 23.554 24.470 26.995 30.060 32.395 34.578 38.201 41.220 42.685 40.926 37.675 38.017 34.946 35.137 32.997 35.836 38.925 39.821 39.398 38.049 37.521 33.840 32.161 31.531 32.402 34.493 37.604 40.038 41.694 43.976 45.138 45.013 43.349 40.960 43.130 45.916 43.976 44.282 48.081 50.250 51.827 49.588 51.147 48.256 45.681 47.895 48.618 44.970 44.117 46.803 45.039 41.631 43.065 44.877 41.774 41.108 39.018 41.715 40.684 37.297 36.353 36.326 33.423 35.460 38.409 36.430 34.914 37.869 41.040 40.910 42.975 44.326 47.892 47.566 51.353 50.933 49.660 53.097 55.205 58.040 57.727 60.809 59.850
50.437 49.652 51.538 53.278 52.448 55.775 56.011 52.808 53.908 57.162 55.485 53.084 56.074 58.063 55.248 55.233 52.089 53.993 53.150 51.439 49.605 50.648 49.049 51.596 51.965 50.432 47.085 47.074 48.175 45.559 42.800 44.080 44.214 40.574 39.270 41.273 43.650 46.437 45.599 46.056 44.262 40.984 37.856 34.165 31.240 28.344 24.665 25.012 27.620 30.669 33.333 35.611 39.288 42.446 44.012 42.036 38.790 38.777 35.544 35.551 33.089 35.762 39.056 40.089 39.618 38.544 37.798 34.223 32.348 31.295 31.868 34.232 37.208 39.919 41.468 44.010 45.087 45.260 43.777 41.621 44.016 46.708 44.889 45.480 49.262 51.599 52.950 50.622 51.925 48.905 46.461 48.595 49.043 45.338 44.618 47.108 45.093 41.793 43.291 44.807 41.531 40.808 38.989 41.916 41.219 37.790 36.782 37.142 34.434 36.791 39.543 37.401 36.213 39.374 42.352 41.944 44.034 45.662 49.287 48.904 52.700 52.535 51.243 54.590 56.819 59.755 59.326 62.313 61.145
52.509 51.586 53.261 54.866 53.795 57.045 57.470 54.211 55.070 58.387 56.846 54.269 57.099 59.232 56.425 56.162 52.956 54.695 53.607 51.983 49.928 50.839 49.426 52.061 52.693 51.129 47.724 47.970 49.222 46.489 43.806 45.375 45.526 41.837 40.691 42.957 45.283 48.084 47.503 47.990 46.431 43.073 40.033 36.312 33.523 30.400 26.843 26.997 29.885 32.697 35.411 37.464 41.211 44.297 45.669 43.466 40.392 40.301 37.134 37.345 34.697 37.091 40.476 41.814 41.586 40.780 40.153 36.667 34.514 33.373 33.571 35.891 38.629 41.466 42.721 45.377 46.640 47.035 45.804 43.648 46.221 48.724 46.773 47.555 51.317 53.592 54.786 52.269 53.476 50.512 47.983 49.885 50.284 46.606 45.716 48.003 45.967 42.638 43.901 45.271 41.972 40.934 39.135 42.205 41.712 38.151 37.435 38.006 35.254 37.725 40.243 37.809 36.685 39.984 42.872 42.167 44.025 45.860 49.564 49.394 53.199 53.175 52.099 55.457 57.596 60.671 60.363 63.381 62.144
55.153 54.325 55.897 57.562 56.401 59.549 59.958 56.604 57.353 60.618 59.027 56.328 59.070 61.167 58.252 57.858 54.722 56.483 55.214 53.482 51.236 52.240 51.072 53.874 54.686 53.275 49.775 50.053 51.526 48.860 46.091 47.773 48.128 44.467 43.216 45.598 48.051 50.722 50.180 50.483 49.007 45.714 42.598 38.929 36.052 32.829 29.302 29.039 31.941 34.688 37.618 39.708 43.464 46.627 48.047 45.677 42.649 42.283 39.030 39.107 36.220 38.416 41.939 43.402 43.150 42.589 41.791 38.435 36.148 34.666 34.581 37.099 39.662 42.715 43.837 46.702 47.897 48.559 47.504 45.556 48.294 50.698 48.848 49.855 53.581 55.970 56.973 54.385 55.373 52.329 49.915 51.716 51.883 48.189 47.396 49.478 47.247 44.037 45.308 46.394 42.977 41.848 40.307 43.557 43.374 39.799 39.086 39.981 37.403 40.092 42.410 39.836 38.975 42.407 45.117 44.163 45.980 48.043 51.779 51.605 55.396 55.582 54.533 57.810 60.013 63.170 62.798 65.738 64.339
52.793 51.942 53.337 54.981 53.684 56.732 57.188 53.770 54.379 57.629 56.071 53.263 55.908 58.040 55.106 54.582 51.452 53.169 51.789 50.047 47.709 48.712 47.657 50.535 51.470 50.141 46.589 46.930 48.552 45.915 43.117 44.938 45.430 41.796 40.525 43.072 45.580 48.152 47.761 47.985 46.710 43.412 40.345 36.707 33.926 30.533 27.164 26.665 29.768 32.260 35.225 37.139 40.917 44.035 45.356 42.818 39.912 39.424 36.222 36.434 33.437 35.421 38.971 40.644 40.605 40.277 39.641 36.392 33.855 32.393 32.018 34.401 36.776 39.861 40.773 43.676 45.012 45.813 44.966 43.024 45.907 48.129 46.201 47.390 51.074 53.442 54.279 51.566 52.446 49.439 47.001 48.647 48.754 45.090 44.225 46.174 43.927 40.727 41.900 42.894 39.476 38.241 36.744 40.054 40.009 36.418 35.778 36.846 34.356 37.186 39.326 36.651 35.980 39.506 42.065 40.944 42.755 44.961 48.705 48.510 52.283 52.629 51.608 54.819 57.060 60.283 59.875 62.764 61.259
50.623 49.976 51.547 53.387 52.311 55.398 55.624 52.205 53.037 56.195 54.443 51.767 54.565 56.515 53.506 53.207 50.175 52.112 50.936 49.024 46.857 48.078 46.905 49.774 50.482 49.271 45.721 45.764 47.338 44.871 41.915 43.467 44.063 40.488 38.958 41.292 43.948 46.431 45.777 45.860 44.378 41.191 37.972 34.379 31.389 28.138 24.631 24.064 26.936 29.655 32.715 34.901 38.633 41.888 43.458 41.071 37.977 37.420 34.071 33.993 31.049 33.270 36.818 38.225 37.918 37.432 36.599 33.303 30.944 29.397 29.275 31.820 34.405 37.474 38.664 41.554 42.661 43.347 42.311 40.459 43.258 45.634 43.888 45.002 48.702 51.205 52.112 49.560 50.440 47.316 45.018 46.889 46.937 43.213 42.589 44.691 42.361 39.229 40.703 41.749 38.279 37.392 35.980 39.221 39.075 35.616 34.605 35.596 33.238 36.081 38.405 35.998 35.395 38.853 41.434 40.541 42.642 44.722 48.400 47.931 51.700 51.994 50.715 53.875 56.273 59.383 58.789 61.603 60.084
53.496 53.012 54.583 56.536 55.485 58.503 58.630 55.154 55.984 59.054 57.190 54.480 57.252 59.092 55.970 55.650 52.731 54.760 53.503 51.442 49.173 50.547 49.558 52.552 53.333 52.286 48.678 48.648 50.371 48.020 44.965 46.498 47.272 43.754 42.072 44.387 47.170 49.521 48.785 48.672 47.154 44.090 40.765 37.261 34.132 30.931 27.427 26.528 29.214 31.973 35.221 37.554 41.236 44.592 46.304 43.867 40.754 39.946 36.489 36.144 33.044 35.165 38.807 40.179 39.696 39.345 38.223 35.051 32.729 30.805 30.554 33.377 35.866 39.119 40.311 43.381 44.287 45.169 44.198 42.603 45.475 47.838 46.289 47.539 51.197 53.848 54.633 52.111 52.800 49.567 47.452 49.324 49.135 45.395 44.972 46.935 44.400 41.436 43.024 43.812 40.231 39.395 38.275 41.633 41.731 38.329 37.208 38.435 36.278 39.261 41.478 39.058 38.666 42.177 44.628 43.614 45.741 47.951 51.623 51.085 54.828 55.260 53.930 57.006 59.490 62.617 61.919 64.642 62.997
52.200 51.910 53.405 55.506 54.470 57.359 57.342 53.786 54.604 57.539 55.536 52.788 55.525 57.218 53.976 53.647 50.876 53.037 51.745 49.493 47.180 48.769 47.944 51.067 51.876 51.081 47.412 47.228 49.147 47.005 43.797 45.286 46.350 42.952 41.029 43.348 46.321 48.433 47.647 47.258 45.803 42.894 39.490 36.133 32.923 29.715 26.347 24.959 27.536 30.164 33.596 35.990 39.601 43.033 44.870 42.345 39.253 38.129 34.592 34.028 30.766 32.727 36.436 37.827 37.281 37.167 35.903 32.922 30.493 28.283 27.788 30.753 33.093 36.481 37.624 40.833 41.604 42.686 41.859 40.506 43.503 45.756 44.374 45.839 49.419 52.207 52.792 50.272 50.730 47.409 45.482 47.324 46.889 43.150 42.934 44.753 42.030 39.248 40.986 41.536 37.871 37.181 36.365 39.788 40.118 36.849 35.518 37.011 35.168 38.345 40.410 38.063 38.021 41.576 43.797 42.690 44.969 47.302 50.915 50.169 53.856 54.487 53.019 55.938 58.582 61.705 60.812 63.380 61.558
51.654 51.635 53.181 55.486 54.598 57.405 57.155 53.566 54.498 57.266 55.060 52.378 55.157 56.624 53.262 53.056 50.476 52.842 51.633 49.160 46.913 48.768 48.022 51.214 51.925 51.375 47.694 47.247 49.263 47.373 44.006 45.300 46.610 43.357 41.150 43.315 46.472 48.354 47.373 46.703 45.160 42.470 38.944 35.773 32.409 29.371 26.090 24.322 26.544 29.192 32.780 35.381 38.856 42.399 44.473 42.004 38.847 37.451 33.802 32.853 29.538 31.487 35.205 36.406 35.594 35.563 33.995 31.184 28.870 26.322 25.812 29.030 31.347 34.824 36.105 39.410 39.878 41.059 40.224 39.168 42.174 44.436 43.337 44.901 48.402 51.370 51.848 49.455 49.725 46.278 44.615 46.559 45.883 42.141 42.250 44.020 41.108 38.555 40.565 40.932 37.203 36.824 36.319 39.722 40.182 37.119 35.460 37.093 35.571 38.841 40.872 38.734 38.955 42.463 44.525 43.474 45.961 48.300 51.818 50.812 54.433 55.166 53.487 56.257 59.073 62.117 61.001 63.408 61.462
48.277 48.350 50.019 52.417 51.692 54.542 54.159 50.611 51.716 54.439 52.141 49.592 52.495 53.866 50.514 50.505 47.955 50.442 49.447 46.928 44.890 46.828 45.895 48.993 49.483 48.951 45.325 44.675 46.573 44.783 41.360 42.437 43.752 40.557 38.220 40.205 43.410 45.254 44.109 43.404 41.729 39.098 35.517 32.386 28.937 26.035 22.721 20.968 23.008 25.801 29.378 32.127 35.556 39.148 41.351 39.038 35.764 34.420 30.720 29.637 26.455 28.656 32.304 33.285 32.329 32.102 30.505 27.598 25.413 22.950 22.743 25.975 28.537 31.892 33.422 36.606 36.982 37.955 36.928 35.826 38.727 41.114 40.075 41.516 45.035 48.035 48.622 46.349 46.710 43.233 41.602 43.722 43.121 39.352 39.564 41.526 38.669 36.102 38.294 38.843 35.159 35.058 34.471 37.718 37.967 35.021 33.123 34.568 33.099 36.282 38.476 36.585 36.775 40.164 42.269 41.461 44.139 46.299 49.739 48.557 52.162 52.789 50.942 53.693 56.576 59.511 58.303 60.684 58.796
46.476 46.790 48.421 50.985 50.350 53.068 52.488 48.907 50.064 52.610 50.147 47.638 50.535 51.703 48.251 48.321 45.963 48.617 47.687 44.974 43.003 45.180 44.344 47.499 47.920 47.651 44.029 43.146 45.168 43.649 40.097 41.020 42.610 39.605 37.010 38.887 42.258 43.824 42.568 41.568 39.914 37.512 33.876 30.986 27.490 24.740 21.694 19.450 21.150 23.776 27.479 30.318 33.583 37.231 39.602 37.300 34.044 32.396 28.645 27.240 23.991 26.086 29.720 30.587 29.473 29.436 27.644 24.977 22.783 20.004 19.644 23.052 25.519 28.948 30.540 33.801 33.949 35.052 34.104 33.286 36.246 38.549 37.744 39.348 42.756 45.896 46.314 44.120 44.269 40.705 39.319 41.470 40.634 36.891 37.388 39.257 36.244 33.914 36.330 36.692 32.987 33.187 32.907 36.094 36.491 33.790 31.602 33.213 32.126 35.396 37.466 35.787 36.296 39.614 41.486 40.699 43.554 45.729 49.043 47.610 51.116 51.885 49.858 52.423 55.463 58.327 56.904 59.107 57.081
43.517 44.022 45.774 48.485 48.059 50.768 49.983 46.451 47.804 50.232 47.622 45.281 48.293 49.282 45.818 46.123 43.880 46.700 46.013 43.204 41.482 43.804 42.823 45.881 46.054 45.891 42.354 41.192 43.117 41.801 38.179 38.809 40.484 37.627 34.831 36.451 39.905 41.326 39.852 38.710 36.909 34.679 30.978 28.256 24.668 22.204 19.290 16.912 18.138 20.857 24.562 27.603 30.716 34.423 36.994 34.891 31.534 29.843 26.048 24.340 21.268 23.600 27.101 27.635 26.257 26.053 24.102 21.433 19.451 16.615 16.627 20.128 22.834 26.119 28.027 31.159 31.085 31.998 30.851 30.117 32.958 35.375 34.750 36.264 39.638 42.864 43.341 41.324 41.491 37.871 36.632 38.979 38.135 34.397 35.121 37.144 34.152 31.928 34.596 35.069 31.448 32.037 31.793 34.757 34.988 32.525 30.023 31.471 30.586 33.746 35.919 34.581 35.148 38.281 40.107 39.577 42.636 44.624 47.798 46.130 49.566 50.265 48.027 50.502 53.641 56.360 54.783 56.893 54.890
41.960 42.638 44.219 47.026 46.578 49.093 48.191 44.609 45.893 48.152 45.442 43.063 45.984 46.821 43.265 43.537 41.476 44.396 43.678 40.706 38.975 41.496 40.698 43.840 44.048 44.162 40.622 39.322 41.444 40.383 36.676 37.270 39.248 36.598 33.619 35.243 38.825 39.938 38.496 37.061 35.444 33.433 29.774 27.339 23.871 21.493 19.077 16.133 17.109 19.334 23.120 26.054 28.984 32.670 35.291 33.092 29.883 27.824 24.057 22.135 18.914 20.912 24.415 25.008 23.648 23.862 21.859 19.590 17.384 14.193 13.665 17.285 19.699 23.122 24.916 28.180 27.982 29.161 28.278 27.845 30.849 33.026 32.567 34.366 37.586 40.902 41.105 39.070 38.957 35.292 34.272 36.517 35.400 31.718 32.662 34.480 31.322 29.358 32.155 32.362 28.732 29.536 29.643 32.567 33.042 30.828 28.144 29.860 29.403 32.674 34.581 33.373 34.322 37.404 38.914 38.291 41.440 43.511 46.558 44.705 48.018 48.930 46.597 48.862 52.123 54.817 53.066 54.992 52.814
39.461 40.402 42.013 44.984 44.723 47.129 45.990 42.451 43.881 45.937 43.056 40.834 43.802 44.394 40.797 41.277 39.429 42.529 42.023 38.911 37.419 40.139 39.305 42.370 42.368 42.701 39.267 37.663 39.766 39.012 35.245 35.543 37.714 35.322 32.116 33.476 37.154 37.983 36.356 34.654 32.989 31.279 27.621 25.541 22.116 20.152 18.209 15.017 15.267 17.225 20.950 23.984 26.612 30.305 33.126 31.102 27.907 25.649 21.920 19.574 16.547 18.562 21.850 22.089 20.431 20.699 18.465 16.486 14.466 10.988 10.599 14.367 16.837 20.132 22.203 25.369 24.843 25.964 25.011 24.857 27.795 29.956 29.786 31.624 34.709 38.142 38.269 36.416 36.180 32.451 31.707 34.082 32.822 29.205 30.489 32.333 29.142 27.448 30.514 30.689 27.191 28.450 28.756 31.408 31.840 29.991 26.991 28.647 28.576 31.734 33.589 32.755 33.896 36.752 38.073 37.640 40.961 42.886 45.733 43.617 46.789 47.725 45.183 47.260 50.641 53.181 51.226 52.978 50.752
36.462 37.362 38.787 41.729 41.365 43.671 42.563 38.981 40.308 42.343 39.490 37.189 40.102 40.724 37.117 37.526 35.675 38.773 38.256 35.125 33.657 36.409 35.592 38.666 38.684 39.109 35.679 34.047 36.249 35.590 31.805 32.147 34.466 32.184 28.930 30.385 34.098 34.784 33.310 31.526 30.109 28.415 24.867 22.918 19.728 17.700 16.266 12.720 13.025 14.363 18.089 20.865 23.463 27.090 29.809 27.647 24.587 22.158 18.476 16.221 13.011 14.828 18.186 18.673 17.351 17.975 16.166 14.365 11.774 8.389 7.211 10.874 13.258 16.642 18.563 21.768 21.478 22.701 21.993 21.754 24.906 26.839 26.519 28.566 31.615 34.997 34.971 32.974 32.670 28.970 28.163 30.424 29.144 25.515 26.756 28.553 25.362 23.664 26.749 26.928 23.461 24.835 25.185 27.744 28.212 26.507 23.420 25.177 25.349 28.544 30.219 29.480 30.836 33.624 34.748 34.288 37.653 39.585 42.344 40.144 43.251 44.289 41.732 43.719 47.133 49.685 47.689 49.392 47.100
35.213 36.397 37.682 40.756 40.484 42.546 41.220 37.662 38.997 40.752 37.738 35.521 38.347 38.684 34.998 35.495 33.960 37.214 36.793 33.471 32.149 35.154 34.496 37.559 37.495 38.268 34.948 33.059 35.382 35.113 31.304 31.444 34.070 32.141 28.706 29.976 33.756 34.023 32.496 30.341 29.082 27.799 24.403 22.986 20.094 18.521 17.821 14.157 13.783 14.300 17.746 20.321 22.441 25.940 28.760 26.671 23.849 21.029 17.572 14.911 11.910 13.152 16.188 16.467 14.987 16.152 14.213 13.262 10.791 7.193 5.121 8.739 10.558 13.948 15.901 19.145 18.463 19.953 19.516 19.822 23.016 24.655 24.703 27.007 29.772 33.261 32.940 31.066 30.419 26.673 26.281 28.488 26.856 23.382 25.051 26.622 23.290 22.086 25.391 25.275 21.968 23.795 24.589 26.881 27.540 26.306 22.999 24.898 25.634 28.745 30.129 29.706 31.411 33.979 34.740 34.310 37.757 39.651 42.172 39.729 42.623 43.830 41.124 42.818 46.355 48.783 46.558 48.002 45.556
33.530 34.699 35.660 38.680 38.244 40.082 38.789 35.183 36.308 37.955 34.972 32.625 35.279 35.594 31.861 32.190 30.760 34.007 33.487 30.082 28.716 31.831 31.364 34.490 34.539 35.537 32.236 30.336 32.876 32.798 29.010 29.251 32.122 30.412 26.973 28.372 32.144 32.141 30.869 28.550 27.715 26.565 23.444 22.331 19.914 18.372 18.343 14.596 14.315 13.827 16.951 18.946 20.836 24.102 26.716 24.420 21.962 18.812 15.644 13.185 10.105 10.360 13.337 14.087 13.223 15.179 13.891 13.583 10.719 7.901 4.397 6.722 7.408 11.068 12.493 15.947 15.502 17.435 17.614 18.055 21.502 22.634 22.594 25.276 27.844 31.250 30.589 28.532 27.616 23.932 23.612 25.521 23.667 20.270 21.991 23.267 19.812 18.842 22.148 21.772 18.520 20.532 21.643 23.809 24.724 23.780 20.448 22.628 23.802 26.941 27.928 27.592 29.656 32.123 32.525 31.953 35.381 37.351 39.728 37.195 39.948 41.376 38.690 40.188 43.767 46.214 43.914 45.222 42.620
34.182 34.948 35.774 38.557 37.800 39.749 38.807 35.103 35.972 37.916 35.195 32.568 35.145 35.857 32.184 32.168 30.383 33.380 32.551 29.322 27.604 30.475 30.040 33.312 33.663 34.403 30.918 29.414 32.059 31.601 27.836 28.533 31.247 29.231 26.029 27.879 31.574 31.889 30.958 28.983 28.338 26.742 23.646 22.074 19.678 17.490 17.172 13.373 14.093 13.713 17.024 18.766 21.157 24.406 26.674 24.012 21.571 18.613 15.341 13.681 10.055 10.255 13.794 15.354 15.216 17.056 16.316 15.410 12.014 9.641 6.203 8.134 8.886 12.657 13.444 17.018 17.387 19.328 19.654 19.482 23.104 24.191 23.571 26.267 29.044 32.234 31.638 29.225 28.509 24.960 24.113 25.771 24.186 20.649 21.744 23.002 19.597 18.079 21.016 20.737 17.187 18.588 19.430 22.017 23.029 21.612 18.575 20.989 21.810 25.209 26.164 25.375 27.386 30.142 30.667 29.817 33.109 35.297 37.903 35.637 38.569 40.035 37.595 39.312 42.769 45.442 43.388 44.921 42.351
37.779 38.550 39.461 42.237 41.468 43.464 42.560 38.853 39.701 41.672 38.966 36.318 38.853 39.573 35.887 35.798 34.026 36.961 35.986 32.772 30.869 33.694 33.407 36.761 37.251 37.932 34.387 33.026 35.688 35.095 31.346 32.146 34.758 32.588 29.463 31.362 35.045 35.502 34.522 32.608 31.811 30.149 26.920 25.141 22.455 20.111 19.192 15.432 16.345 16.648 20.177 22.189 24.699 28.035 30.350 27.697 25.166 22.313 18.953 17.210 13.596 14.027 17.544 18.946 18.466 20.097 18.859 17.765 14.635 11.645 8.706 11.452 12.337 16.138 16.953 20.593 20.711 22.744 22.962 22.945 26.476 27.709 27.221 29.831 32.639 35.887 35.333 32.975 32.223 28.652 27.877 29.525 27.865 24.371 25.468 26.607 23.136 21.671 24.463 23.993 20.351 21.419 22.335 25.180 26.347 24.689 21.871 24.353 24.897 28.392 29.425 28.364 30.243 33.190 33.857 32.852 36.025 38.357 41.101 38.987 41.990 43.467 41.124 42.918 46.330 49.067 47.076 48.644 46.063
40.006 40.744 41.904 44.695 44.024 46.216 45.325 41.646 42.638 44.726 42.018 39.446 42.112 42.883 39.230 39.247 37.366 40.285 39.358 36.231 34.337 37.042 36.609 39.918 40.349 40.816 37.244 35.939 38.429 37.634 33.886 34.651 37.032 34.645 31.574 33.410 37.075 37.796 36.647 34.905 33.792 31.980 28.549 26.479 23.437 21.003 19.434 15.874 16.890 18.004 21.732 24.144 26.860 30.364 32.807 30.291 27.483 24.911 21.344 19.503 15.960 17.047 20.609 21.702 20.830 21.932 20.304 18.741 15.916 12.637 10.612 13.937 15.479 19.190 20.393 23.929 23.885 25.637 25.438 25.300 28.660 30.263 29.805 32.133 35.108 38.407 38.121 35.874 35.337 31.713 30.856 32.720 31.234 27.663 28.703 30.068 26.687 25.032 27.802 27.543 23.872 24.761 25.387 28.336 29.293 27.362 24.629 26.872 26.997 30.466 31.826 30.635 32.170 35.230 36.226 35.307 38.450 40.740 43.634 41.646 44.785 46.076 43.758 45.740 49.096 51.845 49.950 51.656 49.206
41.927 42.945 44.120 47.055 46.524 48.578 47.479 43.835 44.893 46.753 43.885 41.420 44.034 44.533 40.806 40.919 39.324 42.376 41.498 38.204 36.373 39.286 39.027 42.353 42.735 43.449 39.944 38.454 41.007 40.464 36.687 37.271 39.823 37.629 34.415 36.054 39.783 40.261 38.954 36.947 35.776 34.274 30.840 29.062 26.005 23.909 22.490 18.905 19.381 20.417 24.063 26.573 28.977 32.463 35.080 32.696 29.959 27.166 23.688 21.439 18.102 18.952 22.255 23.027 21.781 23.039 20.963 19.865 17.464 13.831 11.866 15.314 16.502 20.156 21.432 24.993 24.441 26.386 26.254 26.638 29.891 31.417 31.383 33.790 36.560 40.002 39.558 37.512 36.703 33.018 32.568 34.449 32.645 29.223 30.653 31.820 28.288 27.069 30.000 29.426 25.842 26.996 28.017 30.853 31.994 30.332 27.471 29.799 30.209 33.632 34.883 33.856 35.550 38.513 39.346 38.437 41.619 43.911 46.686 44.554 47.568 48.957 46.528 48.326 51.773 54.425 52.356 53.868 51.306
44.073 45.095 46.505 49.471 49.065 51.284 50.162 46.559 47.773 49.711 46.819 44.452 47.197 47.709 44.012 44.255 42.585 45.650 44.857 41.619 39.840 42.677 42.266 45.536 45.824 46.372 42.863 41.375 43.763 43.084 39.308 39.810 42.172 39.832 36.647 38.178 41.884 42.560 41.075 39.198 37.738 36.154 32.575 30.612 27.298 25.237 23.360 20.052 20.481 22.117 25.833 28.656 31.171 34.778 37.520 35.293 32.331 29.771 26.156 23.815 20.603 21.931 25.241 25.735 24.167 24.954 22.568 21.131 19.111 15.415 14.248 17.946 19.609 23.145 24.745 28.193 27.503 29.170 28.665 28.958 32.017 33.861 33.882 36.022 38.910 42.396 42.196 40.281 39.662 35.933 35.436 37.524 35.871 32.386 33.799 35.179 31.725 30.359 33.315 32.937 29.338 30.420 31.209 34.087 35.027 33.191 30.352 32.458 32.568 35.929 37.458 36.387 37.797 40.806 41.906 41.116 44.298 46.515 49.390 47.331 50.445 51.658 49.218 51.161 54.572 57.205 55.197 56.813 54.372
45.746 46.524 48.000 50.832 50.319 52.708 51.785 48.163 49.331 51.490 48.744 46.289 49.072 49.823 46.188 46.328 44.412 47.331 46.433 43.358 41.444 44.063 43.561 46.841 47.229 47.506 43.921 42.671 44.980 43.993 40.273 40.967 43.085 40.488 37.497 39.193 42.808 43.799 42.405 40.819 39.295 37.410 33.779 31.461 28.037 25.678 23.340 20.316 21.242 23.272 27.061 29.915 32.732 36.384 39.002 36.700 33.627 31.343 27.638 25.618 22.302 23.880 27.377 28.057 26.653 27.178 24.958 23.058 20.936 17.470 16.540 20.221 22.158 25.734 27.286 30.735 30.351 31.879 31.247 31.167 34.230 36.233 35.966 37.955 41.038 44.424 44.415 42.377 41.993 38.303 37.495 39.582 38.176 34.583 35.670 37.180 33.829 32.122 34.878 34.694 31.001 31.713 32.179 35.244 36.071 33.889 31.292 33.307 32.998 36.391 38.085 36.739 37.872 41.044 42.402 41.547 44.604 46.869 49.927 48.101 51.368 52.466 50.185 52.350 55.641 58.386 56.581 58.401 56.074
47.917 48.673 50.351 53.186 52.783 55.319 54.391 50.821 52.123 54.354 51.607 49.244 52.137 52.912 49.318 49.571 47.582 50.500 49.686 46.677 44.822 47.362 46.712 49.922 50.218 50.335 46.767 45.527 47.669 46.559 42.868 43.487 45.410 42.697 39.769 41.356 44.913 46.086 44.553 43.113 41.352 39.396 35.684 33.226 29.648 27.365 24.682 22.039 22.909 25.371 29.121 32.178 35.060 38.772 41.466 39.317 36.081 34.028 30.261 28.213 25.057 26.964 30.427 30.893 29.278 29.420 27.034 24.884 23.106 19.751 19.384 23.124 25.361 28.818 30.601 33.943 33.475 34.768 33.842 33.660 36.535 38.788 38.543 40.283 43.457 46.847 47.062 45.136 44.934 41.227 40.365 42.616 41.358 37.724 38.779 40.471 37.205 35.379 38.143 38.139 34.455 35.123 35.384 38.448 39.081 36.774 34.216 36.009 35.441 38.730 40.660 39.295 40.152 43.329 44.925 44.194 47.233 49.403 52.535 50.787 54.133 55.055 52.778 55.074 58.313 61.032 59.299 61.221 59.020
51.419 52.062 53.672 56.419 55.878 58.421 57.624 54.017 55.185 57.491 54.832 52.351 55.159 56.043 52.446 52.529 50.479 53.286 52.284 49.328 47.279 49.728 49.214 52.507 52.993 53.048 49.415 48.370 50.590 49.342 45.695 46.514 48.383 45.562 42.764 44.521 48.029 49.304 47.902 46.548 44.863 42.795 39.107 36.525 32.973 30.506 27.692 25.146 26.308 28.766 32.536 35.492 38.479 42.167 44.745 42.463 39.284 37.250 33.499 31.628 28.352 30.103 33.655 34.331 32.863 33.105 30.784 28.626 26.740 23.410 22.834 26.525 28.591 32.148 33.712 37.155 36.803 38.245 37.453 37.244 40.190 42.378 42.041 43.841 47.036 50.387 50.558 48.523 48.287 44.608 43.671 45.789 44.506 40.874 41.797 43.358 40.056 38.186 40.777 40.653 36.907 37.293 37.573 40.804 41.586 39.115 36.779 38.700 37.994 41.365 43.224 41.612 42.430 45.743 47.371 46.445 49.327 51.647 54.882 53.306 56.701 57.682 55.555 57.912 61.086 63.911 62.280 64.259 62.029
50.565 50.979 52.657 55.272 54.681 57.381 56.746 53.165 54.338 56.831 54.309 51.813 54.689 55.776 52.275 52.344 50.073 52.760 51.776 48.998 46.958 49.196 48.485 51.695 52.165 51.956 48.321 47.431 49.495 48.007 44.445 45.351 46.967 43.972 41.359 43.186 46.572 48.110 46.777 45.705 43.970 41.659 37.984 35.150 31.591 28.963 25.879 23.686 25.175 27.866 31.580 34.513 37.700 41.378 43.833 41.562 38.301 36.572 32.808 31.226 27.988 29.996 33.610 34.372 33.059 33.041 30.963 28.435 26.475 23.470 23.133 26.703 29.049 32.538 34.145 37.487 37.414 38.629 37.679 37.088 39.995 42.323 41.707 43.321 46.676 49.898 50.282 48.167 48.207 44.591 43.362 45.521 44.536 40.824 41.462 43.226 40.102 37.921 40.370 40.548 36.807 36.996 36.897 40.149 40.687 37.998 35.828 37.529 36.477 39.763 41.803 40.077 40.600 43.948 45.812 44.955 47.759 50.000 53.335 51.928 55.428 56.234 54.215 56.759 59.812 62.679 61.229 63.392 61.322
52.299 52.589 54.412 56.950 56.402 59.253 58.696 55.175 56.422 59.034 56.585 54.145 57.103 58.291 54.868 54.993 52.591 55.212 54.283 51.634 49.638 51.726 50.849 53.967 54.379 53.953 50.346 49.542 51.426 49.757 46.281 47.180 48.547 45.420 42.959 44.740 48.002 49.768 48.395 47.550 45.664 43.218 39.539 36.540 32.943 30.336 26.994 25.255 26.816 29.783 33.387 36.383 39.660 43.335 45.757 43.597 40.235 38.788 35.023 33.566 30.468 32.721 36.308 36.986 35.634 35.308 33.265 30.492 28.718 25.951 25.967 29.476 32.049 35.429 37.162 40.393 40.385 41.379 40.214 39.415 42.176 44.689 43.970 45.348 48.805 51.954 52.562 50.487 50.749 47.168 45.789 48.047 47.275 43.523 44.021 45.960 42.970 40.610 42.988 43.387 39.675 39.757 39.390 42.625 42.946 40.111 38.062 39.523 38.173 41.321 43.566 41.785 41.994 45.332 47.439 46.692 49.419 51.554 54.964 53.700 57.279 57.892 55.943 58.643 61.591 64.454 63.143 65.448 63.533
54.236 54.290 56.033 58.397 57.672 60.575 60.238 56.708 57.805 60.566 58.293 55.736 58.622 60.019 56.662 56.612 54.051 56.487 55.402 52.915 50.770 52.649 51.795 54.921 55.498 54.890 51.252 50.714 52.590 50.694 47.332 48.465 49.665 46.392 44.169 46.148 49.279 51.235 50.064 49.434 47.658 45.009 41.414 38.234 34.747 31.918 28.474 26.962 28.908 31.838 35.383 38.195 41.623 45.225 47.437 45.154 41.862 40.574 36.872 35.741 32.578 34.756 38.411 39.340 38.248 37.951 36.146 33.255 31.290 28.708 28.578 31.936 34.447 37.857 39.387 42.634 42.895 43.920 42.845 41.835 44.662 47.126 46.164 47.536 51.064 54.084 54.725 52.492 52.851 49.354 47.759 49.880 49.242 45.479 45.701 47.605 44.703 42.168 44.294 44.745 41.028 40.775 40.229 43.569 43.893 40.848 39.106 40.563 38.959 42.103 44.320 42.283 42.327 45.764 47.974 47.084 49.602 51.816 55.336 54.322 57.967 58.555 56.817 59.642 62.450 65.423 64.306 66.744 64.886
53.663 53.521 55.349 57.579 56.855 59.897 59.688 56.234 57.368 60.268 58.124 55.615 58.563 60.108 56.874 56.860 54.135 56.460 55.450 53.145 51.080 52.759 51.692 54.679 55.186 54.329 50.749 50.327 51.995 49.904 46.670 47.820 48.742 45.352 43.335 45.301 48.262 50.452 49.319 48.967 47.126 44.305 40.779 37.435 34.015 31.166 27.564 26.528 28.637 31.713 35.082 37.837 41.360 44.895 46.988 44.799 41.461 40.504 36.867 35.983 32.983 35.370 38.970 39.888 38.895 38.333 36.743 33.606 31.702 29.485 29.621 32.790 35.505 38.758 40.356 43.439 43.885 44.661 43.420 42.104 44.810 47.396 46.229 47.372 50.998 53.872 54.733 52.492 53.116 49.708 47.892 50.065 49.713 45.929 45.927 48.023 45.329 42.570 44.572 45.318 41.680 41.316 40.425 43.687 43.733 40.559 38.972 40.141 38.228 41.191 43.592 41.524 41.236 44.623 47.064 46.311 48.742 50.807 54.375 53.513 57.220 57.597 55.954 58.934 61.607 64.570 63.623 66.217 64.544
56.356 56.023 57.795 59.867 59.012 62.094 62.070 58.632 59.647 62.661 60.669 58.085 60.969 62.676 59.510 59.363 56.520 58.681 57.550 55.396 53.223 54.712 53.666 56.635 57.273 56.255 52.676 52.482 54.117 51.839 48.734 50.062 50.817 47.325 45.535 47.632 50.452 52.800 51.826 51.659 49.896 46.936 43.501 40.046 36.745 33.785 30.155 29.336 31.666 34.691 37.972 40.573 44.177 47.631 49.550 47.293 44.030 43.218 39.661 39.016 36.004 38.318 41.936 43.017 42.195 41.643 40.202 37.008 35.018 32.927 32.976 36.035 38.686 41.942 43.394 46.472 47.096 47.890 46.706 45.252 47.976 50.529 49.196 50.310 53.974 56.736 57.634 55.293 55.996 52.667 50.698 52.762 52.518 48.746 48.535 50.594 47.985 45.111 46.900 47.682 44.067 43.437 42.407 45.725 45.766 42.443 41.131 42.271 40.153 43.064 45.433 43.166 42.710 46.143 48.673 47.814 50.031 52.138 55.783 55.158 58.904 59.239 57.792 60.873 63.403 66.444 65.677 68.381 66.774
55.860 55.314 57.121 59.028 58.143 61.331 61.459 58.108 59.118 62.259 60.423 57.877 60.782 62.643 59.615 59.471 56.480 58.500 57.422 55.469 53.365 54.636 53.409 56.232 56.827 55.569 52.067 52.017 53.457 50.991 48.048 49.420 49.899 46.316 44.770 46.873 49.492 52.053 51.166 51.277 49.508 46.393 43.080 39.502 36.344 33.376 29.694 29.326 31.807 34.865 37.930 40.400 44.062 47.403 49.158 46.978 43.732 43.236 39.796 39.427 36.583 39.017 42.551 43.657 42.981 42.237 41.043 37.680 35.719 33.985 34.205 37.037 39.804 42.897 44.355 47.266 48.088 48.676 47.389 45.657 48.273 50.885 49.342 50.260 53.986 56.575 57.653 55.289 56.228 53.018 50.837 52.902 52.927 49.169 48.723 50.923 48.532 45.468 47.095 48.136 44.628 43.869 42.524 45.744 45.537 42.113 41.000 41.871 39.474 42.183 44.677 42.372 41.600 44.961 47.685 46.937 49.024 50.986 54.659 54.214 57.996 58.137 56.819 60.035 62.407 65.439 64.859 67.705 66.277
59.363 58.731 60.537 62.357 61.424 64.641 64.862 61.537 62.498 65.693 63.935 61.367 64.238 66.172 63.181 62.976 59.936 61.868 60.724 58.852 56.686 57.855 56.653 59.460 60.125 58.774 55.288 55.363 56.768 54.202 51.349 52.797 53.164 49.538 48.128 50.264 52.786 55.438 54.608 54.820 53.055 49.891 46.625 43.013 39.906 36.944 33.259 33.003 35.509 38.571 41.589 44.014 47.691 50.994 52.678 50.494 47.281 46.859 43.456 43.154 40.313 42.715 46.255 47.401 46.747 45.986 44.791 41.414 39.481 37.748 37.955 40.792 43.530 46.639 48.051 50.974 51.831 52.433 51.150 49.390 51.986 54.608 53.023 53.903 57.641 60.183 61.299 58.912 59.890 56.709 54.480 56.504 56.568 52.819 52.296 54.468 52.105 49.010 50.536 51.569 48.071 47.178 45.792 49.040 48.844 45.354 44.393 45.246 42.748 45.399 47.876 45.471 44.587 47.945 50.724 49.923 51.858 53.829 57.536 57.248 61.042 61.140 59.947 63.220 65.493 68.557 68.090 71.000 69.623
61.738 61.033 62.940 64.690 63.819 67.120 67.384 64.142 65.166 68.413 66.709 64.219 67.136 69.112 66.194 66.052 62.957 64.843 63.769 61.991 59.894 60.967 59.650 62.353 62.948 61.457 58.041 58.155 59.401 56.748 53.996 55.392 55.570 51.912 50.631 52.674 55.063 57.842 56.975 57.343 55.478 52.278 49.063 45.421 42.358 39.516 35.793 35.820 38.247 41.405 44.295 46.733 50.394 53.652 55.310 53.252 50.008 49.772 46.413 46.150 43.443 45.966 49.443 50.491 49.783 48.838 47.649 44.191 42.422 40.815 41.216 44.022 46.866 49.889 51.395 54.231 55.082 55.540 54.118 52.267 54.728 57.455 55.843 56.545 60.309 62.783 64.054 61.734 62.855 59.713 57.425 59.516 59.712 55.968 55.391 57.668 55.401 52.242 53.738 54.903 51.456 50.552 49.032 52.210 51.862 48.349 47.451 48.121 45.483 47.966 50.556 48.185 47.083 50.347 53.265 52.582 54.440 56.279 59.981 59.796 63.601 63.535 62.398 65.753 67.925 70.943 70.583 73.575 72.334
34.820 33.685 34.134 35.553 33.698 36.282 36.948 33.383 33.435 36.644 35.360 32.228 34.545 36.919 34.161 33.258 29.988 31.485 30.037 28.449 26.217 27.078 25.892 28.817 29.897 28.826 25.147 25.615 27.682 25.259 22.370 24.745 25.808 22.515 21.249 24.543 27.089 29.074 29.589 29.664 29.652 26.420 24.196 21.155 19.893 16.208 15.277 14.285 17.908 17.819 19.747 19.810 23.345 25.683 26.099 22.900 20.925 20.367 18.164 20.007 17.476 18.154 20.996 23.721 25.394 25.990 27.165 24.818 21.397 21.626 20.229 20.250 21.461 23.550 23.296 25.467 28.014 28.798 28.910 26.489 29.665 30.759 28.069 29.832 33.130 34.962 35.190 31.927 32.692 30.253 27.365 28.224 28.657 25.339 23.636 25.360 23.738 20.203 20.665 22.132 19.234 17.740 15.468 18.491 18.288 14.660 14.372 15.742 13.644 17.020 18.317 15.525 15.951 19.683 21.413 19.973 22.302 24.762 28.325 27.625 31.283 32.176 31.017 33.890 36.368 39.708 39.061 41.729 39.938
36.003 35.085 35.298 36.816 34.863 37.160 37.736 34.068 33.917 36.930 35.551 32.250 34.357 36.607 33.682 32.548 29.475 31.034 29.293 27.455 24.894 26.017 25.332 28.565 29.933 29.276 25.504 25.932 28.424 26.317 23.321 25.786 27.297 24.290 22.801 26.141 28.851 30.436 31.014 30.703 30.909 27.945 25.714 22.985 21.697 18.103 17.425 15.693 19.091 18.676 20.841 20.855 24.198 26.543 27.013 23.578 21.847 20.683 18.477 20.088 17.203 17.243 20.240 23.275 25.055 26.177 27.220 25.233 21.595 21.418 19.410 19.473 20.152 22.514 21.846 24.331 26.865 28.132 28.660 26.628 30.049 30.841 28.348 30.530 33.647 35.613 35.447 32.091 32.416 29.908 27.278 27.872 27.852 24.578 23.066 24.315 22.335 19.077 19.538 20.389 17.236 15.543 13.894 17.337 17.911 14.474 14.095 16.308 14.993 18.633 19.327 16.512 17.713 21.409 22.558 20.690 22.987 25.799 29.238 28.401 31.899 33.208 32.034 34.619 37.229 40.618 39.787 42.222 40.136
39.803 38.869 39.041 40.491 38.441 40.681 41.356 37.695 37.403 40.404 39.100 35.724 37.677 39.959 37.028 35.714 32.695 34.118 32.127 30.340 27.523 28.555 28.189 31.498 33.121 32.466 28.707 29.349 31.915 29.740 26.873 29.463 30.918 27.880 26.530 29.905 32.551 34.181 34.806 34.500 34.688 31.717 29.423 26.617 25.146 21.479 20.409 18.605 22.071 21.982 24.377 24.572 27.933 30.323 30.795 27.331 25.641 24.396 22.118 23.506 20.406 20.389 23.533 26.591 28.224 29.433 30.201 28.174 24.509 23.893 21.727 22.229 22.836 25.491 24.732 27.448 29.862 31.372 31.983 30.125 33.610 34.404 32.011 34.260 37.362 39.367 39.123 35.746 35.937 33.411 30.882 31.360 31.167 27.943 26.497 27.479 25.363 22.297 22.621 23.085 19.875 17.867 16.583 20.182 21.111 17.679 17.603 19.953 18.601 22.168 22.720 19.674 20.778 24.530 25.656 23.509 25.439 28.456 31.958 31.388 34.851 36.257 35.304 37.879 40.375 43.844 43.124 45.557 43.423
41.759 41.080 41.184 42.790 40.773 42.824 43.337 39.611 39.271 42.066 40.605 37.176 39.014 41.091 37.996 36.599 33.833 35.387 33.248 31.196 28.197 29.532 29.576 33.077 34.827 34.531 30.750 31.234 34.057 32.174 29.192 31.698 33.475 30.631 29.030 32.323 35.146 36.490 37.019 36.376 36.589 33.846 31.440 28.824 27.180 23.601 22.540 20.226 23.442 23.318 25.980 26.346 29.565 32.057 32.716 29.185 27.543 25.837 23.447 24.421 21.052 20.700 23.979 27.082 28.576 30.124 30.596 28.824 25.094 23.986 21.416 22.197 22.466 25.423 24.491 27.522 29.707 31.614 32.463 31.014 34.649 35.310 33.205 35.729 38.708 40.900 40.390 37.039 36.861 34.210 32.004 32.396 31.763 28.571 27.472 28.106 25.623 22.944 23.449 23.316 19.914 17.999 17.507 21.261 22.742 19.625 19.286 22.080 21.248 24.938 25.240 22.340 23.850 27.531 28.332 26.029 27.975 31.144 34.512 33.785 37.103 38.769 37.732 40.076 42.700 46.152 45.241 47.462 45.103
45.238 44.475 44.427 45.892 43.707 45.643 46.315 42.614 42.047 44.830 43.522 39.997 41.609 43.767 40.735 39.093 36.369 37.698 35.291 33.380 30.157 31.305 31.667 35.196 37.232 36.938 33.202 33.957 36.863 34.920 32.118 34.816 36.545 33.726 32.328 35.720 38.422 39.768 40.468 39.868 40.209 37.465 35.144 32.535 30.944 27.346 26.220 23.969 27.204 27.109 29.757 30.037 33.208 35.596 36.105 32.504 31.052 29.345 27.088 28.098 24.723 24.178 27.383 30.579 32.125 33.797 34.219 32.512 28.780 27.524 24.842 25.705 25.764 28.757 27.599 30.660 32.866 34.956 35.975 34.623 38.284 38.818 36.711 39.310 42.211 44.333 43.701 40.280 39.986 37.440 35.266 35.423 34.706 31.666 30.484 30.815 28.366 25.858 26.056 25.632 22.379 20.110 19.822 23.567 25.321 22.241 22.304 25.185 24.345 27.950 28.000 24.894 26.402 30.084 30.756 28.162 29.729 33.085 36.453 35.990 39.226 41.032 40.250 42.545 45.026 48.564 47.783 49.985 47.577
47.668 47.130 47.101 48.722 46.619 48.451 48.958 45.217 44.682 47.299 45.833 42.316 43.882 45.837 42.674 41.037 38.540 40.009 37.557 35.430 32.143 33.548 34.169 37.801 39.861 39.824 36.086 36.665 39.708 37.979 35.066 37.636 39.575 36.861 35.246 38.531 41.386 42.555 43.109 42.256 42.531 39.954 37.494 34.988 33.194 29.670 28.452 25.882 28.901 28.903 31.776 32.284 35.366 37.879 38.598 35.006 33.505 31.492 29.095 29.709 26.168 25.505 28.795 31.900 33.215 35.070 35.167 33.626 29.927 28.241 25.364 26.550 26.440 29.661 28.492 31.783 33.691 36.054 37.177 36.170 39.905 40.408 38.580 41.335 44.163 46.466 45.674 42.329 41.770 39.096 37.210 37.383 36.325 33.304 32.462 32.590 29.859 27.688 28.112 27.273 23.922 21.893 22.175 25.933 27.979 25.133 24.922 28.007 27.456 31.139 31.135 28.176 29.873 33.516 34.049 31.436 33.060 36.461 39.738 39.137 42.279 44.223 43.341 45.483 48.072 51.571 50.633 52.675 50.114
50.856 50.292 50.096 51.622 49.384 51.058 51.663 47.944 47.202 49.747 48.391 44.799 46.136 48.106 44.993 43.141 40.750 42.044 39.371 37.331 33.881 35.177 36.124 39.776 42.071 42.123 38.448 39.199 42.348 40.656 37.877 40.575 42.548 39.922 38.423 41.773 44.553 45.639 46.338 45.455 45.882 43.362 40.996 38.567 36.858 33.354 32.199 29.617 32.597 32.509 35.338 35.729 38.715 41.117 41.713 38.058 36.758 34.680 32.433 33.074 29.556 28.650 31.822 35.011 36.405 38.429 38.514 37.119 33.419 31.653 28.647 29.798 29.422 32.613 31.203 34.486 36.399 38.949 40.278 39.405 43.167 43.495 41.699 44.566 47.277 49.524 48.565 45.169 44.446 41.878 40.076 40.013 38.829 35.984 35.116 34.930 32.224 30.277 30.463 29.320 26.149 23.915 24.454 28.135 30.446 27.732 27.774 30.972 30.533 34.160 33.893 30.849 32.645 36.240 36.575 33.738 35.085 38.623 41.826 41.378 44.390 46.505 45.803 47.828 50.325 53.871 52.989 54.949 52.303
53.664 53.128 52.961 54.501 52.266 53.939 54.541 50.820 50.075 52.603 51.236 47.644 48.956 50.898 47.769 45.900 43.558 44.842 42.129 40.087 36.607 37.898 38.925 42.579 44.913 44.973 41.307 42.077 45.231 43.526 40.755 43.449 45.409 42.755 41.253 44.591 47.385 48.495 49.156 48.255 48.624 46.103 43.670 41.198 39.379 35.858 34.548 31.951 34.914 34.982 37.910 38.421 41.430 43.892 44.546 40.902 39.554 37.449 35.128 35.646 32.072 31.229 34.447 37.571 38.837 40.852 40.777 39.363 35.705 33.760 30.777 32.127 31.786 35.065 33.710 37.060 38.851 41.465 42.776 41.991 45.761 46.133 44.414 47.288 50.008 52.307 51.337 47.965 47.194 44.589 42.853 42.808 41.551 38.710 37.920 37.693 34.933 33.064 33.283 32.053 28.889 26.691 27.309 30.978 33.322 30.610 30.650 33.841 33.361 36.987 36.753 33.680 35.413 39.026 39.397 36.535 37.803 41.360 44.574 44.190 47.190 49.316 48.656 50.681 53.153 56.710 55.847 57.796 55.133
53.984 53.414 53.490 55.079 52.960 54.866 55.445 51.715 51.173 53.842 52.414 48.894 50.438 52.422 49.267 47.593 45.098 46.484 43.939 41.900 38.541 39.817 40.526 44.128 46.282 46.126 42.405 43.120 46.098 44.216 41.374 43.987 45.768 42.905 41.392 44.679 47.498 48.845 49.342 48.574 48.683 46.011 43.408 40.707 38.664 35.058 33.382 30.939 34.012 34.476 37.545 38.326 41.532 44.174 44.973 41.424 39.781 37.846 35.284 35.711 32.073 31.677 35.087 38.039 39.076 40.786 40.553 38.837 35.253 33.228 30.528 32.183 32.289 35.688 34.702 38.105 39.807 42.213 43.204 42.268 45.988 46.666 44.920 47.601 50.515 52.887 52.172 48.863 48.317 45.580 43.728 43.969 42.878 39.832 39.050 39.176 36.405 34.278 34.698 33.801 30.477 28.404 28.676 32.420 34.434 31.477 31.388 34.350 33.530 37.159 37.298 34.184 35.583 39.296 40.025 37.358 38.729 42.162 45.532 45.187 48.362 50.246 49.528 51.769 54.237 57.790 56.988 59.101 56.581
56.921 56.506 56.606 58.301 56.242 58.085 58.552 54.799 54.285 56.842 55.306 51.801 53.315 55.157 51.921 50.260 47.924 49.398 46.830 44.661 41.279 42.708 43.577 47.233 49.399 49.403 45.682 46.287 49.345 47.592 44.682 47.210 49.117 46.312 44.665 47.878 50.795 52.034 52.426 51.495 51.544 48.985 46.288 43.652 41.471 37.931 36.188 33.579 36.480 37.030 40.230 41.169 44.312 47.036 47.978 44.447 42.767 40.652 38.007 38.168 34.461 34.020 37.451 40.298 41.145 42.947 42.463 40.865 37.360 35.051 32.293 34.169 34.186 37.694 36.736 40.256 41.719 44.287 45.324 44.635 48.378 49.048 47.508 50.274 53.135 55.631 54.817 51.576 50.856 48.038 46.391 46.651 45.340 42.322 41.769 41.771 38.840 36.939 37.499 36.360 33.012 31.106 31.686 35.417 37.587 34.764 34.518 37.585 36.923 40.599 40.716 37.685 39.187 42.886 43.540 40.863 42.269 45.730 49.049 48.623 51.741 53.710 52.929 55.076 57.612 61.141 60.237 62.244 59.625
59.053 58.753 58.723 60.450 58.357 60.021 60.434 56.679 56.058 58.456 56.897 53.365 54.714 56.436 53.173 51.406 49.271 50.731 48.053 45.812 42.358 43.880 45.035 48.743 51.021 51.248 47.569 48.142 51.345 49.774 46.870 49.394 51.475 48.826 47.110 50.309 53.265 54.304 54.729 53.624 53.788 51.388 48.734 46.269 44.136 40.683 39.104 36.317 39.055 39.432 42.625 43.503 46.490 49.155 50.098 46.529 44.998 42.683 40.131 40.183 36.482 35.760 39.078 41.950 42.807 44.841 44.293 42.951 39.460 37.029 34.082 35.910 35.611 39.103 37.950 41.497 42.851 45.639 46.895 46.455 50.234 50.717 49.325 52.255 54.963 57.490 56.461 53.232 52.267 49.485 48.039 48.141 46.595 43.728 43.317 43.032 40.018 38.421 38.947 37.469 34.221 32.361 33.317 36.976 39.418 36.819 36.560 39.806 39.422 43.119 43.013 40.050 41.792 45.425 45.834 43.041 44.396 47.941 51.136 50.649 53.624 55.784 55.006 56.967 59.539 63.052 62.054 63.896 61.132
62.105 61.937 61.937 63.753 61.721 63.335 63.649 59.883 59.296 61.596 59.946 56.443 57.771 59.362 56.043 54.304 52.309 53.845 51.168 48.828 45.383 47.024 48.288 52.024 54.293 54.645 50.974 51.450 54.702 53.236 50.279 52.722 54.896 52.291 50.469 53.597 56.629 57.584 57.913 56.677 56.782 54.481 51.752 49.342 47.100 43.714 42.079 39.186 41.773 42.228 45.509 46.519 49.447 52.174 53.238 49.701 48.135 45.691 43.079 42.913 39.186 38.452 41.761 44.515 45.199 47.285 46.524 45.287 41.895 39.253 36.305 38.298 37.942 41.488 40.384 43.994 45.128 48.026 49.303 49.071 52.847 53.330 52.120 55.103 57.760 60.387 59.284 56.129 55.026 52.185 50.917 51.046 49.328 46.496 46.279 45.909 42.784 41.375 42.020 40.375 37.133 35.433 36.597 40.223 42.756 40.262 39.875 43.175 42.900 46.624 46.519 43.628 45.430 49.052 49.418 46.634 48.024 51.577 54.731 54.176 57.105 59.322 58.487 60.373 62.999 66.484 65.400 67.152 64.314
62.583 62.590 62.504 64.409 62.420 63.867 64.047 60.285 59.672 61.779 60.038 56.564 57.785 59.188 55.822 54.070 52.310 53.918 51.232 48.757 45.330 47.151 48.620 52.392 54.667 55.277 51.652 51.985 55.354 54.128 51.129 53.476 55.856 53.433 51.471 54.517 57.624 58.341 58.633 57.180 57.362 55.265 52.567 50.369 48.166 44.917 43.480 40.389 42.749 43.016 46.278 47.259 49.996 52.678 53.802 50.277 48.823 46.162 43.629 43.295 39.610 38.630 41.802 44.509 45.155 47.454 46.616 45.667 42.330 39.587 36.485 38.413 37.763 41.259 40.026 43.640 44.600 47.680 49.140 49.187 52.965 53.277 52.269 55.394 57.882 60.565 59.263 56.176 54.829 52.000 50.981 51.019 49.054 46.364 46.364 45.768 42.544 41.460 42.177 40.239 37.084 35.577 37.112 40.633 43.371 41.141 40.613 44.057 44.098 47.842 47.576 44.847 46.900 50.435 50.573 47.772 49.236 52.809 55.821 55.095 57.887 60.259 59.327 61.012 63.731 67.153 65.905 67.464 64.487
65.055 65.225 65.158 67.167 65.261 66.634 66.681 62.922 62.354 64.326 62.478 59.058 60.254 61.486 58.068 56.369 54.788 56.490 53.839 51.248 47.870 49.839 51.407 55.195 57.429 58.199 54.599 54.795 58.212 57.136 54.079 56.314 58.813 56.474 54.384 57.333 60.518 61.107 61.294 59.681 59.818 57.864 55.115 53.024 50.747 47.606 46.181 42.975 45.139 45.423 48.734 49.819 52.448 55.167 56.414 52.942 51.477 48.674 46.116 45.559 41.893 40.868 43.978 46.544 47.022 49.391 48.361 47.576 44.362 41.450 38.349 40.376 39.631 43.125 41.933 45.570 46.286 49.468 50.966 51.253 55.003 55.283 54.486 57.668 60.067 62.845 61.447 58.461 56.954 54.081 53.278 53.337 51.186 48.563 48.787 48.095 44.773 43.915 44.767 42.661 39.541 38.244 39.998 43.451 46.272 44.190 43.507 47.001 47.198 50.958 50.677 48.064 50.212 53.711 53.775 51.007 52.542 56.105 59.049 58.207 60.932 63.368 62.345 63.923 66.717 70.084 68.715 70.150 67.089
64.553 64.943 64.953 67.129 65.389 66.723 66.556 62.798 62.375 64.201 62.171 58.854 60.116 61.128 57.624 56.088 54.684 56.586 54.080 51.297 48.051 50.262 51.818 55.617 57.694 58.641 55.054 54.995 58.428 57.551 54.376 56.403 59.049 56.815 54.517 57.300 60.603 61.036 61.038 59.228 59.271 57.497 54.680 52.736 50.374 47.397 46.029 42.675 44.566 44.849 48.202 49.431 51.924 54.704 56.143 52.773 51.245 48.282 45.669 44.822 41.198 40.166 43.214 45.574 45.831 48.246 47.009 46.409 43.350 40.277 37.193 39.321 38.512 42.002 40.932 44.594 45.016 48.253 49.736 50.276 53.974 54.258 53.714 56.926 59.240 62.145 60.690 57.854 56.212 53.251 52.689 52.861 50.527 47.927 48.444 47.749 44.295 43.650 44.760 42.552 39.410 38.461 40.428 43.807 46.643 44.735 43.758 47.271 47.667 51.446 51.220 48.818 51.076 54.517 54.533 51.903 53.649 57.138 60.009 58.937 61.622 64.070 62.843 64.320 67.254 70.522 68.966 70.276 67.149
63.626 64.092 63.937 66.106 64.340 65.478 65.265 61.545 61.017 62.673 60.651 57.345 58.438 59.333 55.857 54.241 53.034 54.907 52.361 49.542 46.310 48.593 50.353 54.140 56.266 57.420 53.920 53.814 57.341 56.664 53.535 55.536 58.329 56.294 53.968 56.719 60.008 60.221 60.299 58.353 58.575 56.970 54.290 52.564 50.375 47.514 46.435 42.980 44.738 44.716 47.933 48.974 51.264 53.895 55.260 51.883 50.569 47.475 45.060 44.228 40.713 39.364 42.199 44.605 44.995 47.636 46.514 46.195 43.132 40.150 36.891 38.753 37.591 40.924 39.609 43.179 43.582 46.964 48.689 49.399 53.089 53.125 52.667 56.007 58.128 60.983 59.323 56.504 54.662 51.813 51.414 51.399 48.906 46.507 47.106 46.152 42.714 42.353 43.391 40.937 37.976 37.109 39.356 42.578 45.594 43.947 42.971 46.588 47.266 51.004 50.547 48.272 50.754 54.074 53.834 51.154 52.885 56.386 59.093 57.924 60.442 63.042 61.800 63.074 66.032 69.244 67.594 68.729 65.497
61.926 62.204 61.926 63.940 62.017 63.141 63.109 59.393 58.710 60.464 58.610 55.205 56.208 57.289 53.893 52.111 50.771 52.467 49.789 47.122 43.772 45.871 47.676 51.458 53.726 54.779 51.283 51.381 54.923 54.129 51.111 53.290 56.001 53.937 51.783 54.678 57.857 58.142 58.418 56.618 56.993 55.268 52.706 50.920 48.887 45.913 44.914 41.552 43.523 43.366 46.486 47.313 49.666 52.186 53.343 49.862 48.678 45.691 43.395 42.862 39.341 37.882 40.716 43.358 44.032 46.704 45.858 45.444 42.208 39.440 36.083 37.732 36.514 39.806 38.288 41.810 42.532 45.891 47.705 48.194 51.939 51.893 51.195 54.547 56.698 59.410 57.753 54.785 53.031 50.294 49.692 49.519 47.170 44.790 45.120 44.111 40.798 40.295 41.077 38.660 35.748 34.584 36.725 39.977 43.033 41.311 40.587 44.227 44.830 48.543 47.960 45.551 48.026 51.353 51.069 48.263 49.835 53.398 56.120 55.101 57.616 60.245 59.161 60.472 63.324 66.607 65.092 66.302 63.106
58.332 58.590 58.250 60.244 58.307 59.393 59.363 55.655 54.948 56.689 54.850 51.437 52.426 53.520 50.135 48.337 46.989 48.689 46.026 43.343 40.004 42.135 43.932 47.716 49.966 51.056 47.574 47.649 51.207 50.467 47.460 49.635 52.384 50.391 48.238 51.134 54.291 54.513 54.842 53.035 53.501 51.806 49.331 47.626 45.721 42.785 41.971 38.595 40.553 40.201 43.218 43.904 46.195 48.634 49.723 46.228 45.134 42.134 39.939 39.504 36.036 34.432 37.195 39.925 40.750 43.499 42.823 42.475 39.174 36.560 33.105 34.541 33.189 36.409 34.762 38.243 39.085 42.450 44.348 44.789 48.545 48.407 47.647 51.029 53.141 55.798 54.107 51.106 49.351 46.660 46.029 45.795 43.463 41.112 41.397 40.352 37.062 36.573 37.319 34.881 31.990 30.833 33.036 36.251 39.338 37.699 36.965 40.635 41.348 45.037 44.373 42.032 44.600 47.868 47.495 44.706 46.327 49.868 52.538 51.452 53.936 56.584 55.469 56.739 59.611 62.875 61.333 62.526 59.326
56.190 56.280 56.000 57.919 55.928 57.171 57.264 53.528 52.840 54.776 53.013 49.547 50.651 51.943 48.580 46.785 45.183 46.833 44.169 41.585 38.196 40.188 41.790 45.579 47.831 48.695 45.139 45.335 48.819 47.868 44.870 47.149 49.747 47.596 45.547 48.543 51.652 52.073 52.455 50.835 51.264 49.373 46.879 44.994 43.085 40.007 39.085 35.830 38.013 37.751 40.784 41.453 43.928 46.406 47.427 43.882 42.698 39.865 37.601 37.359 33.817 32.377 35.301 38.147 39.074 41.668 41.125 40.517 37.097 34.603 31.204 32.650 31.531 34.828 33.251 36.763 37.840 41.048 42.803 42.953 46.744 46.744 45.757 49.039 51.318 53.920 52.405 49.305 47.782 45.070 44.171 44.011 41.916 39.398 39.453 38.621 35.397 34.563 35.241 33.069 30.032 28.656 30.547 33.918 36.859 34.970 34.346 37.948 38.422 42.133 41.583 39.092 41.507 44.866 44.664 41.872 43.474 47.021 49.827 48.856 51.482 54.010 52.957 54.412 57.228 60.563 59.152 60.531 57.447
52.787 52.781 52.437 54.289 52.244 53.490 53.650 49.918 49.185 51.178 49.483 45.981 47.087 48.476 45.151 43.316 41.612 43.217 40.546 38.010 34.602 36.544 38.084 41.872 44.132 44.948 41.387 41.633 45.113 44.132 41.169 43.507 46.082 43.951 41.965 45.014 48.067 48.495 48.977 47.430 47.961 46.028 43.638 41.774 40.022 36.932 36.180 32.982 35.244 34.792 37.695 38.181 40.651 43.036 43.933 40.345 39.251 36.480 34.327 34.299 30.808 29.261 32.144 35.139 36.288 38.900 38.607 37.978 34.458 32.210 28.752 29.933 28.753 31.962 30.253 33.698 35.013 38.154 39.954 39.937 43.741 43.678 42.530 45.806 48.093 50.597 49.102 45.925 44.485 41.841 40.803 40.577 38.600 36.074 35.965 35.153 32.010 31.055 31.622 29.529 26.486 24.983 26.805 30.192 33.125 31.226 30.680 34.293 34.789 38.477 37.856 35.362 37.823 41.152 40.904 38.102 39.719 43.257 46.055 45.079 47.716 50.234 49.197 50.670 53.470 56.817 55.442 56.866 53.818
50.696 50.566 50.372 52.206 50.185 51.650 51.870 48.110 47.498 49.694 48.011 44.510 45.825 47.368 44.045 42.324 40.360 41.997 39.429 36.954 33.590 35.438 36.650 40.422 42.575 43.136 39.486 39.769 43.120 41.919 38.909 41.277 43.684 41.355 39.414 42.513 45.558 46.217 46.659 45.293 45.688 43.557 41.085 39.009 37.174 33.948 33.015 29.940 32.407 32.141 35.108 35.679 38.365 40.858 41.773 38.186 36.895 34.309 31.998 32.085 28.510 27.272 30.365 33.376 34.514 36.886 36.647 35.714 32.125 29.963 26.652 27.933 27.126 30.434 28.954 32.434 33.892 36.802 38.352 38.046 41.854 42.020 40.692 43.813 46.304 48.802 47.549 44.332 43.170 40.447 39.158 39.128 37.412 34.659 34.382 33.918 30.822 29.463 30.093 28.392 25.143 23.540 24.930 28.496 31.157 28.950 28.397 31.879 32.073 35.801 35.427 32.817 35.057 38.502 38.526 35.819 37.517 41.004 43.971 43.057 45.885 48.206 47.157 48.858 51.637 55.028 53.753 55.380 52.479
47.823 47.527 47.219 48.920 46.787 48.245 48.601 44.859 44.141 46.424 44.881 41.322 42.595 44.299 41.067 39.251 37.141 38.649 36.034 33.691 30.283 31.978 33.129 36.881 39.094 39.558 35.911 36.337 39.678 38.397 35.478 37.978 40.319 38.003 36.211 39.415 42.346 43.038 43.660 42.430 42.989 40.781 38.479 36.417 34.827 31.573 30.866 27.938 30.540 30.021 32.772 33.053 35.738 38.069 38.765 35.111 33.976 31.527 29.410 29.855 26.395 25.023 28.015 31.231 32.689 35.057 35.171 34.204 30.513 28.732 25.415 26.297 25.427 28.544 26.879 30.198 31.996 34.785 36.394 35.844 39.645 39.711 38.144 41.238 43.727 46.059 44.830 41.500 40.462 37.876 36.378 36.216 34.698 31.976 31.411 30.957 28.044 26.494 26.874 25.320 22.128 20.236 21.431 25.021 27.662 25.398 25.065 28.547 28.719 32.402 31.898 29.219 31.500 34.918 34.877 32.105 33.748 37.254 40.221 39.368 42.204 44.524 43.558 45.291 48.006 51.433 50.247 51.942 49.096
44.695 44.314 44.136 45.846 43.772 45.412 45.776 42.018 41.446 43.879 42.318 38.796 40.282 42.083 38.857 37.200 34.878 36.463 34.025 31.706 28.428 30.091 30.870 34.582 36.617 36.886 33.171 33.550 36.761 35.341 32.351 34.824 37.052 34.603 32.807 36.024 38.960 39.808 40.380 39.285 39.745 37.401 35.063 32.876 31.284 27.959 27.227 24.411 27.152 26.673 29.398 29.690 32.519 34.910 35.621 31.988 30.697 28.411 26.200 26.792 23.331 22.200 25.312 28.534 30.035 32.194 32.446 31.265 27.528 25.966 22.804 23.604 23.039 26.135 24.671 27.942 29.889 32.418 33.811 32.989 36.765 37.001 35.271 38.221 40.861 43.172 42.152 38.810 38.026 35.388 33.675 33.703 32.437 29.528 28.822 28.722 25.885 23.962 24.445 23.320 19.962 18.090 18.833 22.544 24.873 22.376 21.946 25.296 25.263 28.982 28.704 26.011 28.147 31.631 31.807 29.200 31.026 34.423 37.501 36.606 39.598 41.728 40.676 42.583 45.321 48.744 47.595 49.441 46.729
42.904 42.263 41.908 43.385 41.117 42.737 43.340 39.629 38.862 41.422 40.109 36.506 37.879 39.926 36.872 35.045 32.527 33.847 31.297 29.251 25.902 27.236 27.958 31.613 33.793 33.882 30.190 30.866 34.045 32.460 29.664 32.379 34.456 32.006 30.504 33.891 36.615 37.543 38.405 37.543 38.237 35.777 33.706 31.525 30.290 26.944 26.485 23.988 26.894 26.129 28.506 28.378 31.191 33.318 33.676 29.962 28.929 26.911 25.032 26.149 22.935 21.672 24.549 27.986 29.881 31.986 32.671 31.452 27.670 26.612 23.564 23.858 23.237 25.985 24.298 27.259 29.617 31.956 33.415 32.282 35.995 36.090 34.045 36.924 39.537 41.587 40.601 37.116 36.505 34.108 32.112 31.916 30.955 28.158 27.006 26.888 24.403 22.232 22.241 21.364 18.229 15.838 16.136 19.843 22.114 19.480 19.545 22.835 22.683 26.294 25.801 22.919 25.060 28.524 28.620 25.851 27.489 30.956 34.059 33.345 36.346 38.482 37.627 39.590 42.185 45.682 44.709 46.658 44.032
39.469 38.745 38.496 39.982 37.782 39.567 40.160 36.444 35.829 38.521 37.187 33.641 35.228 37.353 34.326 32.682 29.969 31.377 29.059 27.042 23.903 25.212 25.498 29.079 31.029 30.939 27.190 27.782 30.823 29.128 26.253 28.926 30.910 28.361 26.846 30.244 32.966 34.014 34.844 34.112 34.750 32.180 30.132 27.884 26.749 23.390 23.062 20.744 23.728 22.871 25.098 24.875 27.781 29.908 30.242 26.558 25.415 23.592 21.711 23.069 19.983 18.923 21.792 25.221 27.216 29.109 30.018 28.653 24.877 24.188 21.369 21.402 21.044 23.611 22.110 24.898 27.425 29.451 30.709 29.288 32.935 33.152 30.930 33.656 36.382 38.378 37.589 34.101 33.752 31.347 29.132 29.109 28.436 25.496 24.173 24.435 22.104 19.547 19.639 19.295 16.088 13.794 13.466 17.233 19.098 16.232 16.186 19.319 18.996 22.644 22.360 19.510 21.560 25.065 25.349 22.796 24.700 28.010 31.192 30.371 33.515 35.457 34.474 36.589 39.227 42.697 41.731 43.809 41.317
38.564 37.493 37.167 38.369 35.991 37.883 38.777 35.147 34.402 37.320 36.284 32.719 34.272 36.704 33.919 32.194 29.197 30.285 27.953 26.355 23.280 24.078 24.078 27.475 29.492 29.002 25.289 26.272 29.110 27.060 24.445 27.385 29.009 26.313 25.230 28.807 31.235 32.551 33.652 33.313 34.075 31.282 29.482 27.107 26.290 22.885 22.655 20.890 24.088 23.176 25.031 24.470 27.444 29.325 29.294 25.617 24.630 23.320 21.739 23.633 20.884 20.014 22.628 26.085 28.321 29.947 31.203 29.650 25.941 25.731 23.246 22.971 22.822 25.028 23.553 25.953 28.789 30.464 31.595 29.774 33.262 33.492 30.924 33.409 36.187 37.891 37.297 33.717 33.709 31.552 28.976 28.850 28.654 25.806 23.979 24.431 22.605 19.691 19.291 19.512 16.690 13.999 12.711 16.297 17.712 14.474 15.133 17.866 17.036 20.492 20.187 16.991 18.732 22.312 22.769 20.117 21.776 25.103 28.438 27.940 31.198 32.981 32.258 34.582 36.998 40.555 39.875 42.173 39.891
35.140 34.160 33.739 35.027 32.698 34.500 35.264 31.600 30.887 33.723 32.593 29.031 30.627 32.985 30.156 28.496 25.520 26.759 24.558 22.802 19.849 20.863 20.742 24.199 26.077 25.783 22.031 22.782 25.736 23.922 21.170 24.024 25.896 23.414 22.148 25.682 28.185 29.253 30.374 29.886 30.810 28.176 26.532 24.448 23.917 20.759 21.091 19.270 22.164 20.754 22.307 21.433 24.189 25.918 25.831 22.104 21.302 19.869 18.551 20.633 18.146 16.949 19.269 22.821 25.303 27.056 28.582 27.284 23.623 23.759 21.261 20.463 20.062 21.928 20.287 22.465 25.460 27.064 28.323 26.493 29.955 29.993 27.393 29.968 32.629 34.296 33.598 29.999 29.941 27.838 25.265 25.070 24.885 22.079 20.199 20.660 18.900 15.929 15.530 15.892 13.105 10.532 9.057 12.694 14.149 11.075 11.513 14.490 14.162 17.679 17.159 14.269 16.507 19.909 20.067 17.539 19.597 22.820 25.986 25.114 28.314 30.183 29.217 31.401 33.996 37.478 36.599 38.791 36.430
33.634 32.972 32.436 33.944 31.737 33.294 33.768 30.045 29.358 31.907 30.537 26.963 28.510 30.584 27.563 25.918 23.222 24.758 22.593 20.406 17.432 19.015 19.165 22.803 24.603 24.836 21.107 21.419 24.655 23.372 20.427 23.017 25.368 23.283 21.626 24.955 27.657 28.252 29.262 28.345 29.408 27.134 25.533 23.878 23.437 20.604 21.374 19.166 21.573 19.715 21.199 20.219 22.621 24.298 24.357 20.589 19.981 18.010 16.842 18.701 16.274 14.431 16.549 20.240 22.854 25.004 26.559 25.708 22.069 22.184 19.400 18.256 17.288 19.033 17.030 19.267 22.249 24.128 25.719 24.229 27.780 27.529 25.162 28.043 30.485 32.282 31.268 27.696 27.261 25.088 22.825 22.506 21.907 19.158 17.594 17.728 15.629 12.996 12.865 12.694 9.628 7.319 6.882 10.656 12.740 10.434 10.136 13.675 14.334 17.852 17.018 14.755 17.582 20.629 20.294 17.901 20.264 23.383 26.206 24.865 27.826 29.942 28.675 30.507 33.354 36.705 35.482 37.379 34.772
33.315 32.997 32.819 34.694 32.847 34.551 34.649 30.862 30.602 33.036 31.269 27.879 29.758 31.495 28.226 27.001 24.496 26.509 24.707 22.138 19.477 21.534 21.490 25.087 26.473 26.851 23.113 22.869 26.007 24.920 21.631 23.748 26.258 24.107 21.945 24.993 28.048 28.605 29.120 27.920 28.570 26.378 24.341 22.610 21.669 18.806 19.329 16.654 18.915 17.280 19.261 18.882 21.438 23.596 24.243 20.621 19.447 17.095 15.255 16.459 13.563 11.950 14.667 18.164 20.345 22.499 23.664 22.756 19.040 18.775 15.851 15.069 14.317 16.572 15.006 17.747 20.302 22.280 23.649 22.377 26.069 26.129 24.090 27.014 29.617 31.802 30.882 27.515 27.002 24.398 22.404 22.620 21.725 18.606 17.707 18.200 15.544 13.012 13.960 13.732 10.115 9.149 9.300 12.827 14.598 12.465 11.014 14.464 15.179 18.876 18.626 16.757 19.374 22.445 22.412 20.482 23.197 26.055 28.863 27.231 30.236 32.172 30.547 32.387 35.442 38.639 37.178 39.005 36.383
32.269 32.244 31.872 33.886 32.128 33.511 33.364 29.587 29.284 31.375 29.431 26.064 27.794 29.222 25.815 24.575 22.445 24.679 22.921 19.995 17.404 19.952 20.229 23.883 25.207 26.107 22.516 21.912 25.267 24.727 21.423 23.270 26.182 24.511 22.127 24.915 28.031 28.076 28.556 26.948 27.826 26.078 24.230 23.053 22.356 19.976 21.006 18.162 19.785 17.642 19.345 18.740 20.740 22.686 23.382 19.810 19.008 16.169 14.723 15.661 13.077 10.538 12.743 16.360 18.742 21.392 22.642 22.346 18.784 18.577 15.398 14.076 12.417 14.372 12.196 14.963 17.513 19.863 21.707 20.881 24.595 24.229 22.475 25.714 27.976 30.217 28.914 25.599 24.638 22.047 20.464 20.445 19.060 16.136 15.650 15.647 12.630 10.766 12.014 11.049 7.281 7.239 8.762 11.764 14.038 12.871 11.015 14.679 16.285 19.731 19.075 17.785 20.824 23.481 22.935 21.100 23.907 26.656 29.088 27.108 29.799 31.977 30.155 31.595 34.816 37.863 36.109 37.610 34.758
35.167 35.390 35.153 37.326 35.705 37.049 36.734 32.963 32.758 34.682 32.572 29.295 30.994 32.168 28.646 27.480 25.646 27.989 26.200 23.125 20.492 23.201 23.756 27.436 28.777 29.826 26.272 25.566 28.928 28.486 25.131 26.818 29.785 28.089 25.550 28.188 31.441 31.438 31.670 29.853 30.492 28.872 26.745 25.517 24.383 21.953 22.561 19.333 20.858 19.124 21.317 21.254 23.276 25.491 26.526 23.087 22.045 18.981 17.134 17.334 14.338 11.993 14.559 17.837 19.658 22.459 23.116 22.903 19.336 18.375 14.836 14.259 12.503 15.123 13.167 16.458 18.362 21.109 22.952 22.607 26.394 26.154 24.830 28.147 30.384 32.882 31.494 28.365 27.141 24.342 23.177 23.316 21.518 18.615 18.700 18.523 15.162 13.889 15.435 13.966 10.297 10.458 12.431 15.417 17.828 16.659 14.748 18.334 19.810 23.335 22.845 21.495 24.420 27.188 26.735 24.859 27.588 30.416 32.868 30.906 33.549 35.773 33.921 35.286 38.543 41.547 39.699 41.074 38.130
34.290 34.584 34.750 37.102 35.733 37.400 36.945 33.153 33.336 35.405 33.119 30.018 32.112 33.250 29.679 28.921 26.933 29.491 28.049 24.979 22.664 25.339 25.380 28.928 29.912 30.701 27.087 26.163 29.249 28.643 25.088 26.525 29.337 27.378 24.626 27.123 30.550 30.803 30.675 28.918 29.105 27.321 24.820 23.304 21.735 19.182 19.436 16.032 17.594 16.274 18.892 19.390 21.752 24.394 25.819 22.545 20.905 17.931 15.446 15.251 11.838 10.328 13.572 16.497 17.832 20.250 20.607 19.988 16.329 15.126 11.673 11.648 10.768 13.906 12.888 16.383 17.970 20.359 21.624 21.102 24.910 25.202 23.928 27.005 29.564 32.278 31.266 28.293 27.395 24.299 23.033 23.772 22.207 18.912 19.181 19.723 16.364 14.649 16.746 15.992 12.210 12.755 13.929 16.940 18.685 17.167 14.788 17.999 19.073 22.691 22.826 21.546 24.078 26.969 27.000 25.487 28.459 31.077 33.699 31.687 34.550 36.436 34.401 36.024 39.334 42.282 40.435 41.983 39.229
37.923 38.136 38.342 40.619 39.155 40.874 40.549 36.750 36.838 38.985 36.795 33.626 35.629 36.859 33.316 32.403 30.377 32.769 31.094 28.136 25.558 28.058 28.299 31.927 33.144 33.806 30.126 29.473 32.575 31.745 28.256 29.895 32.551 30.382 27.786 30.418 33.802 34.259 34.163 32.532 32.611 30.679 28.043 26.244 24.397 21.563 21.235 17.810 19.720 18.984 21.908 22.665 25.241 27.985 29.397 26.085 24.351 21.532 18.895 18.623 15.027 13.955 17.310 20.099 21.142 23.403 23.391 22.522 18.870 17.134 13.725 14.544 14.005 17.388 16.501 20.078 21.473 23.951 25.115 24.650 28.446 28.883 27.647 30.652 33.287 36.022 35.055 32.074 31.178 28.088 26.814 27.505 25.926 22.681 22.859 23.271 19.930 18.228 20.025 19.096 15.319 15.237 16.380 19.711 21.620 19.738 17.777 21.019 21.681 25.417 25.610 23.919 26.275 29.420 29.614 27.848 30.592 33.425 36.229 34.479 37.429 39.343 37.502 39.236 42.442 45.503 43.795 45.418 42.666
40.519 40.912 41.330 43.753 42.457 44.245 43.772 39.982 40.243 42.327 39.988 36.933 39.028 40.092 36.478 35.727 33.829 36.343 34.748 31.704 29.191 31.780 32.031 35.644 36.768 37.450 33.779 33.004 36.031 35.224 31.667 33.133 35.765 33.529 30.807 33.273 36.757 37.255 36.896 35.169 34.953 33.081 30.196 28.313 26.076 23.277 22.498 18.930 20.670 20.485 23.739 24.991 27.603 30.577 32.285 29.135 27.140 24.282 21.359 20.551 16.839 16.236 19.704 22.056 22.513 24.623 24.028 23.079 19.612 17.216 13.910 15.606 15.425 19.098 18.676 22.405 23.269 25.787 26.716 26.526 30.266 30.953 30.029 32.953 35.635 38.573 37.680 34.887 33.937 30.677 29.636 30.565 28.838 25.552 26.062 26.551 23.079 21.569 23.601 22.601 18.846 18.956 20.168 23.468 25.309 23.401 21.315 24.407 24.927 28.661 29.095 27.427 29.603 32.803 33.171 31.494 34.258 37.063 39.915 38.154 41.134 42.977 41.062 42.822 46.066 49.080 47.314 48.909 46.159
44.292 44.635 45.037 47.399 46.015 47.797 47.419 43.624 43.779 45.892 43.626 40.507 42.495 43.613 40.015 39.120 37.228 39.615 37.830 34.858 32.152 34.628 35.075 38.748 40.065 40.701 36.999 36.417 39.490 38.561 35.070 36.687 39.241 36.904 34.303 36.865 40.305 40.901 40.597 38.932 38.694 36.755 33.827 31.809 29.455 26.530 25.430 21.956 23.852 23.970 27.321 28.656 31.348 34.338 36.004 32.808 30.823 28.030 25.095 24.294 20.560 20.036 23.492 25.822 26.170 28.226 27.425 26.394 23.016 20.383 17.236 19.228 19.090 22.787 22.318 26.067 26.847 29.461 30.400 30.282 34.007 34.721 33.829 36.744 39.433 42.371 41.456 38.644 37.644 34.412 33.389 34.225 32.447 29.230 29.679 30.011 26.542 25.089 26.910 25.735 22.020 21.776 23.035 26.477 28.478 26.411 24.612 27.759 28.086 31.865 32.263 30.340 32.431 35.766 36.186 34.308 36.870 39.834 42.782 41.211 44.216 46.119 44.358 46.157 49.325 52.422 50.746 52.365 49.587
46.597 46.995 47.629 50.071 48.818 50.756 50.316 46.529 46.858 49.024 46.680 43.653 45.789 46.870 43.250 42.513 40.589 43.047 41.362 38.392 35.761 38.218 38.523 42.155 43.363 43.877 40.155 39.522 42.462 41.431 37.892 39.402 41.828 39.343 36.701 39.159 42.642 43.400 42.889 41.275 40.746 38.746 35.613 33.420 30.753 27.813 26.263 22.867 24.724 25.385 28.943 30.661 33.479 36.663 38.528 35.466 33.209 30.532 27.356 26.294 22.531 22.515 26.083 28.095 28.030 29.769 28.581 27.303 24.133 21.172 18.427 20.980 21.334 25.128 25.095 28.863 29.367 31.820 32.431 32.334 35.965 36.983 36.214 38.952 41.768 44.823 44.099 41.415 40.533 37.179 36.182 37.269 35.549 32.226 32.784 33.338 29.860 28.324 30.295 29.291 25.543 25.369 26.428 29.892 31.688 29.467 27.594 30.539 30.601 34.365 35.061 33.109 34.935 38.343 39.028 37.272 39.861 42.761 45.814 44.288 47.394 49.143 47.343 49.272 52.437 55.518 53.865 55.564 52.869
50.376 50.777 51.423 53.849 52.565 54.498 54.091 50.301 50.584 52.748 50.424 47.371 49.446 50.528 46.905 46.097 44.207 46.607 44.814 41.869 39.135 41.543 41.981 45.647 46.964 47.469 43.735 43.197 46.164 45.078 41.572 43.148 45.535 42.996 40.412 42.899 46.365 47.172 46.662 45.062 44.491 42.476 39.302 37.046 34.291 31.323 29.575 26.270 28.142 28.998 32.605 34.402 37.243 40.449 42.322 39.252 36.989 34.330 31.141 30.031 26.275 26.288 29.836 31.795 31.615 33.317 31.948 30.657 27.613 24.505 21.901 24.603 24.952 28.752 28.710 32.496 32.889 35.411 36.020 36.019 39.624 40.669 39.972 42.702 45.511 48.594 47.851 45.182 44.245 40.891 39.950 40.999 39.212 35.936 36.509 36.961 33.461 32.001 33.883 32.751 29.035 28.709 29.830 33.350 35.245 32.960 31.231 34.202 34.169 37.945 38.627 36.545 38.308 41.785 42.504 40.637 43.096 46.087 49.191 47.779 50.893 52.678 50.964 52.908 56.033 59.158 57.547 59.247 56.525
52.221 52.548 53.381 55.797 54.570 56.688 56.322 52.544 52.942 55.243 52.934 49.923 52.134 53.302 49.704 48.989 46.953 49.342 47.611 44.752 42.053 44.343 44.590 48.205 49.455 49.743 45.980 45.496 48.310 47.030 43.529 45.093 47.275 44.548 42.031 44.495 47.930 48.974 48.364 46.935 46.146 43.976 40.677 38.193 35.242 32.201 30.057 26.988 28.970 30.269 33.967 35.990 39.007 42.334 44.275 41.287 38.811 36.372 33.023 31.898 28.147 28.588 32.243 34.051 33.680 35.038 33.520 31.899 28.991 25.843 23.652 26.619 27.413 31.230 31.484 35.236 35.599 37.895 38.204 38.032 41.551 42.870 42.118 44.641 47.613 50.715 50.205 47.579 46.857 43.447 42.373 43.606 42.006 38.610 39.101 39.800 36.373 34.684 36.587 35.717 31.954 31.551 32.351 35.926 37.583 35.072 33.387 36.145 35.771 39.508 40.462 38.283 39.737 43.293 44.300 42.527 44.960 47.888 51.125 49.834 53.078 54.682 53.000 55.131 58.196 61.343 59.841 61.693 59.101
55.896 56.269 57.126 59.560 58.339 60.443 60.064 56.285 56.672 58.942 56.615 53.604 55.778 56.905 53.289 52.548 50.573 52.953 51.164 48.292 45.539 47.834 48.186 51.827 53.133 53.449 49.685 49.226 52.064 50.783 47.292 48.864 51.046 48.307 45.796 48.245 51.685 52.733 52.088 50.629 49.791 47.652 44.316 41.829 38.809 35.804 33.559 30.541 32.446 33.859 37.583 39.683 42.678 46.029 48.013 45.040 42.554 40.091 36.730 35.509 31.778 32.216 35.839 37.572 37.076 38.423 36.733 35.157 32.385 29.116 27.016 30.082 30.839 34.660 34.925 38.698 38.923 41.283 41.589 41.545 45.031 46.369 45.724 48.250 51.196 54.344 53.807 51.222 50.430 47.002 46.019 47.243 45.554 42.197 42.759 43.377 39.908 38.320 40.208 39.219 35.481 35.042 35.937 39.527 41.266 38.756 37.121 39.905 39.516 43.253 44.196 41.967 43.400 46.980 47.994 46.163 48.524 51.502 54.757 53.516 56.752 58.387 56.740 58.860 61.916 65.077 63.576 65.405 62.780
58.184 58.429 59.387 61.752 60.514 62.757 62.481 58.714 59.127 61.538 59.283 56.267 58.505 59.761 56.190 55.452 53.326 55.631 53.832 51.078 48.301 50.441 50.675 54.277 55.594 55.703 51.918 51.586 54.313 52.830 49.392 51.027 53.010 50.108 47.729 50.215 53.580 54.847 54.201 52.933 51.982 49.679 46.297 43.609 40.507 37.412 34.888 32.135 34.200 35.892 39.631 41.813 44.960 48.356 50.312 47.365 44.769 42.514 39.088 37.970 34.252 34.940 38.635 40.344 39.811 40.920 39.217 37.379 34.668 31.474 29.640 32.788 33.811 37.627 38.014 41.752 42.057 44.261 44.389 44.153 47.587 49.095 48.332 50.704 53.780 56.890 56.528 53.924 53.314 49.885 48.739 50.038 48.527 45.093 45.504 46.271 42.891 41.096 42.904 42.107 38.347 37.742 38.370 42.017 43.599 40.884 39.389 42.021 41.332 45.023 46.129 43.762 44.933 48.581 49.813 48.000 50.262 53.219 56.589 55.518 58.855 60.357 58.807 61.090 64.053 67.262 65.902 67.878 65.364
57.708 58.017 59.209 61.662 60.615 63.008 62.623 58.894 59.535 61.978 59.627 56.750 59.183 60.383 56.806 56.299 54.133 56.563 54.976 52.194 49.596 51.780 51.762 55.280 56.372 56.384 52.617 52.133 54.683 53.177 49.686 51.124 52.999 50.036 47.585 49.891 53.276 54.644 53.778 52.558 51.347 49.037 45.536 42.782 39.503 36.527 33.780 31.187 33.091 35.122 38.896 41.341 44.519 48.031 50.162 47.400 44.582 42.459 38.894 37.596 33.975 35.050 38.762 40.183 39.365 40.153 38.253 36.228 33.762 30.532 29.113 32.473 33.876 37.654 38.413 42.090 42.227 44.184 43.991 43.704 46.991 48.762 48.081 50.241 53.408 56.586 56.440 53.986 53.543 50.026 48.881 50.446 49.049 45.514 46.022 47.069 43.715 41.817 43.831 43.280 39.485 39.095 39.535 43.119 44.428 41.680 39.993 42.385 41.560 45.164 46.559 44.331 45.293 48.896 50.344 48.781 51.187 53.967 57.363 56.218 59.627 60.930 59.252 61.632 64.626 67.754 66.372 68.412 66.016
54.860 55.338 56.539 59.112 58.174 60.497 59.950 56.227 56.954 59.269 56.793 53.992 56.457 57.497 53.869 53.479 51.446 54.017 52.550 49.634 47.156 49.516 49.488 53.002 53.970 54.147 50.409 49.716 52.295 50.987 47.411 48.684 50.717 47.893 45.264 47.443 50.924 52.111 51.136 49.736 48.511 46.368 42.847 40.267 36.976 34.147 31.578 28.758 30.413 32.329 36.125 38.627 41.667 45.199 47.452 44.755 41.934 39.654 36.077 34.569 30.974 32.006 35.662 36.954 36.018 36.889 34.889 33.035 30.617 27.260 25.782 29.198 30.547 34.320 35.163 38.844 38.809 40.796 40.618 40.502 43.779 45.511 44.993 47.210 50.295 53.550 53.332 50.970 50.424 46.859 45.881 47.508 45.990 42.478 43.192 44.234 40.805 39.063 41.267 40.655 36.865 36.757 37.365 40.854 42.182 39.626 37.694 40.121 39.539 43.153 44.524 42.508 43.641 47.155 48.481 47.022 49.603 52.320 55.611 54.252 57.593 58.937 57.094 59.353 62.459 65.500 63.958 65.879 63.424
51.081 51.577 52.822 55.428 54.562 56.915 56.314 52.607 53.423 55.736 53.225 50.484 53.033 54.052 50.435 50.154 48.098 50.735 49.403 46.471 44.124 46.522 46.340 49.796 50.627 50.794 47.080 46.278 48.788 47.524 43.915 45.084 47.121 44.330 41.634 43.741 47.245 48.411 47.379 45.975 44.716 42.583 39.053 36.497 33.202 30.413 27.899 25.017 26.621 28.530 32.328 34.864 37.899 41.450 43.746 41.109 38.232 35.978 32.368 30.827 27.257 28.419 32.081 33.308 32.357 33.158 31.217 29.299 26.843 23.530 22.107 25.539 27.043 30.791 31.766 35.398 35.385 37.247 36.978 36.779 40.040 41.823 41.278 43.446 46.558 49.811 49.656 47.325 46.859 43.279 42.267 43.989 42.551 38.993 39.725 40.910 37.522 35.712 38.024 37.572 33.780 33.836 34.345 37.755 38.932 36.427 34.347 36.674 36.126 39.704 41.158 39.282 40.410 43.857 45.204 43.890 46.598 49.204 52.451 50.987 54.328 55.601 53.663 55.923 59.065 62.047 60.464 62.390 59.982
48.880 49.332 50.366 52.917 51.911 54.132 53.591 49.848 50.499 52.776 50.322 47.476 49.897 50.949 47.328 46.896 44.866 47.446 46.001 43.058 40.620 43.035 42.996 46.512 47.465 47.739 44.013 43.267 45.924 44.729 41.132 42.423 44.596 41.895 39.208 41.452 44.961 45.996 45.148 43.675 42.670 40.562 37.154 34.700 31.606 28.722 26.526 23.410 25.152 26.640 30.396 32.663 35.655 39.098 41.249 38.452 35.769 33.367 29.875 28.499 24.819 25.619 29.290 30.798 30.157 31.284 29.614 27.885 25.120 21.893 19.976 23.166 24.330 28.130 28.788 32.481 32.661 34.718 34.743 34.552 37.967 39.497 38.852 41.224 44.255 47.444 47.099 44.631 44.037 40.524 39.494 41.012 39.493 35.993 36.655 37.652 34.234 32.484 34.694 34.086 30.295 30.279 30.939 34.376 35.741 33.311 31.286 33.820 33.464 37.125 38.336 36.428 37.791 41.240 42.372 40.913 43.595 46.300 49.491 48.001 51.274 52.705 50.809 52.966 56.120 59.143 57.538 59.396 56.893
48.321 49.010 49.957 52.635 51.707 53.740 53.014 49.274 49.933 51.982 49.390 46.596 48.939 49.753 46.056 45.667 43.902 46.615 45.210 42.083 39.709 42.362 42.498 46.049 46.961 47.534 43.863 42.910 45.692 44.800 41.142 42.285 44.717 42.259 39.385 41.501 45.107 45.831 44.915 43.150 42.228 40.407 37.043 34.910 31.899 29.259 27.435 24.040 25.374 26.524 30.235 32.461 35.175 38.570 40.826 38.063 35.510 32.808 29.407 27.751 24.125 24.589 28.101 29.506 28.761 30.194 28.381 27.098 24.413 20.989 18.776 21.931 22.700 26.499 27.073 30.819 30.720 33.008 33.237 33.437 36.866 38.200 37.839 40.393 43.219 46.505 45.930 43.562 42.682 39.139 38.433 39.894 38.072 34.699 35.678 36.460 32.890 31.523 33.898 32.987 29.257 29.558 30.641 33.945 35.519 33.423 31.185 33.885 33.953 37.620 38.634 36.953 38.624 41.945 42.800 41.346 44.133 46.842 49.862 48.154 51.273 52.863 50.828 52.754 56.031 58.965 57.156 58.796 56.144
45.408 46.158 46.958 49.653 48.705 50.598 49.819 46.077 46.678 48.618 45.999 43.196 45.467 46.205 42.489 42.078 40.420 43.174 41.790 38.586 36.260 39.027 39.235 42.791 43.688 44.431 40.802 39.752 42.626 41.916 38.248 39.352 41.954 39.674 36.726 38.829 42.459 42.974 42.127 40.220 39.482 37.799 34.558 32.648 29.844 27.303 25.903 22.310 23.509 24.196 27.793 29.805 32.351 35.640 37.846 35.039 32.656 29.772 26.508 24.857 21.241 21.347 24.767 26.289 25.731 27.469 25.856 24.869 22.025 18.701 16.053 18.927 19.323 23.117 23.488 27.261 27.205 29.647 30.114 30.422 33.931 35.036 34.699 37.418 40.117 43.379 42.633 40.234 39.210 35.702 35.089 36.438 34.495 31.194 32.258 32.905 29.285 28.086 30.512 29.467 25.780 26.269 27.569 30.759 32.446 30.581 28.231 31.053 31.435 35.096 35.914 34.393 36.307 39.514 40.137 38.683 41.541 44.234 47.118 45.268 48.275 49.975 47.876 49.650 52.984 55.873 53.964 55.485 52.752
46.569 47.311 47.829 50.442 49.320 50.979 50.267 46.512 46.856 48.672 46.134 43.207 45.212 45.926 42.211 41.542 40.038 42.678 41.064 37.836 35.323 38.123 38.698 42.347 43.485 44.434 40.828 39.893 42.984 42.400 38.809 40.079 42.846 40.723 37.844 40.079 43.666 43.982 43.364 41.346 40.925 39.353 36.308 34.583 32.046 29.501 28.426 24.767 26.013 26.244 29.669 31.324 33.700 36.781 38.787 35.819 33.771 30.702 27.714 26.251 22.669 22.144 25.376 27.195 26.975 29.134 27.752 27.133 24.173 21.021 17.962 20.349 20.043 23.746 23.550 27.351 27.412 30.213 31.138 31.631 35.233 35.954 35.622 38.593 41.085 44.263 43.208 40.697 39.388 36.016 35.524 36.514 34.338 31.252 32.297 32.502 28.819 27.922 30.118 28.634 25.049 25.381 27.093 30.283 32.368 30.681 28.527 31.647 32.304 36.008 36.435 34.841 37.051 40.235 40.539 38.821 41.530 44.398 47.183 45.358 48.219 50.177 48.189 49.773 53.095 56.029 54.090 55.464 52.564
43.603 44.330 44.673 47.247 46.062 47.592 46.887 43.137 43.383 45.129 42.621 39.656 41.572 42.275 38.569 37.829 36.379 39.012 37.391 34.127 31.633 34.503 35.139 38.788 39.939 41.014 37.453 36.482 39.653 39.208 35.648 36.929 39.818 37.861 34.979 37.238 40.796 40.943 40.457 38.371 38.180 36.697 33.833 32.307 30.050 27.588 26.944 23.231 24.421 24.154 27.367 28.705 30.924 33.838 35.709 32.675 30.849 27.664 24.892 23.595 20.088 19.113 22.204 24.247 24.368 26.811 25.784 25.409 22.291 19.464 16.054 17.896 17.118 20.725 20.180 23.970 24.234 27.167 28.368 28.861 32.531 32.991 32.581 35.697 38.069 41.159 39.951 37.360 35.953 32.666 32.184 33.004 30.766 27.763 28.786 28.839 25.148 24.371 26.532 24.929 21.392 21.845 23.751 26.824 29.021 27.553 25.364 28.596 29.533 33.199 33.405 31.943 34.367 37.426 37.504 35.773 38.512 41.361 44.016 42.094 44.850 46.906 44.897 46.353 49.699 52.606 50.614 51.906 48.949
39.804 40.542 40.931 43.549 42.447 44.029 43.259 39.513 39.880 41.647 39.084 36.179 38.236 38.934 35.218 34.637 33.119 35.866 34.446 31.146 28.850 31.784 32.167 35.740 36.689 37.743 34.206 33.070 36.160 35.777 32.164 33.306 36.218 34.319 31.348 33.519 37.103 37.212 36.671 34.572 34.372 32.910 30.073 28.633 26.475 24.123 23.744 20.002 21.059 20.541 23.662 24.940 27.118 30.036 31.949 28.968 27.095 23.892 21.108 19.803 16.316 15.314 18.451 20.511 20.733 23.190 22.379 22.018 18.796 16.215 12.653 14.218 13.440 17.086 16.648 20.451 20.829 23.627 24.765 25.122 28.816 29.304 28.818 31.910 34.325 37.410 36.280 33.694 32.401 29.068 28.510 29.464 27.336 24.213 25.265 25.545 21.868 20.963 23.342 21.995 18.406 19.199 20.959 23.893 25.864 24.502 22.059 25.177 26.228 29.827 30.118 28.879 31.312 34.249 34.339 32.822 35.737 38.414 41.009 38.943 41.708 43.658 41.519 42.988 46.385 49.224 47.184 48.503 45.613
36.988 37.671 37.837 40.383 39.187 40.624 39.890 36.146 36.381 38.092 35.586 32.617 34.572 35.294 31.595 30.914 29.420 32.148 30.718 27.388 25.120 28.121 28.550 32.117 33.085 34.268 30.785 29.621 32.806 32.571 29.012 30.187 33.229 31.530 28.592 30.803 34.323 34.244 33.896 31.750 31.857 30.484 27.913 26.719 24.972 22.750 22.926 19.275 20.267 19.100 21.841 22.638 24.607 27.274 28.974 25.899 24.336 21.022 18.583 17.610 14.326 12.624 15.515 17.948 18.726 21.497 21.238 21.156 17.817 15.874 12.120 12.656 11.166 14.539 13.525 17.280 18.056 20.972 22.469 22.745 26.500 26.648 26.002 29.256 31.529 34.470 33.169 30.456 29.074 25.869 25.265 25.984 23.822 20.786 21.750 21.854 18.175 17.372 19.698 18.240 14.696 15.690 17.663 20.411 22.498 21.427 18.956 22.198 23.603 27.117 27.123 26.053 28.730 31.493 31.310 29.784 32.722 35.360 37.799 35.632 38.278 40.333 38.184 39.516 42.930 45.747 43.665 44.909 41.962
39.673 40.149 40.065 42.393 40.909 42.217 41.740 37.987 37.874 39.630 37.366 34.193 35.844 36.757 33.147 32.053 30.523 32.940 31.105 27.926 25.256 28.063 28.893 32.594 33.973 35.148 31.626 30.852 34.216 33.843 30.447 32.000 34.996 33.253 30.586 33.080 36.454 36.428 36.405 34.397 34.764 33.274 30.861 29.564 27.960 25.500 25.582 22.045 23.436 22.277 24.945 25.459 27.496 29.968 31.335 28.044 26.768 23.556 21.359 20.833 17.561 15.637 18.389 21.157 22.256 25.095 24.995 24.858 21.434 19.556 15.832 16.311 14.678 17.828 16.289 19.896 20.993 24.063 25.824 26.015 29.793 29.718 28.877 32.216 34.412 37.167 35.710 32.807 31.329 28.355 27.626 27.921 25.750 22.934 23.525 23.194 19.622 18.853 20.578 18.736 15.260 15.474 17.684 20.680 23.202 21.987 20.074 23.592 24.905 28.502 28.175 26.728 29.522 32.419 32.076 30.137 32.764 35.690 38.183 36.269 38.876 41.147 39.285 40.588 43.869 46.839 44.909 46.156 43.121
41.741 42.471 42.337 44.773 43.394 44.501 43.838 40.142 40.033 41.509 39.121 36.055 37.560 38.170 34.515 33.456 32.308 34.808 32.995 29.672 27.088 30.090 31.191 34.863 36.223 37.693 34.296 33.357 36.783 36.696 33.320 34.696 37.858 36.332 33.553 35.860 39.273 38.987 38.856 36.589 36.966 35.774 33.382 32.343 30.715 28.495 28.639 24.995 26.024 24.846 27.486 28.085 29.824 32.239 33.730 30.573 29.412 26.002 23.919 23.021 19.931 17.848 20.266 22.729 23.562 26.613 26.222 26.490 23.327 21.180 17.436 18.023 16.025 19.040 17.449 21.014 21.614 24.969 26.928 27.626 31.315 31.065 30.624 34.075 36.021 38.872 37.183 34.463 32.642 29.677 29.398 29.616 27.068 24.521 25.525 24.872 21.197 21.044 22.865 20.606 17.438 17.983 20.623 23.340 26.040 25.175 23.183 26.705 28.281 31.790 31.338 30.081 33.002 35.769 35.236 33.309 35.913 38.823 41.144 39.107 41.523 43.926 41.989 43.050 46.394 49.255 47.154 48.156 44.979
41.494 42.505 42.640 45.314 44.239 45.436 44.488 40.822 41.044 42.410 39.762 36.924 38.665 39.006 35.260 34.589 33.586 36.370 34.891 31.413 29.156 32.346 33.193 36.762 37.785 39.305 35.951 34.667 37.940 37.994 34.478 35.492 38.695 37.201 34.167 36.173 39.732 39.383 38.884 36.435 36.491 35.476 32.882 31.935 30.049 28.069 28.106 24.344 24.945 23.999 26.790 27.806 29.444 32.070 33.943 31.043 29.593 26.090 23.759 22.272 19.225 17.512 19.951 21.865 22.104 25.051 24.187 24.590 21.705 19.184 15.570 16.600 14.824 17.989 17.023 20.671 20.632 23.922 25.599 26.618 30.203 30.193 30.136 33.487 35.442 38.530 36.951 34.512 32.678 29.487 29.498 30.116 27.460 24.809 26.279 25.929 22.142 22.117 24.439 22.397 19.226 20.341 22.851 25.412 27.805 27.028 24.613 27.898 29.495 32.950 32.814 31.827 34.616 37.317 36.949 35.336 38.173 40.882 43.176 40.939 43.376 45.613 43.428 44.488 47.954 50.667 48.402 49.348 46.218
44.787 45.833 46.109 48.826 47.794 49.082 48.124 44.449 44.734 46.141 43.466 40.653 42.438 42.771 39.017 38.380 37.359 40.132 38.615 35.165 32.842 35.970 36.830 40.427 41.484 42.918 39.511 38.281 41.516 41.452 37.899 38.929 42.048 40.403 37.359 39.367 42.970 42.757 42.141 39.727 39.580 38.497 35.721 34.593 32.426 30.343 29.983 26.190 26.851 26.360 29.400 30.728 32.520 35.315 37.318 34.456 32.807 29.374 26.815 25.146 21.960 20.666 23.293 24.999 24.879 27.592 26.327 26.542 23.784 20.851 17.467 19.129 17.823 21.141 20.523 24.194 23.918 27.112 28.544 29.621 33.155 33.373 33.425 36.669 38.715 41.900 40.424 38.066 36.280 33.014 33.049 33.800 31.164 28.460 29.954 29.696 25.909 25.782 28.103 26.112 22.876 23.788 26.170 28.905 31.268 30.267 27.903 31.155 32.508 36.047 36.079 34.929 37.570 40.418 40.226 38.569 41.363 44.142 46.559 44.416 46.940 49.133 46.978 48.133 51.582 54.330 52.102 53.095 49.987
44.696 45.842 46.429 49.285 48.471 49.974 48.886 45.220 45.796 47.278 44.463 41.799 43.860 44.144 40.354 40.015 38.902 41.836 40.555 37.082 34.947 38.089 38.622 42.149 42.958 44.237 40.801 39.409 42.449 42.308 38.643 39.466 42.470 40.689 37.518 39.351 43.042 42.978 42.068 39.680 39.169 38.049 35.033 33.776 31.291 29.278 28.605 24.817 25.292 25.259 28.513 30.278 32.189 35.235 37.523 34.848 32.836 29.509 26.632 24.609 21.379 20.712 23.533 24.826 24.190 26.525 24.832 24.813 22.269 18.980 15.960 18.256 17.623 21.106 21.172 24.866 24.275 27.159 28.109 29.168 32.599 33.222 33.410 36.427 38.649 41.994 40.797 38.612 37.044 33.588 33.616 34.772 32.283 29.363 30.998 31.170 27.384 27.027 29.650 28.040 24.677 25.781 27.823 30.587 32.599 31.437 28.831 31.826 32.953 36.476 36.895 35.825 38.208 41.093 41.203 39.794 42.750 45.381 47.897 45.701 48.363 50.323 48.026 49.342 52.837 55.526 53.281 54.381 51.408
46.732 48.110 48.819 51.811 51.190 52.656 51.369 47.767 48.496 49.813 46.851 44.359 46.453 46.497 42.688 42.538 41.636 44.693 43.557 39.998 38.022 41.279 41.814 45.278 45.945 47.341 43.979 42.403 45.379 45.394 41.701 42.304 45.354 43.670 40.379 41.988 45.725 45.547 44.420 41.878 41.195 40.292 37.217 36.111 33.514 31.751 31.027 27.267 27.377 27.511 30.743 32.720 34.443 37.522 40.010 37.539 35.461 32.094 29.209 26.847 23.834 23.328 25.934 26.800 25.741 27.960 25.870 26.071 23.956 20.483 17.854 20.317 19.770 23.048 23.403 26.951 25.877 28.699 29.506 30.909 34.141 34.836 35.385 38.320 40.416 43.880 42.675 40.742 39.064 35.564 35.897 37.192 34.563 31.755 33.692 33.870 30.076 29.967 32.751 31.094 27.862 29.200 31.327 33.954 35.914 34.894 32.147 35.032 36.234 39.680 40.183 39.274 41.634 44.442 44.559 43.275 46.300 48.849 51.295 48.986 51.584 53.515 51.094 52.321 55.877 58.452 56.078 57.056 54.066
50.440 51.759 52.441 55.384 54.672 56.138 54.937 51.310 51.941 53.297 50.398 47.827 49.838 49.944 46.144 45.853 44.931 47.889 46.586 43.071 40.922 44.103 44.789 48.327 49.160 50.523 47.108 45.685 48.726 48.636 44.965 45.716 48.728 46.945 43.731 45.459 49.182 49.089 48.027 45.545 44.870 43.878 40.766 39.523 36.846 34.925 33.977 30.250 30.571 30.889 34.215 36.217 38.057 41.156 43.588 41.029 38.953 35.621 32.700 30.440 27.319 26.832 29.532 30.513 29.493 31.663 29.521 29.591 27.459 23.913 21.350 23.930 23.432 26.757 26.987 30.568 29.569 32.445 33.281 34.651 37.899 38.601 39.106 42.049 44.170 47.618 46.392 44.406 42.700 39.233 39.523 40.722 38.075 35.292 37.119 37.181 33.377 33.234 35.856 34.078 30.810 31.867 34.025 36.808 38.908 37.740 35.172 38.159 39.229 42.762 43.230 42.114 44.448 47.384 47.533 46.080 48.983 51.671 54.203 52.024 54.657 56.652 54.343 55.607 59.120 61.776 59.467 60.468 57.442
50.338 51.415 51.913 54.686 53.722 55.166 54.202 50.514 50.904 52.394 49.682 46.903 48.779 49.122 45.355 44.777 43.699 46.463 44.906 41.504 39.102 42.133 42.969 46.600 47.687 48.970 45.484 44.330 47.492 47.241 43.639 44.687 47.661 45.787 42.745 44.747 48.400 48.406 47.620 45.285 44.834 43.637 40.611 39.216 36.663 34.456 33.514 29.781 30.524 30.697 34.035 35.785 37.797 40.820 43.000 40.199 38.263 34.964 32.109 30.234 26.917 26.191 29.042 30.480 29.902 32.229 30.451 30.353 27.833 24.452 21.544 23.934 23.260 26.717 26.538 30.227 29.689 32.707 33.771 34.872 38.309 38.867 39.041 42.105 44.296 47.606 46.313 44.063 42.382 39.012 39.044 39.995 37.422 34.620 36.123 36.029 32.244 31.944 34.275 32.397 29.063 29.732 31.897 34.849 37.131 35.813 33.521 36.689 37.677 41.306 41.599 40.230 42.619 45.667 45.756 44.061 46.794 49.649 52.253 50.254 52.918 55.019 52.907 54.223 57.644 60.444 58.282 59.369 56.312
53.117 54.162 54.463 57.149 56.042 57.319 56.435 52.753 52.932 54.336 51.719 48.854 50.496 50.835 47.106 46.306 45.351 47.971 46.210 42.848 40.291 43.277 44.419 48.097 49.400 50.804 47.348 46.337 49.637 49.434 45.922 47.120 50.164 48.366 45.417 47.531 51.128 51.038 50.427 48.056 47.810 46.656 43.754 42.424 40.009 37.751 36.908 33.172 34.021 34.015 37.266 38.805 40.742 43.621 45.639 42.732 41.021 37.656 34.984 33.274 29.984 28.937 31.650 33.272 32.912 35.443 33.800 33.861 31.283 28.005 24.953 27.092 26.072 29.407 28.855 32.487 32.041 35.259 36.606 37.802 41.270 41.583 41.747 44.948 46.999 50.227 48.728 46.407 44.537 41.304 41.408 42.081 39.371 36.768 38.207 37.777 34.015 33.921 36.004 33.820 30.634 31.092 33.491 36.431 38.986 37.751 35.682 39.021 40.115 43.765 43.799 42.323 44.861 47.915 47.810 45.897 48.456 51.454 54.002 52.085 54.639 56.927 54.945 56.135 59.509 62.353 60.205 61.188 58.017
52.223 53.256 53.310 55.912 54.692 55.751 54.907 51.259 51.242 52.508 49.974 47.060 48.472 48.766 45.087 44.111 43.319 45.837 43.964 40.610 38.007 41.011 42.403 46.078 47.505 49.093 45.726 44.762 48.183 48.137 44.727 45.993 49.157 47.554 44.667 46.827 50.353 50.064 49.642 47.193 47.231 46.198 43.512 42.386 40.250 38.052 37.554 33.792 34.629 34.207 37.242 38.446 40.187 42.838 44.665 41.687 40.288 36.823 34.445 32.921 29.760 28.252 30.704 32.522 32.488 35.318 33.975 34.316 31.644 28.625 25.320 26.978 25.454 28.571 27.574 31.091 30.785 34.204 35.913 37.202 40.696 40.667 40.809 44.176 46.022 49.127 47.385 44.999 42.924 39.864 40.064 40.435 37.585 35.222 36.637 35.864 32.149 32.339 34.227 31.752 28.783 29.220 31.908 34.690 37.475 36.491 34.548 38.021 39.382 42.976 42.696 41.283 44.048 46.984 46.588 44.557 47.019 50.063 52.452 50.508 52.887 55.354 53.435 54.429 57.781 60.607 58.421 59.253 55.974
54.077 54.879 54.837 57.276 55.843 56.936 56.331 52.641 52.432 53.862 51.517 48.436 49.748 50.291 46.673 45.452 44.470 46.768 44.650 41.467 38.615 41.388 42.895 46.636 48.312 49.745 46.309 45.647 49.124 48.853 45.528 47.074 50.122 48.368 45.676 48.074 51.518 51.405 51.191 48.934 49.075 47.817 45.154 43.814 41.700 39.239 38.592 34.911 36.122 35.769 38.855 39.945 41.897 44.527 46.157 43.002 41.653 38.311 35.933 34.723 31.405 29.893 32.511 34.629 34.843 37.639 36.470 36.554 33.660 30.710 27.337 29.000 27.567 30.785 29.600 33.162 33.217 36.632 38.380 39.396 42.997 42.966 42.826 46.204 48.165 51.159 49.446 46.861 44.889 41.908 41.839 42.051 39.350 36.946 38.021 37.184 33.552 33.504 35.079 32.604 29.587 29.538 32.101 35.075 37.967 36.746 35.133 38.697 39.846 43.513 43.148 41.434 44.143 47.217 46.856 44.594 46.839 50.049 52.553 50.853 53.295 55.815 54.119 55.219 58.448 61.420 59.420 60.377 57.114
50.983 51.671 51.698 54.112 52.667 53.901 53.359 49.632 49.480 51.069 48.746 45.628 47.082 47.771 44.142 42.963 41.766 44.085 42.014 38.858 36.001 38.730 40.029 43.781 45.402 46.674 43.167 42.531 45.950 45.542 42.180 43.763 46.725 44.858 42.190 44.643 48.085 48.110 47.905 45.770 45.867 44.460 41.761 40.295 38.166 35.609 34.922 31.273 32.624 32.303 35.425 36.520 38.620 41.310 42.925 39.731 38.278 35.026 32.556 31.457 28.042 26.646 29.441 31.666 31.967 34.664 33.617 33.491 30.453 27.583 24.174 25.854 24.595 27.944 26.832 30.481 30.741 34.037 35.664 36.431 40.093 40.189 39.860 43.174 45.292 48.267 46.707 44.037 42.263 39.223 38.932 39.248 36.729 34.137 35.065 34.446 30.814 30.474 32.091 29.844 26.642 26.536 28.891 31.986 34.741 33.357 31.713 35.234 36.250 39.947 39.701 37.940 40.558 43.684 43.456 41.251 43.565 46.740 49.338 47.659 50.224 52.630 50.924 52.171 55.393 58.405 56.476 57.583 54.414
48.202 48.837 48.682 51.017 49.485 50.590 50.095 46.388 46.106 47.641 45.393 42.227 43.557 44.271 40.681 39.386 38.227 40.483 38.360 35.213 32.333 35.080 36.480 40.229 41.905 43.277 39.826 39.213 42.702 42.397 39.108 40.739 43.777 42.059 39.446 41.937 45.309 45.201 45.158 43.005 43.334 41.989 39.486 38.180 36.326 33.831 33.491 29.860 31.204 30.486 33.383 34.159 36.117 38.613 40.049 36.795 35.585 32.290 30.072 29.199 25.907 24.130 26.730 29.171 29.816 32.718 32.018 32.062 28.912 26.368 22.764 23.948 22.309 25.471 23.989 27.545 28.050 31.434 33.314 34.035 37.726 37.575 37.136 40.553 42.553 45.401 43.707 40.949 39.100 36.193 35.880 35.983 33.439 30.974 31.810 30.998 27.416 27.196 28.668 26.273 23.183 23.070 25.615 28.591 31.479 30.291 28.716 32.324 33.561 37.194 36.717 35.042 37.839 40.845 40.402 38.152 40.444 43.614 46.089 44.362 46.819 49.323 47.641 48.771 51.984 54.981 53.035 54.075 50.861
45.218 45.676 45.474 47.710 46.084 47.257 46.892 43.160 42.825 44.508 42.362 39.113 40.486 41.395 37.841 36.482 35.105 37.295 35.144 32.075 29.134 31.786 33.060 36.825 38.529 39.765 36.266 35.757 39.234 38.807 35.543 37.293 40.260 38.485 35.969 38.577 41.888 41.874 41.964 39.960 40.385 38.896 36.476 35.098 33.389 30.798 30.579 27.039 28.578 27.696 30.491 31.070 33.126 35.560 36.842 33.492 32.330 29.139 26.985 26.425 23.111 21.251 23.923 26.626 27.581 30.454 30.083 29.972 26.632 24.396 20.723 21.615 19.990 23.134 21.500 25.047 25.949 29.219 31.102 31.508 35.261 35.101 34.378 37.772 39.867 42.602 40.991 38.085 36.410 33.550 32.963 33.019 30.684 28.114 28.676 27.964 24.455 23.950 25.300 23.069 19.856 19.552 21.950 25.024 27.869 26.574 25.088 28.717 29.896 33.536 33.030 31.289 34.084 37.103 36.679 34.411 36.709 39.879 42.402 40.723 43.250 45.708 44.076 45.303 48.476 51.530 49.679 50.844 47.700
43.734 44.040 43.560 45.614 43.794 44.792 44.586 40.889 40.292 41.948 39.995 36.634 37.769 38.800 35.354 33.727 32.349 34.328 31.988 29.029 25.940 28.490 29.990 33.766 35.668 36.979 33.549 33.222 36.804 36.428 33.334 35.261 38.259 36.641 34.312 37.040 40.191 40.066 40.451 38.512 39.272 37.804 35.678 34.448 33.118 30.562 30.711 27.322 28.940 27.635 30.093 30.206 32.114 34.241 35.188 31.726 30.943 27.801 26.049 25.927 22.837 20.533 22.885 25.909 27.359 30.397 30.487 30.509 27.083 25.315 21.579 21.835 19.829 22.600 20.439 23.736 25.070 28.375 30.561 30.826 34.574 34.092 33.151 36.637 38.582 41.084 39.312 36.251 34.517 31.913 31.216 30.895 28.607 26.264 26.537 25.500 22.170 21.759 22.686 20.234 17.250 16.629 19.252 22.202 25.295 24.196 23.022 26.768 28.147 31.682 30.806 29.057 32.055 34.945 34.232 31.794 33.931 37.167 39.561 37.936 40.325 42.944 41.455 42.552 45.647 48.735 46.941 48.053 44.856
41.643 41.692 41.060 42.915 40.907 41.911 41.930 38.238 37.462 39.273 37.535 34.051 35.113 36.415 33.088 31.270 29.648 31.414 28.934 26.164 22.920 25.245 26.722 30.517 32.569 33.734 30.281 30.201 33.799 33.275 30.309 32.467 35.359 33.723 31.621 34.527 37.519 37.481 38.130 36.407 37.378 35.759 33.841 32.573 31.529 28.897 29.248 26.095 27.936 26.397 28.595 28.340 30.294 32.217 32.850 29.261 28.687 25.750 24.253 24.651 21.699 19.255 21.491 24.829 26.712 29.686 30.214 30.104 26.554 25.254 21.598 21.399 19.405 21.914 19.495 22.560 24.423 27.533 29.768 29.657 33.401 32.817 31.513 34.955 36.933 39.207 37.483 34.233 32.684 30.270 29.235 28.706 26.710 24.392 24.197 23.139 20.061 19.338 19.839 17.524 14.576 13.400 15.877 18.910 22.067 20.885 20.057 23.843 25.178 28.657 27.590 25.709 28.756 31.624 30.828 28.256 30.279 33.574 35.989 34.490 36.904 39.543 38.207 39.370 42.364 45.539 43.898 45.129 41.997
38.196 38.136 37.412 39.196 37.142 38.144 38.217 34.527 33.717 35.593 33.920 30.397 31.493 32.914 29.631 27.796 26.020 27.776 25.351 22.597 19.380 21.717 23.031 26.826 28.824 29.962 26.505 26.416 30.018 29.517 26.580 28.770 31.673 30.129 28.088 31.020 33.930 33.850 34.628 32.986 34.120 32.491 30.776 29.626 28.889 26.370 27.078 24.120 25.923 24.041 25.905 25.303 27.157 28.885 29.324 25.695 25.310 22.467 21.258 22.029 19.346 16.685 18.663 22.197 24.446 27.393 28.329 28.243 24.690 23.894 20.366 19.601 17.517 19.648 17.016 19.813 22.082 24.990 27.273 26.908 30.605 29.902 28.368 31.783 33.736 35.856 34.159 30.812 29.391 27.099 25.859 25.222 23.427 21.116 20.648 19.629 16.705 15.778 16.106 13.931 10.942 9.625 12.152 15.135 18.298 17.255 16.451 20.257 21.773 25.150 23.945 22.202 25.379 28.106 27.189 24.689 26.825 30.030 32.378 30.779 33.193 35.810 34.430 35.594 38.607 41.773 40.136 41.417 38.330
36.246 35.869 35.098 36.679 34.459 35.607 35.935 32.242 31.340 33.495 32.047 28.430 29.589 31.363 28.235 26.321 24.134 25.677 23.206 20.742 17.456 19.416 20.422 24.209 26.281 27.081 23.530 23.734 27.260 26.453 23.612 26.070 28.755 27.065 25.286 28.431 31.174 31.326 32.334 31.022 32.262 30.379 28.827 27.527 27.037 24.408 25.229 22.626 24.698 22.723 24.327 23.413 25.424 27.002 27.137 23.398 23.104 20.638 19.618 20.979 18.473 15.988 17.902 21.621 24.181 26.853 28.165 27.801 24.192 23.866 20.619 19.558 17.826 19.684 17.125 19.588 22.324 24.816 26.919 26.049 29.681 29.045 27.086 30.318 32.410 34.301 32.817 29.304 28.264 26.133 24.418 23.725 22.449 20.057 18.976 18.244 15.750 14.137 13.982 12.453 9.477 7.224 8.959 12.276 15.282 13.875 13.507 17.276 18.553 21.905 20.637 18.659 21.793 24.582 23.739 21.143 23.243 26.493 28.985 27.547 30.125 32.638 31.398 32.782 35.683 38.962 37.537 39.058 36.137
38.445 37.859 37.244 38.712 36.410 37.796 38.329 34.631 33.746 36.154 34.841 31.205 32.456 34.450 31.411 29.502 27.065 28.422 25.886 23.720 20.382 21.911 22.722 26.445 28.609 28.991 25.346 25.876 29.230 27.977 25.189 27.864 30.218 28.143 26.570 29.906 32.593 33.151 34.175 33.154 34.197 31.987 30.256 28.524 27.785 24.790 25.112 22.627 25.157 23.653 25.534 24.867 27.287 29.064 29.203 25.434 24.842 22.679 21.319 22.742 19.942 18.032 20.388 24.043 26.398 28.769 29.915 29.115 25.389 24.868 21.732 21.176 19.999 22.212 20.051 22.671 25.348 27.684 29.470 28.356 32.015 31.709 29.598 32.631 34.985 36.878 35.662 32.116 31.362 29.166 27.203 26.707 25.711 23.129 21.853 21.470 19.110 17.072 16.848 15.814 12.822 10.274 10.932 14.558 17.163 15.015 15.035 18.596 19.137 22.636 21.673 19.161 21.876 25.018 24.601 21.850 23.721 27.125 29.945 28.890 31.704 34.038 33.025 34.724 37.451 40.866 39.706 41.478 38.729
41.768 41.338 40.699 42.233 39.949 41.200 41.658 37.965 37.025 39.264 37.890 34.256 35.354 37.179 34.075 32.079 29.907 31.270 28.595 26.329 22.876 24.526 25.730 29.492 31.781 32.369 28.792 29.286 32.736 31.625 28.850 31.461 33.921 31.914 30.260 33.525 36.280 36.723 37.670 36.471 37.474 35.389 33.544 31.846 30.899 27.892 28.002 25.270 27.724 26.395 28.525 28.088 30.452 32.324 32.606 28.862 28.251 25.859 24.366 25.410 22.414 20.416 22.867 26.432 28.561 31.123 31.948 31.281 27.556 26.584 23.222 23.035 21.662 24.140 21.908 24.773 27.144 29.810 31.741 30.974 34.700 34.341 32.492 35.666 37.928 39.948 38.558 35.080 34.046 31.786 30.120 29.564 28.216 25.740 24.788 24.095 21.495 19.918 19.820 18.243 15.303 12.999 14.319 17.779 20.653 18.728 18.655 22.289 22.930 26.442 25.433 22.947 25.670 28.806 28.303 25.457 27.158 30.645 33.386 32.372 35.050 37.529 36.562 38.110 40.835 44.234 43.012 44.630 41.748
42.850 42.711 42.289 44.093 42.050 43.352 43.524 39.783 39.103 41.210 39.540 36.022 37.294 38.832 35.533 33.790 31.826 33.524 31.050 28.472 25.184 27.214 28.371 32.161 34.217 34.975 31.371 31.497 34.945 34.008 30.998 33.315 35.930 33.912 31.921 34.989 37.984 38.347 38.956 37.504 38.238 36.281 34.149 32.456 31.147 28.180 28.058 24.996 27.250 26.168 28.645 28.649 31.026 33.192 33.877 30.238 29.317 26.640 24.777 25.254 22.004 20.137 22.850 26.170 27.879 30.505 30.896 30.297 26.619 25.162 21.661 21.944 20.599 23.452 21.480 24.698 26.606 29.467 31.315 30.878 34.670 34.471 32.968 36.207 38.506 40.817 39.413 36.107 34.908 32.365 31.007 30.748 29.083 26.452 26.019 25.422 22.421 21.091 21.606 19.852 16.627 15.065 16.743 20.191 23.007 21.183 20.511 24.169 24.906 28.545 27.828 25.556 28.240 31.416 31.050 28.436 30.397 33.770 36.504 35.265 37.962 40.383 39.164 40.675 43.570 46.870 45.444 46.962 44.011
46.186 46.175 45.829 47.719 45.739 47.024 47.114 43.369 42.733 44.756 43.002 39.524 40.772 42.177 38.823 37.109 35.302 37.049 34.554 31.911 28.620 30.716 32.010 35.807 37.879 38.711 35.122 35.197 38.657 37.761 34.716 36.960 39.606 37.560 35.486 38.489 41.561 41.912 42.392 40.834 41.435 39.533 37.247 35.511 33.960 30.974 30.581 27.379 29.567 28.766 31.476 31.760 34.156 36.463 37.323 33.738 32.691 29.906 27.860 28.000 24.611 22.889 25.708 28.834 30.227 32.875 32.906 32.332 28.728 26.852 23.315 24.052 22.758 25.831 24.019 27.401 28.961 31.980 33.799 33.613 37.419 37.298 36.022 39.292 41.582 44.032 42.584 39.375 38.039 35.395 34.244 34.064 32.199 29.584 29.408 28.742 25.597 24.492 25.166 23.231 20.035 18.670 20.496 23.901 26.755 24.947 24.188 27.829 28.517 32.195 31.570 29.279 31.887 35.117 34.811 32.183 34.086 37.494 40.240 39.030 41.702 44.151 42.929 44.406 47.313 50.601 49.134 50.584 47.577
48.020 48.228 48.079 50.165 48.380 49.724 49.606 45.842 45.418 47.353 45.387 42.024 43.411 44.605 41.131 39.632 37.969 39.939 37.603 34.780 31.631 33.938 35.165 38.959 40.856 41.770 38.168 38.001 41.422 40.620 37.426 39.450 42.163 40.089 37.797 40.631 43.860 44.185 44.389 42.670 43.020 41.214 38.702 36.954 35.099 32.177 31.538 28.157 30.145 29.645 32.611 33.279 35.681 38.211 39.383 35.921 34.622 31.696 29.376 29.051 25.539 24.059 27.021 29.838 30.797 33.399 33.000 32.453 28.989 26.677 23.176 24.405 23.264 26.575 25.102 28.673 29.784 32.878 34.547 34.629 38.423 38.480 37.500 40.756 43.076 45.747 44.330 41.292 39.868 37.022 36.111 36.186 34.132 31.425 31.624 31.077 27.718 26.771 27.844 25.877 22.571 21.656 23.577 26.954 29.708 27.933 26.824 30.404 31.092 34.825 34.440 32.277 34.804 38.066 37.897 35.435 37.499 40.827 43.591 42.249 44.951 47.333 45.942 47.416 50.431 53.647 52.049 53.442 50.409
51.131 51.428 51.169 53.252 51.436 52.612 52.467 48.735 48.199 49.977 48.021 44.658 45.856 46.930 43.471 41.862 40.419 42.325 39.877 37.042 33.841 36.172 37.688 41.485 43.501 44.591 41.065 40.919 44.429 43.761 40.632 42.658 45.464 43.513 41.224 44.031 47.249 47.429 47.667 45.829 46.264 44.596 42.134 40.511 38.682 35.839 35.243 31.811 33.672 33.126 36.065 36.705 38.959 41.414 42.568 39.114 37.958 34.923 32.716 32.288 28.848 27.195 29.981 32.740 33.649 36.403 35.894 35.561 32.196 29.763 26.221 27.454 26.072 29.294 27.676 31.197 32.140 35.416 37.262 37.596 41.365 41.262 40.447 43.805 45.964 48.640 47.039 44.047 42.398 39.624 38.927 38.841 36.579 34.078 34.406 33.567 30.196 29.586 30.564 28.283 25.194 24.295 26.502 29.740 32.700 31.116 30.092 33.745 34.587 38.283 37.721 35.584 38.223 41.427 41.082 38.510 40.443 43.839 46.497 45.170 47.727 50.262 48.927 50.237 53.237 56.435 54.787 56.026 52.880
53.919 54.346 54.235 56.436 54.739 55.975 55.716 51.973 51.572 53.315 51.237 47.948 49.236 50.191 46.669 45.195 43.824 45.846 43.482 40.567 37.440 39.853 41.322 45.117 47.043 48.145 44.600 44.342 47.813 47.158 43.945 45.855 48.666 46.657 44.256 46.968 50.277 50.483 50.539 48.625 48.866 47.235 44.607 42.933 40.873 38.054 37.220 33.726 35.477 35.215 38.333 39.258 41.546 44.159 45.517 42.148 40.806 37.724 35.324 34.601 31.096 29.682 32.562 35.080 35.653 38.309 37.459 37.103 33.885 31.143 27.733 29.351 28.162 31.514 30.179 33.788 34.411 37.691 39.384 39.886 43.619 43.675 43.058 46.371 48.566 51.388 49.835 46.966 45.285 42.384 41.828 41.922 39.568 37.008 37.548 36.808 33.335 32.782 33.973 31.717 28.568 27.862 30.048 33.303 36.181 34.553 33.367 36.959 37.727 41.461 41.077 38.963 41.503 44.760 44.545 42.053 44.050 47.418 50.123 48.762 51.361 53.841 52.428 53.768 56.817 59.985 58.282 59.505 56.356
56.455 56.980 56.742 58.944 57.229 58.278 57.973 54.273 53.768 55.331 53.257 49.988 51.087 51.902 48.407 46.846 45.710 47.683 45.249 42.315 39.184 41.640 43.365 47.142 49.149 50.449 46.996 46.722 50.277 49.793 46.640 48.527 51.453 49.604 47.191 49.860 53.155 53.179 53.274 51.228 51.582 50.117 47.574 46.072 44.094 41.386 40.690 37.144 38.747 38.344 41.380 42.219 44.323 46.826 48.151 44.799 43.629 40.434 38.188 37.401 34.007 32.372 35.038 37.512 38.090 40.912 40.030 39.928 36.804 34.042 30.582 32.078 30.611 33.810 32.305 35.817 36.303 39.736 41.625 42.367 46.059 45.917 45.459 48.875 50.881 53.688 51.937 49.123 47.216 44.411 44.073 43.997 41.449 39.113 39.779 38.759 35.299 35.077 36.188 33.654 30.728 30.088 32.543 35.633 38.693 37.294 36.153 39.816 40.790 44.476 43.900 41.864 44.552 47.719 47.299 44.731 46.642 50.046 52.613 51.220 53.655 56.286 54.897 56.047 59.096 62.221 60.443 61.490 58.228
60.002 60.562 60.395 62.627 60.938 62.024 61.704 57.997 57.526 59.094 56.995 53.742 54.859 55.649 52.141 50.605 49.486 51.464 49.019 46.094 42.955 45.387 47.120 50.900 52.918 54.188 50.718 50.458 53.996 53.466 50.294 52.177 55.070 53.151 50.726 53.386 56.710 56.791 56.820 54.771 55.022 53.537 50.901 49.322 47.205 44.465 43.577 40.039 41.643 41.449 44.594 45.588 47.750 50.340 51.745 48.416 47.147 43.964 41.609 40.708 37.265 35.790 38.526 40.892 41.295 44.030 42.952 42.790 39.750 36.820 33.478 35.206 33.891 37.158 35.802 39.348 39.692 43.110 44.902 45.705 49.376 49.334 48.955 52.335 54.376 57.246 55.530 52.763 50.853 47.999 47.703 47.698 45.128 42.766 43.487 42.508 39.024 38.792 39.944 37.431 34.485 33.831 36.226 39.360 42.390 40.908 39.769 43.404 44.271 47.986 47.496 45.394 47.995 51.226 50.894 48.312 50.186 53.616 56.236 54.898 57.366 59.978 58.609 59.797 62.836 65.975 64.212 65.269 62.008
59.826 60.306 60.326 62.577 60.926 62.234 61.952 58.200 57.860 59.618 57.498 54.238 55.560 56.477 52.932 51.502 50.155 52.184 49.803 46.903 43.760 46.130 47.613 51.411 53.355 54.398 50.825 50.594 54.029 53.288 50.048 51.947 54.690 52.559 50.144 52.834 56.186 56.500 56.437 54.530 54.584 52.915 50.124 48.313 46.008 43.142 41.959 38.502 40.249 40.370 43.671 44.869 47.257 50.019 51.514 48.191 46.677 43.628 41.045 40.124 36.546 35.422 38.411 40.733 40.996 43.487 42.296 41.823 38.764 35.732 32.555 34.579 33.659 37.118 36.043 39.704 40.079 43.330 44.849 45.453 49.143 49.378 48.897 52.138 54.398 57.327 55.844 53.056 51.378 48.390 47.904 48.123 45.735 43.131 43.766 43.095 39.585 39.019 40.276 38.053 34.881 34.156 36.239 39.558 42.380 40.611 39.437 42.965 43.538 47.309 47.081 44.857 47.230 50.592 50.540 48.029 49.956 53.363 56.162 54.902 57.560 59.999 58.622 60.034 63.062 66.258 64.585 65.835 62.693
61.299 61.915 62.130 64.521 63.037 64.449 64.021 60.261 60.120 61.866 59.595 56.436 57.923 58.725 55.109 53.880 52.560 54.757 52.530 49.525 46.501 48.990 50.323 54.110 55.887 56.920 53.319 52.919 56.277 55.554 52.205 53.939 56.676 54.490 51.939 54.493 57.938 58.287 58.002 56.035 55.858 54.230 51.279 49.433 46.917 44.127 42.749 39.276 40.862 41.252 44.682 46.163 48.572 51.492 53.209 50.006 48.278 45.213 42.445 41.244 37.655 36.802 39.865 41.924 41.854 44.182 42.686 42.165 39.297 36.046 33.083 35.419 34.742 38.280 37.532 41.247 41.338 44.505 45.806 46.522 50.140 50.577 50.275 53.422 55.739 58.811 57.436 54.791 53.145 50.015 49.635 50.092 47.671 44.965 45.799 45.315 41.713 41.138 42.654 40.538 37.265 36.776 38.801 42.137 44.815 43.007 41.609 45.037 45.547 49.334 49.333 47.193 49.458 52.847 52.953 50.598 52.675 56.000 58.848 57.494 60.224 62.553 61.037 62.508 65.614 68.759 67.010 68.274 65.162
62.974 63.517 63.892 66.282 64.827 66.416 66.035 62.252 62.206 64.101 61.832 58.675 60.304 61.209 57.584 56.424 54.935 57.141 54.949 51.995 48.965 51.368 52.525 56.308 58.044 58.881 55.215 54.868 58.126 57.216 53.840 55.592 58.177 55.807 53.296 55.868 59.312 59.873 59.512 57.682 57.328 55.544 52.467 50.413 47.726 44.840 43.161 39.818 41.521 42.236 45.785 47.452 50.045 53.098 54.881 51.702 49.775 46.857 43.912 42.699 39.033 38.508 41.747 43.737 43.526 45.608 43.988 43.189 40.362 37.034 34.299 36.891 36.575 40.226 39.720 43.488 43.587 46.595 47.651 48.208 51.808 52.485 52.111 55.117 57.606 60.716 59.539 56.893 55.436 52.220 51.693 52.320 50.055 47.185 47.938 47.687 44.096 43.270 44.832 42.945 39.542 38.967 40.722 44.178 46.679 44.637 43.255 46.561 46.792 50.598 50.818 48.562 50.597 54.088 54.439 52.135 54.206 57.511 60.503 59.254 62.127 64.311 62.821 64.475 67.545 70.736 69.083 70.502 67.492
60.194 60.828 61.362 63.861 62.563 64.252 63.743 59.965 60.112 62.013 59.622 56.565 58.372 59.204 55.530 54.577 53.067 55.436 53.435 50.389 47.511 50.029 50.972 54.724 56.255 57.068 53.390 52.861 56.024 55.149 51.678 53.258 55.837 53.454 50.819 53.255 56.765 57.340 56.803 54.942 54.420 52.668 49.498 47.448 44.649 41.853 40.114 36.749 38.307 39.155 42.758 44.603 47.196 50.352 52.296 49.231 47.140 44.230 41.161 39.767 36.117 35.805 39.095 40.896 40.483 42.426 40.666 39.812 37.091 33.677 31.085 33.845 33.738 37.432 37.193 40.982 40.934 43.816 44.680 45.246 48.789 49.626 49.337 52.248 54.794 57.988 56.934 54.392 53.022 49.699 49.203 50.046 47.819 44.837 45.721 45.687 42.048 41.159 42.960 41.240 37.738 37.410 39.081 42.521 44.842 42.801 41.180 44.372 44.591 48.383 48.799 46.686 48.653 52.118 52.587 50.483 52.749 55.927 58.932 57.543 60.477 62.533 60.882 62.586 65.736 68.858 67.130 68.577 65.627
57.628 58.124 58.522 60.910 59.477 61.128 60.747 56.959 56.972 58.929 56.656 53.508 55.235 56.195 52.568 51.476 49.882 52.137 50.037 47.073 44.106 46.529 47.517 51.282 52.920 53.696 50.013 49.615 52.824 51.894 48.488 50.209 52.773 50.394 47.864 50.431 53.876 54.463 54.103 52.319 51.969 50.139 47.078 45.013 42.372 39.468 37.868 34.500 36.251 36.889 40.417 42.042 44.672 47.728 49.497 46.320 44.359 41.479 38.516 37.373 33.683 33.193 36.493 38.540 38.419 40.478 39.001 38.124 35.183 31.953 29.148 31.681 31.433 35.121 34.649 38.434 38.664 41.588 42.598 43.004 46.634 47.345 46.858 49.833 52.383 55.465 54.365 51.683 50.341 47.106 46.463 47.155 45.002 42.038 42.729 42.621 39.044 38.071 39.698 37.969 34.479 33.962 35.606 39.081 41.468 39.397 37.928 41.191 41.416 45.219 45.501 43.305 45.331 48.803 49.193 46.986 49.172 52.403 55.404 54.086 57.005 59.112 57.558 59.262 62.356 65.529 63.875 65.355 62.407
58.915 59.212 59.663 61.936 60.413 62.208 62.000 58.198 58.177 60.329 58.179 54.966 56.740 57.911 54.339 53.185 51.366 53.495 51.325 48.521 45.467 47.676 48.552 52.304 54.015 54.545 50.810 50.615 53.743 52.555 49.210 51.083 53.443 50.867 48.506 51.199 54.562 55.398 55.115 53.560 53.160 51.100 48.007 45.697 43.003 39.912 38.058 34.895 36.936 37.797 41.367 43.012 45.859 48.955 50.632 47.403 45.355 42.690 39.655 38.717 34.957 34.691 38.139 40.285 40.236 42.095 40.699 39.505 36.485 33.343 30.691 33.299 33.331 37.075 36.666 40.451 40.895 43.672 44.538 44.660 48.306 49.165 48.455 51.311 54.029 57.041 56.109 53.328 52.201 48.978 48.076 48.798 46.872 43.795 44.229 44.273 40.801 39.522 40.998 39.491 35.938 35.129 36.444 40.048 42.301 39.951 38.695 41.857 41.751 45.555 45.955 43.538 45.328 48.913 49.508 47.248 49.297 52.562 55.709 54.610 57.653 59.652 58.247 60.141 63.120 66.386 64.918 66.582 63.745
56.616 56.804 57.377 59.622 58.130 60.092 59.935 56.135 56.213 58.513 56.390 53.198 55.125 56.415 52.869 51.807 49.797 51.935 49.863 47.128 44.137 46.259 46.877 50.581 52.190 52.517 48.747 48.575 51.570 50.221 46.865 48.735 50.936 48.221 45.911 48.612 51.944 52.966 52.647 51.256 50.741 48.527 45.381 42.901 40.142 36.962 34.933 31.908 34.104 35.157 38.760 40.483 43.487 46.651 48.334 45.141 42.942 40.459 37.318 36.470 32.684 32.704 36.281 38.410 38.351 39.981 38.645 37.175 34.119 31.070 28.594 31.286 31.650 35.433 35.217 38.987 39.553 42.116 42.766 42.634 46.257 47.305 46.442 49.146 52.019 55.004 54.279 51.478 50.589 47.329 46.225 47.099 45.399 42.171 42.468 42.784 39.387 37.816 39.330 38.135 34.484 33.637 34.622 38.286 40.292 37.750 36.484 39.480 39.130 42.914 43.526 41.065 42.644 46.275 47.089 44.947 47.048 50.226 53.474 52.424 55.592 57.417 56.005 58.067 61.011 64.290 62.909 64.728 62.025
53.564 53.605 54.154 56.309 54.754 56.777 56.725 52.929 52.978 55.390 53.359 50.133 52.093 53.524 50.035 48.949 46.784 48.851 46.790 44.155 41.167 43.171 43.656 47.326 48.931 49.122 45.338 45.257 48.196 46.730 43.415 45.366 47.470 44.691 42.480 45.264 48.530 49.653 49.432 48.183 47.726 45.386 42.300 39.733 37.067 33.777 31.776 28.839 31.250 32.238 35.778 37.377 40.477 43.594 45.158 41.922 39.735 37.387 34.278 33.669 29.872 29.937 33.563 35.833 35.973 37.543 36.455 34.837 31.630 28.810 26.316 28.846 29.305 33.056 32.799 36.515 37.336 39.777 40.398 40.016 43.662 44.721 43.645 46.295 49.242 52.125 51.485 48.595 47.861 44.656 43.347 44.205 42.695 39.410 39.499 39.928 36.643 34.849 36.263 35.268 31.592 30.608 31.353 35.056 36.941 34.275 33.105 36.038 35.557 39.330 39.972 37.443 38.946 42.600 43.480 41.349 43.439 46.593 49.886 48.897 52.119 53.875 52.514 54.662 57.553 60.861 59.570 61.487 58.865
50.360 50.438 50.874 53.041 51.467 53.388 53.297 49.496 49.500 51.837 49.791 46.552 48.462 49.849 46.350 45.240 43.135 45.233 43.182 40.486 37.516 39.610 40.142 43.834 45.429 45.748 41.980 41.827 44.845 43.514 40.177 42.111 44.351 41.702 39.427 42.216 45.506 46.471 46.310 44.963 44.653 42.405 39.415 37.005 34.496 31.257 29.567 26.465 28.822 29.476 32.930 34.353 37.345 40.375 41.886 38.604 36.548 34.078 31.077 30.526 26.737 26.544 30.107 32.497 32.813 34.579 33.671 32.234 28.905 26.204 23.452 25.734 25.948 29.657 29.222 32.930 33.840 36.362 37.151 36.806 40.504 41.394 40.305 43.068 45.924 48.776 48.015 45.092 44.269 41.105 39.836 40.599 39.025 35.792 35.899 36.233 32.925 31.213 32.635 31.551 27.881 26.973 27.869 31.537 33.522 31.002 29.752 32.806 32.559 36.359 36.847 34.426 36.147 39.732 40.428 38.288 40.466 43.621 46.818 45.698 48.847 50.694 49.268 51.303 54.252 57.529 56.153 57.983 55.299
46.927 46.908 47.392 49.528 47.971 49.994 49.938 46.143 46.215 48.654 46.639 43.420 45.445 46.926 43.467 42.437 40.179 42.289 40.353 37.714 34.843 36.878 37.164 40.798 42.279 42.461 38.678 38.513 41.429 40.011 36.661 38.584 40.735 38.022 35.771 38.577 41.842 42.904 42.754 41.526 41.199 38.845 35.873 33.382 30.924 27.615 25.952 22.917 25.434 26.055 29.463 30.832 33.922 36.952 38.420 35.150 33.026 30.695 27.667 27.289 23.506 23.469 27.098 29.541 29.980 31.611 30.916 29.309 25.877 23.425 20.741 22.879 23.303 26.963 26.617 30.249 31.354 33.671 34.338 33.736 37.423 38.392 37.128 39.791 42.742 45.529 44.907 41.950 41.322 38.170 36.711 37.563 36.203 32.869 32.826 33.389 30.188 28.213 29.658 28.881 25.157 24.259 24.845 28.524 30.278 27.645 26.347 29.277 28.904 32.693 33.311 30.912 32.537 36.125 36.937 34.923 37.202 40.259 43.494 42.350 45.575 47.295 45.830 47.965 50.906 54.172 52.838 54.769 52.188
43.618 43.589 43.943 46.061 44.464 46.398 46.335 42.536 42.551 44.949 42.948 39.702 41.688 43.170 39.721 38.660 36.410 38.531 36.615 33.945 31.103 33.196 33.477 37.120 38.584 38.858 35.088 34.871 37.854 36.545 33.184 35.116 37.381 34.795 32.510 35.346 38.611 39.534 39.483 38.200 38.054 35.764 32.933 30.600 28.376 25.118 23.864 20.726 23.218 23.398 26.642 27.745 30.734 33.640 35.003 31.667 29.699 27.285 24.409 24.209 20.465 20.126 23.681 26.316 27.040 28.854 28.468 27.031 23.453 21.295 18.365 20.062 20.223 23.773 23.202 26.777 28.087 30.430 31.270 30.614 34.350 35.132 33.778 36.540 39.411 42.124 41.403 38.381 37.714 34.632 33.139 33.880 32.525 29.229 29.122 29.627 26.451 24.471 25.891 25.105 21.378 20.527 21.177 24.825 26.639 24.131 22.766 25.812 25.672 29.478 29.931 27.642 29.487 32.993 33.620 31.609 33.984 37.024 40.163 38.896 42.058 43.850 42.332 44.374 47.360 50.601 49.206 51.078 48.459
40.288 40.262 40.793 42.985 41.539 43.634 43.486 39.699 39.936 42.408 40.328 37.198 39.419 40.897 37.455 36.644 34.279 36.539 34.903 32.223 29.644 31.767 31.659 35.188 36.366 36.517 32.748 32.344 35.148 33.810 30.353 32.103 34.296 31.645 29.250 31.978 35.295 36.309 36.106 34.887 34.579 32.219 29.302 26.888 24.592 21.324 20.053 16.903 19.446 19.698 22.978 24.207 27.305 30.319 31.800 28.577 26.382 24.092 21.050 20.844 17.097 17.156 20.830 23.330 23.993 25.554 25.264 23.613 20.003 18.056 15.338 17.002 17.605 21.109 20.892 24.371 25.717 27.740 28.298 27.410 31.092 32.083 30.649 33.244 36.250 38.985 38.480 35.523 35.093 31.937 30.314 31.329 30.195 26.731 26.619 27.529 24.438 22.186 23.860 23.526 19.746 19.215 19.473 23.018 24.412 21.847 20.167 22.957 22.701 26.481 27.243 25.148 26.837 30.295 31.124 29.430 32.053 34.863 38.014 36.607 39.858 41.435 39.748 41.899 44.939 48.102 46.676 48.635 46.148
36.750 36.683 37.110 39.283 37.816 39.869 39.715 35.926 36.150 38.619 36.556 33.418 35.662 37.169 33.755 32.969 30.553 32.843 31.307 28.622 26.164 28.319 28.067 31.558 32.642 32.831 29.077 28.586 31.404 30.153 26.667 28.397 30.679 28.140 25.699 28.453 31.767 32.672 32.564 31.332 31.198 28.866 26.109 23.848 21.855 18.660 17.928 14.767 17.273 16.959 19.981 20.875 23.900 26.782 28.145 24.864 22.793 20.473 17.583 17.682 14.031 13.830 17.428 20.146 21.181 22.850 23.003 21.489 17.751 16.358 13.539 14.480 14.902 18.156 17.765 21.085 22.732 24.644 25.310 24.244 27.952 28.786 27.183 29.829 32.792 35.426 34.886 31.857 31.479 28.400 26.657 27.616 26.597 23.125 22.882 23.874 20.884 18.483 20.179 20.044 16.280 15.902 16.017 19.460 20.747 18.297 16.444 19.277 19.244 23.026 23.689 21.774 23.650 26.988 27.676 26.082 28.861 31.574 34.625 33.067 36.279 37.865 36.092 38.189 41.276 44.400 42.923 44.861 42.379
33.597 33.738 34.370 36.756 35.573 37.700 37.278 33.510 34.055 36.436 34.148 31.217 33.713 35.017 31.546 31.133 28.798 31.375 30.239 27.408 25.365 27.731 27.145 30.479 31.148 31.416 27.746 26.821 29.474 28.443 24.797 26.108 28.489 26.069 23.307 25.756 29.231 30.018 29.605 28.213 27.872 25.669 22.776 20.653 18.557 15.601 15.147 11.728 13.836 13.352 16.460 17.594 20.564 23.621 25.291 22.222 19.885 17.453 14.308 14.058 10.343 10.543 14.272 16.694 17.535 19.074 19.241 17.726 13.973 12.768 10.050 10.829 11.670 14.886 15.003 18.250 19.711 21.351 21.753 20.658 24.336 25.349 23.874 26.439 29.460 32.236 31.822 28.968 28.684 25.445 23.794 25.124 24.147 20.526 20.592 21.978 18.973 16.562 18.802 19.005 15.311 15.731 15.752 18.781 19.647 17.517 15.010 17.526 17.730 21.382 22.333 20.950 22.792 25.881 26.623 25.492 28.599 30.977 33.874 31.998 35.175 36.589 34.503 36.556 39.788 42.732 41.069 42.951 40.532
30.986 30.911 31.293 33.519 32.149 34.211 33.948 30.164 30.533 32.998 30.873 27.825 30.250 31.743 28.370 27.815 25.313 27.766 26.607 23.897 21.879 24.119 23.411 26.724 27.435 27.663 23.976 23.151 25.872 24.819 21.215 22.717 25.145 22.809 20.166 22.829 26.196 26.925 26.831 25.559 25.595 23.326 20.786 18.819 17.335 14.438 14.748 11.761 13.912 12.578 15.037 15.402 18.301 21.033 22.321 19.042 17.025 14.675 11.959 12.591 9.293 8.837 12.230 15.163 16.762 18.430 19.342 18.030 14.271 14.036 11.496 10.990 11.329 13.862 13.455 16.305 18.397 19.883 20.542 19.092 22.770 23.462 21.589 24.224 27.174 29.688 29.203 26.134 25.954 22.943 20.978 22.048 21.327 17.762 17.367 18.777 16.045 13.282 15.268 15.787 12.210 12.528 12.171 15.101 15.855 13.752 11.236 13.901 14.325 18.003 18.693 17.360 19.441 22.434 22.973 21.813 24.969 27.323 30.152 28.240 31.394 32.866 30.826 32.859 36.067 39.054 37.443 39.362 36.952
30.076 29.757 30.435 32.581 31.297 33.706 33.557 29.840 30.425 33.155 31.136 28.230 30.897 32.578 29.383 29.039 26.258 28.608 27.686 25.281 23.513 25.396 24.186 27.239 27.714 27.467 23.802 23.068 25.374 23.927 20.355 21.813 23.791 21.070 18.555 21.243 24.539 25.748 25.553 24.708 24.437 21.769 19.078 16.583 14.909 11.605 11.524 8.958 11.768 10.949 13.425 14.016 17.388 20.262 21.552 18.460 16.007 14.370 11.420 12.408 9.411 10.231 13.466 15.970 17.369 18.282 19.302 17.358 13.723 13.948 12.301 11.981 13.299 15.499 15.712 18.134 20.233 21.090 21.160 19.156 22.598 23.743 21.591 23.737 26.991 29.398 29.391 26.393 26.752 23.797 21.460 22.864 22.714 19.069 18.356 20.346 18.084 14.891 16.730 17.992 14.731 14.869 13.599 16.307 16.248 13.699 11.325 13.137 12.658 16.275 17.645 16.238 17.654 20.761 21.894 21.083 24.286 26.385 29.402 27.650 31.023 32.094 30.076 32.455 35.536 38.519 37.113 39.312 37.207
31.506 31.091 32.114 34.236 33.102 35.785 35.673 32.049 32.843 35.714 33.730 30.984 33.810 35.544 32.444 32.272 29.390 31.685 30.887 28.650 26.978 28.663 27.236 30.120 30.460 29.883 26.278 25.627 27.584 25.846 22.374 23.715 25.260 22.224 19.865 22.405 25.611 27.239 26.819 26.279 25.573 22.654 19.701 16.699 14.495 10.846 9.584 7.355 10.857 11.241 14.009 15.222 18.876 21.950 23.395 20.607 17.766 16.655 13.475 14.184 11.323 13.082 16.326 18.307 19.174 19.452 20.120 17.571 14.167 14.219 13.281 13.722 15.795 18.091 18.844 21.215 23.032 23.579 23.135 20.957 24.167 25.791 23.669 25.386 28.863 31.290 31.670 28.845 29.516 26.519 24.110 25.814 25.898 22.210 21.509 23.773 21.648 18.395 20.206 21.679 18.481 18.488 16.950 19.626 19.211 16.398 14.305 15.488 14.229 17.608 19.558 18.029 18.730 21.936 23.625 23.039 26.138 28.074 31.260 29.721 33.241 33.983 32.025 34.663 37.613 40.571 39.333 41.724 39.847
34.331 33.820 34.838 36.854 35.618 38.328 38.354 34.738 35.421 38.363 36.479 33.660 36.397 38.229 35.144 34.824 31.892 34.049 33.054 30.897 29.001 30.563 29.282 32.239 32.782 32.092 28.443 28.048 30.029 28.102 24.745 26.286 27.675 24.503 22.377 25.019 28.104 29.891 29.550 29.133 28.398 25.398 22.438 19.295 16.971 13.259 11.405 9.453 13.053 13.924 16.796 18.103 21.785 24.844 26.210 23.384 20.604 19.561 16.413 17.038 14.037 15.695 19.068 21.100 21.845 22.119 22.525 19.856 16.502 16.102 15.085 16.030 18.072 20.640 21.303 23.862 25.630 26.338 25.921 23.833 27.043 28.707 26.610 28.308 31.799 34.208 34.596 31.739 32.384 29.398 26.988 28.589 28.623 24.954 24.186 26.286 24.091 20.852 22.463 23.752 20.439 20.066 18.558 21.506 21.290 18.219 16.524 17.841 16.302 19.696 21.599 19.691 20.208 23.612 25.430 24.609 27.473 29.579 32.921 31.639 35.227 35.979 34.220 36.952 39.788 42.842 41.749 44.216 42.354
35.703 35.494 36.388 38.578 37.353 39.832 39.678 35.973 36.582 39.301 37.233 34.332 36.954 38.566 35.279 34.876 32.198 34.523 33.373 30.909 28.826 30.730 29.843 33.036 33.724 33.434 29.724 29.167 31.481 29.883 26.387 27.885 29.690 26.772 24.375 26.962 30.243 31.650 31.241 30.395 29.746 27.063 24.017 21.216 18.778 15.299 13.721 10.906 13.971 14.622 17.856 19.301 22.760 25.920 27.483 24.528 21.868 20.189 16.903 16.992 13.511 14.712 18.373 20.522 21.122 21.892 21.937 19.627 16.078 14.945 13.232 14.602 16.298 19.338 19.842 22.828 24.349 25.536 25.419 23.836 27.279 28.754 26.995 29.073 32.404 35.040 35.088 32.239 32.447 29.293 27.247 28.748 28.277 24.594 24.222 25.962 23.329 20.457 22.314 23.020 19.438 19.231 18.434 21.614 21.993 19.185 17.225 19.174 18.300 21.899 23.396 21.551 22.625 26.011 27.410 26.334 29.237 31.573 34.804 33.344 36.796 37.863 36.012 38.486 41.482 44.533 43.220 45.452 43.328
38.861 38.437 39.172 41.149 39.674 42.124 42.233 38.523 38.866 41.695 39.843 36.777 39.201 41.018 37.800 37.096 34.314 36.371 34.900 32.612 30.211 31.868 31.208 34.491 35.519 35.091 31.326 31.177 33.581 31.739 28.421 30.285 31.939 28.890 26.832 29.678 32.778 34.336 34.199 33.537 33.053 30.237 27.328 24.409 22.106 18.487 16.721 14.306 17.570 18.287 21.393 22.609 26.109 29.115 30.404 27.286 24.844 23.290 20.214 20.587 17.119 17.978 21.599 24.003 24.776 25.653 25.709 23.403 19.867 18.611 16.752 18.185 19.570 22.681 22.823 25.879 27.570 28.951 29.026 27.435 30.907 32.254 30.362 32.484 35.789 38.291 38.271 35.271 35.447 32.422 30.265 31.481 31.023 27.439 26.792 28.262 25.674 22.767 24.181 24.694 21.101 20.264 19.425 22.881 23.517 20.414 19.060 21.188 20.036 23.679 24.965 22.633 23.613 27.214 28.637 27.181 29.738 32.337 35.729 34.615 38.118 39.277 37.739 40.296 43.124 46.337 45.235 47.558 45.423
42.176 41.861 42.496 44.500 42.957 45.265 45.360 41.612 41.823 44.546 42.666 39.513 41.778 43.520 40.217 39.351 36.720 38.758 37.064 34.676 32.040 33.792 33.499 36.934 38.183 37.938 34.147 34.062 36.665 34.922 31.615 33.561 35.364 32.403 30.326 33.197 36.334 37.753 37.643 36.810 36.388 33.704 30.769 27.968 25.590 22.052 20.250 17.622 20.650 21.394 24.645 25.923 29.305 32.324 33.652 30.449 28.131 26.304 23.235 23.349 19.707 20.227 23.910 26.377 27.037 28.189 27.951 25.851 22.321 20.558 18.358 20.135 21.185 24.567 24.508 27.820 29.336 31.079 31.374 30.122 33.694 34.915 33.222 35.544 38.741 41.338 41.108 38.093 37.989 34.918 32.979 34.039 33.265 29.752 29.279 30.401 27.578 24.969 26.342 26.368 22.679 21.700 21.362 24.987 26.078 23.074 21.831 24.297 23.382 27.091 28.108 25.659 26.851 30.490 31.709 29.982 32.375 35.192 38.569 37.513 40.938 42.306 40.849 43.283 46.123 49.388 48.245 50.457 48.168
44.519 44.072 44.440 46.265 44.469 46.614 46.911 43.156 43.053 45.774 44.083 40.760 42.754 44.623 41.379 40.184 37.560 39.351 37.330 35.067 32.139 33.721 33.772 37.299 38.897 38.686 34.890 35.121 37.899 36.102 32.958 35.208 37.031 34.121 32.272 35.357 38.363 39.731 39.917 39.118 38.983 36.299 33.561 30.836 28.708 25.134 23.544 20.997 24.080 24.528 27.617 28.557 31.856 34.669 35.722 32.333 30.343 28.472 25.675 26.050 22.432 22.460 26.015 28.784 29.739 31.169 31.084 29.183 25.568 23.848 21.361 22.893 23.470 26.809 26.279 29.603 31.318 33.313 33.941 32.750 36.399 37.339 35.551 38.040 41.113 43.578 43.141 39.966 39.707 36.796 34.831 35.528 34.669 31.331 30.656 31.395 28.612 26.115 27.072 26.783 23.187 21.708 21.547 25.297 26.763 23.730 22.964 25.695 24.849 28.575 29.192 26.454 27.811 31.508 32.497 30.380 32.447 35.527 38.914 38.085 41.435 43.019 41.823 44.183 46.906 50.292 49.266 51.448 49.065
47.879 47.317 47.732 49.460 47.604 49.824 50.250 46.521 46.373 49.189 47.599 44.257 46.221 48.196 45.008 43.748 41.049 42.705 40.594 38.475 35.470 36.862 36.934 40.422 42.118 41.738 37.954 38.379 41.078 39.091 36.062 38.414 40.042 36.995 35.329 38.463 41.365 42.922 43.145 42.507 42.297 39.488 36.720 33.825 31.607 27.955 26.048 23.754 26.951 27.707 30.832 31.863 35.264 38.097 39.103 35.736 33.700 32.001 29.175 29.574 25.967 26.173 29.750 32.464 33.322 34.601 34.399 32.325 28.795 26.980 24.681 26.426 27.157 30.534 30.077 33.401 35.092 37.051 37.581 36.330 39.937 40.988 39.156 41.542 44.686 47.119 46.777 43.591 43.419 40.529 38.491 39.187 38.411 35.075 34.305 35.055 32.341 29.790 30.605 30.351 26.816 25.134 24.837 28.594 30.003 26.818 26.309 28.903 27.767 31.408 32.105 29.174 30.255 34.017 35.178 32.987 34.815 37.931 41.421 40.845 44.247 45.758 44.739 47.217 49.804 53.253 52.390 54.677 52.369
49.656 49.334 49.742 51.631 49.857 51.951 52.198 48.428 48.307 50.943 49.189 45.856 47.774 49.537 46.220 44.974 42.502 44.308 42.165 39.825 36.775 38.428 38.739 42.335 44.046 43.943 40.152 40.389 43.244 41.498 38.353 40.580 42.453 39.550 37.656 40.684 43.741 45.074 45.165 44.250 44.010 41.406 38.538 35.810 33.455 29.932 28.068 25.431 28.331 29.076 32.369 33.564 36.826 39.748 40.944 37.579 35.541 33.520 30.610 30.636 26.911 26.940 30.548 33.173 33.827 35.317 34.818 32.976 29.498 27.285 24.777 26.777 27.293 30.845 30.361 33.874 35.274 37.495 38.149 37.259 40.929 41.911 40.363 42.921 45.960 48.563 48.040 44.932 44.485 41.483 39.741 40.435 39.324 36.026 35.585 36.130 33.160 30.940 31.961 31.326 27.716 26.265 26.481 30.250 31.951 29.009 28.246 31.072 30.286 34.012 34.596 31.820 33.170 36.884 37.847 35.620 37.542 40.718 44.106 43.352 46.654 48.327 47.182 49.488 52.205 55.611 54.563 56.675 54.202
52.452 52.187 52.432 54.302 52.432 54.349 54.613 50.834 50.545 53.064 51.337 47.932 49.650 51.357 48.024 46.601 44.285 46.014 43.681 41.314 38.108 39.787 40.432 44.103 46.011 46.086 42.321 42.629 45.647 44.018 40.923 43.232 45.242 42.463 40.579 43.651 46.709 47.882 48.071 47.025 46.936 44.450 41.649 39.063 36.782 33.314 31.601 28.834 31.612 32.180 35.455 36.545 39.674 42.514 43.653 40.206 38.359 36.157 33.370 33.346 29.607 29.297 32.807 35.522 36.231 37.977 37.425 35.826 32.342 29.990 27.252 29.208 29.358 32.924 32.174 35.744 37.088 39.569 40.477 39.816 43.543 44.322 42.878 45.612 48.510 51.118 50.374 47.232 46.546 43.597 42.014 42.495 41.162 38.015 37.647 37.858 34.810 32.869 33.760 32.748 29.228 27.671 28.260 32.016 34.050 31.273 30.632 33.675 33.119 36.864 37.170 34.358 35.925 39.608 40.325 37.888 39.655 42.981 46.285 45.568 48.745 50.625 49.567 51.717 54.425 57.860 56.781 58.763 56.151
55.787 55.598 55.945 57.879 56.075 58.030 58.237 54.452 54.231 56.730 54.938 51.567 53.320 54.960 51.584 50.214 47.953 49.735 47.415 45.003 41.804 43.529 44.199 47.877 49.763 49.847 46.077 46.340 49.339 47.707 44.580 46.825 48.820 45.998 44.064 47.071 50.173 51.381 51.452 50.370 50.140 47.671 44.752 42.117 39.658 36.218 34.287 31.526 34.209 35.030 38.429 39.731 42.882 45.829 47.099 43.710 41.745 39.518 36.608 36.372 32.597 32.437 35.997 38.553 39.024 40.693 39.878 38.242 34.888 32.298 29.688 31.930 32.194 35.852 35.261 38.904 40.034 42.544 43.356 42.817 46.518 47.410 46.103 48.806 51.731 54.437 53.724 50.657 49.937 46.905 45.421 45.999 44.585 41.411 41.184 41.414 38.284 36.420 37.422 36.356 32.812 31.358 32.015 35.766 37.791 35.011 34.296 37.300 36.692 40.435 40.847 38.042 39.519 43.224 44.027 41.622 43.376 46.692 50.024 49.325 52.518 54.370 53.297 55.468 58.185 61.614 60.521 62.498 59.879
57.489 57.460 57.702 59.708 57.909 59.689 59.795 56.001 55.715 58.036 56.173 52.794 54.415 55.893 52.464 51.032 48.993 50.817 48.425 45.891 42.647 44.525 45.458 49.197 51.154 51.488 47.750 47.924 51.071 49.653 46.497 48.696 50.897 48.241 46.192 49.153 52.325 53.307 53.368 52.071 51.931 49.653 46.758 44.320 41.891 38.570 36.821 33.847 36.310 36.950 40.355 41.627 44.601 47.510 48.827 45.416 43.579 41.114 38.277 37.871 34.099 33.656 37.105 39.647 40.081 41.993 41.068 39.725 36.412 33.660 30.850 33.072 33.006 36.663 35.910 39.602 40.561 43.304 44.326 44.085 47.818 48.531 47.423 50.295 53.060 55.830 54.899 51.872 50.887 47.859 46.620 47.077 45.393 42.356 42.332 42.292 39.040 37.506 38.543 37.129 33.655 32.321 33.386 37.071 39.365 36.827 36.030 39.223 38.927 42.706 42.914 40.214 41.950 45.591 46.151 43.660 45.422 48.809 52.017 51.204 54.262 56.299 55.178 57.155 59.945 63.342 62.114 63.910 61.137
61.212 61.190 61.461 63.465 61.660 63.451 63.573 59.779 59.483 61.806 59.948 56.566 58.163 59.637 56.205 54.751 52.735 54.529 52.091 49.580 46.302 48.142 49.134 52.873 54.877 55.193 51.458 51.678 54.820 53.364 50.228 52.445 54.610 51.912 49.891 52.852 56.019 57.045 57.083 55.797 55.603 53.310 50.368 47.881 45.370 42.042 40.156 37.233 39.682 40.468 43.924 45.283 48.282 51.229 52.577 49.178 47.304 44.853 41.975 41.501 37.720 37.346 40.806 43.286 43.613 45.481 44.422 43.050 39.817 36.956 34.238 36.592 36.576 40.260 39.557 43.268 44.135 46.901 47.888 47.704 51.420 52.181 51.127 53.982 56.758 59.560 58.636 55.630 54.623 51.578 50.376 50.842 49.124 46.099 46.105 46.038 42.773 41.277 42.299 40.841 37.392 36.028 37.102 40.787 43.098 40.530 39.784 42.957 42.592 46.360 46.595 43.839 45.502 49.168 49.774 47.246 48.921 52.335 55.569 54.838 57.899 59.937 58.872 60.867 63.624 67.042 65.848 67.652 64.873
63.140 63.278 63.486 65.570 63.800 65.450 65.459 61.666 61.344 63.501 61.563 58.203 59.703 61.010 57.533 56.063 54.256 56.107 53.645 51.021 47.744 49.728 50.916 54.691 56.719 57.251 53.552 53.664 56.912 55.649 52.479 54.623 56.957 54.402 52.264 55.158 58.392 59.225 59.222 57.744 57.596 55.479 52.544 50.227 47.721 44.512 42.758 39.670 41.910 42.576 46.037 47.404 50.245 53.170 54.585 51.197 49.407 46.764 43.937 43.286 39.533 38.965 42.315 44.729 44.979 47.021 45.837 44.717 41.561 38.564 35.735 38.085 37.827 41.484 40.693 44.421 45.094 48.032 49.164 49.252 52.968 53.597 52.744 55.721 58.356 61.224 60.127 57.188 55.959 52.912 51.943 52.337 50.389 47.486 47.697 47.426 44.064 42.861 43.945 42.220 38.846 37.637 39.032 42.636 45.133 42.777 41.927 45.226 45.113 48.902 49.003 46.361 48.220 51.827 52.249 49.686 51.394 54.842 57.968 57.119 60.065 62.242 61.112 62.941 65.769 69.142 67.818 69.458 66.554
66.753 66.837 66.974 68.988 67.130 68.732 68.825 65.040 64.608 66.766 64.909 61.501 62.892 64.242 60.806 59.219 57.428 59.164 56.584 54.044 50.685 52.565 53.882 57.654 59.809 60.332 56.654 56.894 60.174 58.870 55.776 58.017 60.323 57.760 55.715 58.674 61.858 62.708 62.794 61.349 61.264 59.122 56.223 53.885 51.410 48.161 46.385 43.348 45.646 46.309 49.751 51.060 53.907 56.788 58.123 54.691 52.976 50.352 47.580 47.000 43.251 42.619 45.937 48.409 48.714 50.791 49.623 48.514 45.350 42.362 39.522 41.839 41.515 45.146 44.256 47.962 48.673 51.664 52.867 52.964 56.691 57.264 56.384 59.390 62.000 64.828 63.679 60.699 59.428 56.440 55.463 55.749 53.787 50.953 51.097 50.711 47.394 46.231 47.171 45.365 42.076 40.723 42.135 45.725 48.300 45.934 45.247 48.572 48.426 52.198 52.208 49.470 51.317 54.933 55.316 52.638 54.183 57.697 60.820 60.097 63.006 65.241 64.236 66.048 68.802 72.217 70.963 72.595 69.670
