40.066 40.476 37.146 36.752 35.709 32.247 31.809 32.425 30.266 27.250 28.204 28.681 25.348 23.365 25.560 24.535 27.714 26.364 27.236 28.124 30.437 30.322 31.680 30.071 29.815 33.008 34.972 34.159 34.975 38.164 39.180 38.778 40.817 43.794 43.623 43.502 43.184 39.899 41.816 40.300 43.778 45.538 47.817 50.361 52.987 53.729 57.162 56.368 55.812 52.013 49.873 46.701 44.192 41.488 39.485 39.455 42.937 42.200 45.491 46.983 48.801 45.731 42.593 43.389 46.229 48.521 51.400 53.811 52.974 55.030 53.503 49.943 46.960 44.128 41.483 38.671 40.055 40.251 43.115 43.686 43.665 39.911 39.559 41.141 38.541 36.825 33.620 33.264 31.132 34.181 35.444 32.191 31.740 35.397 35.171 32.460 35.040 37.800 36.097 35.218 38.884 40.023 41.341 38.064 38.593 42.289 42.572 42.702 46.024 45.101 42.056 44.259 46.956 45.127 41.537 41.551 41.831 41.435 38.864 36.720 33.988 36.356 35.655 32.148 33.060 32.327 30.049 26.777 24.517
36.694 37.285 34.063 33.870 33.072 29.660 28.900 29.528 27.650 24.464 25.149 25.862 22.721 20.393 22.570 21.942 25.300 24.285 25.549 26.196 28.789 28.935 29.994 28.383 27.756 31.040 32.976 31.828 32.544 35.898 36.785 36.113 38.221 41.267 40.938 40.615 40.361 36.961 38.688 37.055 40.460 42.374 44.669 47.341 49.984 50.890 54.385 53.611 52.883 49.092 46.864 43.742 41.091 38.351 36.467 36.628 40.058 39.339 42.659 44.043 46.029 43.057 39.795 40.374 43.114 45.298 48.180 50.646 49.968 52.107 50.734 47.136 44.242 41.265 38.796 35.824 37.081 37.082 39.835 40.445 40.265 36.502 36.283 37.769 35.055 33.341 30.129 29.971 27.834 30.947 32.364 29.258 28.841 32.565 32.521 29.994 32.619 35.421 33.958 33.247 36.883 38.298 39.567 36.241 36.586 40.343 40.380 40.377 43.760 42.787 39.914 42.314 44.971 43.111 39.628 39.872 40.438 39.936 37.437 35.020 32.426 34.651 33.609 30.118 31.295 30.482 27.899 24.578 22.236
36.933 37.806 34.753 34.705 34.311 30.893 29.761 30.631 29.146 25.721 26.161 27.318 24.449 21.728 23.896 23.823 27.327 26.635 28.239 28.683 31.457 31.816 32.642 30.993 30.011 33.284 35.271 33.824 34.331 37.838 38.662 37.653 39.748 42.912 42.449 41.817 41.555 38.011 39.458 37.704 40.959 43.158 45.503 48.380 51.042 52.188 55.750 54.975 54.000 50.233 47.910 44.896 42.031 39.245 37.545 38.019 41.356 40.655 43.974 45.142 47.328 44.459 41.063 41.308 43.817 45.868 48.668 51.292 50.881 53.065 51.863 48.265 45.437 42.301 40.066 36.945 37.879 37.672 40.268 41.062 40.585 36.816 36.923 38.209 35.239 33.484 30.333 30.645 28.515 31.676 33.398 30.563 30.123 33.896 34.159 31.839 34.408 37.304 36.138 35.515 39.070 40.751 42.038 38.715 38.916 42.706 42.496 42.367 45.792 44.744 42.066 44.654 47.235 45.303 41.938 42.418 43.169 42.516 40.002 37.428 34.868 36.851 35.580 32.058 33.281 32.166 29.426 25.950 23.856
34.788 35.920 33.067 33.220 33.227 29.891 28.358 29.384 28.339 24.742 24.872 26.445 23.932 20.861 22.985 23.516 27.093 26.779 28.791 29.012 32.023 32.606 33.078 31.403 30.002 33.243 35.233 33.443 33.730 37.374 38.097 36.733 38.813 42.065 41.454 40.512 40.264 36.604 37.762 35.906 39.002 41.444 43.834 46.890 49.578 50.967 54.590 53.864 52.649 48.927 46.485 43.570 40.511 37.679 36.156 36.949 40.174 39.542 42.867 43.863 46.269 43.568 40.044 39.953 42.257 44.113 46.877 49.586 49.436 51.715 50.740 47.130 44.446 41.143 39.192 35.901 36.587 36.090 38.464 39.338 38.567 34.833 35.188 36.246 33.076 31.281 28.229 28.963 26.921 30.129 32.071 29.541 29.179 32.961 33.473 31.461 34.024 36.920 36.065 35.654 39.109 41.072 42.280 38.947 38.914 42.718 42.240 41.924 45.361 44.221 41.788 44.588 47.057 45.062 41.866 42.631 43.640 42.824 40.361 37.572 35.142 36.860 35.273 31.799 33.182 31.865 28.900 25.391 23.459
36.456 37.786 35.108 35.313 35.641 32.323 30.576 31.843 31.089 27.392 27.414 29.301 27.002 23.795 25.898 26.764 30.343 30.171 32.344 32.500 35.577 36.233 36.576 34.851 33.256 36.418 38.471 36.538 36.637 40.337 41.061 39.469 41.471 44.798 44.135 42.951 42.650 38.928 39.864 37.972 40.901 43.559 45.991 49.192 51.891 53.471 57.128 56.419 55.014 51.341 48.831 46.021 42.817 39.964 38.585 39.629 42.757 42.172 45.469 46.295 48.841 46.244 42.654 42.300 44.386 46.100 48.768 51.588 51.670 53.972 53.145 49.563 46.954 43.561 41.811 38.450 38.867 38.205 40.403 41.416 40.383 36.706 37.329 38.172 34.821 32.984 30.089 31.222 29.269 32.454 34.587 32.307 31.954 35.707 36.419 34.577 37.072 39.996 39.331 38.977 42.355 44.460 45.669 42.354 42.223 46.022 45.406 44.990 48.417 47.205 44.917 47.829 50.211 48.147 45.046 45.972 47.050 46.109 43.604 40.775 38.332 39.847 38.176 34.693 36.001 34.424 31.461 27.877 26.258
35.298 36.913 34.512 34.946 35.673 32.516 30.403 31.768 31.465 27.717 27.405 29.612 27.717 24.299 26.231 27.598 31.161 31.345 33.790 33.720 36.923 37.789 37.861 36.175 34.268 37.366 39.363 37.141 37.068 40.838 41.428 39.527 41.511 44.867 44.041 42.574 42.320 38.534 39.137 37.139 39.836 42.722 45.145 48.496 51.172 52.977 56.659 55.976 54.335 50.740 48.157 45.499 42.141 39.307 38.163 39.491 42.447 41.901 45.141 45.754 48.478 46.059 42.393 41.704 43.530 45.044 47.615 50.522 50.876 53.227 52.619 49.072 46.614 43.105 41.653 38.193 38.319 37.403 39.352 40.480 39.160 35.578 36.493 37.104 33.596 31.793 29.061 30.624 28.774 31.890 34.236 32.314 31.992 35.667 36.641 35.094 37.503 40.411 40.059 39.860 43.094 45.439 46.601 43.331 43.025 46.792 45.919 45.365 48.781 47.522 45.489 48.553 50.831 48.751 45.835 46.989 48.297 47.247 44.828 41.835 39.553 40.835 38.894 35.522 36.969 35.257 32.141 28.627 27.181
36.946 38.612 36.345 36.691 37.674 34.519 32.338 34.005 33.893 30.105 29.873 32.355 30.580 27.192 29.244 30.821 34.292 34.453 37.052 37.078 40.370 41.162 41.067 39.229 37.149 40.092 42.232 39.973 39.642 43.415 44.118 42.042 43.840 47.282 46.523 44.839 44.423 40.639 41.116 39.229 41.790 44.815 47.344 50.795 53.536 55.517 59.230 58.657 56.877 53.348 50.653 48.042 44.581 41.675 40.558 42.135 45.041 44.657 47.911 48.471 51.331 49.057 45.349 44.468 46.147 47.457 49.999 52.916 53.468 55.899 55.466 51.930 49.603 46.023 44.757 41.232 41.235 40.112 41.835 42.946 41.370 37.903 38.928 39.253 35.637 33.690 31.231 33.090 31.482 34.622 36.976 35.242 35.086 38.715 39.714 38.362 40.811 43.638 43.354 43.303 46.507 48.899 49.957 46.654 46.184 49.938 49.032 48.307 51.650 50.241 48.328 51.498 53.629 51.417 48.591 49.924 51.220 49.985 47.468 44.506 42.152 43.194 41.258 37.868 39.136 37.142 34.128 30.570 29.508
36.665 38.584 36.625 37.177 38.517 35.557 33.088 34.820 35.109 31.351 30.838 33.546 32.143 28.656 30.517 32.468 35.872 36.321 39.104 38.945 42.303 43.263 42.954 41.167 38.855 41.713 43.783 41.301 40.823 44.615 45.193 42.861 44.618 48.053 47.154 45.219 44.848 41.051 41.203 39.246 41.540 44.753 47.247 50.812 53.508 55.693 59.403 58.857 56.861 53.436 50.694 48.256 44.685 41.833 40.954 42.776 45.488 45.146 48.311 48.661 51.663 49.574 45.835 44.647 46.054 47.152 49.569 52.547 53.364 55.822 55.602 52.130 49.964 46.313 45.338 41.766 41.495 40.149 41.605 42.816 40.975 37.658 38.955 39.044 35.332 33.452 31.221 33.452 31.978 34.986 37.496 36.115 35.985 39.487 40.709 39.627 41.968 44.753 44.746 44.821 47.873 50.455 51.470 48.231 47.619 51.316 50.190 49.350 52.656 51.216 49.546 52.827 54.851 52.639 49.998 51.520 53.006 51.684 49.259 46.179 43.982 44.816 42.667 39.411 40.780 38.690 35.593 32.156 31.259
38.771 40.845 39.116 39.746 41.328 38.478 35.881 37.707 38.227 34.499 33.879 36.721 35.510 32.005 33.773 35.899 39.258 39.827 42.686 42.453 45.828 46.860 46.459 44.680 42.256 45.039 47.100 44.517 43.926 47.711 48.246 45.758 47.448 50.882 49.920 47.807 47.430 43.650 43.580 41.611 43.684 47.030 49.498 53.138 55.793 58.130 61.827 61.298 59.140 55.806 53.044 50.749 47.110 44.310 43.596 45.588 48.158 47.848 50.933 51.117 54.204 52.243 48.499 47.095 48.274 49.214 51.495 54.529 55.560 58.009 57.941 54.539 52.479 48.800 48.026 44.453 43.958 42.488 43.743 45.055 43.015 39.843 41.353 41.256 37.492 35.666 33.647 36.131 34.759 37.646 40.256 39.112 38.980 42.385 43.754 42.823 45.072 47.843 48.001 48.121 51.077 53.763 54.774 51.580 50.898 54.556 53.306 52.399 55.669 54.199 52.682 56.025 57.968 55.738 53.211 54.847 56.410 55.016 52.608 49.499 47.349 48.034 45.811 42.619 43.962 41.751 38.681 35.297 34.583
40.234 42.497 40.838 41.718 43.231 40.455 37.764 39.284 39.803 36.108 35.217 37.844 36.677 33.051 34.496 36.541 40.029 40.800 43.489 42.988 46.210 47.481 47.291 45.773 43.498 46.465 48.301 45.637 45.325 49.134 49.426 46.999 48.937 52.256 51.070 49.063 48.960 45.148 44.964 42.734 44.732 48.093 50.339 53.954 56.425 58.687 62.327 61.572 59.394 56.054 53.476 51.321 47.727 45.127 44.631 46.453 48.913 48.316 51.253 51.225 54.202 52.128 48.435 47.010 48.067 49.182 51.267 54.454 55.475 57.725 57.539 54.233 52.041 48.435 47.627 44.172 43.454 42.204 43.598 45.204 43.301 40.089 41.824 41.978 38.250 36.757 34.520 36.945 35.244 37.908 40.753 39.636 39.143 42.505 44.123 43.036 45.032 47.991 48.298 48.155 51.015 53.794 55.048 51.986 51.538 55.184 53.796 53.127 56.510 55.275 53.739 56.991 59.110 57.076 54.517 55.990 57.663 56.489 54.228 51.032 49.011 49.908 47.596 44.454 46.019 44.031 40.826 37.480 36.440
41.003 43.455 42.083 43.117 44.903 42.307 39.431 40.988 41.811 38.180 37.099 39.865 38.986 35.337 36.630 38.925 42.326 43.298 46.107 45.478 48.731 50.116 49.763 48.286 45.850 48.727 50.502 47.685 47.255 51.049 51.240 48.624 50.509 53.795 52.500 50.297 50.232 46.451 45.989 43.726 45.454 48.946 51.131 54.814 57.218 59.647 63.259 62.527 60.165 56.947 54.354 52.380 48.725 46.208 45.927 47.936 50.204 49.645 52.472 52.251 55.325 53.432 49.748 48.065 48.855 49.765 51.698 54.920 56.183 58.430 58.441 55.226 53.196 49.564 49.022 45.570 44.610 43.186 44.318 46.008 43.888 40.867 42.828 42.772 39.021 37.624 35.630 38.323 36.760 39.262 42.199 41.389 40.922 44.136 45.922 45.064 46.950 49.850 50.381 50.339 53.054 55.971 57.184 54.192 53.632 57.210 55.648 54.888 58.218 56.965 55.641 58.965 60.983 58.958 56.564 58.184 59.998 58.757 56.573 53.304 51.409 52.135 49.677 46.658 48.279 46.222 42.988 39.757 38.858
38.894 41.437 40.308 41.421 43.472 41.062 38.036 39.689 40.815 37.270 36.075 39.034 38.452 34.848 36.092 38.675 41.906 43.019 46.019 45.360 48.707 50.109 49.478 47.958 45.299 48.008 49.779 46.841 46.199 49.952 50.124 47.313 49.059 52.337 51.025 48.615 48.494 44.767 44.098 41.909 43.434 47.014 49.235 52.973 55.401 57.998 61.606 61.012 58.514 55.405 52.711 50.824 47.108 44.581 44.399 46.639 48.772 48.384 51.179 50.907 54.120 52.453 48.757 46.868 47.507 48.149 50.075 53.225 54.680 57.041 57.285 54.091 52.287 48.596 48.311 44.798 43.770 42.063 42.892 44.476 42.118 39.282 41.308 40.959 37.191 35.746 34.060 36.998 35.720 38.172 41.060 40.530 40.269 43.350 45.160 44.612 46.521 49.248 49.922 50.128 52.740 55.738 56.774 53.796 53.009 56.512 54.847 53.889 57.109 55.747 54.641 58.064 59.908 57.829 55.621 57.446 59.372 57.992 55.864 52.547 50.772 51.258 48.668 45.788 47.432 45.291 42.052 38.975 38.285
39.612 42.337 41.529 42.820 45.113 42.928 39.745 41.367 42.784 39.358 37.959 40.988 40.705 37.118 38.164 40.951 44.066 45.388 48.466 47.662 51.001 52.528 51.750 50.309 47.526 50.140 51.806 48.730 48.006 51.708 51.750 48.778 50.479 53.679 52.243 49.666 49.617 45.960 44.999 42.776 43.995 47.667 49.783 53.555 55.880 58.626 62.175 61.599 58.925 55.966 53.288 51.613 47.876 45.479 45.538 47.930 49.834 49.469 52.116 51.637 54.919 53.450 49.798 47.662 48.016 48.444 50.187 53.348 55.043 57.379 57.823 54.748 53.124 49.442 49.433 45.962 44.696 42.835 43.386 45.047 42.501 39.903 42.143 41.601 37.871 36.581 35.157 38.308 37.167 39.402 42.354 42.144 41.891 44.781 46.753 46.435 48.202 50.851 51.755 52.050 54.490 57.612 58.610 55.731 54.850 58.257 56.415 55.388 58.537 57.187 56.306 59.772 61.516 59.481 57.456 59.403 61.477 60.061 58.046 54.665 53.052 53.389 50.656 47.937 49.660 47.510 44.250 41.336 40.740
37.435 40.358 39.830 41.391 43.834 41.912 38.553 39.985 41.671 38.405 36.704 39.707 39.758 36.187 36.929 39.905 42.893 44.490 47.604 46.585 49.878 51.577 50.672 49.397 46.531 49.093 50.562 47.334 46.629 50.275 50.105 47.025 48.777 51.850 50.235 47.576 47.698 44.100 42.875 40.538 41.508 45.230 47.192 50.964 53.163 55.984 59.472 58.868 56.080 53.229 50.603 49.114 45.387 43.149 43.461 45.914 47.593 47.187 49.680 49.019 52.332 51.015 47.417 45.092 45.228 45.519 47.127 50.297 52.138 54.442 55.022 52.042 50.563 46.899 47.117 43.697 42.243 40.264 40.610 42.345 39.701 37.277 39.704 39.080 35.413 34.355 33.075 36.359 35.278 37.268 40.291 40.378 40.088 42.776 44.916 44.807 46.407 48.977 50.118 50.485 52.733 55.974 56.945 54.195 53.258 56.554 54.527 53.486 56.589 55.321 54.641 58.108 59.805 57.887 56.031 58.037 60.294 58.927 57.104 53.627 52.255 52.531 49.616 47.103 49.025 47.016 43.662 40.966 40.302
34.764 37.655 37.290 38.817 41.453 39.678 36.275 37.852 39.746 36.587 34.911 38.082 38.339 34.905 35.710 38.872 41.648 43.253 46.526 45.599 48.984 50.584 49.413 48.026 44.981 47.331 48.860 45.606 44.656 48.230 48.137 44.923 46.470 49.557 48.032 45.206 45.181 41.662 40.344 38.188 39.044 42.792 44.873 48.673 50.971 53.919 57.422 57.025 54.182 51.410 48.635 47.133 43.369 41.044 41.324 43.988 45.612 45.459 47.991 47.420 50.856 49.745 46.137 43.720 43.841 43.868 45.590 48.603 50.545 53.025 53.802 50.789 49.527 45.812 46.197 42.705 41.357 39.099 39.178 40.658 37.811 35.550 37.873 36.933 33.274 32.041 31.105 34.543 33.828 35.858 38.696 38.960 38.980 41.570 43.582 43.753 45.472 47.815 48.969 49.616 51.827 55.051 55.787 53.005 51.823 55.051 53.032 51.761 54.721 53.288 52.767 56.315 57.814 55.795 54.091 56.286 58.567 57.034 55.217 51.761 50.450 50.486 47.525 45.129 46.991 44.890 41.605 39.067 38.650
34.781 37.407 36.710 37.910 40.405 38.356 35.135 36.966 38.602 35.282 33.954 37.214 37.152 33.737 34.919 37.940 40.790 42.087 45.384 44.735 48.215 49.581 48.453 46.839 43.822 46.170 47.943 44.854 43.812 47.438 47.617 44.498 45.938 49.185 47.903 45.149 44.881 41.299 40.304 38.331 39.508 43.188 45.503 49.305 51.802 54.672 58.264 57.965 55.276 52.370 49.481 47.713 43.928 41.364 41.299 43.939 45.842 45.818 48.570 48.283 51.719 50.472 46.788 44.596 45.028 45.168 47.137 50.081 51.828 54.421 55.071 51.907 50.529 46.764 46.905 43.311 42.266 40.057 40.333 41.618 38.857 36.391 38.418 37.510 33.768 32.181 31.128 34.436 33.757 36.124 38.807 38.751 38.933 41.745 43.498 43.513 45.491 47.844 48.710 49.383 51.817 54.891 55.563 52.611 51.405 54.746 52.959 51.629 54.605 53.024 52.301 55.873 57.372 55.188 53.323 55.504 57.583 55.949 53.920 50.569 49.009 49.052 46.275 43.677 45.318 43.050 39.865 37.127 36.842
32.116 34.577 33.633 34.694 37.052 34.868 31.727 33.621 35.108 31.722 30.539 33.820 33.618 30.230 31.590 34.551 37.402 38.560 41.875 41.362 44.893 46.132 44.998 43.287 40.283 42.638 44.504 41.500 40.441 44.095 44.396 41.358 42.782 46.103 44.946 42.284 41.917 38.285 37.520 35.624 37.060 40.662 43.115 46.896 49.523 52.295 55.947 55.704 53.161 50.143 47.184 45.212 41.432 38.713 38.418 41.001 43.091 43.138 46.042 45.980 49.400 48.058 44.330 42.326 43.021 43.264 45.455 48.323 49.875 52.559 53.099 49.812 48.360 44.566 44.531 40.867 40.087 37.899 38.327 39.434 36.780 34.144 35.922 35.084 31.304 29.499 28.314 31.497 30.845 33.430 35.981 35.720 36.032 38.968 40.529 40.476 42.626 44.946 45.630 46.355 48.913 51.883 52.485 49.438 48.207 51.603 49.959 48.599 51.589 49.943 49.088 52.659 54.178 51.928 49.965 52.117 54.103 52.448 50.346 47.031 45.385 45.470 42.760 40.080 41.681 39.415 36.226 33.425 33.122
32.219 34.548 33.247 34.211 36.241 33.808 30.810 32.603 33.739 30.203 29.144 32.263 31.720 28.232 29.709 32.420 35.474 36.480 39.659 39.200 42.696 43.898 43.006 41.302 38.489 41.044 42.940 40.049 39.208 42.940 43.284 40.455 42.046 45.408 44.288 41.869 41.549 37.822 37.348 35.367 37.122 40.613 43.072 46.797 49.445 52.017 55.701 55.336 52.974 49.795 46.907 44.770 41.038 38.269 37.798 40.127 42.428 42.317 45.319 45.387 48.681 47.078 43.322 41.577 42.526 43.080 45.369 48.294 49.585 52.201 52.478 49.110 47.409 43.637 43.293 39.630 39.013 37.087 37.882 39.041 36.666 33.750 35.387 34.896 31.099 29.281 27.668 30.567 29.600 32.346 34.932 34.312 34.464 37.605 39.091 38.716 40.926 43.415 43.908 44.432 47.144 50.023 50.766 47.658 46.625 50.130 48.619 47.437 50.560 49.002 47.884 51.374 53.084 50.868 48.681 50.630 52.503 50.978 48.806 45.515 43.733 44.084 41.493 38.634 40.247 38.082 34.840 31.838 31.270
31.545 33.539 31.878 32.503 34.292 31.600 28.855 30.830 31.640 27.992 27.328 30.450 29.567 26.174 28.038 30.537 33.602 34.269 37.437 37.277 40.834 41.775 40.923 39.010 36.262 38.800 40.910 38.226 37.327 41.070 41.673 39.002 40.494 43.965 43.096 40.817 40.285 36.544 36.439 34.663 36.741 40.077 42.720 46.381 49.192 51.633 55.369 55.101 52.935 49.650 46.687 44.297 40.613 37.651 36.822 39.056 41.620 41.635 44.824 45.199 48.442 46.723 42.945 41.477 42.748 43.412 45.933 48.735 49.792 52.498 52.642 49.151 47.363 43.596 43.005 39.296 39.037 37.187 38.168 39.082 36.866 33.798 35.064 34.646 30.875 28.755 27.025 29.658 28.752 31.792 34.131 33.172 33.513 36.822 37.988 37.466 39.928 42.368 42.546 43.113 46.022 48.707 49.358 46.105 45.052 48.634 47.380 46.155 49.265 47.587 46.261 49.734 51.443 49.098 46.756 48.657 50.319 48.726 46.374 43.206 41.202 41.595 39.206 36.170 37.582 35.324 32.185 29.007 28.515
32.153 34.029 32.071 32.654 34.064 31.182 28.618 30.370 30.797 27.064 26.487 29.326 28.093 24.624 26.526 28.691 31.963 32.495 35.455 35.306 38.773 39.710 39.156 37.319 34.830 37.593 39.664 37.107 36.503 40.289 40.875 38.458 40.154 43.601 42.729 40.735 40.318 36.527 36.681 34.792 37.124 40.315 42.887 46.453 49.225 51.441 55.173 54.750 52.767 49.352 46.514 44.013 40.424 37.489 36.543 38.462 41.184 40.990 44.217 44.681 47.755 45.777 42.014 40.815 42.300 43.282 45.842 48.694 49.494 52.086 51.959 48.430 46.394 42.695 41.797 38.145 38.024 36.490 37.834 38.831 36.935 33.641 34.788 34.758 31.048 29.032 26.880 29.150 27.879 30.988 33.360 32.050 32.160 35.630 36.744 35.868 38.330 40.948 40.953 41.267 44.298 46.888 47.716 44.444 43.641 47.306 46.169 45.176 48.415 46.885 45.305 48.652 50.576 48.323 45.768 47.416 48.979 47.576 45.204 42.064 39.968 40.683 38.416 35.245 36.711 34.649 31.462 28.134 27.269
32.188 33.690 31.381 31.598 32.681 29.544 27.335 29.212 29.223 25.429 25.323 28.059 26.416 23.127 25.428 27.257 30.511 30.633 33.516 33.705 37.190 37.828 37.361 35.320 32.969 35.711 37.987 35.699 35.079 38.834 39.684 37.489 39.083 42.601 41.993 40.192 39.579 35.824 36.370 34.704 37.331 40.314 43.027 46.484 49.384 51.437 55.190 54.854 53.089 49.590 46.716 43.987 40.496 37.415 36.118 37.881 40.845 40.763 44.140 44.907 47.889 45.796 42.055 41.162 42.955 44.048 46.802 49.515 50.070 52.719 52.448 48.828 46.711 43.060 41.909 38.263 38.509 37.092 38.615 39.370 37.673 34.278 35.038 35.110 31.503 29.254 27.010 28.915 27.704 31.042 33.120 31.449 31.732 35.329 36.090 35.036 37.728 40.279 39.938 40.268 43.487 45.842 46.583 43.184 42.394 46.116 45.267 44.261 47.471 45.846 44.039 47.327 49.258 46.897 44.178 45.733 47.050 45.605 43.055 40.075 37.742 38.541 36.535 33.188 34.421 32.309 29.273 25.772 24.941
31.918 33.268 30.712 30.908 31.589 28.349 26.354 27.931 27.561 23.777 23.753 26.129 24.170 20.892 23.202 24.649 28.035 28.020 30.679 30.886 34.266 34.883 34.680 32.735 30.655 33.587 35.783 33.639 33.319 37.069 37.882 35.963 37.741 41.188 40.583 39.086 38.597 34.849 35.646 33.909 36.756 39.539 42.163 45.484 48.335 50.151 53.875 53.418 51.858 48.262 45.516 42.684 39.332 36.303 34.887 36.317 39.408 39.154 42.550 43.435 46.233 43.929 40.241 39.641 41.657 43.020 45.825 48.520 48.805 51.356 50.841 47.196 44.889 41.337 39.900 36.341 36.789 35.661 37.495 38.249 36.887 33.337 33.907 34.338 30.873 28.745 26.163 27.634 26.135 29.499 31.512 29.510 29.621 33.319 33.965 32.603 35.304 37.958 37.430 37.558 40.876 43.106 43.972 40.568 39.999 43.767 43.047 42.251 45.548 44.073 42.041 45.185 47.302 45.054 42.160 43.465 44.696 43.452 40.929 37.981 35.616 36.734 34.837 31.424 32.752 30.924 27.849 24.307 23.043
33.860 34.848 32.020 31.813 32.167 28.702 27.161 28.882 28.069 24.319 24.845 27.049 24.664 21.719 24.390 25.389 28.682 28.165 30.647 31.261 34.585 34.840 34.783 32.621 30.762 33.615 36.034 34.239 33.894 37.548 38.656 36.990 38.611 42.100 41.786 40.476 39.770 36.115 37.267 35.785 38.834 41.416 44.152 47.354 50.303 51.972 55.691 55.319 53.954 50.315 47.555 44.552 41.317 38.190 36.470 37.745 41.027 40.886 44.380 45.521 48.211 45.818 42.189 41.863 44.104 45.543 48.470 51.041 51.133 53.709 53.072 49.382 47.011 43.540 41.888 38.388 39.128 38.129 40.084 40.643 39.440 35.865 36.120 36.603 33.266 30.961 28.400 29.544 28.145 31.631 33.347 31.044 31.301 35.054 35.355 33.814 36.689 39.259 38.377 38.486 41.963 43.919 44.711 41.210 40.682 44.474 44.069 43.274 46.507 44.939 42.687 45.735 47.837 45.480 42.431 43.618 44.536 43.246 40.515 37.809 35.161 36.353 34.817 31.236 32.209 30.299 27.513 23.819 22.690
33.558 34.318 31.271 30.976 30.901 27.374 26.148 27.583 26.351 22.718 23.435 25.218 22.500 19.758 22.472 22.982 26.281 25.515 27.731 28.470 31.666 31.797 31.981 29.869 28.319 31.284 33.650 32.081 31.994 35.574 36.701 35.350 37.074 40.471 40.227 39.234 38.597 35.018 36.447 34.992 38.233 40.563 43.227 46.254 49.168 50.592 54.262 53.829 52.695 48.993 46.348 43.236 40.183 37.105 35.226 36.168 39.566 39.329 42.835 44.147 46.642 44.090 40.555 40.549 43.023 44.668 47.661 50.141 49.960 52.462 51.613 47.911 45.411 42.071 40.155 36.774 37.784 37.039 39.233 39.698 38.821 35.173 35.159 35.931 32.804 30.588 27.821 28.487 26.935 30.413 31.933 29.314 29.500 33.283 33.365 31.560 34.476 37.050 35.920 35.888 39.459 41.219 42.061 38.552 38.203 42.006 41.792 41.166 44.424 42.967 40.498 43.381 45.618 43.350 40.146 41.090 41.870 40.754 38.036 35.421 32.726 34.212 32.850 29.234 30.234 28.626 25.891 22.234 20.721
35.845 36.303 33.051 32.479 31.999 28.369 27.615 28.968 27.276 23.834 24.955 26.362 23.277 20.960 23.786 23.720 26.880 25.653 27.498 28.567 31.560 31.373 31.842 29.662 28.504 31.426 33.868 32.689 32.740 36.159 37.466 36.464 38.124 41.456 41.427 40.718 39.996 36.555 38.298 37.008 40.405 42.490 45.152 48.004 50.928 52.134 55.751 55.322 54.421 50.685 48.119 44.891 42.022 38.956 36.862 37.529 41.052 40.815 44.339 45.853 48.158 45.478 42.063 42.370 45.046 46.835 49.887 52.262 51.844 54.290 53.256 49.555 46.951 43.758 41.594 38.357 39.625 39.108 41.474 41.817 41.188 37.524 37.245 38.180 35.244 33.018 30.211 30.485 28.923 32.380 33.644 30.741 30.933 34.699 34.487 32.435 35.406 37.923 36.456 36.291 39.969 41.424 42.271 38.743 38.559 42.340 42.434 41.928 45.134 43.705 40.997 43.686 45.978 43.716 40.352 41.051 41.520 40.495 37.664 35.318 32.427 34.120 33.142 29.455 30.183 28.708 26.289 22.655 21.097
36.260 36.491 33.092 32.439 31.529 27.932 27.541 28.565 26.469 23.296 24.594 25.487 22.135 20.202 22.940 22.285 25.319 23.794 25.226 26.458 29.215 28.847 29.622 27.536 26.804 29.776 32.115 31.241 31.577 34.836 36.153 35.518 37.251 40.432 40.487 40.120 39.474 36.174 38.168 36.933 40.459 42.265 44.821 47.462 50.320 51.264 54.798 54.312 53.657 49.894 47.471 44.171 41.527 38.559 36.336 36.643 40.232 39.902 43.388 45.065 47.139 44.323 41.055 41.694 44.570 46.541 49.626 51.886 51.195 53.545 52.304 48.627 45.917 42.902 40.490 37.434 38.963 38.715 41.279 41.521 41.220 37.548 37.008 38.208 35.529 33.431 30.506 30.307 28.644 31.995 33.022 29.855 29.970 33.676 33.220 30.913 33.872 36.343 34.606 34.278 38.015 39.212 40.103 36.608 36.636 40.378 40.699 40.387 43.575 42.282 39.364 41.830 44.244 42.104 38.604 39.011 39.297 38.484 35.695 33.508 30.599 32.605 31.865 28.222 28.939 27.842 25.577 22.132 20.232
32.690 32.802 29.362 28.676 27.729 24.145 23.780 24.793 22.681 19.508 20.909 21.842 18.483 16.641 19.574 19.016 21.937 20.384 22.093 23.416 26.384 25.963 26.429 24.199 23.240 26.174 28.584 27.642 27.853 31.142 32.507 31.810 33.483 36.697 36.801 36.401 35.694 32.414 34.469 33.339 36.908 38.644 41.265 43.887 46.813 47.789 51.343 50.981 50.327 46.587 44.076 40.716 38.076 35.035 32.710 33.077 36.703 36.530 40.083 41.875 44.018 41.320 38.034 38.668 41.606 43.454 46.643 48.775 48.084 50.552 49.419 45.701 43.133 40.079 37.757 34.630 36.309 35.891 38.336 38.365 38.040 34.431 33.707 34.812 32.212 30.017 27.187 26.885 25.437 28.873 29.698 26.537 26.931 30.610 29.996 27.883 31.015 33.307 31.556 31.510 35.254 36.481 37.158 33.582 33.379 37.130 37.443 36.954 40.091 38.685 35.830 38.400 40.722 38.507 35.059 35.622 36.006 35.073 32.290 29.988 27.120 29.040 28.170 24.529 25.364 24.300 21.898 18.483 16.473
29.985 29.920 26.440 25.520 24.703 21.023 20.702 22.095 20.084 16.809 18.544 19.870 16.617 14.928 18.280 18.117 20.755 19.121 21.308 22.862 26.108 25.509 25.438 22.854 21.444 24.105 26.803 25.803 25.561 28.877 30.482 29.577 30.962 34.326 34.618 34.007 33.022 29.755 31.865 31.000 34.580 36.329 39.161 41.838 44.933 46.065 49.674 49.562 48.835 45.156 42.439 39.004 36.285 33.055 30.562 31.221 34.889 35.068 38.736 40.661 42.984 40.526 37.185 37.686 40.616 42.183 45.506 47.491 46.918 49.596 48.697 44.926 42.608 39.456 37.356 34.095 35.865 35.098 37.258 37.005 36.460 32.977 32.086 32.848 30.232 27.729 25.208 25.032 24.064 27.674 28.257 25.249 26.140 29.757 28.956 27.253 30.615 32.614 30.881 31.293 35.005 36.263 36.589 32.905 32.281 36.008 36.335 35.480 38.467 36.767 34.064 36.833 38.891 36.439 33.115 34.021 34.433 33.155 30.235 27.897 24.940 26.485 25.547 21.829 22.511 21.113 18.688 15.121 13.510
26.974 27.192 23.882 23.246 22.907 19.311 18.397 19.946 18.490 14.905 16.214 18.084 15.281 13.047 16.408 17.004 19.764 18.696 21.381 22.552 26.047 25.804 25.345 22.831 20.889 23.573 26.195 24.718 24.260 27.781 29.202 27.870 29.304 32.771 32.845 31.896 30.968 27.526 29.323 28.315 31.773 33.780 36.662 39.535 42.657 44.033 47.713 47.631 46.662 43.016 40.178 36.835 33.903 30.610 28.296 29.298 32.860 33.094 36.777 38.530 41.078 38.782 35.306 35.478 38.225 39.608 42.915 44.973 44.643 47.417 46.734 42.947 40.771 37.453 35.632 32.197 33.750 32.692 34.639 34.435 33.615 30.152 29.467 30.013 27.192 24.612 22.156 22.384 21.525 25.228 26.018 23.315 24.309 27.945 27.414 26.044 29.393 31.404 30.036 30.658 34.247 35.830 36.106 32.436 31.579 35.323 35.314 34.279 37.309 35.543 33.122 36.131 38.101 35.622 32.497 33.716 34.492 33.089 30.312 27.654 24.955 26.210 24.783 21.156 22.194 20.621 17.760 14.153 12.610
24.872 24.655 21.158 20.190 19.542 15.869 15.387 16.997 15.230 11.809 13.744 15.506 12.591 11.058 14.747 15.195 17.428 16.012 18.864 20.406 23.966 23.395 22.595 19.800 17.712 20.142 22.973 21.692 21.003 24.417 26.094 24.879 26.080 29.565 29.910 29.066 27.922 24.635 26.741 26.082 29.664 31.393 34.384 37.103 40.330 41.622 45.277 45.398 44.578 40.981 38.072 34.594 31.808 28.424 25.810 26.770 30.430 30.952 34.705 36.741 39.252 37.093 33.716 34.058 36.965 38.219 41.673 43.464 43.005 45.893 45.264 41.463 39.461 36.225 34.424 31.046 32.924 31.765 33.584 32.987 32.264 28.963 27.844 28.280 25.738 22.992 20.798 20.648 20.254 23.973 24.239 21.474 22.943 26.401 25.435 24.294 27.849 29.482 27.902 28.873 32.450 33.837 33.779 30.041 28.919 32.593 32.791 31.541 34.397 32.447 30.004 33.030 34.836 32.222 29.112 30.443 31.123 29.549 26.691 24.092 21.319 22.457 21.111 17.442 18.394 16.862 14.019 10.437 8.885
25.767 25.568 22.031 21.329 20.212 16.729 16.442 17.249 15.042 11.929 13.597 14.499 11.132 9.700 13.106 12.780 15.256 13.699 16.138 17.605 21.009 20.515 20.181 17.678 16.115 18.981 21.483 20.345 20.302 23.664 25.084 24.270 25.855 29.110 29.293 28.870 28.084 24.866 27.089 26.193 29.864 31.374 34.096 36.632 39.680 40.684 44.260 44.150 43.531 39.854 37.185 33.702 31.121 27.957 25.393 25.837 29.533 29.704 33.375 35.433 37.684 35.264 31.990 32.650 35.722 37.305 40.702 42.518 41.788 44.483 43.569 39.795 37.562 34.482 32.370 29.161 31.192 30.431 32.595 32.115 31.807 28.395 27.191 28.124 25.810 23.469 20.885 20.199 19.314 22.853 23.113 19.983 21.072 24.583 23.563 21.960 25.438 27.249 25.488 26.113 29.791 31.067 31.252 27.548 26.812 30.546 30.823 29.952 32.967 31.344 28.641 31.432 33.563 31.228 27.913 28.823 29.492 28.334 25.661 23.035 20.388 22.133 20.859 17.292 18.604 17.811 14.966 11.837 9.215
25.341 25.693 22.416 22.328 21.617 18.374 17.359 17.859 16.216 12.889 13.510 14.556 11.619 9.080 11.953 12.116 15.263 14.580 17.051 17.719 21.140 21.320 21.158 19.176 17.531 20.738 22.796 21.152 21.411 24.972 25.883 24.809 26.801 29.991 29.696 29.125 28.741 25.305 27.090 25.687 29.213 31.015 33.545 36.254 39.142 40.254 43.860 43.495 42.673 38.946 36.366 33.065 30.314 27.292 25.146 25.641 29.171 28.974 32.548 34.250 36.571 34.044 30.637 31.065 33.957 35.673 38.915 41.005 40.417 42.997 42.061 38.302 35.926 32.731 30.668 27.361 29.044 28.344 30.631 30.553 30.187 26.605 25.847 26.969 24.416 22.374 19.421 19.039 17.600 21.103 21.951 18.952 19.523 23.217 22.771 21.042 24.268 26.489 25.153 25.485 29.086 30.746 31.287 27.708 27.190 30.988 30.839 30.186 33.438 32.082 29.534 32.377 34.706 32.612 29.390 30.267 31.317 30.396 28.031 25.115 22.857 24.667 22.962 19.610 21.408 20.731 17.544 14.545 11.745
23.323 24.175 21.217 21.637 21.511 18.524 16.754 17.241 16.391 12.875 12.577 14.190 12.064 8.699 11.084 12.324 15.658 15.841 18.641 18.693 22.218 22.906 22.466 20.750 18.680 21.885 23.702 21.512 21.661 25.392 25.958 24.415 26.562 29.780 29.124 28.190 28.011 24.378 25.674 23.934 27.253 29.410 31.893 34.840 37.677 39.053 42.719 42.288 41.165 37.465 34.817 31.695 28.689 25.687 23.911 24.752 28.075 27.786 31.306 32.688 35.239 32.838 29.270 29.274 31.897 33.486 36.639 38.913 38.614 41.230 40.489 36.735 34.446 31.059 29.302 25.808 27.102 26.139 28.264 28.417 27.754 24.120 23.781 24.769 21.916 19.961 16.902 17.092 15.508 19.058 20.390 17.819 18.253 21.988 22.064 20.655 23.698 26.057 25.250 25.661 29.058 31.128 31.742 28.275 27.630 31.405 30.811 30.077 33.411 32.099 29.888 32.922 35.207 33.183 30.206 31.330 32.772 31.817 29.674 26.483 24.571 26.110 23.935 20.804 22.936 22.142 18.648 15.785 13.189
25.262 26.507 23.806 24.404 24.669 21.709 19.637 20.347 19.866 16.268 15.700 17.588 15.752 12.236 14.204 15.689 19.153 19.558 22.265 22.094 25.515 26.414 26.111 24.514 22.446 25.640 27.407 25.081 25.190 28.958 29.405 27.662 29.834 33.070 32.240 31.084 30.982 27.255 28.203 26.252 29.333 31.798 34.220 37.339 40.094 41.640 45.319 44.771 43.434 39.759 37.135 34.202 31.036 28.115 26.658 27.698 30.839 30.405 33.812 34.870 37.516 35.116 31.476 31.176 33.510 35.084 38.051 40.571 40.513 43.049 42.372 38.672 36.328 32.852 31.238 27.700 28.543 27.551 29.629 30.162 29.256 25.581 25.756 26.648 23.503 21.658 18.598 19.383 17.593 20.999 22.827 20.571 20.653 24.389 24.914 23.505 26.274 28.868 28.345 28.549 31.844 34.108 34.934 31.570 31.037 34.796 33.995 33.336 36.726 35.482 33.403 36.467 38.765 36.779 33.879 35.036 36.546 35.597 33.455 30.251 28.333 29.774 27.553 24.415 26.451 25.398 21.921 18.876 16.629
25.120 26.866 24.574 25.699 26.295 23.688 21.185 21.590 21.624 18.189 16.865 18.742 17.521 13.776 14.882 16.792 20.322 21.369 24.029 23.286 26.578 27.956 27.666 26.467 24.345 27.604 29.001 26.340 26.615 30.400 30.423 28.468 30.881 33.972 32.742 31.440 31.694 27.913 28.382 26.028 28.799 31.497 33.671 36.902 39.454 41.122 44.773 44.023 42.465 38.832 36.318 33.658 30.388 27.705 26.742 27.857 30.692 29.969 33.171 33.823 36.531 34.157 30.471 29.845 31.863 33.463 36.204 38.958 39.107 41.520 40.907 37.292 34.927 31.383 29.977 26.422 26.786 25.773 27.820 28.763 27.741 24.045 24.754 25.727 22.443 21.030 17.836 19.020 16.868 19.947 22.318 20.479 20.107 23.742 24.841 23.541 25.917 28.722 28.680 28.723 31.773 34.360 35.406 32.250 31.825 35.511 34.321 33.801 37.286 36.265 34.426 37.499 39.870 38.102 35.379 36.549 38.367 37.572 35.706 32.325 30.748 32.166 29.653 26.776 29.113 28.192 24.572 21.778 19.485
26.795 28.868 26.879 28.150 29.117 26.593 23.852 24.456 24.833 21.372 19.903 22.029 21.071 17.304 18.250 20.385 23.866 25.065 27.759 26.895 30.138 31.644 31.322 30.164 27.940 31.121 32.503 29.707 29.855 33.651 33.591 31.418 33.784 36.883 35.521 33.971 34.261 30.445 30.569 28.098 30.569 33.529 35.647 39.022 41.495 43.364 47.008 46.206 44.414 40.867 38.355 35.912 32.512 29.920 29.252 30.605 33.227 32.463 35.531 35.878 38.698 36.439 32.729 31.761 33.426 34.889 37.421 40.355 40.796 43.157 42.695 39.172 36.873 33.270 32.125 28.571 28.489 27.349 29.187 30.421 29.104 25.515 26.682 27.442 23.966 22.662 19.683 21.397 19.303 22.149 24.825 23.375 22.869 26.359 27.786 26.649 28.794 31.664 31.898 31.895 34.788 37.539 38.670 35.615 35.176 38.808 37.423 36.879 40.352 39.341 37.690 40.823 43.133 41.371 38.774 40.055 41.965 41.113 39.259 35.845 34.297 35.553 32.954 30.111 32.390 31.254 27.639 24.782 22.782
28.832 31.166 29.407 30.986 31.945 29.620 26.799 27.039 27.501 24.222 22.407 24.201 23.427 19.650 20.000 22.011 25.560 27.071 29.496 28.232 31.215 33.067 32.995 32.215 30.195 33.512 34.567 31.677 32.149 35.895 35.499 33.385 36.004 38.905 37.248 35.792 36.428 32.649 32.534 29.759 32.003 34.989 36.780 40.115 42.318 44.127 47.676 46.595 44.735 41.220 38.956 36.765 33.435 31.170 30.879 32.040 34.419 33.280 36.090 36.091 38.781 36.418 32.784 31.717 33.140 34.797 37.031 40.180 40.664 42.765 42.193 38.811 36.367 32.848 31.721 28.332 27.846 26.986 28.966 30.645 29.468 25.895 27.456 28.499 25.115 24.341 21.221 22.905 20.397 22.770 25.807 24.529 23.467 26.810 28.652 27.366 29.077 32.191 32.704 32.354 35.054 37.964 39.409 36.577 36.428 39.989 38.382 38.136 41.708 41.003 39.408 42.409 44.888 43.387 40.830 41.930 43.989 43.395 41.756 38.278 36.935 38.367 35.683 32.988 35.463 34.550 30.886 28.161 25.936
31.480 34.027 32.491 34.166 35.335 33.067 30.127 30.462 31.100 27.815 25.935 27.826 27.173 23.390 23.658 25.733 29.258 30.847 33.248 31.895 34.800 36.751 36.714 35.992 33.950 37.241 38.263 35.305 35.737 39.477 39.004 36.780 39.386 42.262 40.495 38.905 39.598 35.822 35.467 32.610 34.600 37.735 39.421 42.822 44.908 46.831 50.337 49.170 47.145 43.725 41.529 39.548 36.175 34.044 33.990 35.261 37.458 36.242 38.895 38.627 41.339 39.052 35.459 34.160 35.267 36.844 38.827 42.122 42.825 44.808 44.322 41.073 38.665 35.173 34.237 30.938 30.079 29.215 31.037 32.982 31.644 28.220 30.123 31.052 27.614 26.995 24.060 26.017 23.544 25.673 28.887 27.865 26.670 29.859 31.932 30.717 32.209 35.377 36.086 35.641 38.199 41.212 42.764 40.040 39.938 43.446 41.698 41.491 45.058 44.407 42.932 45.940 48.404 46.943 44.464 45.598 47.717 47.123 45.505 42.009 40.686 42.050 39.322 36.646 39.088 38.057 34.403 31.631 29.553
34.564 37.228 35.800 37.612 38.727 36.532 33.602 33.735 34.345 31.153 29.154 30.806 30.174 26.424 26.404 28.284 31.841 33.544 35.705 34.136 36.806 38.952 39.156 38.680 36.836 40.224 41.049 38.091 38.757 42.451 41.783 39.654 42.418 45.155 43.218 41.736 42.645 38.911 38.447 35.424 37.267 40.376 41.817 45.148 47.014 48.853 52.256 50.862 48.820 45.446 43.481 41.698 38.428 36.551 36.724 37.817 39.851 38.362 40.797 40.277 42.826 40.448 36.977 35.660 36.569 38.309 40.006 43.447 44.158 45.879 45.273 42.186 39.653 36.306 35.355 32.275 31.122 30.560 32.492 34.761 33.581 30.226 32.359 33.499 30.188 29.910 26.914 28.770 26.058 27.840 31.222 30.269 28.695 31.738 34.048 32.677 33.830 37.161 38.019 37.267 39.675 42.743 44.556 42.015 42.170 45.615 43.755 43.801 47.427 47.009 45.534 48.412 51.011 49.740 47.258 48.222 50.395 50.000 48.503 44.998 43.767 45.283 42.553 39.934 42.460 41.562 37.898 35.156 32.932
36.499 39.360 38.189 40.117 41.482 39.397 36.312 36.536 37.394 34.217 32.110 33.916 33.491 29.727 29.641 31.713 35.192 37.017 39.259 37.616 40.282 42.506 42.610 42.153 40.189 43.502 44.302 41.231 41.787 45.472 44.730 42.436 45.150 47.864 45.825 44.161 45.107 41.391 40.662 37.594 39.162 42.414 43.774 47.173 48.943 50.937 54.297 52.879 50.647 47.403 45.462 43.891 40.567 38.798 39.196 40.462 42.301 40.817 43.110 42.349 44.965 42.752 39.319 37.731 38.312 39.871 41.340 44.866 45.836 47.492 47.057 44.105 41.710 38.376 37.701 34.680 33.208 32.518 34.182 36.614 35.220 32.072 34.488 35.431 32.086 31.919 29.165 31.308 28.735 30.329 33.818 33.168 31.599 34.470 36.959 35.783 36.789 40.076 41.146 40.441 42.688 45.870 47.686 45.234 45.325 48.700 46.683 46.678 50.259 49.843 48.550 51.477 54.000 52.742 50.391 51.465 53.737 53.288 51.830 48.280 47.112 48.489 45.662 43.106 45.632 44.620 40.944 38.223 36.165
40.293 43.122 41.876 43.739 45.001 42.814 39.824 40.046 40.740 37.523 35.525 37.217 36.605 32.854 32.805 34.642 38.205 39.920 41.989 40.355 42.892 45.121 45.454 45.050 43.258 46.656 47.453 44.475 45.153 48.838 48.101 45.924 48.692 51.392 49.352 47.790 48.765 45.046 44.387 41.299 42.894 46.105 47.399 50.749 52.442 54.348 57.660 56.122 53.941 50.697 48.879 47.345 44.091 42.390 42.784 43.920 45.775 44.167 46.397 45.581 48.065 45.738 42.384 40.895 41.453 43.147 44.484 48.066 48.976 50.469 49.899 47.035 44.514 41.300 40.506 37.630 36.104 35.660 37.453 40.006 38.744 35.593 38.021 39.094 35.799 35.682 32.857 34.879 32.179 33.718 37.222 36.449 34.714 37.590 40.095 38.714 39.611 43.013 44.025 43.092 45.342 48.465 50.454 48.054 48.339 51.724 49.751 49.907 53.537 53.218 51.819 54.659 57.284 56.081 53.639 54.572 56.769 56.420 54.930 51.430 50.182 51.689 48.961 46.322 48.792 47.784 44.147 41.317 39.201
41.487 44.338 43.116 45.126 46.211 44.133 41.197 41.089 41.695 38.638 36.489 37.839 37.266 33.592 33.201 34.810 38.351 40.202 41.998 40.127 42.396 44.819 45.381 45.276 43.718 47.214 47.749 44.798 45.778 49.382 48.423 46.421 49.386 51.902 49.704 48.355 49.582 45.931 45.260 42.018 43.572 46.644 47.681 50.888 52.366 54.084 57.279 55.514 53.425 50.199 48.637 47.236 44.152 42.704 43.253 44.108 45.839 43.948 45.977 45.010 47.265 44.810 41.611 40.237 40.735 42.665 43.803 47.447 48.219 49.453 48.684 45.960 43.291 40.267 39.369 36.739 35.078 34.996 36.988 39.752 38.791 35.659 38.148 39.537 36.446 36.662 33.674 35.428 32.465 33.693 37.269 36.484 34.399 37.125 39.780 38.226 38.808 42.324 43.436 42.214 44.309 47.435 49.654 47.453 48.007 51.306 49.260 49.697 53.377 53.325 51.893 54.554 57.336 56.366 53.914 54.627 56.881 56.784 55.477 51.971 50.882 52.593 49.858 47.331 49.958 49.216 45.548 42.838 40.462
38.095 41.003 39.897 42.060 43.176 41.276 38.263 37.983 38.734 35.813 33.457 34.748 34.414 30.768 30.135 31.890 35.328 37.387 39.237 37.215 39.491 42.026 42.447 42.444 40.812 44.263 44.662 41.612 42.613 46.174 45.083 43.035 46.043 48.475 46.182 44.825 46.159 42.551 41.781 38.470 39.949 42.999 43.960 47.150 48.587 50.319 53.506 51.749 49.631 46.418 44.858 43.504 40.430 39.055 39.717 40.571 42.200 40.284 42.266 41.253 43.545 41.153 37.940 36.488 36.952 38.857 40.016 43.651 44.439 45.717 45.005 42.258 39.651 36.579 35.779 33.112 31.393 31.231 33.184 35.961 35.008 31.899 34.441 35.859 32.829 33.197 30.213 31.959 28.985 30.072 33.694 33.061 30.951 33.580 36.329 34.920 35.436 38.898 40.151 39.031 41.032 44.249 46.403 44.250 44.727 47.969 45.817 46.222 49.878 49.862 48.541 51.212 53.959 53.051 50.703 51.465 53.841 53.762 52.586 49.018 48.103 49.768 46.916 44.543 47.310 46.693 42.972 40.446 38.010
35.384 38.178 36.962 39.134 40.071 38.210 35.284 34.809 35.451 32.631 30.228 31.319 30.981 27.395 26.612 28.264 31.687 33.790 35.562 33.478 35.716 38.283 38.735 38.815 37.268 40.751 41.060 38.046 39.177 42.702 41.569 39.638 42.724 45.102 42.817 41.610 43.001 39.420 38.782 35.457 37.083 40.000 40.950 44.067 45.532 47.139 50.342 48.584 46.601 43.299 41.746 40.276 37.266 35.883 36.462 37.154 38.855 36.887 38.924 38.047 40.286 37.785 34.549 33.273 33.961 36.016 37.340 40.913 41.501 42.827 41.995 39.143 36.442 33.352 32.377 29.670 28.143 28.083 30.246 32.934 32.178 28.934 31.303 32.916 29.975 30.388 27.227 28.722 25.607 26.698 30.277 29.507 27.321 30.003 32.697 31.195 31.735 35.224 36.412 35.269 37.320 40.508 42.657 40.489 41.009 44.260 42.157 42.618 46.301 46.333 44.937 47.555 50.356 49.498 47.111 47.793 50.166 50.163 49.051 45.489 44.643 46.401 43.564 41.249 44.098 43.657 39.930 37.516 34.919
32.382 35.026 33.624 35.653 36.537 34.567 31.689 31.324 31.885 28.975 26.687 27.893 27.442 23.804 23.240 24.970 28.453 30.432 32.369 30.472 32.926 35.322 35.636 35.510 33.852 37.318 37.799 34.814 35.815 39.403 38.452 36.501 39.499 42.012 39.895 38.664 39.871 36.231 35.778 32.581 34.439 37.345 38.536 41.706 43.403 45.036 48.360 46.799 44.888 41.478 39.706 37.977 34.876 33.229 33.540 34.312 36.240 34.481 36.779 36.205 38.578 36.068 32.677 31.512 32.507 34.504 36.172 39.614 40.108 41.698 40.905 37.838 35.170 31.914 30.825 27.864 26.709 26.432 28.635 31.012 30.191 26.772 28.870 30.404 27.345 27.456 24.214 25.682 22.641 24.105 27.559 26.591 24.668 27.595 30.051 28.567 29.465 32.883 33.863 32.939 35.217 38.335 40.284 37.902 38.245 41.606 39.651 39.927 43.603 43.440 41.958 44.679 47.415 46.389 43.935 44.711 47.005 46.861 45.623 42.074 41.117 42.822 40.021 37.621 40.409 39.906 36.187 33.733 31.166
29.107 31.885 30.672 32.813 33.977 32.156 29.067 28.812 29.725 26.834 24.371 25.891 25.786 22.108 21.544 23.763 27.085 29.226 31.493 29.625 32.305 34.661 34.573 34.309 32.318 35.612 36.154 32.990 33.708 37.319 36.383 34.159 37.027 39.601 37.472 35.978 37.110 33.448 32.796 29.620 31.353 34.419 35.727 39.033 40.842 42.700 46.097 44.728 42.649 39.287 37.305 35.580 32.314 30.550 30.927 32.019 33.878 32.351 34.726 34.157 36.787 34.531 31.020 29.574 30.474 32.160 33.952 37.342 38.054 39.881 39.381 36.236 33.836 30.392 29.619 26.434 25.252 24.479 26.339 28.571 27.408 24.048 26.244 27.454 24.240 24.256 21.208 23.048 20.293 21.848 25.326 24.669 23.083 25.960 28.434 27.372 28.434 31.632 32.754 32.232 34.459 37.685 39.351 36.899 36.895 40.229 38.169 38.144 41.729 41.379 40.115 43.014 45.551 44.403 42.120 43.175 45.588 45.236 44.006 40.379 39.510 40.942 37.975 35.678 38.501 37.881 34.117 31.786 29.429
25.887 28.491 27.093 29.130 30.227 28.357 25.300 25.084 25.959 23.034 20.613 22.236 22.117 18.419 18.010 20.389 23.687 25.760 28.209 26.505 29.386 31.575 31.290 30.848 28.724 31.967 32.636 29.482 30.072 33.724 32.938 30.693 33.481 36.162 34.189 32.688 33.660 29.957 29.494 26.449 28.431 31.444 32.979 36.307 38.335 40.191 43.688 42.519 40.541 37.089 34.905 32.920 29.595 27.573 27.674 28.834 30.907 29.605 32.227 31.983 34.722 32.487 28.861 27.553 28.779 30.393 32.534 35.736 36.319 38.394 37.930 34.599 32.270 28.708 27.841 24.441 23.692 22.691 24.562 26.404 25.218 21.704 23.545 24.682 21.392 21.097 17.945 19.720 17.079 19.034 22.325 21.494 20.245 23.321 25.518 24.546 25.965 29.018 29.948 29.698 32.100 35.240 36.668 34.036 33.825 37.232 35.310 35.089 38.646 38.112 36.790 39.781 42.239 40.948 38.630 39.786 42.147 41.668 40.362 36.738 35.821 37.186 34.223 31.901 34.712 34.090 30.321 28.037 25.690
24.391 27.021 25.681 27.574 29.020 27.080 23.861 24.146 25.282 22.179 19.929 22.139 22.108 18.390 18.497 21.262 24.411 26.311 29.129 27.755 30.911 32.826 32.176 31.358 28.879 31.893 32.881 29.683 29.788 33.501 32.989 30.460 32.928 35.822 34.045 32.200 32.834 29.067 28.531 25.722 27.669 30.888 32.744 36.244 38.511 40.629 44.221 43.351 41.233 37.847 35.368 33.296 29.777 27.458 27.402 29.018 31.158 30.290 33.083 32.978 35.976 34.017 30.302 28.792 29.967 31.169 33.469 36.543 37.357 39.702 39.542 36.147 34.109 30.416 29.808 26.235 25.599 24.097 25.525 27.041 25.392 22.009 23.773 24.336 20.777 19.969 17.211 19.515 17.493 19.808 22.879 22.228 21.594 24.675 26.637 26.041 27.785 30.550 31.405 31.574 34.038 37.136 38.234 35.442 34.844 38.269 36.414 35.800 39.213 38.335 37.150 40.356 42.549 40.979 38.760 40.239 42.554 41.737 40.243 36.632 35.572 36.590 33.592 31.191 33.808 32.822 29.080 26.700 24.788
21.591 23.941 22.325 24.039 25.376 23.341 20.180 20.559 21.613 18.446 16.319 18.696 18.609 14.920 15.342 18.243 21.291 23.035 26.039 24.911 28.248 29.925 29.068 28.030 25.415 28.347 29.503 26.364 26.301 30.050 29.746 27.227 29.576 32.594 31.033 29.213 29.632 25.828 25.573 22.979 25.245 28.344 30.457 33.932 36.427 38.498 42.167 41.509 39.544 36.086 33.426 31.072 27.545 24.942 24.511 26.180 28.573 27.980 31.021 31.296 34.344 32.411 28.645 27.352 28.878 30.013 32.643 35.473 36.105 38.663 38.506 34.965 33.004 29.273 28.543 24.845 24.706 23.050 24.480 25.521 23.917 20.441 21.695 22.164 18.594 17.339 14.509 16.666 14.916 17.702 20.408 19.524 19.356 22.586 24.148 23.649 25.770 28.322 28.917 29.373 32.000 34.944 35.781 32.816 32.004 35.485 33.827 33.008 36.363 35.282 34.013 37.295 39.397 37.667 35.398 36.972 39.198 38.243 36.653 33.066 31.934 32.879 29.909 27.461 30.046 29.053 25.306 22.970 21.082
21.255 23.078 20.935 22.187 23.149 20.744 17.904 18.481 19.032 15.624 14.027 16.440 15.793 12.081 13.234 15.868 19.003 20.275 23.350 22.645 26.136 27.454 26.614 25.265 22.687 25.659 27.116 24.230 24.098 27.902 27.956 25.658 27.881 31.059 29.849 28.235 28.354 24.535 24.828 22.574 25.284 28.114 30.475 33.827 36.529 38.420 42.133 41.628 39.933 36.376 33.628 30.942 27.522 24.653 23.671 25.192 27.970 27.591 30.885 31.608 34.560 32.504 28.752 27.881 29.836 31.065 33.960 36.561 36.891 39.550 39.243 35.582 33.550 29.882 28.822 25.110 25.536 24.013 25.640 26.263 24.907 21.342 21.956 22.495 19.075 17.350 14.421 16.021 14.437 17.718 19.918 18.455 18.656 22.137 23.146 22.433 24.976 27.421 27.534 28.088 31.008 33.671 34.356 31.166 30.301 33.907 32.611 31.713 35.050 33.792 32.232 35.509 37.615 35.704 33.214 34.738 36.711 35.662 33.843 30.364 28.950 29.985 27.228 24.526 26.945 25.904 22.195 19.649 17.672
20.351 21.663 19.146 19.842 20.703 17.966 15.362 16.504 16.800 13.154 12.313 15.109 14.113 10.696 12.815 15.326 18.179 18.893 22.201 22.079 25.756 26.580 25.488 23.661 20.900 23.636 25.533 22.888 22.337 26.141 26.674 24.409 26.255 29.648 28.874 27.234 26.880 23.091 23.796 22.053 25.027 27.688 30.392 33.687 36.652 38.531 42.289 42.085 40.534 36.989 34.045 31.102 27.727 24.548 23.051 24.708 27.754 27.825 31.335 32.461 35.441 33.498 29.783 29.118 31.309 32.354 35.487 37.806 38.033 40.889 40.648 36.912 35.032 31.399 30.284 26.560 27.417 25.753 27.231 27.352 25.962 22.526 22.588 22.818 19.505 17.160 14.612 15.986 15.092 18.713 20.278 18.584 19.457 22.937 23.357 22.781 25.731 27.832 27.556 28.452 31.535 33.922 34.259 30.869 29.714 33.345 32.385 31.182 34.347 32.746 31.084 34.450 36.348 34.135 31.583 33.275 35.003 33.658 31.559 28.217 26.510 27.337 24.756 21.837 23.951 22.619 18.991 16.239 14.593
19.581 20.364 17.430 17.840 18.105 15.206 13.045 13.915 13.609 9.926 9.531 12.002 10.532 7.271 10.002 12.142 14.866 15.250 18.589 18.746 22.478 23.050 21.923 19.959 17.269 20.079 22.064 19.631 19.191 22.981 23.681 21.730 23.591 26.976 26.419 25.124 24.694 20.997 22.211 20.702 24.012 26.268 29.010 32.075 35.106 36.722 40.456 40.318 39.060 35.455 32.543 29.370 26.219 22.971 21.066 22.389 25.694 25.855 29.486 30.978 33.781 31.740 28.125 27.883 30.434 31.612 34.917 37.002 36.892 39.767 39.357 35.570 33.649 30.156 28.774 25.146 26.501 25.024 26.686 26.458 25.455 22.018 21.489 21.961 19.034 16.632 13.987 14.495 13.719 17.482 18.498 16.322 17.493 21.011 20.921 20.207 23.429 25.348 24.694 25.700 28.931 31.063 31.252 27.747 26.569 30.246 29.566 28.366 31.510 29.874 27.968 31.258 33.211 30.969 28.247 29.819 31.412 30.108 27.965 24.663 22.886 23.914 21.449 18.446 20.644 19.613 15.955 13.299 11.166
21.562 21.739 18.425 18.089 17.807 14.442 13.146 14.385 13.214 9.507 10.517 12.617 10.239 7.879 11.404 12.607 15.068 14.491 17.706 18.600 22.316 22.294 21.262 18.835 16.359 19.036 21.477 19.605 19.027 22.679 23.899 22.336 23.874 27.336 27.262 26.231 25.420 21.920 23.679 22.653 26.162 28.088 30.975 33.837 36.988 38.411 42.108 42.122 41.121 37.513 34.595 31.227 28.289 24.947 22.596 23.702 27.240 27.621 31.345 33.177 35.817 33.718 30.236 30.349 33.134 34.351 37.764 39.652 39.322 42.218 41.688 37.885 35.935 32.590 30.971 27.479 29.187 27.881 29.627 29.135 28.325 24.976 24.034 24.502 21.844 19.235 16.850 16.866 16.363 20.121 20.626 18.070 19.491 22.977 22.337 21.411 24.874 26.600 25.423 26.469 29.901 31.637 31.658 28.000 26.810 30.508 30.297 29.044 32.048 30.232 28.027 31.208 33.095 30.650 27.708 29.178 30.342 28.895 26.403 23.388 21.130 22.237 20.258 16.883 18.589 17.380 13.973 10.856 8.742
18.852 18.709 15.329 14.668 14.648 11.236 9.834 11.738 10.942 7.221 8.765 11.514 9.800 8.236 11.764 13.428 15.105 14.550 18.101 19.181 22.961 22.737 21.093 18.402 15.415 17.517 20.198 18.269 17.016 20.611 22.100 20.250 21.347 24.966 25.137 23.825 22.636 19.188 21.019 20.429 23.919 25.799 28.943 31.823 35.160 36.749 40.470 40.798 39.741 36.258 33.125 29.702 26.732 23.194 20.629 22.132 25.643 26.511 30.298 32.291 35.088 33.332 29.890 29.865 32.599 33.437 36.973 38.617 38.407 41.517 41.263 37.464 35.860 32.497 31.179 27.661 29.467 27.783 29.110 28.214 27.164 24.102 22.887 22.852 20.298 17.277 15.524 15.664 16.034 19.788 19.845 17.660 19.737 22.908 22.010 21.695 25.270 26.529 25.409 26.977 30.238 31.933 31.531 27.868 26.188 29.734 29.546 27.850 30.589 28.426 26.487 29.858 31.373 28.680 25.986 27.876 29.086 27.262 24.723 21.699 19.516 20.040 17.883 14.607 16.220 14.676 11.153 8.213 6.968
18.736 19.159 16.214 15.930 16.746 13.629 11.475 13.704 13.794 10.126 10.718 14.000 12.887 10.651 13.711 15.988 17.954 17.898 21.493 22.203 26.005 26.097 24.452 21.946 18.839 20.896 23.424 21.173 19.796 23.436 24.704 22.437 23.524 27.178 27.099 25.353 24.223 20.624 21.882 21.060 24.247 26.587 29.759 32.915 36.232 38.132 41.904 42.206 40.833 37.405 34.182 30.959 27.715 24.173 21.996 23.929 27.199 28.026 31.739 33.397 36.423 34.791 31.211 30.747 33.155 33.812 37.231 39.078 39.220 42.365 42.318 38.541 37.010 33.473 32.439 28.771 30.142 28.204 29.312 28.677 27.195 24.132 23.433 23.082 20.097 16.974 15.350 16.391 16.722 20.483 21.052 19.332 21.206 24.406 24.005 23.870 27.248 28.684 27.966 29.477 32.613 34.600 34.322 30.751 29.051 32.568 32.058 30.312 33.080 30.923 29.281 32.771 34.207 31.534 29.057 31.117 32.515 30.637 28.183 25.094 23.060 23.320 20.978 17.894 19.448 17.562 14.128 11.246 10.656
15.526 16.425 13.818 14.335 15.596 13.102 10.132 11.831 12.786 9.396 8.691 12.262 12.117 9.660 11.909 14.865 16.686 17.395 21.092 21.252 25.022 25.536 23.681 21.570 18.256 20.330 22.405 19.687 18.383 22.082 22.878 20.271 21.617 25.161 24.676 22.715 21.928 18.188 18.989 17.807 20.859 23.406 26.477 29.761 33.001 35.041 38.830 39.069 37.522 34.126 30.884 27.799 24.421 20.934 19.079 21.226 24.277 25.032 28.666 30.123 33.277 31.789 28.163 27.437 29.681 30.217 33.602 35.489 35.775 38.946 39.041 35.292 33.895 30.289 29.518 25.796 26.990 24.830 25.743 25.135 23.507 20.481 19.943 19.496 16.390 13.333 11.677 13.091 13.580 17.247 17.981 16.708 18.611 21.637 21.544 21.775 24.962 26.351 26.054 27.686 30.576 32.829 32.560 29.145 27.352 30.781 29.899 28.119 30.936 28.907 27.571 31.150 32.593 30.110 27.877 30.052 31.852 30.104 28.036 24.682 23.181 23.383 20.563 17.942 20.063 18.597 14.948 12.819 11.901
16.465 18.127 16.059 17.230 18.733 16.561 13.341 14.484 15.737 12.474 10.901 14.180 14.275 11.181 12.660 15.896 18.175 19.418 22.959 22.582 26.259 27.247 25.653 23.949 20.790 23.156 24.851 21.857 20.949 24.686 25.010 22.285 24.003 27.365 26.412 24.355 24.037 20.221 20.444 18.653 21.364 24.266 27.044 30.497 33.507 35.668 39.449 39.412 37.628 34.220 31.104 28.296 24.755 21.522 20.269 22.416 25.183 25.510 28.959 29.961 33.185 31.623 27.891 26.835 28.777 29.409 32.571 34.792 35.297 38.327 38.434 34.737 33.223 29.502 28.862 25.067 25.764 23.599 24.559 24.482 22.688 19.494 19.658 19.374 15.908 13.357 11.264 13.343 13.139 16.623 18.135 17.162 18.431 21.534 22.101 22.223 25.057 26.823 26.945 28.256 31.020 33.591 33.669 30.413 28.885 32.325 31.075 29.560 32.565 30.844 29.638 33.173 34.806 32.587 30.420 32.463 34.495 32.998 31.146 27.664 26.373 26.767 23.804 21.329 23.665 22.353 18.665 16.526 15.287
16.242 18.493 16.916 18.790 20.335 18.647 15.244 15.568 17.131 14.263 11.795 14.563 15.189 11.911 12.262 15.735 18.121 20.022 23.357 22.356 25.836 27.331 25.878 24.703 21.695 24.248 25.410 22.125 21.664 25.354 25.105 22.324 24.469 27.544 26.082 24.054 24.315 20.508 20.235 17.830 20.238 23.306 25.692 29.201 31.935 34.118 37.855 37.535 35.594 32.181 29.242 26.701 23.101 20.204 19.553 21.571 24.007 23.891 27.115 27.715 30.950 29.343 25.571 24.257 25.964 26.722 29.697 32.160 32.773 35.655 35.747 32.113 30.530 26.755 26.261 22.457 22.756 20.592 21.605 21.957 20.167 16.831 17.552 17.579 13.987 12.202 9.598 12.006 11.159 14.269 16.419 15.836 16.539 19.534 20.703 20.861 23.277 25.271 25.858 26.947 29.470 32.335 32.678 29.656 28.344 31.708 30.071 28.821 31.973 30.616 29.581 33.030 34.845 32.971 30.931 32.828 35.167 33.983 32.494 28.855 27.967 28.561 25.376 23.228 25.945 25.044 21.284 19.472 17.821
18.415 21.108 19.993 22.080 23.879 22.324 18.828 19.156 20.886 18.069 15.520 18.147 18.838 15.457 15.494 18.891 21.426 23.511 26.707 25.447 28.786 30.536 29.244 28.268 25.351 27.951 28.958 25.582 25.229 28.865 28.395 25.525 27.738 30.679 28.969 26.806 27.279 23.531 22.810 20.158 22.076 25.391 27.516 31.122 33.630 35.965 39.639 39.141 36.952 33.639 30.830 28.636 24.973 22.383 22.245 24.317 26.406 26.038 28.989 29.126 32.403 30.849 27.086 25.401 26.652 27.364 30.008 32.753 33.674 36.402 36.596 33.099 31.511 27.702 27.453 23.705 23.401 21.221 22.096 22.976 20.945 17.721 19.175 19.157 15.447 14.209 11.846 14.666 13.516 16.053 18.722 18.533 18.726 21.554 23.231 23.371 25.390 27.594 28.524 29.371 31.707 34.782 35.355 32.511 31.362 34.653 32.762 31.664 34.847 33.666 32.801 36.206 38.057 36.327 34.400 36.264 38.717 37.624 36.228 32.563 31.749 32.339 29.111 27.023 29.729 28.745 25.005 23.103 21.526
20.443 23.446 22.677 25.089 26.862 25.536 22.027 21.944 23.730 21.122 18.270 20.466 21.324 17.918 17.334 20.595 23.204 25.626 28.561 26.878 29.960 32.082 31.014 30.433 27.721 30.452 31.100 27.619 27.617 31.166 30.306 27.495 29.972 32.653 30.589 28.514 29.408 25.759 24.705 21.687 23.218 26.574 28.261 31.832 33.999 36.315 39.878 39.076 36.745 33.495 30.956 29.116 25.519 23.375 23.771 25.632 27.367 26.561 29.177 28.847 32.035 30.434 26.734 24.810 25.686 26.548 28.830 31.860 32.923 35.392 35.549 32.207 30.525 26.755 26.653 23.045 22.177 20.166 21.097 22.572 20.612 17.440 19.526 19.824 16.258 15.861 13.410 16.162 14.488 16.327 19.496 19.612 19.156 21.759 23.973 24.027 25.544 27.982 29.289 29.815 31.899 35.186 36.062 33.473 32.600 35.788 33.610 32.815 36.084 35.245 34.494 37.759 39.763 38.328 36.484 38.176 40.806 39.974 38.816 35.089 34.500 35.258 31.952 30.030 32.917 32.151 28.383 26.578 24.771
18.906 22.247 22.087 24.799 26.969 26.098 22.409 22.288 24.595 22.337 19.275 21.565 22.988 19.893 19.061 22.563 24.732 27.373 30.398 28.619 31.637 33.814 32.429 31.924 29.023 31.442 31.938 28.310 28.076 31.447 30.418 27.338 29.651 32.182 29.962 27.578 28.561 25.071 23.496 20.450 21.425 24.974 26.549 30.210 32.291 34.879 38.390 37.706 35.110 32.075 29.463 27.916 24.250 22.276 23.082 25.275 26.593 25.959 28.355 27.771 31.140 29.955 26.342 23.977 24.413 24.793 26.943 29.928 31.369 33.935 34.474 31.261 29.980 26.203 26.641 23.105 21.949 19.468 19.722 21.153 18.717 16.003 18.447 18.224 14.676 14.563 12.859 16.087 15.021 16.350 19.428 20.253 20.044 22.141 24.487 25.095 26.415 28.521 30.158 30.974 32.734 36.123 36.795 34.378 33.251 36.211 33.808 32.801 35.868 34.986 34.647 37.969 39.730 38.338 36.841 38.762 41.577 40.646 39.676 35.922 35.609 36.059 32.581 30.991 33.923 33.151 29.453 27.993 26.473
22.506 25.915 25.841 28.511 30.720 29.751 26.071 26.045 28.265 25.873 22.896 25.152 26.384 23.129 22.335 25.689 28.067 30.694 33.618 31.751 34.686 36.980 35.796 35.361 32.560 35.090 35.572 31.958 31.822 35.208 34.127 31.085 33.438 35.923 33.624 31.250 32.301 28.844 27.172 24.089 24.842 28.417 29.796 33.428 35.307 37.915 41.330 40.478 37.767 34.835 32.409 31.108 27.508 25.762 26.751 28.864 30.043 29.212 31.402 30.518 33.794 32.580 29.050 26.563 26.672 27.102 28.872 32.056 33.672 36.006 36.542 33.504 32.155 28.464 28.970 25.590 24.027 21.781 22.046 23.893 21.484 18.955 21.714 21.580 18.162 18.265 16.619 19.770 18.455 19.561 22.833 23.647 23.091 25.157 27.731 28.153 29.238 31.543 33.293 33.847 35.539 39.010 39.902 37.581 36.643 39.594 37.103 36.264 39.372 38.619 38.284 41.546 43.379 42.065 40.552 42.391 45.212 44.352 43.368 39.614 39.238 39.757 36.314 34.632 37.517 36.650 32.942 31.289 29.758
23.114 26.296 25.891 28.171 30.428 29.089 25.456 25.947 27.993 25.251 22.680 25.309 26.153 22.757 22.592 25.936 28.502 30.752 33.850 32.354 35.521 37.523 36.323 35.516 32.610 35.141 36.020 32.532 32.139 35.666 34.978 31.913 34.049 36.822 34.848 32.390 33.033 29.443 28.072 25.292 26.373 29.988 31.757 35.463 37.625 40.261 43.785 43.128 40.509 37.496 34.867 33.275 29.582 27.451 27.985 30.255 31.788 31.239 33.724 33.174 36.509 35.218 31.585 29.304 29.711 30.121 32.125 35.184 36.708 39.193 39.693 36.523 35.114 31.361 31.635 28.107 26.899 24.655 25.038 26.570 24.100 21.425 23.791 23.454 19.813 19.198 17.567 20.810 19.677 21.402 24.460 24.884 24.642 27.065 29.297 29.569 31.054 33.373 34.772 35.409 37.409 40.733 41.521 38.943 37.898 41.021 38.790 37.782 40.892 39.862 39.339 42.721 44.491 42.896 41.218 43.152 45.759 44.680 43.384 39.701 38.980 39.411 36.112 34.131 36.750 35.546 31.879 29.910 28.614
19.782 22.866 22.464 24.659 27.080 25.822 22.139 22.843 25.078 22.416 19.935 22.833 23.853 20.664 20.719 24.254 26.544 28.688 31.987 30.721 34.030 35.804 34.296 33.273 30.156 32.447 33.478 30.007 29.290 32.782 32.284 29.084 30.975 33.858 32.077 29.457 29.843 26.255 24.929 22.400 23.585 27.224 29.290 33.048 35.456 38.184 41.786 41.414 38.840 35.828 32.951 31.161 27.396 24.984 25.276 27.806 29.446 29.282 31.959 31.710 35.183 34.063 30.392 28.160 28.773 28.930 31.248 34.041 35.530 38.285 38.926 35.639 34.435 30.624 30.950 27.304 26.473 23.915 24.073 25.093 22.436 19.821 21.807 21.078 17.336 16.218 14.936 18.383 17.822 19.829 22.508 22.996 23.297 25.695 27.590 28.154 29.932 31.943 33.199 34.206 36.263 39.472 39.938 37.242 35.888 38.987 36.881 35.567 38.533 37.243 36.799 40.296 41.859 40.080 38.490 40.633 43.196 41.904 40.547 36.902 36.178 36.366 33.046 31.133 33.669 32.367 28.762 26.951 25.922
21.023 24.130 24.057 26.130 28.891 27.743 24.047 25.102 27.547 24.942 22.662 25.774 26.883 23.834 24.082 27.678 29.815 31.864 35.272 34.142 37.498 39.163 37.484 36.312 33.048 35.106 36.266 32.810 31.783 35.181 34.806 31.438 33.021 35.923 34.244 31.358 31.533 28.075 26.529 24.272 25.108 28.845 30.984 34.790 37.219 40.168 43.729 43.539 40.794 37.977 35.007 33.371 29.584 27.180 27.541 30.354 31.828 31.919 34.511 34.183 37.760 36.911 33.306 30.867 31.217 31.004 33.195 35.893 37.670 40.493 41.409 38.228 37.279 33.491 34.085 30.486 29.535 26.773 26.527 27.436 24.459 22.252 24.290 23.084 19.422 18.159 17.548 21.190 21.059 22.960 25.461 26.191 26.712 28.939 30.777 31.572 33.357 35.193 36.503 37.678 39.655 42.861 43.179 40.498 38.955 41.962 39.838 38.316 41.107 39.648 39.416 42.989 44.320 42.421 41.013 43.362 45.913 44.420 43.007 39.423 38.673 38.563 35.254 33.402 35.735 34.167 30.710 28.933 28.322
24.080 26.986 26.514 28.291 30.847 29.287 25.730 26.997 29.067 26.119 24.130 27.277 27.899 24.614 25.198 28.592 31.075 32.876 36.242 35.249 38.666 40.255 38.821 37.519 34.370 36.634 37.993 34.658 33.722 37.263 37.066 33.846 35.485 38.533 36.980 34.239 34.302 30.725 29.495 27.264 28.396 32.077 34.286 38.077 40.547 43.378 46.976 46.692 44.046 41.110 38.189 36.418 32.635 30.136 30.270 32.924 34.651 34.624 37.333 37.081 40.571 39.466 35.796 33.545 34.055 34.117 36.304 39.120 40.760 43.491 44.199 40.965 39.757 35.957 36.265 32.629 31.718 29.233 29.349 30.418 27.643 25.168 27.149 26.225 22.487 21.082 20.048 23.494 23.004 25.181 27.804 28.113 28.453 30.997 32.799 33.214 35.105 37.196 38.300 39.246 41.443 44.598 45.086 42.280 40.915 44.093 42.112 40.724 43.652 42.194 41.690 45.246 46.725 44.752 43.097 45.318 47.703 46.224 44.597 41.057 40.012 40.067 36.927 34.755 36.932 35.195 31.732 29.558 28.902
22.956 25.586 24.627 26.185 28.441 26.578 23.150 24.464 26.203 23.054 21.263 24.409 24.700 21.330 22.193 25.449 28.076 29.664 33.019 32.196 35.682 37.127 35.800 34.378 31.308 33.700 35.199 31.989 31.130 34.773 34.745 31.697 33.404 36.579 35.187 32.655 32.614 28.916 28.103 25.922 27.528 31.063 33.434 37.173 39.792 42.425 46.100 45.813 43.403 40.277 37.322 35.248 31.489 28.781 28.550 31.025 33.086 33.056 35.990 36.042 39.452 38.106 34.366 32.449 33.369 33.706 36.150 38.914 40.226 43.001 43.463 40.072 38.652 34.833 34.788 31.070 30.521 28.211 28.702 29.613 27.115 24.298 25.915 25.261 21.464 19.768 18.300 21.469 20.821 23.387 25.900 25.770 26.174 28.999 30.562 30.726 32.853 35.019 35.832 36.730 39.155 42.171 42.666 39.709 38.412 41.727 39.960 38.624 41.647 40.149 39.365 42.902 44.499 42.453 40.570 42.676 44.912 43.455 41.693 38.188 36.963 37.186 34.165 31.788 33.931 32.217 28.706 26.344 25.535
22.091 24.279 22.943 24.033 26.198 24.056 20.824 22.576 24.091 20.790 19.515 22.886 22.885 19.676 21.119 24.266 26.802 27.985 31.461 31.050 34.680 35.767 34.327 32.564 29.418 31.671 33.504 30.499 29.374 33.032 33.388 30.407 31.851 35.218 34.189 31.685 31.255 27.545 27.132 25.342 27.288 30.671 33.360 37.053 39.923 42.493 46.233 46.169 43.938 40.749 37.630 35.263 31.531 28.518 27.810 30.338 32.697 32.979 36.154 36.598 40.009 38.644 34.884 33.233 34.487 34.802 37.524 40.067 41.188 44.129 44.547 41.031 39.625 35.806 35.572 31.785 31.678 29.345 29.903 30.399 27.975 25.101 26.198 25.417 21.655 19.386 18.025 20.980 20.672 23.649 25.741 25.293 26.119 29.096 30.206 30.348 32.836 34.835 35.289 36.380 39.015 41.808 42.084 38.934 37.471 40.855 39.386 37.858 40.794 39.037 38.100 41.693 43.174 40.887 38.900 41.091 43.101 41.438 39.438 36.061 34.581 34.679 31.838 29.278 31.146 29.192 25.794 23.273 22.760
22.401 24.200 22.318 23.090 24.781 22.251 19.312 21.075 22.051 18.511 17.610 20.857 20.329 17.054 18.908 21.737 24.455 25.307 28.709 28.526 32.193 33.095 31.844 29.949 26.968 29.391 31.383 28.588 27.611 31.347 31.896 29.197 30.720 34.175 33.334 31.138 30.624 26.853 26.939 25.233 27.627 30.764 33.534 37.102 40.057 42.373 46.144 46.041 44.075 40.726 37.646 35.017 31.393 28.253 27.169 29.398 32.085 32.315 35.663 36.394 39.651 38.024 34.253 32.993 34.627 35.245 38.139 40.628 41.408 44.324 44.467 40.844 39.209 35.440 34.819 31.030 31.282 29.229 30.185 30.565 28.509 25.367 26.082 25.661 21.993 19.573 17.757 20.185 19.646 22.946 24.867 23.879 24.713 27.956 28.783 28.577 31.282 33.369 33.473 34.448 37.322 39.928 40.246 36.957 35.628 39.146 37.938 36.523 39.552 37.798 36.525 40.043 41.675 39.341 37.083 39.087 40.895 39.293 37.135 33.830 32.112 32.458 29.816 26.993 28.784 26.878 23.455 20.645 19.899
22.965 24.221 21.981 22.130 23.630 20.770 18.245 20.510 21.116 17.484 17.367 20.713 19.785 16.869 19.365 21.899 24.437 24.745 28.198 28.520 32.269 32.738 31.404 29.125 26.132 28.347 30.722 28.243 26.982 30.657 31.650 29.093 30.279 33.887 33.466 31.341 30.407 26.723 27.241 26.001 28.640 31.559 34.585 38.051 41.206 43.443 47.236 47.352 45.564 42.202 39.007 36.148 32.615 29.257 27.723 29.950 32.880 33.418 36.934 38.015 41.233 39.614 35.884 34.877 36.762 37.335 40.419 42.693 43.315 46.351 46.464 42.772 41.173 37.454 36.680 32.899 33.523 31.483 32.456 32.480 30.507 27.414 27.665 27.121 23.608 20.772 19.180 21.268 21.089 24.629 26.086 24.807 26.029 29.328 29.684 29.446 32.454 34.339 34.064 35.210 38.258 40.595 40.690 37.238 35.762 39.307 38.437 36.846 39.739 37.728 36.299 39.828 41.314 38.734 36.377 38.444 39.957 38.130 35.690 32.594 30.553 30.752 28.403 25.364 26.734 24.507 21.310 18.256 17.958
25.252 26.080 23.434 23.105 24.097 20.852 18.903 21.268 21.212 17.482 18.046 21.122 19.545 16.842 19.809 21.791 24.398 24.159 27.440 28.157 31.880 32.021 30.911 28.407 25.670 27.929 30.556 28.444 27.258 30.893 32.188 29.970 31.082 34.742 34.606 32.773 31.663 28.050 29.034 28.001 30.922 33.584 36.674 39.990 43.211 45.232 49.017 49.145 47.594 44.144 40.992 37.941 34.555 31.128 29.258 31.203 34.385 34.933 38.557 39.888 42.945 41.136 37.453 36.790 38.947 39.724 42.907 45.110 45.476 48.478 48.379 44.633 42.868 39.237 38.145 34.426 35.341 33.558 34.804 34.727 33.033 29.826 29.768 29.457 26.106 23.197 21.421 23.000 22.701 26.390 27.616 25.876 27.113 30.567 30.600 30.029 33.215 35.127 34.460 35.489 38.753 40.831 40.933 37.358 36.007 39.633 39.093 37.588 40.485 38.432 36.687 40.102 41.658 38.988 36.386 38.269 39.460 37.628 34.944 32.060 29.666 30.044 28.079 24.750 25.778 23.455 20.474 17.050 16.770
27.615 28.025 25.173 24.307 25.027 21.563 20.186 22.842 22.373 18.753 19.996 22.931 20.987 18.730 22.045 23.624 26.052 25.285 28.441 29.611 33.297 33.037 31.971 29.173 26.588 28.629 31.560 29.826 28.478 31.964 33.633 31.629 32.449 36.165 36.389 34.675 33.251 29.795 31.111 30.433 33.474 35.939 39.166 42.367 45.700 47.630 51.402 51.673 50.274 46.828 43.633 40.444 37.169 33.647 31.483 33.352 36.678 37.414 41.117 42.680 45.667 43.841 40.220 39.757 42.069 42.840 46.118 48.188 48.434 51.484 51.337 47.562 45.795 42.231 41.004 37.336 38.476 36.758 38.041 37.770 36.158 32.997 32.670 32.310 29.102 26.015 24.399 25.714 25.593 29.351 30.277 28.327 29.749 33.209 32.911 32.249 35.598 37.379 36.394 37.474 40.862 42.682 42.648 38.979 37.585 41.201 40.974 39.389 42.156 39.937 38.037 41.384 42.828 39.982 37.287 39.143 39.995 38.005 35.057 32.469 29.745 30.033 28.486 24.991 25.482 22.872 20.328 16.719 16.930
27.815 27.878 24.699 23.588 23.732 20.068 19.206 21.654 20.588 17.047 18.755 21.272 18.861 16.946 20.493 21.545 23.892 22.704 25.654 27.118 30.716 30.197 29.301 26.403 24.094 26.186 29.205 27.790 26.622 30.029 31.849 30.208 31.061 34.726 35.126 33.765 32.323 28.964 30.682 30.112 33.405 35.564 38.761 41.765 45.100 46.767 50.498 50.747 49.610 46.095 42.992 39.647 36.570 33.056 30.634 32.155 35.660 36.362 40.115 41.915 44.705 42.725 39.201 39.093 41.673 42.644 46.016 47.971 47.920 50.919 50.559 46.759 44.873 41.441 39.938 36.383 37.841 36.365 37.887 37.474 36.202 32.966 32.300 32.224 29.254 26.213 24.394 25.150 24.940 28.734 29.382 27.059 28.511 32.006 31.389 30.484 33.946 35.672 34.360 35.370 38.881 40.450 40.394 36.671 35.397 39.034 39.081 37.612 40.375 38.201 36.032 39.226 40.770 37.941 35.046 36.681 37.310 35.415 32.372 29.928 27.021 27.579 26.312 22.665 23.037 20.628 18.195 14.435 14.371
31.055 30.913 27.703 26.255 26.287 22.571 22.099 24.737 23.478 20.122 22.160 24.578 22.010 20.388 24.017 24.818 27.043 25.517 28.281 30.041 33.545 32.742 31.937 28.869 26.744 28.620 31.827 30.712 29.430 32.670 34.747 33.246 33.860 37.535 38.183 36.869 35.205 31.987 33.848 33.503 36.798 38.878 42.157 45.104 48.501 50.138 53.852 54.197 53.129 49.634 46.505 43.108 40.087 36.532 33.983 35.486 39.038 39.854 43.630 45.531 48.286 46.304 42.820 42.791 45.412 46.360 49.758 51.662 51.584 54.604 54.229 50.425 48.536 45.138 43.574 40.054 41.578 40.135 41.654 41.179 39.898 36.703 35.964 35.812 32.883 29.748 28.070 28.789 28.666 32.463 33.000 30.611 32.116 35.600 34.833 33.865 37.376 39.042 37.546 38.543 42.115 43.507 43.386 39.629 38.357 41.957 42.217 40.708 43.359 41.074 38.825 41.943 43.381 40.432 37.503 39.102 39.437 37.425 34.181 32.044 28.893 29.344 28.474 24.777 24.628 21.980 20.077 16.348 16.768
32.759 33.009 29.955 28.862 29.124 25.463 24.587 27.086 26.047 22.494 24.068 26.563 24.061 21.955 25.368 26.317 28.910 27.686 30.417 31.857 35.354 34.854 34.257 31.409 29.313 31.468 34.495 33.147 32.068 35.461 37.284 35.657 36.523 40.193 40.568 39.159 37.723 34.342 35.932 35.261 38.450 40.767 43.940 47.027 50.328 52.050 55.793 55.955 54.739 51.204 48.133 44.858 41.707 38.232 35.942 37.482 40.954 41.526 45.243 46.894 49.693 47.614 44.045 43.852 46.319 47.358 50.617 52.750 52.799 55.722 55.320 51.535 49.521 46.052 44.506 40.941 42.180 40.799 42.394 42.245 40.878 37.571 37.193 37.132 33.989 31.022 29.140 30.139 29.677 33.435 34.376 32.056 33.217 36.816 36.404 35.293 38.641 40.596 39.303 40.055 43.619 45.207 45.352 41.644 40.560 44.238 44.284 42.941 45.765 43.641 41.419 44.560 46.161 43.338 40.389 41.917 42.413 40.559 37.421 35.126 32.083 32.687 31.621 27.934 28.058 25.516 23.376 19.613 19.666
31.475 31.876 28.759 27.972 28.051 24.401 23.388 25.461 24.304 20.666 21.967 24.212 21.586 19.244 22.505 23.313 26.146 25.071 27.689 28.902 32.345 32.058 31.682 29.071 27.123 29.608 32.403 30.954 30.240 33.735 35.303 33.782 34.991 38.572 38.719 37.489 36.358 32.884 34.465 33.508 36.774 39.062 42.060 45.111 48.285 49.877 53.601 53.559 52.399 48.791 45.863 42.612 39.506 36.152 33.963 35.266 38.748 39.046 42.715 44.293 46.981 44.737 41.178 41.088 43.609 44.868 48.075 50.297 50.223 53.017 52.452 48.679 46.506 43.082 41.394 37.882 39.114 37.941 39.757 39.763 38.608 35.164 34.836 35.099 31.986 29.264 27.024 27.829 27.006 30.713 31.797 29.327 30.212 33.886 33.591 32.256 35.506 37.641 36.383 36.913 40.493 42.138 42.490 38.829 37.971 41.708 41.667 40.562 43.550 41.662 39.336 42.401 44.244 41.624 38.565 39.892 40.525 38.942 35.970 33.502 30.598 31.563 30.333 26.644 27.183 25.048 22.570 18.793 18.130
30.473 31.281 28.457 28.042 28.592 25.128 23.566 25.663 25.043 21.278 22.029 24.608 22.423 19.653 22.630 23.972 26.953 26.386 29.229 30.046 33.582 33.656 33.129 30.694 28.467 31.019 33.648 31.814 31.043 34.671 35.985 34.127 35.444 39.044 38.917 37.402 36.419 32.809 33.989 32.799 35.843 38.420 41.370 44.605 47.722 49.533 53.291 53.191 51.780 48.216 45.251 42.171 38.881 35.571 33.686 35.249 38.550 38.777 42.376 43.679 46.532 44.392 40.734 40.308 42.569 43.706 46.792 49.167 49.354 52.153 51.750 48.009 45.908 42.361 40.919 37.306 38.200 36.846 38.496 38.712 37.297 33.876 33.916 34.028 30.695 28.050 25.854 27.133 26.261 29.906 31.331 29.194 29.959 33.618 33.698 32.559 35.658 37.904 37.015 37.568 41.012 42.956 43.389 39.801 38.878 42.615 42.244 41.096 44.152 42.305 40.222 43.431 45.260 42.695 39.803 41.302 42.240 40.648 37.837 35.128 32.467 33.281 31.678 28.125 28.963 26.772 24.011 20.325 19.670
27.651 28.794 26.195 26.213 27.047 23.820 21.780 23.671 23.479 19.678 19.846 22.585 20.826 17.719 20.358 22.147 25.200 25.139 28.158 28.572 32.167 32.590 31.909 29.707 27.266 29.916 32.294 30.110 29.394 33.121 34.126 32.037 33.541 37.090 36.672 35.007 34.259 30.548 31.415 29.969 32.867 35.608 38.453 41.785 44.818 46.740 50.505 50.329 48.764 45.228 42.273 39.327 35.940 32.708 31.085 32.770 35.911 36.036 39.558 40.662 43.606 41.547 37.838 37.194 39.293 40.369 43.380 45.838 46.162 48.951 48.650 44.938 42.903 39.288 38.030 34.359 35.049 33.567 35.115 35.455 33.927 30.514 30.780 30.866 27.430 24.929 22.674 24.215 23.267 26.835 28.490 26.612 27.284 30.892 31.255 30.298 33.261 35.556 34.985 35.582 38.878 41.067 41.549 38.051 37.081 40.794 40.130 38.981 42.105 40.358 38.476 41.771 43.629 41.190 38.441 40.038 41.297 39.779 37.207 34.240 31.898 32.680 30.690 27.325 28.596 26.582 23.478 19.999 19.088
27.627 29.121 26.909 27.189 28.506 25.527 23.104 25.099 25.435 21.690 21.461 24.483 23.203 19.968 22.292 24.519 27.518 27.815 30.984 31.154 34.780 35.416 34.552 32.444 29.778 32.327 34.605 32.165 31.288 35.032 35.881 33.483 34.943 38.488 37.896 35.919 35.221 31.477 31.929 30.376 32.959 35.967 38.787 42.279 45.267 47.435 51.209 51.050 49.229 45.794 42.781 40.033 36.491 33.313 31.988 33.980 36.891 37.044 40.465 41.309 44.424 42.551 38.791 37.783 39.567 40.420 43.294 45.853 46.485 49.303 49.228 45.578 43.696 39.986 39.044 35.311 35.654 33.929 35.191 35.684 33.822 30.548 31.178 30.979 27.365 24.917 22.923 24.995 24.172 27.586 29.486 28.039 28.683 32.161 32.829 32.154 34.957 37.249 37.008 37.694 40.818 43.227 43.705 40.293 39.201 42.850 41.928 40.671 43.763 41.993 40.389 43.801 45.547 43.114 40.576 42.371 43.832 42.232 39.765 36.687 34.524 35.063 32.847 29.653 31.009 28.861 25.705 22.397 21.744
26.995 28.941 27.099 27.880 29.462 26.800 23.989 25.661 26.410 22.772 21.911 24.918 24.082 20.615 22.378 24.920 27.983 28.779 31.954 31.684 35.244 36.258 35.378 33.585 30.853 33.499 35.461 32.724 31.996 35.772 36.252 33.670 35.348 38.766 37.823 35.717 35.337 31.546 31.576 29.682 31.978 35.188 37.794 41.380 44.193 46.477 50.221 49.907 47.889 44.513 41.585 39.079 35.455 32.477 31.567 33.632 36.280 36.222 39.466 39.975 43.149 41.342 37.563 36.271 37.764 38.579 41.252 43.982 44.815 47.538 47.554 43.994 42.146 38.396 37.670 33.944 33.909 32.118 33.271 34.064 32.067 28.839 29.897 29.709 25.991 23.894 21.857 24.266 23.245 26.386 28.657 27.561 27.921 31.277 32.363 31.812 34.328 36.740 36.878 37.477 40.397 43.060 43.688 40.439 39.410 43.000 41.753 40.592 43.756 42.171 40.775 44.205 46.014 43.771 41.382 43.195 44.941 43.482 41.266 38.000 36.145 36.706 34.198 31.226 32.928 30.984 27.630 24.566 23.680
27.189 29.347 27.898 28.798 30.794 28.377 25.363 27.200 28.370 24.868 23.852 27.080 26.629 23.250 24.858 27.691 30.562 31.534 34.848 34.502 38.090 39.165 38.056 36.256 33.319 35.759 37.702 34.826 33.856 37.572 38.005 35.168 36.676 40.079 39.077 36.676 36.245 32.514 32.197 30.354 32.306 35.700 38.315 42.006 44.802 47.325 51.054 50.843 48.605 45.378 42.368 40.044 36.326 33.389 32.697 35.069 37.490 37.576 40.719 41.050 44.378 42.827 39.052 37.441 38.635 39.137 41.694 44.424 45.560 48.346 48.633 45.152 43.537 39.737 39.348 35.604 35.322 33.251 34.025 34.834 32.496 29.527 30.822 30.252 26.470 24.373 22.792 25.619 24.913 27.870 30.186 29.508 29.992 33.142 34.371 34.152 36.571 38.851 39.223 39.997 42.752 45.539 46.057 42.876 41.658 45.146 43.736 42.399 45.447 43.770 42.651 46.181 47.802 45.515 43.353 45.385 47.251 45.648 43.488 40.192 38.459 38.728 36.092 33.286 34.951 32.842 29.547 26.660 26.121
27.601 30.147 29.096 30.411 32.609 30.498 27.237 28.776 30.268 26.927 25.444 28.580 28.498 25.029 26.141 29.160 32.021 33.381 36.655 35.952 39.435 40.817 39.705 38.182 35.225 37.710 39.371 36.279 35.440 39.129 39.236 36.266 37.932 41.177 39.870 37.363 37.224 33.518 32.794 30.676 32.272 35.819 38.185 41.930 44.519 47.153 50.817 50.466 48.030 44.908 42.010 39.971 36.219 33.533 33.265 35.685 37.804 37.700 40.619 40.598 43.958 42.510 38.769 36.870 37.716 38.137 40.435 43.315 44.680 47.348 47.751 44.404 42.861 39.066 38.929 35.251 34.569 32.443 33.046 34.156 31.682 28.859 30.587 30.000 26.206 24.528 23.019 26.101 25.260 27.845 30.460 30.152 30.370 33.322 34.927 34.839 36.949 39.299 40.022 40.713 43.241 46.236 46.882 43.881 42.725 46.121 44.424 43.179 46.255 44.755 43.848 47.365 49.018 46.915 44.911 46.949 49.047 47.569 45.634 42.209 40.741 41.019 38.172 35.578 37.490 35.552 32.148 29.472 28.775
28.721 31.395 30.710 32.085 34.590 32.696 29.345 31.006 32.792 29.591 28.053 31.314 31.496 28.139 29.167 32.349 35.039 36.495 39.856 39.124 42.616 44.021 42.732 41.194 38.097 40.395 42.045 38.877 37.839 41.442 41.524 38.372 39.864 43.066 41.730 38.992 38.800 35.203 34.189 32.165 33.411 37.068 39.409 43.203 45.749 48.583 52.201 51.951 49.327 46.377 43.433 41.587 37.799 35.190 35.112 37.765 39.663 39.694 42.490 42.310 45.775 44.573 40.876 38.719 39.278 39.396 41.545 44.393 46.037 48.737 49.392 46.152 44.838 41.042 41.203 37.557 36.673 34.332 34.574 35.680 32.930 30.416 32.318 31.392 27.636 26.007 24.951 28.289 27.734 30.122 32.713 32.742 33.070 35.817 37.506 37.686 39.709 41.923 42.821 43.655 46.036 49.107 49.654 46.720 45.412 48.702 46.887 45.496 48.444 46.868 46.204 49.783 51.260 49.124 47.325 49.537 51.715 50.116 48.225 44.802 43.427 43.462 40.545 38.095 39.943 37.875 34.562 32.035 31.619
30.625 33.544 33.189 34.817 37.457 35.781 32.312 33.784 35.768 32.693 30.896 34.064 34.472 31.089 31.801 35.058 37.725 39.418 42.729 41.764 45.158 46.768 45.492 44.143 41.051 43.360 44.818 41.524 40.570 44.122 43.979 40.746 42.316 45.377 43.828 41.012 41.026 37.501 36.173 33.991 34.893 38.630 40.738 44.539 46.882 49.810 53.338 52.982 50.185 47.375 44.552 42.987 39.216 36.854 37.118 39.794 41.421 41.313 43.883 43.393 46.857 45.774 42.150 39.756 39.970 39.981 41.839 44.790 46.661 49.228 50.008 46.931 45.711 41.965 42.359 38.822 37.589 35.232 35.286 36.642 33.791 31.494 33.736 32.775 29.100 27.839 26.913 30.373 29.746 31.791 34.566 34.885 35.008 37.557 39.520 39.798 41.557 43.805 44.970 45.728 47.913 51.128 51.773 48.997 47.742 50.938 48.912 47.594 50.532 49.093 48.606 52.159 53.638 51.641 49.978 52.195 54.527 53.010 51.273 47.783 46.582 46.607 43.569 41.269 43.245 41.266 37.917 35.515 35.030
32.614 35.538 34.943 36.593 38.973 37.105 33.699 34.997 36.711 33.497 31.680 34.650 34.799 31.242 31.899 34.944 37.869 39.543 42.682 41.623 44.930 46.641 45.664 44.432 41.546 44.108 45.507 42.250 41.586 45.230 45.012 41.951 43.766 46.820 45.187 42.586 42.760 39.134 37.960 35.572 36.662 40.351 42.345 46.109 48.364 51.124 54.650 54.068 51.364 48.433 45.765 44.170 40.439 38.148 38.409 40.823 42.552 42.158 44.719 44.172 47.497 46.151 42.518 40.267 40.559 40.903 42.687 45.808 47.520 49.911 50.441 47.365 45.873 42.167 42.330 38.846 37.542 35.505 35.911 37.533 34.943 32.404 34.727 34.163 30.466 29.381 28.000 31.253 30.180 32.225 35.208 35.278 35.057 37.757 39.839 39.781 41.440 43.951 45.071 45.521 47.778 51.000 51.901 49.139 48.159 51.449 49.436 48.378 51.487 50.229 49.533 52.994 54.707 52.818 50.961 52.954 55.250 53.921 52.170 48.657 47.378 47.693 44.714 42.267 44.319 42.457 39.020 36.428 35.635
34.804 37.913 37.477 39.363 41.718 39.972 36.497 37.522 39.283 36.151 34.093 36.863 37.116 33.500 33.829 36.826 39.804 41.688 44.686 43.367 46.518 48.462 47.627 46.641 43.865 46.539 47.715 44.373 43.931 47.554 47.089 44.059 46.063 48.970 47.108 44.570 45.012 41.415 40.061 37.447 38.343 42.039 43.760 47.481 49.502 52.231 55.661 54.869 52.085 49.226 46.761 45.400 41.735 39.709 40.259 42.543 44.073 43.417 45.758 44.921 48.147 46.783 43.239 40.876 40.915 41.340 42.828 46.099 47.899 50.069 50.570 47.654 46.119 42.508 42.760 39.432 37.806 35.936 36.355 38.304 35.798 33.347 35.962 35.581 31.988 31.309 29.829 33.042 31.718 33.437 36.638 36.847 36.293 38.854 41.213 41.095 42.454 45.093 46.427 46.668 48.760 52.096 53.199 50.605 49.807 53.035 50.846 49.987 53.156 52.122 51.486 54.860 56.688 54.993 53.173 55.051 57.473 56.323 54.729 51.147 50.014 50.462 47.398 45.039 47.262 45.571 42.053 39.521 38.512
37.477 40.589 40.007 41.924 44.071 42.213 38.806 39.659 41.207 38.016 35.937 38.489 38.553 34.846 35.072 37.842 40.998 42.879 45.680 44.252 47.269 49.322 48.768 47.927 45.359 48.228 49.312 46.015 45.836 49.499 48.941 46.070 48.275 51.136 49.185 46.837 47.436 43.792 42.536 39.762 40.757 44.388 45.967 49.626 51.524 54.100 57.491 56.483 53.775 50.854 48.569 47.238 43.647 41.740 42.328 44.370 45.931 45.012 47.284 46.354 49.419 47.849 44.349 42.108 42.159 42.863 44.216 47.623 49.297 51.261 51.545 48.687 46.931 43.412 43.486 40.275 38.546 37.005 37.705 39.902 37.646 35.062 37.750 37.704 34.160 33.675 31.879 34.880 33.196 34.827 38.182 38.215 37.330 39.952 42.432 42.028 43.230 46.084 47.409 47.349 49.449 52.787 54.137 51.606 51.074 54.343 52.149 51.542 54.837 53.990 53.203 56.469 58.493 56.923 54.967 56.637 59.037 58.074 56.501 52.911 51.745 52.437 49.426 46.983 49.271 47.701 44.133 41.488 40.228
35.223 38.398 37.824 39.926 41.948 40.202 36.768 37.316 38.860 35.784 33.489 35.828 36.003 32.298 32.230 34.968 38.106 40.164 42.856 41.233 44.137 46.343 45.853 45.216 42.742 45.687 46.565 43.223 43.249 46.882 46.134 43.344 45.725 48.466 46.372 44.158 44.970 41.338 40.059 37.114 38.119 41.682 43.103 46.699 48.490 50.957 54.313 53.177 50.523 47.567 45.397 44.109 40.585 38.813 39.518 41.392 42.886 41.785 43.974 42.974 45.955 44.311 40.847 38.642 38.700 39.554 40.873 44.334 45.909 47.787 47.968 45.124 43.292 39.810 39.846 36.696 34.903 33.481 34.307 36.627 34.537 31.886 34.642 34.825 31.362 31.133 29.143 32.010 30.123 31.578 35.032 35.095 34.015 36.566 39.167 38.721 39.769 42.674 44.096 43.939 45.950 49.330 50.767 48.336 47.914 51.139 48.868 48.401 51.745 51.062 50.271 53.453 55.578 54.163 52.212 53.769 56.256 55.455 54.038 50.397 49.392 50.221 47.139 44.804 47.286 45.961 42.304 39.788 38.277
33.437 36.409 35.558 37.413 39.350 37.389 34.056 34.824 36.199 32.969 30.926 33.405 33.344 29.616 29.898 32.603 35.808 37.622 40.407 39.041 42.098 44.081 43.556 42.686 40.171 43.106 44.213 40.979 40.879 44.578 44.081 41.326 43.599 46.506 44.637 42.439 43.012 39.304 38.292 35.515 36.823 40.361 42.054 45.689 47.721 50.159 53.630 52.652 50.128 47.036 44.683 43.106 39.516 37.459 37.827 39.745 41.516 40.603 43.053 42.375 45.421 43.690 40.108 38.096 38.495 39.385 41.033 44.383 45.790 47.868 47.985 44.944 43.052 39.465 39.293 35.967 34.539 33.044 34.002 36.041 33.952 31.091 33.537 33.671 30.072 29.450 27.372 30.198 28.400 30.251 33.546 33.333 32.493 35.289 37.614 37.089 38.459 41.333 42.480 42.438 44.685 47.937 49.246 46.616 46.098 49.442 47.380 46.789 50.139 49.272 48.321 51.567 53.661 52.067 49.989 51.584 53.915 52.988 51.388 47.811 46.607 47.414 44.449 41.952 44.284 42.829 39.219 36.560 35.138
36.727 39.583 38.515 40.220 41.962 39.789 36.609 37.402 38.490 35.139 33.286 35.643 35.254 31.479 31.895 34.314 37.701 39.329 41.953 40.657 43.643 45.584 45.323 44.445 42.121 45.195 46.366 43.261 43.303 47.046 46.621 44.029 46.372 49.319 47.507 45.462 46.018 42.266 41.449 38.669 40.143 43.612 45.304 48.894 50.914 53.224 56.692 55.607 53.187 50.023 47.756 46.111 42.575 40.509 40.760 42.502 44.406 43.371 45.849 45.212 48.131 46.203 42.641 40.813 41.323 42.432 44.048 47.458 48.724 50.682 50.602 47.567 45.473 41.957 41.550 38.295 36.914 35.701 36.920 39.051 37.156 34.166 36.540 36.887 33.304 32.656 30.366 32.984 30.964 32.890 36.207 35.717 34.701 37.635 39.922 39.092 40.452 43.498 44.493 44.210 46.569 49.739 51.221 48.564 48.250 51.673 49.722 49.294 52.734 51.931 50.781 53.953 56.184 54.600 52.350 53.781 55.984 55.143 53.444 49.928 48.560 49.546 46.728 44.063 46.304 44.832 41.260 38.404 36.882
36.177 38.882 37.545 39.185 40.619 38.316 35.296 35.915 36.702 33.328 31.546 33.658 33.021 29.233 29.639 31.778 35.293 36.822 39.263 37.967 40.864 42.798 42.767 41.962 39.852 43.077 44.206 41.221 41.491 45.248 44.825 42.455 44.941 47.868 46.087 44.291 44.909 41.129 40.565 37.737 39.471 42.787 44.460 47.956 49.982 52.080 55.555 54.371 52.151 48.855 46.671 44.880 41.435 39.358 39.458 40.933 42.994 41.815 44.356 43.859 46.630 44.468 40.913 39.367 40.137 41.536 43.261 46.669 47.656 49.552 49.216 46.112 43.795 40.331 39.617 36.398 35.209 34.276 35.845 37.975 36.383 33.173 35.361 36.035 32.514 31.888 29.261 31.543 29.245 31.251 34.550 33.746 32.559 35.633 37.837 36.714 38.090 41.268 42.094 41.614 44.084 47.155 48.763 46.085 45.968 49.451 47.623 47.374 50.905 50.209 48.843 51.905 54.298 52.781 50.364 51.591 53.703 53.013 51.308 47.831 46.411 47.636 44.923 42.181 44.460 43.160 39.572 36.657 34.870
36.431 38.872 37.195 38.593 39.721 37.185 34.411 35.052 35.458 31.993 30.501 32.467 31.438 27.682 28.335 30.139 33.779 35.015 37.317 36.218 39.098 40.860 41.034 40.139 38.220 41.540 42.787 40.008 40.382 44.158 43.903 41.755 44.256 47.247 45.640 44.055 44.567 40.761 40.544 37.820 39.872 43.032 44.816 48.235 50.367 52.285 55.798 54.624 52.620 49.192 47.001 44.980 41.604 39.397 39.199 40.475 42.790 41.611 44.305 44.071 46.733 44.365 40.799 39.579 40.685 42.293 44.210 47.545 48.256 50.173 49.620 46.407 43.909 40.479 39.428 36.201 35.348 34.619 36.484 38.462 37.105 33.695 35.565 36.436 32.947 32.137 29.277 31.233 28.811 31.057 34.201 32.992 31.810 35.091 37.047 35.628 37.178 40.425 40.940 40.342 43.023 45.909 47.555 44.766 44.771 48.349 46.760 46.594 50.177 49.462 47.837 50.825 53.317 51.752 49.133 50.204 52.118 51.476 49.642 46.270 44.661 46.063 43.551 40.642 42.804 41.537 38.020 34.953 33.045
33.269 35.556 33.747 35.004 36.116 33.511 30.777 31.556 31.931 28.406 27.050 29.164 28.083 24.335 25.239 27.145 30.741 31.858 34.333 33.422 36.476 38.065 38.052 36.963 34.911 38.151 39.549 36.801 37.008 40.804 40.713 38.533 40.909 43.996 42.547 40.925 41.262 37.440 37.367 34.800 37.009 40.135 42.111 45.548 47.856 49.798 53.383 52.393 50.448 46.974 44.614 42.411 38.991 36.583 36.165 37.535 39.997 39.037 41.908 41.915 44.674 42.361 38.716 37.569 38.880 40.390 42.558 45.747 46.395 48.517 48.028 44.679 42.268 38.743 37.665 34.283 33.719 32.792 34.610 36.292 34.874 31.403 33.019 33.762 30.222 29.131 26.302 28.247 26.018 28.542 31.497 30.188 29.315 32.706 34.428 33.113 34.941 38.042 38.405 38.051 40.857 43.671 45.098 42.165 41.972 45.594 44.123 43.768 47.295 46.403 44.754 47.825 50.214 48.508 45.881 47.065 48.921 48.135 46.212 42.860 41.181 42.481 39.990 37.039 39.135 37.795 34.290 31.207 29.388
32.497 34.514 32.404 33.500 34.247 31.503 29.026 29.662 29.658 26.137 24.982 26.824 25.411 21.728 22.755 24.297 27.984 28.886 31.193 30.401 33.408 34.881 35.057 33.963 32.126 35.473 36.887 34.327 34.713 38.490 38.481 36.559 39.002 42.076 40.747 39.392 39.711 35.910 36.165 33.667 36.161 39.065 41.072 44.377 46.734 48.457 52.043 51.040 49.331 45.750 43.431 41.037 37.743 35.279 34.612 35.714 38.375 37.374 40.347 40.598 43.211 40.710 37.094 36.291 37.925 39.652 41.985 45.070 45.419 47.535 46.830 43.399 40.833 37.378 35.983 32.632 32.417 31.715 33.823 35.345 34.231 30.603 31.879 32.883 29.476 28.319 25.240 26.744 24.359 27.036 29.805 28.112 27.212 30.750 32.231 30.640 32.599 35.740 35.828 35.365 38.334 40.973 42.430 39.428 39.367 43.047 41.781 41.538 45.107 44.256 42.376 45.340 47.841 46.154 43.360 44.360 46.073 45.392 43.429 40.155 38.388 39.906 37.571 34.536 36.618 35.449 31.981 28.859 26.789
30.222 31.941 29.580 30.425 30.996 28.108 25.817 26.569 26.346 22.760 21.905 23.788 22.141 18.533 19.955 21.413 25.059 25.692 28.110 27.609 30.768 31.980 32.036 30.713 28.830 32.120 33.722 31.297 31.563 35.341 35.558 33.717 36.030 39.195 38.095 36.809 36.922 33.137 33.678 31.407 34.144 36.904 39.104 42.356 44.889 46.550 50.186 49.362 47.799 44.165 41.714 39.092 35.829 33.161 32.167 33.256 36.130 35.352 38.514 39.088 41.719 39.228 35.585 34.985 36.906 38.588 41.180 44.067 44.258 46.544 45.834 42.281 39.769 36.291 34.775 31.335 31.528 30.728 32.853 34.012 32.956 29.276 30.148 31.097 27.740 26.272 23.194 24.475 22.293 25.285 27.724 25.782 25.229 28.890 30.002 28.423 30.708 33.679 33.491 33.240 36.379 38.852 40.090 36.926 36.712 40.444 39.394 38.999 42.506 41.486 39.495 42.492 44.920 43.091 40.223 41.267 42.847 42.048 39.961 36.754 34.855 36.348 34.120 30.992 32.968 31.771 28.349 25.173 23.111
29.831 31.348 28.803 29.641 29.795 26.925 24.892 25.239 24.650 21.233 20.404 21.769 19.874 16.379 17.633 18.603 22.345 22.907 25.035 24.473 27.484 28.726 29.053 27.912 26.346 29.803 31.236 28.964 29.582 33.289 33.422 31.897 34.389 37.420 36.316 35.373 35.633 31.927 32.711 30.410 33.328 35.818 37.891 40.952 43.414 44.807 48.386 47.457 46.128 42.421 40.121 37.410 34.344 31.775 30.672 31.371 34.336 33.383 36.533 37.249 39.660 36.968 33.415 33.162 35.333 37.279 39.924 42.733 42.620 44.804 43.846 40.281 37.597 34.254 32.431 29.114 29.580 29.109 31.546 32.643 31.985 28.213 28.817 30.144 27.042 25.750 22.405 23.119 20.657 23.592 25.887 23.602 22.846 26.566 27.531 25.625 27.899 30.953 30.574 30.112 33.338 35.677 37.034 33.889 33.910 37.658 36.732 36.566 40.137 39.293 37.102 39.924 42.528 40.850 37.847 38.625 40.146 39.581 37.591 34.422 32.583 34.388 32.258 29.170 31.280 30.454 27.043 24.003 21.501
28.619 29.740 26.912 27.479 27.244 24.264 22.605 22.860 21.837 18.500 18.060 19.136 16.837 13.593 15.198 15.712 19.410 19.593 21.654 21.403 24.471 25.428 25.787 24.496 23.075 26.546 28.088 26.064 26.738 30.380 30.705 29.438 31.862 34.893 34.022 33.317 33.444 29.834 30.996 28.933 32.106 34.312 36.480 39.378 41.944 43.154 46.727 45.917 44.827 41.074 38.744 35.817 32.907 30.231 28.782 29.270 32.449 31.634 34.917 35.981 38.282 35.537 32.048 32.139 34.634 36.626 39.476 42.055 41.685 43.948 42.890 39.251 36.568 33.311 31.270 27.990 28.934 28.532 31.066 31.804 31.376 27.599 27.711 29.129 26.252 24.789 21.430 21.633 19.315 22.430 24.275 21.614 21.127 24.912 25.416 23.376 25.938 28.824 28.071 27.714 31.121 33.206 34.401 31.124 31.115 34.901 34.260 34.061 37.580 36.662 34.270 37.023 39.633 37.892 34.758 35.439 36.784 36.220 34.149 31.084 29.132 31.074 29.128 25.973 28.017 27.356 24.039 21.043 18.329
26.173 27.259 24.477 25.283 24.884 22.181 20.504 20.237 19.227 16.173 15.348 15.998 13.894 10.630 11.725 12.179 15.941 16.487 18.534 17.948 21.028 22.230 22.523 21.507 20.111 23.693 24.925 22.775 23.713 27.316 27.388 26.208 28.837 31.708 30.686 30.147 30.505 26.961 28.130 25.959 29.163 31.195 33.216 35.999 38.485 39.575 43.113 42.252 41.248 37.478 35.226 32.290 29.492 26.930 25.529 25.795 28.941 28.006 31.258 32.373 34.597 31.819 28.360 28.587 31.207 33.287 36.183 38.672 38.158 40.405 39.289 35.636 32.952 29.737 27.626 24.366 25.496 25.173 27.809 28.450 28.259 24.479 24.415 26.070 23.424 22.201 18.693 18.489 15.987 19.003 20.755 17.989 17.405 21.188 21.672 19.596 22.161 25.038 24.339 24.012 27.389 29.540 30.728 27.491 27.507 31.276 30.543 30.426 33.991 33.216 30.847 33.554 36.248 34.670 31.581 32.195 33.727 33.325 31.503 28.307 26.667 28.730 26.603 23.696 26.097 25.842 22.413 19.829 16.741
26.762 27.439 24.458 25.054 24.092 21.440 20.313 19.660 18.061 15.438 14.984 14.813 12.250 9.717 10.713 9.994 13.666 13.789 15.366 14.960 17.882 18.891 19.522 18.615 17.724 21.414 22.525 20.759 22.065 25.468 25.591 24.904 27.579 30.278 29.423 29.331 29.714 26.391 27.945 25.967 29.346 30.957 32.889 35.376 37.823 38.583 42.028 41.159 40.487 36.688 34.580 31.505 29.027 26.558 24.900 24.681 27.959 26.982 30.228 31.643 33.577 30.643 27.379 28.103 31.036 33.297 36.274 38.541 37.665 39.837 38.485 34.840 32.060 29.083 26.628 23.606 25.216 25.224 28.065 28.446 28.689 24.983 24.437 26.373 24.153 23.021 19.533 18.581 16.116 18.964 20.196 16.981 16.410 20.111 20.108 17.646 20.336 23.113 21.962 21.490 25.042 26.858 28.048 24.763 24.999 28.774 28.362 28.443 31.987 31.331 28.676 31.144 33.979 32.509 29.241 29.530 30.872 30.693 28.921 25.874 24.237 26.653 24.791 21.952 24.359 24.541 21.319 19.017 15.576
25.766 26.373 23.537 24.395 23.188 20.987 19.968 18.620 17.004 15.032 14.161 13.131 10.957 9.010 8.807 7.345 10.937 11.579 12.751 11.712 14.456 15.894 16.667 16.343 15.762 19.552 20.109 18.306 20.123 23.336 23.070 22.653 25.599 27.982 26.927 27.162 27.890 24.760 26.314 24.231 27.562 28.872 30.520 32.777 35.044 35.568 38.916 37.918 37.413 33.609 31.700 28.665 26.443 24.248 22.706 22.039 25.207 23.976 27.090 28.552 30.266 27.221 24.088 25.103 28.189 30.628 33.581 35.730 34.615 36.675 35.165 31.554 28.706 25.890 23.247 20.401 22.278 22.566 25.582 25.886 26.539 22.923 22.155 24.460 22.663 21.956 18.425 16.867 14.196 16.604 17.617 14.240 13.345 16.907 16.830 14.100 16.686 19.512 18.356 17.724 21.264 23.108 24.408 21.223 21.677 25.407 24.914 25.255 28.868 28.506 25.829 28.119 31.131 29.960 26.735 26.795 28.339 28.488 27.098 23.972 22.795 25.422 23.443 21.027 23.790 24.519 21.335 19.633 15.952
24.820 25.959 23.501 24.876 24.174 22.222 20.594 19.157 18.269 16.181 14.484 13.855 12.554 9.922 8.869 8.743 12.378 13.968 15.415 13.685 16.331 18.366 18.883 18.871 17.906 21.635 21.920 19.589 21.354 24.679 23.995 23.147 26.303 28.637 27.140 27.073 28.114 24.835 25.851 23.329 26.380 28.018 29.480 31.943 34.055 34.798 38.173 36.991 36.178 32.384 30.514 27.740 25.299 23.272 22.256 21.830 24.687 23.172 26.134 27.134 29.024 26.012 22.706 23.277 26.058 28.527 31.305 33.736 32.883 34.880 33.481 29.894 27.013 23.997 21.601 18.566 19.904 20.119 23.163 23.908 24.398 20.674 20.473 22.856 20.840 20.499 16.768 15.661 12.484 14.683 16.446 13.571 12.084 15.726 16.492 14.029 16.158 19.316 18.903 18.192 21.396 23.766 25.273 22.330 22.759 26.402 25.363 25.744 29.463 29.256 26.943 29.359 32.360 31.336 28.377 28.628 30.553 30.711 29.549 26.205 25.336 27.715 25.347 23.120 26.120 26.707 23.284 21.593 18.071
27.920 29.216 26.740 28.020 27.429 25.216 23.548 22.467 21.525 19.108 17.653 17.376 15.762 12.916 12.447 12.283 15.973 17.180 18.427 16.922 19.338 21.264 22.138 22.036 21.231 24.990 25.446 23.256 24.950 28.312 27.741 26.887 29.983 32.388 30.916 30.773 31.751 28.394 29.340 26.762 29.736 31.554 33.007 35.547 37.596 38.372 41.719 40.412 39.535 35.759 33.973 31.318 28.822 26.834 25.918 25.587 28.389 26.779 29.632 30.420 32.258 29.163 25.902 26.357 28.926 31.480 34.065 36.698 35.943 37.779 36.299 32.807 29.778 26.812 24.397 21.488 22.435 22.825 25.927 27.016 27.387 23.616 23.780 26.104 23.856 23.478 19.714 19.038 15.802 17.953 20.022 17.296 15.617 19.174 20.153 17.560 19.395 22.727 22.330 21.267 24.423 26.736 28.500 25.653 26.311 29.934 28.935 29.455 33.186 33.023 30.653 32.997 36.045 35.013 31.976 32.127 33.891 34.076 32.762 29.528 28.409 30.846 28.638 26.176 28.952 29.296 25.898 23.810 20.380
29.249 30.671 28.148 29.272 28.950 26.433 24.617 24.083 23.237 20.367 19.154 19.525 17.713 14.513 14.784 15.052 18.844 19.747 21.295 20.183 22.794 24.445 25.203 24.700 23.651 27.347 28.192 25.986 27.301 30.818 30.515 29.419 32.315 34.967 33.619 33.180 33.906 30.387 31.267 28.745 31.703 33.807 35.477 38.228 40.410 41.411 44.840 43.628 42.574 38.815 36.866 34.210 31.488 29.293 28.330 28.381 31.247 29.836 32.782 33.494 35.530 32.550 29.182 29.352 31.735 34.107 36.671 39.428 38.921 40.841 39.522 36.021 33.073 29.975 27.768 24.726 25.402 25.518 28.414 29.601 29.584 25.771 26.183 28.166 25.547 24.850 21.169 21.067 18.039 20.501 22.747 20.184 18.794 22.431 23.462 21.083 23.035 26.314 25.928 25.011 28.186 30.499 32.177 29.237 29.717 33.395 32.427 32.736 36.429 36.038 33.706 36.211 39.127 37.866 34.807 35.153 36.799 36.732 35.141 31.938 30.502 32.755 30.599 27.846 30.365 30.264 26.840 24.320 21.172
32.251 33.391 30.630 31.424 30.763 28.037 26.638 26.185 24.853 22.031 21.346 21.450 19.119 16.313 16.944 16.475 20.184 20.497 21.607 20.873 23.239 24.562 25.751 25.173 24.560 28.276 29.243 27.453 28.894 32.294 32.211 31.460 34.276 36.911 35.797 35.614 36.207 32.783 33.981 31.655 34.769 36.677 38.380 40.979 43.176 43.970 47.343 46.118 45.292 41.507 39.647 36.882 34.334 32.128 30.922 30.729 33.741 32.339 35.298 36.201 38.021 34.889 31.672 32.175 34.730 37.239 39.822 42.489 41.764 43.592 42.064 38.595 35.513 32.607 30.117 27.286 28.202 28.595 31.639 32.724 32.911 29.111 29.278 31.355 28.869 28.054 24.402 24.009 21.065 23.537 25.488 22.608 21.251 24.856 25.544 22.826 24.821 28.077 27.281 26.115 29.442 31.402 33.170 30.204 30.931 34.617 33.989 34.460 38.120 37.759 35.149 37.455 40.461 39.195 35.933 36.008 37.327 37.370 35.634 32.677 30.992 33.481 31.695 28.789 31.037 30.987 27.800 25.149 21.959
33.688 34.872 32.064 32.665 32.221 29.247 27.781 27.821 26.562 23.416 22.994 23.611 21.157 18.179 19.358 19.233 22.962 23.036 24.425 24.027 26.589 27.659 28.678 27.732 26.888 30.494 31.812 30.025 31.110 34.619 34.799 33.847 36.453 39.304 38.335 37.904 38.240 34.704 35.880 33.659 36.773 38.893 40.810 43.579 45.921 46.909 50.365 49.261 48.297 44.522 42.492 39.693 36.959 34.554 33.266 33.395 36.482 35.291 38.360 39.252 41.256 38.235 34.913 35.201 37.645 39.975 42.582 45.316 44.790 46.729 45.356 41.855 38.864 35.830 33.508 30.535 31.306 31.439 34.295 35.388 35.254 31.439 31.738 33.508 30.749 29.629 26.112 26.138 23.423 26.151 28.177 25.406 24.326 28.013 28.693 26.172 28.321 31.506 30.699 29.722 33.087 35.047 36.685 33.611 34.136 37.872 37.290 37.541 41.152 40.559 37.983 40.441 43.304 41.809 38.538 38.807 40.006 39.793 37.799 34.898 32.929 35.213 33.504 30.364 32.328 31.858 28.719 25.717 22.880
34.023 35.525 32.936 33.714 33.683 30.742 28.907 29.168 28.330 24.993 24.306 25.366 23.242 19.936 21.061 21.533 25.318 25.699 27.395 26.827 29.525 30.772 31.551 30.570 29.395 32.951 34.305 32.238 33.108 36.738 36.840 35.552 38.136 41.078 39.961 39.214 39.564 35.905 36.759 34.400 37.312 39.729 41.663 44.632 46.964 48.199 51.703 50.587 49.359 45.633 43.527 40.878 37.937 35.521 34.469 34.920 37.866 36.686 39.713 40.344 42.545 39.657 36.223 36.130 38.282 40.460 42.943 45.850 45.623 47.585 46.402 42.931 40.029 36.849 34.815 31.716 32.089 31.997 34.656 35.976 35.522 31.729 32.419 33.973 30.958 29.848 26.415 26.966 24.275 26.987 29.349 26.932 25.825 29.497 30.521 28.265 30.304 33.548 33.075 32.201 35.428 37.646 39.291 36.256 36.631 40.364 39.527 39.653 43.283 42.629 40.272 42.899 45.672 44.123 40.992 41.490 42.863 42.508 40.511 37.478 35.553 37.597 35.677 32.533 34.530 33.789 30.520 27.405 24.823
35.554 37.088 34.516 35.132 35.325 32.236 30.346 31.029 30.303 26.774 26.291 27.753 25.608 22.255 23.740 24.461 28.202 28.427 30.337 30.004 32.852 33.920 34.531 33.276 31.902 35.323 36.943 34.871 35.429 39.120 39.430 37.962 40.342 43.447 42.454 41.479 41.604 37.883 38.687 36.448 39.314 41.902 44.013 47.119 49.571 50.987 54.556 53.564 52.206 48.510 46.253 43.591 40.504 37.935 36.829 37.564 40.543 39.562 42.669 43.291 45.652 42.887 39.376 39.097 41.139 43.124 45.622 48.560 48.521 50.590 49.569 46.077 43.285 40.004 38.134 34.928 35.196 34.864 37.316 38.610 37.868 34.118 34.906 36.158 32.946 31.583 28.356 29.261 26.827 29.700 32.078 29.787 28.925 32.624 33.625 31.554 33.717 36.878 36.405 35.707 38.960 41.187 42.705 39.582 39.771 43.532 42.721 42.645 46.218 45.361 43.064 45.823 48.453 46.711 43.606 44.289 45.583 45.000 42.809 39.824 37.702 39.526 37.660 34.373 36.123 35.016 31.825 28.488 26.296
38.594 40.320 37.892 38.630 38.952 35.911 33.905 34.580 33.982 30.453 29.823 31.302 29.273 25.863 27.151 27.921 31.695 32.051 33.872 33.381 36.107 37.320 38.048 36.922 35.592 39.047 40.580 38.443 39.061 42.761 42.956 41.437 43.885 46.955 45.832 44.803 45.032 41.286 41.915 39.541 42.255 44.956 46.957 50.109 52.449 53.908 57.445 56.322 54.866 51.204 49.041 46.530 43.415 40.968 40.062 40.818 43.671 42.544 45.526 45.926 48.264 45.476 41.993 41.583 43.422 45.446 47.748 50.835 50.907 52.839 51.803 48.408 45.560 42.312 40.509 37.385 37.364 37.126 39.571 41.125 40.334 36.620 37.684 38.957 35.690 34.493 31.277 32.355 29.802 32.487 35.083 32.943 31.855 35.477 36.717 34.614 36.551 39.839 39.530 38.654 41.797 44.112 45.804 42.793 43.110 46.841 45.909 45.946 49.563 48.812 46.568 49.299 51.983 50.320 47.242 47.884 49.230 48.717 46.572 43.569 41.486 43.323 41.422 38.158 39.923 38.779 35.582 32.229 30.086
36.702 38.656 36.466 37.380 38.060 35.150 32.834 33.631 33.438 29.851 28.965 30.776 29.106 25.516 26.725 28.000 31.733 32.377 34.519 33.889 36.797 38.145 38.541 37.377 35.708 39.072 40.605 38.207 38.608 42.375 42.492 40.669 43.061 46.178 44.944 43.633 43.864 40.065 40.410 37.977 40.492 43.398 45.426 48.723 51.076 52.764 56.338 55.288 53.610 50.021 47.748 45.351 42.081 39.614 38.887 39.939 42.654 41.624 44.586 44.829 47.369 44.783 41.209 40.473 42.089 43.883 46.137 49.277 49.612 51.641 50.850 47.462 44.798 41.412 39.918 36.658 36.403 35.855 38.029 39.635 38.546 34.924 36.222 37.240 33.822 32.616 29.572 31.050 28.651 31.320 34.072 32.266 31.296 34.857 36.293 34.522 36.450 39.668 39.629 38.990 42.018 44.551 46.121 43.113 43.191 46.900 45.749 45.592 49.175 48.329 46.328 49.231 51.779 50.058 47.157 48.057 49.604 48.935 46.838 43.688 41.727 43.311 41.170 37.991 39.855 38.557 35.233 31.928 29.972
37.649 39.714 37.683 38.569 39.550 36.653 34.194 35.286 35.343 31.678 30.809 32.956 31.448 27.820 29.164 30.743 34.399 35.070 37.435 36.877 39.922 41.222 41.396 40.074 38.168 41.393 43.064 40.569 40.694 44.495 44.698 42.648 44.872 48.087 46.882 45.313 45.406 41.580 41.752 39.392 41.750 44.834 46.965 50.391 52.808 54.707 58.319 57.382 55.525 52.010 49.610 47.278 43.874 41.331 40.664 42.010 44.657 43.795 46.772 46.932 49.643 47.235 43.601 42.615 44.046 45.599 47.815 50.979 51.557 53.681 53.105 49.730 47.230 43.747 42.495 39.144 38.729 37.912 39.812 41.413 40.019 36.516 37.969 38.670 35.108 33.763 30.990 32.833 30.690 33.398 36.191 34.621 33.845 37.358 38.851 37.331 39.309 42.434 42.508 42.062 45.046 47.665 49.111 46.066 45.941 49.641 48.414 48.060 51.577 50.573 48.728 51.769 54.162 52.310 49.518 50.633 52.215 51.349 49.170 46.002 43.993 45.326 43.127 39.933 41.676 40.102 36.811 33.450 31.838
38.831 41.168 39.425 40.562 41.786 39.075 36.384 37.402 37.760 34.155 32.982 35.195 33.994 30.281 31.331 33.141 36.770 37.734 40.145 39.339 42.341 43.866 43.974 42.806 40.802 44.019 45.540 42.857 42.985 46.791 46.794 44.583 46.869 50.014 48.606 46.891 47.138 43.310 43.171 40.651 42.737 45.967 47.951 51.443 53.721 55.745 59.314 58.287 56.246 52.828 50.494 48.388 44.933 42.548 42.183 43.638 46.061 45.097 47.910 47.785 50.543 48.241 44.626 43.380 44.504 45.965 47.954 51.243 52.039 54.068 53.610 50.355 47.929 44.445 43.425 40.121 39.352 38.476 40.211 42.049 40.510 37.141 38.930 39.554 35.958 34.844 32.183 34.284 32.113 34.571 37.585 36.327 35.401 38.760 40.546 39.175 40.923 44.091 44.457 43.982 46.779 49.581 51.108 48.191 48.067 51.701 50.241 49.910 53.436 52.520 50.863 53.937 56.317 54.555 51.901 53.086 54.850 54.013 51.964 48.688 46.848 48.102 45.725 42.659 44.542 42.973 39.594 36.340 34.754
37.529 40.016 38.528 39.759 41.307 38.752 35.857 37.029 37.735 34.157 32.851 35.338 34.451 30.722 31.747 33.925 37.415 38.542 41.197 40.356 43.490 45.046 44.852 43.612 41.336 44.395 45.942 43.098 42.980 46.783 46.771 44.310 46.460 49.631 48.186 46.211 46.398 42.585 42.197 39.718 41.581 44.963 46.993 50.588 52.893 55.131 58.715 57.813 55.583 52.273 49.822 47.823 44.258 41.852 41.618 43.360 45.642 44.843 47.629 47.403 50.339 48.275 44.619 43.094 44.011 45.185 47.137 50.406 51.455 53.598 53.403 50.171 47.975 44.398 43.683 40.289 39.372 38.172 39.574 41.368 39.527 36.332 38.271 38.573 34.894 33.727 31.370 33.818 31.925 34.344 37.380 36.444 35.721 38.961 40.828 39.794 41.562 44.581 45.133 44.914 47.605 50.533 51.891 48.977 48.608 52.185 50.587 50.041 53.475 52.434 51.011 54.221 56.423 54.586 52.118 53.541 55.433 54.428 52.407 49.062 47.314 48.303 45.773 42.812 44.705 42.986 39.583 36.428 35.095
39.718 42.397 41.159 42.552 44.284 41.874 38.844 39.980 40.897 37.382 35.898 38.418 37.738 33.989 34.820 37.124 40.573 41.878 44.545 43.549 46.634 48.333 48.104 46.967 44.636 47.669 49.117 46.158 46.029 49.814 49.668 47.092 49.259 52.367 50.781 48.690 48.979 45.195 44.559 41.990 43.598 47.080 48.982 52.612 54.790 57.133 60.662 59.697 57.312 54.112 51.727 49.936 46.352 44.093 44.099 45.928 48.014 47.150 49.780 49.315 52.276 50.320 46.709 44.972 45.608 46.674 48.402 51.756 53.006 55.053 54.973 51.871 49.759 46.211 45.701 42.381 41.173 39.932 41.161 43.138 41.174 38.147 40.349 40.559 36.893 35.918 33.714 36.341 34.467 36.659 39.831 39.147 38.320 41.408 43.483 42.567 44.146 47.178 47.945 47.699 50.236 53.285 54.703 51.897 51.532 55.044 53.278 52.749 56.169 55.190 53.921 57.145 59.322 57.551 55.196 56.672 58.682 57.690 55.756 52.353 50.715 51.634 48.999 46.134 48.090 46.355 42.927 39.848 38.568
38.665 41.487 40.543 42.055 44.077 41.872 38.672 39.885 41.132 37.710 36.078 38.783 38.425 34.711 35.453 38.053 41.338 42.811 45.658 44.602 47.763 49.509 49.017 47.860 45.313 48.186 49.609 46.509 46.183 49.927 49.727 46.941 48.986 52.068 50.426 48.112 48.381 44.654 43.754 41.223 42.566 46.161 48.054 51.749 53.909 56.442 59.953 59.095 56.534 53.469 51.009 49.362 45.714 43.490 43.662 45.729 47.633 46.907 49.463 48.877 51.975 50.264 46.654 44.657 45.064 45.843 47.494 50.810 52.307 54.432 54.608 51.564 49.691 46.093 45.887 42.531 41.171 39.647 40.536 42.474 40.245 37.443 39.791 39.703 36.024 35.068 33.190 36.099 34.491 36.571 39.739 39.387 38.725 41.648 43.803 43.208 44.758 47.632 48.591 48.567 50.968 54.125 55.394 52.629 52.055 55.481 53.574 52.867 56.181 55.119 54.093 57.413 59.422 57.619 55.464 57.141 59.282 58.165 56.299 52.840 51.334 52.017 49.238 46.521 48.509 46.689 43.253 40.328 39.251
41.918 44.806 43.990 45.522 47.641 45.475 42.250 43.508 44.826 41.415 39.774 42.506 42.191 38.481 39.194 41.811 45.089 46.588 49.430 48.343 51.479 53.261 52.779 51.636 49.076 51.927 53.344 50.219 49.862 53.594 53.369 50.530 52.545 55.609 53.929 51.542 51.822 48.125 47.108 44.577 45.768 49.409 51.243 54.951 57.041 59.641 63.111 62.228 59.573 56.592 54.173 52.652 49.002 46.854 47.135 49.257 51.062 50.321 52.787 52.069 55.170 53.525 49.955 47.849 48.081 48.782 50.272 53.626 55.257 57.310 57.559 54.613 52.791 49.231 49.135 45.840 44.321 42.796 43.575 45.609 43.306 40.633 43.108 42.944 39.290 38.408 36.653 39.641 38.065 40.037 43.250 43.005 42.299 45.148 47.390 46.830 48.291 51.177 52.220 52.163 54.498 57.699 59.009 56.291 55.728 59.126 57.155 56.452 59.749 58.701 57.745 61.073 63.057 61.263 59.157 60.864 63.030 61.897 60.033 56.572 55.069 55.703 52.914 50.210 52.162 50.274 46.871 43.941 42.947
43.937 46.821 46.140 47.601 49.890 47.768 44.528 45.971 47.412 44.012 42.447 45.333 45.089 41.431 42.247 44.970 48.169 49.632 52.582 51.579 54.787 56.500 55.883 54.630 51.950 54.676 56.188 53.049 52.503 56.209 56.066 53.113 54.966 58.066 56.449 53.907 54.062 50.413 49.301 46.899 47.952 51.650 53.546 57.294 59.417 62.150 65.615 64.847 62.091 59.204 56.707 55.240 51.550 49.368 49.663 51.957 53.706 53.117 55.578 54.837 58.027 56.530 52.959 50.730 50.849 51.346 52.800 56.098 57.889 60.005 60.420 57.508 55.832 52.249 52.303 48.981 47.425 45.737 46.305 48.260 45.777 43.260 45.754 45.352 41.691 40.710 39.211 42.348 40.991 42.975 46.119 46.001 45.455 48.250 50.460 50.053 51.565 54.353 55.425 55.503 57.818 61.035 62.238 59.494 58.792 62.165 60.181 59.334 62.548 61.381 60.534 63.934 65.784 63.898 61.882 63.728 65.889 64.617 62.698 59.264 57.729 58.183 55.397 52.712 54.543 52.489 49.173 46.259 45.506
21.005 24.201 24.179 27.374 28.740 28.396 25.109 23.581 25.530 24.073 20.463 21.215 22.992 20.347 17.966 20.771 22.655 26.003 28.184 25.456 27.658 30.590 29.711 30.289 28.115 30.784 30.242 26.609 27.505 30.497 28.528 26.066 29.160 30.902 27.987 26.450 28.517 25.421 23.798 20.091 20.821 23.673 24.097 27.226 28.502 30.480 33.693 32.221 29.826 26.699 24.909 23.851 20.752 19.922 21.554 22.576 23.286 21.441 23.119 21.861 24.698 23.092 19.711 17.398 17.625 19.000 20.679 24.084 25.074 27.016 27.007 23.956 22.203 18.612 18.976 15.856 13.899 12.199 13.343 15.944 14.801 11.910 14.966 16.419 14.078 15.934 13.483 15.093 12.715 12.145 15.875 17.015 15.327 16.669 19.942 20.281 20.415 22.867 25.179 25.310 26.447 30.116 31.377 29.603 29.198 31.844 28.981 28.859 32.139 32.218 31.885 34.655 36.914 36.362 34.931 36.184 39.320 39.207 38.943 35.153 35.512 36.592 33.079 32.018 35.485 35.682 31.993 31.060 28.700
23.467 26.385 26.053 29.128 30.055 29.583 26.560 24.748 26.239 24.833 21.313 21.526 22.989 20.392 17.741 19.993 22.034 25.392 27.158 24.188 26.077 29.225 28.788 29.683 27.925 30.834 30.076 26.613 27.994 30.935 28.832 26.790 30.144 31.734 28.779 27.712 29.960 26.926 25.644 21.915 22.906 25.388 25.579 28.418 29.488 31.048 34.144 32.353 30.260 27.021 25.606 24.523 21.755 21.166 22.685 23.106 23.904 21.598 23.139 21.878 24.283 22.202 18.942 17.136 17.644 19.707 21.228 24.687 25.212 26.789 26.264 23.250 20.985 17.590 17.389 14.502 12.499 11.844 13.919 16.775 16.470 13.457 16.147 18.307 16.353 18.300 15.432 16.264 13.243 12.437 16.200 16.839 14.415 15.817 19.245 18.991 18.763 21.616 23.888 23.479 24.611 28.280 29.941 28.301 28.373 31.042 28.224 28.582 32.026 32.443 31.829 34.338 36.904 36.589 34.959 35.825 38.901 39.117 38.947 35.208 35.584 37.034 33.669 32.565 36.101 36.560 32.884 31.902 29.193
26.990 29.992 29.625 32.632 33.589 32.927 29.879 28.238 29.604 27.968 24.572 24.871 26.028 23.217 20.782 22.838 25.158 28.375 30.011 27.037 28.814 32.017 31.871 32.794 31.171 34.221 33.519 30.132 31.586 34.579 32.513 30.539 33.905 35.515 32.562 31.517 33.747 30.677 29.386 25.660 26.569 29.110 29.215 32.016 32.922 34.437 37.411 35.439 33.321 30.196 29.000 28.107 25.430 24.946 26.489 26.867 27.635 25.213 26.571 25.096 27.289 25.135 22.083 20.319 20.523 22.652 23.742 27.350 27.963 29.204 28.565 25.813 23.418 20.293 20.033 17.516 15.212 15.037 17.066 20.189 19.886 17.079 19.900 21.993 19.968 21.820 18.959 19.950 16.852 16.199 19.950 20.406 17.792 19.244 22.692 22.121 21.707 24.760 26.991 26.218 27.317 30.959 32.899 31.359 31.689 34.359 31.560 32.120 35.595 36.123 35.432 37.851 40.513 40.255 38.544 39.282 42.294 42.598 42.370 38.651 38.897 40.460 37.162 35.896 39.373 39.731 36.015 34.787 32.029
29.668 32.447 31.738 34.543 35.171 34.263 31.437 29.749 30.677 28.939 25.765 25.783 26.487 23.650 21.286 22.819 25.387 28.401 29.707 26.713 28.281 31.523 31.825 32.863 31.590 34.859 34.146 30.977 32.727 35.739 33.736 32.090 35.579 37.191 34.340 33.611 35.824 32.729 31.786 28.119 29.334 31.680 31.789 34.428 35.303 36.517 39.431 37.295 35.462 32.246 31.243 30.211 27.724 27.225 28.503 28.519 29.512 26.897 28.282 26.977 28.831 26.298 23.373 22.139 22.670 25.194 26.260 29.811 30.051 31.049 29.987 27.278 24.489 21.618 20.768 18.498 16.496 17.062 19.613 22.675 22.800 19.839 22.293 24.715 22.764 24.444 21.278 21.857 18.421 17.965 21.592 21.480 18.518 20.200 23.504 22.330 21.826 25.196 27.152 25.893 27.147 30.644 32.914 31.389 32.120 34.876 32.272 33.164 36.762 37.449 36.436 38.670 41.569 41.395 39.437 39.864 42.711 43.225 42.944 39.307 39.413 41.282 38.175 36.742 40.177 40.639 36.946 35.550 32.555
33.238 36.091 35.479 38.321 38.958 38.056 35.234 33.539 34.440 32.701 29.554 29.516 30.155 27.324 24.975 26.335 28.901 31.880 32.992 29.926 31.251 34.577 35.091 36.279 35.163 38.460 37.646 34.537 36.397 39.343 37.242 35.679 39.205 40.700 37.759 37.096 39.421 36.392 35.354 31.647 32.677 34.989 34.877 37.405 38.026 39.153 41.888 39.539 37.696 34.639 33.921 33.162 30.838 30.588 32.036 31.950 32.754 29.973 31.061 29.479 31.086 28.564 25.924 24.679 24.869 27.447 28.072 31.706 31.994 32.620 31.455 29.072 26.246 23.712 22.943 21.122 18.804 19.710 22.156 25.461 25.686 22.983 25.590 28.033 26.204 28.032 24.963 25.569 22.152 21.495 25.087 25.050 21.942 23.384 26.765 25.498 24.663 28.052 30.103 28.566 29.588 33.047 35.543 34.256 35.216 37.842 35.177 36.287 39.855 40.737 39.758 41.841 44.806 44.794 42.867 43.154 46.006 46.668 46.467 42.865 43.006 44.956 41.881 40.461 43.894 44.379 40.692 39.241 36.214
36.023 38.721 37.821 40.460 40.879 39.720 37.065 35.441 35.997 34.107 31.206 31.060 31.274 28.400 26.270 27.238 30.023 32.728 33.609 30.654 31.856 35.104 35.983 37.163 36.302 39.760 39.036 36.127 38.138 41.130 39.168 37.824 41.390 42.955 40.155 39.675 41.905 38.817 38.058 34.424 35.712 37.946 37.931 40.397 41.070 42.018 44.740 42.327 40.692 37.560 36.907 35.986 33.737 33.375 34.563 34.293 35.331 32.503 33.688 32.303 33.714 30.945 28.378 27.506 27.963 30.734 31.415 34.985 35.036 35.544 34.107 31.743 28.682 26.322 25.133 23.442 21.461 22.699 25.414 28.602 29.000 26.140 28.498 31.074 29.187 30.788 27.516 27.936 24.353 23.982 27.465 26.984 23.773 25.458 28.622 26.912 26.146 29.719 31.450 29.578 30.791 34.049 36.763 35.433 36.669 39.390 36.951 38.253 41.901 42.830 41.573 43.543 46.665 46.650 44.501 44.570 47.232 48.007 47.691 44.178 44.125 46.295 43.404 41.789 45.123 45.614 41.960 40.310 37.153
39.622 42.323 41.462 44.120 44.466 43.331 40.738 39.037 39.515 37.689 34.820 34.528 34.689 31.901 29.725 30.477 33.201 35.865 36.504 33.484 34.406 37.712 38.814 40.171 39.515 42.989 42.132 39.323 41.485 44.384 42.323 41.123 44.742 46.171 43.308 42.963 45.307 42.302 41.524 37.867 39.055 41.189 40.976 43.293 43.745 44.539 47.085 44.478 42.921 39.913 39.536 38.807 36.750 36.606 37.897 37.459 38.357 35.367 36.305 34.753 35.886 33.087 30.803 30.034 30.311 33.178 33.541 37.106 37.089 37.256 35.656 33.582 30.466 28.455 27.246 25.965 23.857 25.419 28.126 31.436 32.015 29.330 31.715 34.387 32.658 34.397 31.159 31.481 27.880 27.318 30.728 30.262 26.912 28.381 31.561 29.740 28.682 32.245 34.011 31.872 32.870 36.026 38.948 37.856 39.338 41.921 39.472 41.011 44.626 45.761 44.497 46.282 49.486 49.649 47.512 47.398 50.038 50.995 50.781 47.328 47.331 49.615 46.785 45.212 48.551 49.131 45.508 43.860 40.639
42.215 44.937 44.023 46.622 46.980 45.726 43.133 41.546 41.959 40.010 37.232 37.018 37.026 34.159 32.145 32.841 35.673 38.215 38.824 35.891 36.806 40.049 41.266 42.566 41.953 45.478 44.705 41.942 44.092 47.037 45.046 43.855 47.460 48.947 46.122 45.759 48.051 44.997 44.245 40.598 41.809 43.997 43.822 46.164 46.617 47.415 49.944 47.310 45.753 42.771 42.411 41.690 39.613 39.425 40.674 40.264 41.213 38.237 39.186 37.626 38.728 35.920 33.670 32.913 33.151 35.992 36.283 39.866 39.883 39.978 38.358 36.363 33.243 31.298 30.070 28.832 26.733 28.292 30.960 34.290 34.807 32.116 34.531 37.152 35.333 36.982 33.727 34.135 30.527 30.091 33.515 32.969 29.644 31.196 34.326 32.415 31.404 34.998 36.676 34.453 35.498 38.576 41.562 40.463 42.011 44.623 42.234 43.803 47.432 48.560 47.234 49.006 52.240 52.379 50.178 50.025 52.596 53.559 53.270 49.842 49.737 52.063 49.286 47.605 50.880 51.382 47.758 45.973 42.762
41.500 44.334 43.406 45.950 46.528 45.120 42.376 41.092 41.624 39.414 36.681 36.850 36.796 33.682 31.961 32.959 35.991 38.464 39.401 36.651 37.928 41.039 42.062 43.052 42.166 45.707 45.212 42.330 44.208 47.335 45.533 44.091 47.583 49.309 46.567 45.928 48.020 44.805 43.993 40.370 41.608 44.056 44.134 46.720 47.394 48.461 51.160 48.717 46.964 43.929 43.275 42.435 40.076 39.618 40.783 40.709 41.801 39.052 40.243 38.749 40.182 37.487 34.965 33.956 34.176 36.780 37.233 40.895 41.170 41.546 40.187 38.014 35.026 32.760 31.694 30.062 27.949 29.054 31.532 34.823 34.939 32.138 34.690 37.025 34.881 36.279 33.067 33.852 30.343 30.246 33.812 33.285 30.202 32.037 35.157 33.375 32.724 36.331 37.957 35.998 37.282 40.447 43.248 41.882 43.166 45.951 43.573 44.856 48.517 49.373 48.066 50.085 53.212 53.097 50.862 50.949 53.504 54.212 53.708 50.211 49.912 52.083 49.251 47.392 50.575 50.797 47.114 45.132 42.085
44.758 47.498 46.393 48.790 49.237 47.648 45.024 43.821 44.128 41.813 39.277 39.401 39.061 35.941 34.412 35.159 38.304 40.552 41.329 38.707 39.891 42.899 44.167 45.125 44.415 48.039 47.627 44.896 46.847 49.998 48.305 47.001 50.499 52.276 49.634 49.099 51.119 47.866 47.224 43.653 45.038 47.450 47.589 50.143 50.845 51.808 54.493 52.007 50.376 47.304 46.693 45.766 43.449 42.923 43.933 43.760 44.990 42.222 43.465 42.077 43.392 40.565 38.100 37.291 37.644 40.349 40.819 44.451 44.599 44.893 43.378 41.237 38.129 35.976 34.693 33.149 31.209 32.477 35.086 38.323 38.525 35.643 38.067 40.464 38.280 39.537 36.228 36.921 33.348 33.415 36.908 36.132 33.026 34.984 37.957 35.929 35.329 39.011 40.424 38.271 39.660 42.658 45.584 44.202 45.658 48.490 46.272 47.670 51.369 52.248 50.765 52.704 55.923 55.800 53.420 53.362 55.766 56.542 55.944 52.530 52.079 54.386 51.700 49.700 52.780 52.977 49.341 47.206 44.113
47.272 49.867 48.634 50.954 51.160 49.541 47.106 45.767 45.832 43.615 41.194 41.044 40.536 37.580 36.007 36.385 39.477 41.594 42.050 39.423 40.319 43.311 44.875 45.995 45.586 49.253 48.731 46.194 48.363 51.412 49.693 48.648 52.216 53.884 51.274 50.990 53.072 49.894 49.423 45.880 47.368 49.591 49.635 52.018 52.624 53.346 55.925 53.311 51.899 48.824 48.403 47.463 45.343 44.916 45.849 45.400 46.656 43.753 44.905 43.585 44.625 41.636 39.364 38.863 39.349 42.263 42.684 46.235 46.125 46.219 44.438 42.406 39.140 37.245 35.703 34.433 32.661 34.285 37.102 40.302 40.800 37.909 40.146 42.759 40.739 42.041 38.629 39.021 35.347 35.339 38.685 37.711 34.461 36.347 39.198 36.918 36.164 39.877 41.143 38.705 40.041 42.841 45.951 44.711 46.445 49.205 47.117 48.762 52.462 53.514 51.884 53.611 56.958 56.979 54.512 54.198 56.489 57.472 56.938 53.636 53.195 55.697 53.160 51.174 54.232 54.596 51.038 48.930 45.700
50.722 53.247 51.887 54.087 54.196 52.438 50.105 48.840 48.733 46.443 44.189 44.013 43.287 40.349 38.940 39.129 42.281 44.200 44.522 42.025 42.834 45.712 47.469 48.554 48.291 52.004 51.552 49.149 51.362 54.418 52.793 51.856 55.415 57.119 54.593 54.387 56.407 53.207 52.861 49.363 50.951 53.150 53.238 55.595 56.218 56.862 59.421 56.777 55.458 52.368 51.983 50.986 48.900 48.425 49.244 48.728 50.081 47.175 48.357 47.113 48.062 44.994 42.778 42.416 42.981 45.951 46.374 49.899 49.706 49.731 47.844 45.854 42.520 40.721 39.044 37.846 36.196 37.911 40.795 43.956 44.501 41.563 43.715 46.358 44.306 45.504 42.037 42.376 38.679 38.790 42.073 40.929 37.689 39.650 42.377 39.932 39.224 42.960 44.053 41.483 42.885 45.524 48.714 47.475 49.338 52.117 50.167 51.896 55.610 56.678 54.915 56.568 59.977 59.993 57.419 56.987 59.140 60.179 59.569 56.352 55.786 58.391 55.985 53.892 56.849 57.189 53.686 51.461 48.217
52.089 54.425 52.901 54.981 54.831 53.030 50.917 49.541 49.169 46.983 44.885 44.450 43.537 40.788 39.383 39.205 42.287 44.026 44.045 41.609 42.167 44.962 46.986 48.181 48.210 51.939 51.420 49.239 51.633 54.584 52.987 52.315 55.906 57.528 55.091 55.132 57.158 54.032 53.904 50.478 52.219 54.225 54.286 56.489 57.089 57.505 59.998 57.299 56.219 53.089 52.819 51.730 49.813 49.367 50.039 49.270 50.705 47.732 48.900 47.819 48.546 45.319 43.244 43.210 43.995 47.145 47.635 51.047 50.579 50.510 48.384 46.417 42.942 41.332 39.369 38.355 36.975 38.957 42.046 45.087 45.894 42.904 44.809 47.634 45.721 46.896 43.329 43.362 39.602 39.714 42.810 41.430 38.126 40.066 42.597 39.913 39.152 42.885 43.760 40.972 42.389 44.790 48.096 46.937 49.029 51.758 49.996 51.915 55.617 56.798 54.863 56.324 59.833 59.946 57.271 56.602 58.603 59.813 59.237 56.156 55.574 58.357 56.127 54.041 56.946 57.446 54.049 51.864 48.505
54.880 57.080 55.385 57.304 56.989 55.054 53.109 51.782 51.180 48.967 47.080 46.562 45.405 42.743 41.507 41.075 44.173 45.665 45.502 43.239 43.684 46.310 48.545 49.703 49.927 53.678 53.228 51.240 53.693 56.616 55.143 54.635 58.202 59.848 57.540 57.708 59.651 56.529 56.591 53.248 55.140 57.071 57.201 59.351 60.002 60.302 62.787 60.091 59.159 55.985 55.729 54.525 52.665 52.146 52.645 51.767 53.337 50.384 51.618 50.694 51.322 47.991 45.965 46.138 47.092 50.320 50.894 54.241 53.625 53.537 51.279 49.301 45.746 44.217 42.061 41.100 39.937 42.014 45.212 48.147 49.043 45.978 47.716 50.596 48.682 49.728 46.093 45.996 42.225 42.473 45.445 43.844 40.579 42.602 44.936 42.068 41.390 45.119 45.752 42.844 44.361 46.540 49.894 48.720 50.944 53.688 52.127 54.129 57.828 59.015 56.910 58.268 61.837 61.941 59.141 58.322 60.137 61.415 60.762 57.811 57.100 60.003 57.954 55.777 58.555 59.072 55.774 53.510 50.129
54.870 56.866 54.952 56.662 56.145 54.068 52.334 51.059 50.192 47.967 46.330 45.716 44.289 41.746 40.708 40.001 43.111 44.320 44.005 41.961 42.356 44.771 47.176 48.243 48.642 52.403 52.063 50.283 52.768 55.667 54.371 54.032 57.545 59.246 57.127 57.425 59.229 56.111 56.429 53.219 55.332 57.165 57.439 59.552 60.344 60.543 63.081 60.474 59.709 56.431 56.094 54.674 52.843 52.172 52.412 51.433 53.210 50.344 51.740 51.087 51.684 48.232 46.173 46.592 47.837 51.136 51.939 55.192 54.394 54.423 52.057 49.939 46.296 44.747 42.342 41.322 40.500 42.613 45.955 48.689 49.667 46.471 47.947 50.873 48.951 49.802 46.087 45.808 42.048 42.506 45.303 43.416 40.250 42.424 44.489 41.427 40.946 44.666 44.986 42.028 43.749 45.708 49.037 47.750 50.041 52.849 51.538 53.552 57.251 58.372 56.067 57.365 60.969 61.002 58.058 57.123 58.732 60.027 59.263 56.446 55.585 58.592 56.740 54.467 57.103 57.643 54.464 52.147 48.746
55.028 56.887 54.954 56.659 55.935 53.976 52.408 50.913 49.912 47.918 46.300 45.379 43.968 41.674 40.458 39.472 42.380 43.564 42.943 40.832 40.902 43.334 45.922 47.216 47.877 51.589 51.047 49.433 52.116 54.838 53.448 53.350 56.908 58.422 56.304 56.845 58.752 55.783 56.201 53.029 55.160 56.766 56.896 58.802 59.470 59.438 61.843 59.151 58.597 55.358 55.210 53.819 52.219 51.705 51.934 50.690 52.401 49.430 50.686 50.091 50.430 46.903 45.064 45.744 47.085 50.519 51.286 54.405 53.373 53.247 50.686 48.677 44.970 43.673 41.103 40.359 39.699 42.074 45.530 48.182 49.440 46.313 47.607 50.710 49.027 50.001 46.272 45.692 41.912 42.187 44.796 42.843 39.585 41.567 43.517 40.345 39.668 43.308 43.552 40.408 41.984 43.751 47.181 46.092 48.595 51.250 50.029 52.250 55.886 57.190 54.834 55.904 59.574 59.793 56.863 55.708 57.263 58.769 58.169 55.461 54.740 57.876 56.119 53.997 56.669 57.450 54.359 52.227 48.713
53.184 55.179 53.451 55.365 54.764 53.005 51.284 49.638 48.863 46.976 45.098 44.152 43.037 40.714 39.211 38.412 41.238 42.728 42.185 39.805 39.849 42.528 44.967 46.428 46.974 50.661 49.935 48.146 50.863 53.554 51.949 51.755 55.385 56.784 54.481 54.975 57.054 54.132 54.342 51.058 52.996 54.608 54.560 56.438 56.950 56.944 59.278 56.494 55.848 52.697 52.661 51.463 49.905 49.578 50.045 48.808 50.305 47.220 48.296 47.482 47.789 44.341 42.574 43.115 44.252 47.676 48.260 51.420 50.465 50.222 47.703 45.812 42.152 40.920 38.511 37.883 36.980 39.412 42.795 45.589 46.878 43.884 45.336 48.469 46.888 48.095 44.428 43.892 40.089 40.094 42.803 41.100 37.707 39.487 41.665 38.649 37.725 41.363 41.902 38.768 40.117 42.082 45.555 44.613 47.090 49.651 48.196 50.451 54.076 55.491 53.323 54.403 58.055 58.391 55.616 54.530 56.301 57.839 57.411 54.581 54.076 57.136 55.192 53.231 56.080 56.931 53.741 51.750 48.206
50.025 51.972 50.291 52.263 51.614 49.990 48.293 46.493 45.749 44.016 42.053 40.961 39.979 37.768 36.074 35.237 37.941 39.553 38.961 36.447 36.411 39.200 41.595 43.183 43.748 47.398 46.539 44.732 47.520 50.136 48.434 48.287 51.947 53.250 50.906 51.471 53.624 50.780 50.986 47.706 49.625 51.132 51.014 52.815 53.291 53.226 55.539 52.754 52.157 49.001 49.003 47.812 46.335 46.086 46.585 45.255 46.692 43.566 44.592 43.802 44.057 40.590 38.862 39.482 40.682 44.152 44.777 47.875 46.833 46.603 44.046 42.125 38.444 37.243 34.780 34.214 33.381 35.903 39.338 42.075 43.486 40.529 41.894 45.105 43.662 44.965 41.315 40.630 36.828 36.696 39.330 37.659 34.209 35.878 38.060 35.061 34.033 37.650 38.245 35.095 36.377 38.384 41.864 40.977 43.467 45.978 44.476 46.768 50.376 51.851 49.727 50.770 54.422 54.829 52.114 51.015 52.864 54.449 54.135 51.281 50.918 53.973 51.979 50.150 53.089 54.068 50.877 49.047 45.451
47.129 49.241 47.705 49.819 49.388 47.833 45.926 44.161 43.667 41.869 39.706 38.800 38.030 35.641 33.853 33.356 36.137 37.990 37.699 35.051 35.276 38.214 40.330 41.849 42.124 45.780 44.946 42.892 45.548 48.270 46.500 46.107 49.777 51.144 48.687 49.043 51.226 48.311 48.322 44.950 46.750 48.413 48.307 50.248 50.751 50.887 53.285 50.543 49.728 46.568 46.458 45.330 43.695 43.431 44.075 42.945 44.308 41.205 42.257 41.323 41.794 38.430 36.533 36.869 37.916 41.283 41.890 45.106 44.278 44.161 41.798 39.798 36.194 34.776 32.529 31.764 30.685 33.025 36.356 39.214 40.445 37.497 39.068 42.180 40.640 42.004 38.401 37.930 34.125 33.951 36.779 35.315 31.853 33.549 35.961 33.163 32.156 35.832 36.676 33.722 35.003 37.313 40.695 39.711 41.980 44.561 42.841 44.963 48.613 49.994 48.033 49.276 52.850 53.175 50.557 49.692 51.730 53.157 52.835 49.817 49.507 52.403 50.208 48.396 51.437 52.307 48.992 47.163 43.626
43.841 45.981 44.572 46.811 46.427 45.053 43.083 41.173 40.829 39.176 36.837 35.861 35.341 33.009 30.974 30.600 33.257 35.343 35.126 32.289 32.529 35.630 37.570 39.195 39.369 42.971 42.001 39.830 42.500 45.175 43.267 42.819 46.521 47.804 45.247 45.589 47.872 45.017 44.926 41.515 43.223 44.842 44.647 46.561 47.017 47.172 49.569 46.829 45.970 42.818 42.720 41.650 40.044 39.877 40.639 39.495 40.740 37.593 38.578 37.579 38.077 34.748 32.837 33.119 34.137 37.510 38.121 41.328 40.506 40.425 38.105 36.066 32.481 31.021 28.833 28.070 26.922 29.289 32.620 35.492 36.780 33.895 35.482 38.634 37.210 38.723 35.172 34.643 30.848 30.476 33.313 32.005 28.474 30.029 32.564 29.898 28.759 32.422 33.458 30.583 31.754 34.235 37.574 36.634 38.820 41.355 39.486 41.580 45.218 46.634 44.802 46.078 49.612 49.989 47.487 46.703 48.895 50.310 50.111 47.014 46.879 49.695 47.373 45.715 48.878 49.832 46.479 44.823 41.277
40.818 43.107 41.786 44.110 43.957 42.583 40.407 38.620 38.508 36.719 34.239 33.537 33.167 30.612 28.597 28.616 31.406 33.658 33.819 30.964 31.584 34.726 36.343 37.776 37.608 41.214 40.380 37.971 40.429 43.256 41.380 40.645 44.311 45.742 43.143 43.220 45.443 42.470 42.226 38.755 40.410 42.241 42.172 44.297 44.890 45.310 47.865 45.259 44.158 40.955 40.620 39.516 37.661 37.355 38.177 37.315 38.583 35.555 36.693 35.640 36.472 33.265 31.066 31.024 31.960 35.172 35.891 39.222 38.655 38.826 36.775 34.548 31.077 29.257 27.297 26.149 24.817 26.840 30.053 32.991 33.994 31.035 32.815 35.801 34.179 35.645 32.121 31.870 28.093 27.823 30.876 29.724 26.279 27.997 30.707 28.262 27.328 31.040 32.239 29.674 30.974 33.729 36.870 35.713 37.587 40.259 38.237 40.056 43.741 44.956 43.250 44.790 48.212 48.409 45.963 45.465 47.787 48.967 48.670 45.425 45.255 47.885 45.392 43.684 46.890 47.668 44.204 42.495 39.050
38.063 40.421 39.318 41.830 41.765 40.656 38.390 36.414 36.536 34.961 32.239 31.461 31.469 29.016 26.665 26.892 29.458 32.018 32.271 29.186 29.793 33.121 34.490 36.069 35.772 39.267 38.237 35.677 38.139 40.877 38.797 37.979 41.680 42.969 40.213 40.260 42.643 39.769 39.341 35.800 37.270 39.049 38.813 40.891 41.369 41.818 44.336 41.701 40.520 37.367 37.092 36.134 34.332 34.213 35.258 34.389 35.434 32.327 33.311 32.096 32.946 29.832 27.655 27.473 28.273 31.481 32.126 35.466 34.944 35.108 33.133 30.918 27.510 25.662 23.878 22.776 21.228 23.284 26.451 29.470 30.545 27.724 29.593 32.624 31.181 32.902 29.491 29.200 25.467 24.847 27.934 27.086 23.554 24.995 27.918 25.731 24.564 28.203 29.715 27.290 28.356 31.321 34.386 33.348 35.105 37.663 35.420 37.209 40.850 42.137 40.641 42.200 45.553 45.848 43.589 43.189 45.710 46.888 46.774 43.449 43.526 46.035 43.383 41.902 45.253 46.135 42.641 41.170 37.751
34.368 36.802 35.780 38.371 38.467 37.429 35.021 33.080 33.414 31.822 28.953 28.346 28.570 26.022 23.600 24.186 26.759 29.499 30.077 26.973 27.903 31.244 32.266 33.697 33.102 36.545 35.594 32.837 35.118 37.943 35.878 34.831 38.492 39.879 37.099 36.947 39.284 36.345 35.810 32.239 33.690 35.598 35.483 37.722 38.356 39.018 41.693 39.229 37.876 34.648 34.122 33.078 31.072 30.819 31.894 31.243 32.314 29.337 30.492 29.310 30.482 27.482 25.014 24.580 25.414 28.483 29.346 32.736 32.382 32.861 31.136 28.676 25.395 23.165 21.563 20.036 18.426 20.120 23.224 26.215 27.081 24.167 26.124 29.043 27.484 29.187 25.807 25.667 21.969 21.389 24.622 23.929 20.499 22.055 25.105 23.173 22.218 25.840 27.487 25.421 26.603 29.785 32.597 31.360 32.793 35.450 33.093 34.607 38.266 39.364 37.988 39.770 43.001 43.143 40.958 40.813 43.450 44.421 44.261 40.824 40.925 43.253 40.454 39.000 42.401 43.191 39.635 38.219 34.894
32.711 35.268 34.593 37.432 37.674 36.994 34.476 32.329 32.992 31.689 28.548 27.879 28.601 26.231 23.451 24.312 26.516 29.587 30.245 26.924 27.772 31.277 31.998 33.607 32.873 36.121 34.919 32.001 34.256 36.926 34.589 33.429 37.105 38.273 35.271 35.061 37.625 34.848 34.012 30.347 31.457 33.306 32.906 35.068 35.479 36.188 38.765 36.220 34.725 31.626 31.241 30.495 28.586 28.660 30.109 29.474 30.160 27.070 27.919 26.408 27.580 24.782 22.419 21.691 22.175 25.204 25.839 29.283 29.054 29.445 27.853 25.506 22.376 20.165 18.966 17.598 15.494 17.208 20.143 23.340 24.280 21.658 23.836 26.769 25.487 27.588 24.452 24.326 20.789 19.638 22.902 22.742 19.272 20.308 23.657 22.178 20.854 24.262 26.361 24.507 25.270 28.664 31.360 30.359 31.644 34.077 31.424 32.908 36.459 37.680 36.624 38.390 41.506 41.805 39.900 39.867 42.733 43.718 43.802 40.305 40.718 42.876 39.905 38.753 42.293 43.191 39.635 38.510 35.273
28.961 31.564 31.010 33.947 34.328 33.799 31.177 29.002 29.905 28.696 25.396 24.839 25.877 23.542 20.631 21.863 23.916 27.177 28.131 24.812 25.933 29.408 29.735 31.222 30.204 33.328 32.155 29.059 31.130 33.825 31.473 30.098 33.724 34.940 31.905 31.518 34.065 31.272 30.317 26.626 27.694 29.627 29.320 31.621 32.189 33.099 35.833 33.487 31.840 28.657 28.004 27.161 25.065 25.038 26.551 26.114 26.780 23.828 24.840 23.387 24.908 22.264 19.595 18.586 19.146 22.026 22.962 26.414 26.325 27.092 25.779 23.150 20.208 17.563 16.612 14.750 12.591 13.825 16.709 19.846 20.615 17.905 20.151 23.005 21.694 23.855 20.802 20.756 17.324 16.062 19.440 19.545 16.234 17.260 20.737 19.642 18.522 21.796 24.053 22.649 23.471 27.034 29.406 28.240 29.160 31.640 28.875 30.060 33.593 34.632 33.732 35.697 38.664 38.835 37.044 37.264 40.245 41.038 41.120 37.541 38.035 39.990 36.882 35.833 39.422 40.280 36.705 35.728 32.614
27.602 30.441 30.339 33.529 34.224 34.025 31.208 29.005 30.359 29.335 25.806 25.438 26.967 24.723 21.691 23.358 25.085 28.568 29.751 26.396 27.584 31.068 30.996 32.478 31.187 34.058 32.783 29.492 31.332 33.916 31.387 29.734 33.261 34.340 31.107 30.461 33.152 30.485 29.093 25.315 25.901 27.938 27.404 29.758 30.151 31.308 33.988 31.665 29.692 26.701 26.054 25.582 23.437 23.684 25.646 25.479 25.708 22.817 23.544 21.666 23.404 21.215 18.594 16.926 16.844 19.402 20.067 23.672 23.998 24.807 23.908 21.404 18.895 16.135 16.019 14.187 11.314 11.968 14.252 17.703 18.210 15.910 18.632 21.232 20.078 22.616 19.985 20.262 17.230 15.484 18.917 19.756 16.733 17.232 20.943 20.529 19.262 22.128 24.804 23.823 24.274 27.987 30.085 29.079 29.672 31.934 28.882 29.837 33.195 34.213 33.726 35.779 38.515 38.730 37.266 37.738 40.924 41.594 41.829 38.188 38.909 40.577 37.281 36.477 40.129 40.943 37.365 36.599 33.702
25.324 27.909 27.766 30.946 31.416 31.417 28.794 26.301 27.586 26.908 23.369 22.636 24.367 22.502 19.189 20.708 22.058 25.651 26.719 23.273 24.339 27.852 27.657 29.295 28.087 30.837 29.362 26.115 28.094 30.514 27.861 26.366 29.955 30.877 27.622 27.199 30.001 27.484 26.236 22.513 23.224 24.960 24.355 26.558 26.993 27.978 30.713 28.432 26.648 23.490 22.821 22.174 20.173 20.516 22.439 21.994 22.200 19.194 19.960 18.287 20.006 17.663 14.919 13.488 13.897 16.748 17.825 21.224 21.184 22.193 21.155 18.357 15.724 12.759 12.429 10.408 7.728 8.648 11.480 14.688 15.685 13.304 15.603 18.554 17.793 20.467 17.844 17.568 14.579 12.403 15.598 16.494 13.389 13.558 17.301 17.026 15.627 18.379 21.147 20.313 20.685 24.434 26.403 25.423 25.967 28.166 25.090 26.076 29.436 30.528 30.039 32.026 34.778 35.079 33.659 34.080 37.312 38.053 38.434 34.830 35.738 37.425 34.149 33.557 37.269 38.314 34.840 34.355 31.420
25.518 27.680 27.219 30.197 30.211 30.197 27.933 25.170 26.034 25.604 22.257 20.965 22.523 21.025 17.519 18.445 19.589 23.130 23.802 20.218 20.961 24.569 24.623 26.529 25.693 28.497 26.818 23.807 26.162 28.435 25.737 24.685 28.404 29.190 26.043 26.096 28.932 26.541 25.738 22.186 23.277 24.577 23.971 25.876 26.348 26.903 29.613 27.276 25.954 22.611 22.083 21.120 19.454 19.806 21.379 20.364 20.790 17.568 18.425 17.220 18.547 15.686 12.989 12.515 13.798 17.098 18.496 21.519 20.818 21.778 20.241 17.258 14.154 11.368 9.992 8.071 6.448 8.521 12.087 14.694 16.387 13.878 15.312 18.714 18.295 20.806 17.994 16.936 13.776 11.539 14.246 14.592 11.092 11.157 14.733 13.983 12.302 15.304 17.912 16.751 17.188 20.886 23.045 22.099 22.962 25.185 22.271 23.591 27.058 28.345 27.565 29.329 32.297 32.742 31.157 31.265 34.408 35.390 35.867 32.366 33.343 35.284 32.186 31.664 35.389 36.722 33.373 33.027 29.896
24.648 26.655 25.718 28.432 28.302 27.880 25.675 23.105 23.650 22.881 19.707 18.490 19.604 17.855 14.528 15.357 17.006 20.368 21.189 17.775 18.932 22.394 22.574 24.167 23.292 26.372 25.057 22.083 24.406 26.990 24.670 23.626 27.343 28.528 25.695 25.715 28.192 25.503 25.109 21.664 23.324 24.782 24.735 26.863 27.815 28.438 31.388 29.343 28.150 24.606 23.655 22.116 20.139 19.809 20.765 19.857 20.978 18.084 19.641 19.098 20.651 17.629 14.581 14.469 16.358 19.463 21.352 24.242 23.489 24.789 23.270 20.043 16.932 13.977 12.090 9.507 9.140 10.497 14.102 16.198 17.553 14.452 15.501 18.821 17.889 19.795 16.548 15.420 11.857 10.582 13.422 12.902 9.338 10.657 13.836 12.472 11.696 15.122 17.067 15.893 17.170 20.700 22.812 21.307 22.127 24.805 22.278 23.416 27.074 28.020 26.828 28.797 31.856 31.957 30.005 30.139 33.067 33.890 34.015 30.483 31.090 33.161 30.160 29.273 32.915 34.112 30.698 30.082 26.837
25.819 27.367 26.209 28.690 28.067 27.714 25.968 23.111 23.185 22.806 19.941 18.047 18.959 17.807 14.354 14.284 15.507 18.733 18.940 15.330 15.921 19.538 20.076 22.078 21.737 24.800 23.176 20.569 23.336 25.633 23.238 22.770 26.557 27.483 24.782 25.357 27.885 25.460 25.485 22.308 24.180 25.112 24.948 26.661 27.530 27.673 30.483 28.366 27.658 24.068 23.376 21.668 20.187 20.013 20.658 19.098 20.319 17.259 18.737 18.624 19.644 16.242 13.532 14.417 16.854 20.220 22.194 24.695 23.364 24.503 22.549 19.334 15.948 13.479 10.714 8.715 9.558 11.666 15.454 17.012 18.981 16.092 16.346 19.939 19.501 21.309 18.129 16.244 12.857 11.503 13.438 12.349 8.568 9.535 12.180 10.137 8.916 12.586 14.237 12.542 13.885 17.275 19.645 18.262 19.538 22.152 19.846 21.420 25.105 26.330 24.859 26.480 29.759 30.095 28.019 27.746 30.567 31.719 32.025 28.661 29.412 31.762 29.000 28.277 31.905 33.465 30.259 29.870 26.462
28.355 29.839 28.327 30.534 29.757 28.960 27.331 24.742 24.396 23.624 21.091 19.290 19.478 18.045 15.048 14.496 16.344 19.084 19.072 15.701 16.291 19.750 20.856 22.686 22.615 25.964 24.643 22.301 25.115 27.581 25.529 25.224 28.958 30.111 27.677 28.300 30.568 27.975 28.285 25.200 27.339 28.388 28.463 30.233 31.221 31.307 34.107 31.992 31.402 27.809 27.104 25.258 23.714 23.254 23.544 22.024 23.603 20.704 22.346 22.388 23.294 19.791 17.221 18.226 20.626 23.989 25.900 28.467 27.122 28.136 26.027 22.933 19.427 17.176 14.265 12.501 13.237 15.315 19.081 20.707 22.474 19.375 19.667 23.129 22.321 23.739 20.290 18.558 14.963 14.391 16.391 14.681 11.098 12.770 14.894 12.184 11.495 15.291 16.235 14.054 15.880 18.851 21.494 19.929 21.526 24.337 22.448 24.129 27.862 28.996 27.158 28.711 32.124 32.331 29.932 29.450 31.958 33.158 33.190 29.925 30.289 32.897 30.367 29.263 32.730 34.182 30.964 30.205 26.632
26.081 27.618 25.900 28.001 27.398 26.304 24.496 22.226 21.922 20.721 18.197 16.840 16.826 14.913 12.182 12.085 14.552 17.233 17.859 14.830 16.285 19.418 20.174 21.412 20.875 24.373 23.546 20.994 23.432 26.271 24.574 23.905 27.526 29.114 26.867 27.121 29.056 26.151 26.538 23.484 25.883 27.271 27.819 29.956 31.357 31.805 34.877 33.092 32.280 28.581 27.379 25.224 23.210 22.187 22.173 21.138 23.128 20.659 22.832 23.113 24.551 21.270 18.241 18.867 21.358 24.378 26.632 29.262 28.225 29.673 27.936 24.597 21.362 18.619 16.047 13.502 14.317 15.522 19.075 20.517 21.734 18.287 18.592 21.735 20.412 21.372 17.731 16.303 12.587 12.871 15.137 13.133 9.960 12.600 14.566 12.017 12.434 16.141 16.811 15.292 17.647 20.595 22.784 20.675 21.741 24.903 23.143 24.280 28.076 28.716 26.815 28.789 32.041 31.804 29.271 29.161 31.600 32.389 32.043 28.645 28.666 31.119 28.498 27.064 30.469 31.600 28.234 27.203 23.683
28.737 30.522 28.826 30.928 30.515 29.186 27.214 25.253 24.988 23.400 20.943 20.001 19.711 17.364 15.095 15.158 17.982 20.404 21.049 18.230 19.641 22.669 23.659 24.752 24.216 27.804 27.170 24.639 26.949 29.906 28.304 27.516 31.094 32.791 30.523 30.607 32.496 29.457 29.697 26.529 28.809 30.459 30.995 33.260 34.575 35.125 38.158 36.234 35.276 31.644 30.528 28.564 26.437 25.438 25.570 24.749 26.661 24.143 26.175 26.136 27.564 24.297 21.340 21.671 23.772 26.811 28.775 31.668 30.838 32.085 30.330 27.160 23.840 21.160 18.761 16.395 16.529 17.817 21.310 23.201 24.183 20.706 21.515 24.518 22.882 23.821 20.108 19.219 15.430 15.837 18.492 16.686 13.571 16.147 18.321 15.812 16.026 19.780 20.513 18.755 20.975 23.882 26.290 24.294 25.498 28.633 26.856 28.059 31.852 32.506 30.615 32.580 35.845 35.584 33.009 32.880 35.230 36.005 35.524 32.149 31.957 34.429 31.852 30.186 33.477 34.371 30.928 29.546 26.053
30.892 32.617 30.651 32.471 32.024 30.287 28.391 26.822 26.280 24.285 22.215 21.566 20.682 18.063 16.507 16.388 19.620 21.514 22.185 19.824 21.402 24.073 25.302 26.039 25.562 29.281 29.033 26.686 28.845 31.959 30.712 29.941 33.385 35.329 33.307 33.322 34.923 31.734 32.175 29.136 31.609 33.396 34.193 36.568 38.052 38.656 41.748 39.910 38.968 35.309 34.072 31.964 29.715 28.439 28.285 27.619 29.801 27.486 29.705 29.807 31.282 28.000 25.021 25.368 27.485 30.439 32.444 35.373 34.600 35.882 34.125 30.955 27.624 24.953 22.515 20.124 20.303 21.444 24.843 26.689 27.439 23.846 24.643 27.434 25.486 26.013 22.221 21.574 17.868 18.851 21.462 19.350 16.585 19.478 21.334 18.636 19.239 22.966 23.294 21.487 23.995 26.636 29.045 26.850 28.081 31.370 29.878 31.002 34.803 35.269 33.157 35.169 38.441 37.971 35.179 35.025 37.105 37.771 36.975 33.692 33.099 35.654 33.273 31.242 34.297 34.948 31.520 29.737 26.253
34.184 36.054 34.124 35.936 35.589 33.726 31.767 30.379 29.849 27.675 25.684 25.226 24.213 21.457 20.145 20.052 23.353 25.092 25.681 23.425 24.863 27.480 28.899 29.609 29.202 32.947 32.768 30.469 32.596 35.739 34.519 33.721 37.152 39.121 37.070 37.024 38.626 35.387 35.733 32.628 34.995 36.911 37.651 40.067 41.450 42.078 45.112 43.142 42.134 38.536 37.412 35.456 33.189 31.987 31.951 31.353 33.452 31.056 33.139 33.022 34.426 31.133 28.256 28.474 30.333 33.317 35.077 38.162 37.495 38.582 36.774 33.767 30.373 27.820 25.467 23.269 23.074 24.334 27.683 29.808 30.468 26.921 28.007 30.738 28.666 29.220 25.447 25.079 21.372 22.302 25.082 23.099 20.284 23.063 25.054 22.345 22.740 26.508 26.895 24.888 27.260 29.853 32.443 30.376 31.755 34.994 33.487 34.718 38.518 39.049 36.935 38.891 42.198 41.760 38.943 38.723 40.735 41.442 40.587 37.353 36.645 39.232 36.913 34.763 37.717 38.229 34.799 32.802 29.380
35.696 37.604 35.553 37.184 36.973 34.817 32.806 31.827 31.258 28.726 26.976 26.934 25.630 22.616 21.869 21.943 25.477 26.912 27.733 25.846 27.556 29.887 31.258 31.594 31.031 34.799 34.981 32.704 34.564 37.870 36.929 35.980 39.261 41.477 39.584 39.334 40.685 37.291 37.679 34.656 37.102 39.231 40.217 42.813 44.373 45.175 48.311 46.464 45.345 41.727 40.413 38.363 35.894 34.437 34.247 33.929 36.197 34.016 36.278 36.216 37.807 34.593 31.587 31.641 33.446 36.262 38.080 41.232 40.743 41.954 40.282 37.226 33.912 31.222 28.991 26.607 26.359 27.321 30.502 32.608 32.945 29.317 30.492 32.952 30.563 30.783 27.033 27.022 23.453 24.794 27.636 25.592 23.086 26.102 27.982 25.340 26.059 29.780 30.013 28.173 30.723 33.247 35.716 33.456 34.675 38.041 36.651 37.680 41.479 41.774 39.600 41.709 44.936 44.261 41.348 41.266 43.133 43.627 42.493 39.287 38.264 40.766 38.525 36.093 38.837 39.025 35.589 33.251 29.993
39.215 41.182 39.121 40.694 40.522 38.249 36.244 35.419 34.807 32.160 30.532 30.596 29.161 26.114 25.554 25.580 29.142 30.420 31.157 29.383 30.995 33.244 34.767 35.062 34.578 38.358 38.617 36.413 38.251 41.572 40.689 39.751 43.006 45.255 43.380 43.105 44.423 40.998 41.365 38.333 40.736 42.937 43.912 46.530 48.043 48.850 51.950 50.027 48.884 45.302 44.055 42.078 39.602 38.171 38.012 37.725 39.974 37.758 39.955 39.788 41.322 38.091 35.156 35.167 36.833 39.662 41.329 44.565 44.133 45.215 43.501 40.555 37.199 34.602 32.398 30.140 29.721 30.759 33.903 36.150 36.433 32.840 34.153 36.566 34.101 34.295 30.579 30.716 27.171 28.505 31.404 29.388 26.867 29.837 31.749 29.060 29.687 33.431 33.645 31.669 34.168 36.617 39.198 37.001 38.330 41.677 40.323 41.424 45.223 45.547 43.334 45.397 48.653 47.981 45.021 44.876 46.651 47.170 45.962 42.822 41.677 44.213 42.062 39.524 42.148 42.221 38.825 36.322 33.142
40.109 42.210 40.190 41.718 41.804 39.396 37.227 36.738 36.291 33.387 31.814 32.299 30.854 27.577 27.334 27.713 31.388 32.610 33.662 32.061 33.945 36.076 37.391 37.412 36.657 40.400 40.903 38.587 40.141 43.601 42.865 41.678 44.807 47.242 45.413 44.865 46.023 42.473 42.726 39.712 42.059 44.501 45.639 48.451 50.079 51.119 54.311 52.492 51.152 47.588 46.167 44.194 41.506 39.912 39.755 39.790 42.075 40.028 42.327 42.098 43.859 40.769 37.693 37.424 38.934 41.554 43.220 46.547 46.372 47.578 46.074 43.093 39.868 37.099 35.127 32.672 32.077 32.789 35.706 37.996 37.933 34.335 35.840 37.969 35.237 35.236 31.628 32.177 28.784 30.334 33.367 31.486 29.187 32.272 34.240 31.757 32.567 36.269 36.541 34.790 37.344 39.885 42.330 40.006 41.108 44.534 43.133 44.009 47.800 47.924 45.791 48.046 51.184 50.322 47.383 47.460 49.234 49.526 48.142 44.956 43.646 45.995 43.796 41.104 43.608 43.366 39.931 37.209 34.261
43.699 45.793 43.725 45.153 45.231 42.705 40.595 40.241 39.704 36.720 35.303 35.840 34.244 30.986 30.915 31.192 34.886 35.935 36.901 35.429 37.243 39.269 40.719 40.682 40.015 43.763 44.354 42.135 43.672 47.139 46.488 45.341 48.433 50.908 49.134 48.590 49.687 46.117 46.407 43.425 45.779 48.253 49.413 52.234 53.854 54.883 58.057 56.199 54.869 51.318 49.931 47.973 45.288 43.682 43.493 43.533 45.846 43.796 46.078 45.825 47.537 44.418 41.390 41.138 42.599 45.232 46.820 50.184 50.023 51.150 49.600 46.685 43.422 40.724 38.728 36.357 35.713 36.487 39.394 41.738 41.651 38.070 39.613 41.708 38.930 38.865 35.286 35.893 32.532 34.115 37.140 35.217 32.929 36.012 37.943 35.387 36.177 39.894 40.089 38.238 40.798 43.245 45.761 43.455 44.643 48.072 46.746 47.671 51.464 51.588 49.388 51.603 54.766 53.883 50.881 50.896 52.558 52.860 51.390 48.282 46.843 49.228 47.141 44.347 46.717 46.378 43.013 40.156 37.286
45.209 47.470 45.534 47.008 47.339 44.796 42.509 42.355 42.033 38.918 37.444 38.272 36.792 33.383 33.409 33.991 37.718 38.840 40.025 38.569 40.530 42.568 43.848 43.694 42.813 46.519 47.211 44.855 46.206 49.753 49.125 47.764 50.788 53.352 51.537 50.770 51.815 48.176 48.284 45.271 47.484 50.151 51.354 54.311 55.946 57.163 60.371 58.544 57.025 53.529 52.067 50.202 47.377 45.736 45.657 45.938 48.182 46.203 48.477 48.076 49.938 46.950 43.855 43.337 44.579 47.046 48.535 51.994 52.073 53.230 51.854 48.975 45.825 43.035 41.273 38.816 37.932 38.496 41.194 43.646 43.301 39.787 41.559 43.444 40.508 40.399 36.953 37.898 34.645 36.255 39.422 37.707 35.507 38.583 40.653 38.289 39.095 42.792 43.139 41.421 43.931 46.506 48.965 46.636 47.678 51.123 49.679 50.472 54.255 54.287 52.213 54.559 57.636 56.667 53.735 53.921 55.652 55.814 54.279 51.108 49.626 51.849 49.671 46.829 49.159 48.607 45.197 42.238 39.557
44.211 46.417 44.405 45.700 46.155 43.458 41.159 41.333 41.034 37.733 36.457 37.603 36.016 32.521 32.929 33.697 37.480 38.425 39.878 38.689 40.935 42.757 43.828 43.352 42.255 45.886 46.863 44.502 45.569 49.207 48.822 47.312 50.152 52.910 51.266 50.315 51.106 47.392 47.556 44.696 46.989 49.773 51.232 54.323 56.174 57.556 60.887 59.271 57.674 54.143 52.436 50.422 47.433 45.538 45.280 45.810 48.205 46.491 48.975 48.733 50.811 47.924 44.667 44.054 45.372 47.644 49.329 52.744 52.938 54.340 53.139 50.112 47.082 44.098 42.416 39.710 38.956 39.195 41.741 44.004 43.400 39.839 41.537 43.155 40.027 39.592 36.258 37.415 34.383 36.316 39.417 37.667 35.796 39.049 40.964 38.737 39.873 43.477 43.704 42.262 44.952 47.520 49.754 47.208 47.993 51.543 50.189 50.713 54.461 54.227 52.153 54.674 57.612 56.402 53.449 53.838 55.489 55.399 53.655 50.499 48.820 50.869 48.727 45.737 47.887 47.066 43.695 40.573 38.128
42.103 44.102 41.900 43.059 43.292 40.525 38.410 38.524 37.995 34.729 33.614 34.604 32.823 29.428 29.939 30.474 34.265 35.038 36.399 35.335 37.576 39.271 40.419 39.900 38.925 42.577 43.591 41.371 42.503 46.108 45.817 44.467 47.296 50.056 48.539 47.741 48.468 44.785 45.178 42.419 44.908 47.543 49.075 52.086 54.022 55.280 58.632 57.081 55.648 52.041 50.300 48.116 45.197 43.216 42.750 43.141 45.687 44.022 46.618 46.606 48.628 45.651 42.388 42.009 43.592 45.951 47.829 51.126 51.120 52.601 51.297 48.166 45.076 42.099 40.213 37.476 37.036 37.340 40.036 42.099 41.650 37.990 39.408 41.130 38.078 37.532 34.093 34.986 31.935 34.009 36.929 34.932 33.131 36.487 38.177 35.811 37.102 40.679 40.683 39.243 42.074 44.502 46.683 44.054 44.865 48.452 47.268 47.804 51.547 51.285 49.070 51.538 54.504 53.270 50.224 50.528 52.066 52.004 50.221 47.137 45.399 47.546 45.520 42.495 44.608 43.887 40.573 37.464 34.910
38.429 40.366 38.128 39.287 39.507 36.770 34.641 34.724 34.218 30.960 29.814 30.829 29.083 25.657 26.192 26.820 30.617 31.432 32.930 31.880 34.264 35.943 36.931 36.350 35.262 38.896 39.932 37.664 38.740 42.361 42.094 40.706 43.510 46.294 44.812 43.996 44.685 41.002 41.439 38.725 41.283 43.886 45.490 48.508 50.528 51.808 55.205 53.760 52.343 48.707 46.866 44.590 41.644 39.577 39.030 39.458 42.061 40.496 43.187 43.299 45.401 42.467 39.132 38.769 40.473 42.776 44.811 48.025 47.990 49.614 48.374 45.141 42.117 39.047 37.167 34.297 34.017 34.183 36.861 38.763 38.296 34.593 35.880 37.569 34.518 33.892 30.434 31.279 28.277 30.472 33.319 31.285 29.616 33.044 34.648 32.361 33.811 37.320 37.293 36.027 38.928 41.383 43.421 40.701 41.369 44.987 43.812 44.230 47.955 47.610 45.419 47.954 50.864 49.575 46.556 46.947 48.528 48.395 46.618 43.486 41.786 43.880 41.792 38.797 40.972 40.284 36.921 33.874 31.279
36.797 38.729 36.538 37.878 37.938 35.397 33.292 32.985 32.452 29.424 28.043 28.695 27.087 23.753 23.851 24.308 28.062 29.101 30.394 29.055 31.248 33.152 34.259 33.985 33.061 36.768 37.512 35.223 36.576 40.109 39.606 38.362 41.347 43.945 42.316 41.695 42.619 39.019 39.448 36.612 39.154 41.599 43.001 45.882 47.757 48.876 52.195 50.619 49.304 45.662 43.987 41.770 38.974 37.098 36.662 36.836 39.344 37.572 40.139 40.206 42.150 39.119 35.876 35.653 37.412 39.891 41.877 45.070 44.876 46.378 44.996 41.805 38.684 35.722 33.721 30.983 30.732 31.144 34.002 35.965 35.770 32.064 33.305 35.271 32.430 32.091 28.490 29.035 25.808 27.754 30.614 28.553 26.607 29.935 31.628 29.219 30.459 34.044 34.097 32.657 35.462 37.948 40.118 37.533 38.374 41.923 40.674 41.288 45.049 44.917 42.725 45.128 48.152 47.069 44.077 44.312 46.003 46.084 44.529 41.352 39.887 42.136 39.975 37.168 39.572 39.208 35.788 32.987 30.111
37.382 39.027 36.620 37.788 37.464 34.875 33.110 32.616 31.685 28.826 27.688 27.924 26.014 22.981 23.086 22.955 26.654 27.419 28.331 27.102 29.062 30.838 32.274 32.096 31.549 35.307 35.988 33.988 35.581 38.988 38.543 37.645 40.668 43.170 41.672 41.373 42.295 38.806 39.540 36.820 39.561 41.729 43.100 45.783 47.650 48.504 51.765 50.159 49.120 45.422 43.854 41.502 38.918 37.070 36.422 36.260 38.896 37.066 39.650 39.950 41.660 38.450 35.338 35.520 37.566 40.244 42.329 45.373 44.863 46.298 44.674 41.470 38.204 35.419 33.079 30.509 30.632 31.346 34.448 36.232 36.374 32.628 33.513 35.717 33.106 32.758 29.052 29.113 25.819 27.759 30.329 27.918 25.912 29.249 30.647 27.909 29.177 32.763 32.496 30.839 33.763 35.981 38.235 35.657 36.733 40.273 39.274 40.078 43.836 43.805 41.381 43.581 46.725 45.726 42.587 42.550 44.054 44.316 42.775 39.751 38.245 40.742 38.808 36.001 38.349 38.225 34.947 32.224 29.146
35.397 36.903 34.476 35.702 35.155 32.735 31.106 30.270 29.221 26.635 25.407 25.237 23.383 20.577 20.344 19.901 23.501 24.366 25.053 23.642 25.442 27.342 28.883 28.941 28.584 32.373 32.824 30.886 32.718 36.007 35.425 34.725 37.853 40.192 38.659 38.585 39.642 36.273 37.108 34.392 37.188 39.129 40.381 42.899 44.698 45.373 48.575 46.935 46.058 42.341 40.874 38.487 36.076 34.341 33.667 33.237 35.859 33.929 36.468 36.877 38.437 35.141 32.115 32.541 34.767 37.573 39.721 42.640 41.916 43.317 41.567 38.348 35.025 32.341 29.819 27.350 27.721 28.629 31.887 33.546 33.971 30.239 30.892 33.318 30.962 30.771 26.995 26.653 23.261 25.044 27.441 24.894 22.753 26.023 27.320 24.430 25.633 29.223 28.887 27.126 30.056 32.219 34.515 31.991 33.191 36.687 35.721 36.661 40.422 40.528 38.053 40.126 43.350 42.494 39.356 39.173 40.720 41.150 39.781 36.758 35.441 38.076 36.138 33.506 36.012 36.200 32.937 30.483 27.179
37.461 38.951 36.613 37.962 37.227 35.009 33.501 32.315 31.185 28.919 27.572 26.957 25.231 22.733 22.043 21.219 24.573 25.556 25.742 24.039 25.306 27.427 29.333 29.835 29.867 33.663 33.749 31.943 34.132 37.216 36.379 35.954 39.243 41.307 39.634 39.845 41.163 37.957 38.777 35.968 38.666 40.395 41.344 43.638 45.177 45.590 48.618 46.738 46.032 42.365 41.221 38.994 36.857 35.447 34.943 34.149 36.584 34.349 36.608 36.891 38.110 34.657 31.899 32.564 34.760 37.817 39.751 42.658 41.719 42.814 40.794 37.758 34.258 31.888 29.167 27.106 27.431 28.823 32.282 34.092 34.884 31.263 31.911 34.644 32.588 32.750 28.940 28.286 24.730 26.052 28.398 25.874 23.342 26.296 27.682 24.562 25.286 28.960 28.682 26.477 29.180 31.243 33.857 31.643 33.246 36.566 35.577 36.899 40.662 41.111 38.600 40.379 43.770 43.225 40.108 39.607 41.170 41.944 40.835 37.890 36.807 39.652 37.774 35.359 37.975 38.483 35.294 33.075 29.609
35.331 36.731 34.473 35.945 35.068 33.113 31.681 30.137 29.014 27.091 25.566 24.560 23.072 20.856 19.690 18.652 21.775 23.006 22.983 20.959 22.008 24.377 26.309 27.132 27.301 31.069 30.847 29.039 31.456 34.389 33.337 33.064 36.460 38.318 36.549 36.953 38.451 35.394 36.225 33.400 36.067 37.577 38.357 40.482 41.915 42.172 45.128 43.201 42.619 38.959 37.935 35.732 33.781 32.545 32.104 31.058 33.392 31.031 33.185 33.516 34.588 31.077 28.420 29.289 31.610 34.771 36.728 39.511 38.393 39.445 37.328 34.295 30.760 28.497 25.636 23.707 24.234 25.825 29.397 31.103 32.170 28.628 29.091 32.026 30.262 30.646 26.846 25.835 22.226 23.257 25.440 22.903 20.187 22.961 24.325 21.118 21.655 25.336 25.106 22.788 25.417 27.510 30.183 28.080 29.796 33.030 31.984 33.448 37.205 37.821 35.343 37.001 40.452 40.086 37.044 36.435 38.124 39.064 38.195 35.221 34.421 37.332 35.385 33.230 36.035 36.842 33.667 31.782 28.177
31.806 33.096 30.830 32.325 31.405 29.574 28.158 26.468 25.378 23.603 21.983 20.837 19.491 17.379 15.995 14.947 18.044 19.461 19.603 17.447 18.739 21.194 22.867 23.681 23.704 27.461 27.195 25.285 27.695 30.636 29.562 29.256 32.655 34.519 32.769 33.175 34.657 31.627 32.515 29.754 32.497 33.925 34.780 36.902 38.449 38.740 41.773 39.997 39.425 35.716 34.545 32.205 30.230 28.901 28.357 27.303 29.717 27.468 29.774 30.299 31.497 28.040 25.251 26.178 28.702 31.776 33.958 36.608 35.454 36.725 34.723 31.525 28.099 25.680 22.808 20.650 21.502 22.897 26.446 27.886 28.970 25.407 25.626 28.557 26.883 27.221 23.443 22.222 18.664 19.772 21.788 19.145 16.533 19.434 20.661 17.493 18.301 21.938 21.667 19.614 22.413 24.612 27.063 24.783 26.286 29.603 28.535 29.837 33.604 34.116 31.668 33.442 36.837 36.404 33.398 32.920 34.720 35.567 34.739 31.670 30.981 33.821 31.763 29.712 32.639 33.543 30.335 28.648 25.000
30.046 31.238 29.135 30.799 29.751 28.304 26.969 24.843 23.841 22.560 20.701 19.068 18.173 16.522 14.459 13.212 15.823 17.659 17.556 14.898 15.877 18.722 20.329 21.594 21.748 25.398 24.702 22.756 25.438 28.159 26.773 26.634 30.162 31.745 29.844 30.475 32.201 29.382 30.235 27.459 30.109 31.263 31.884 33.795 35.196 35.309 38.255 36.419 35.977 32.285 31.265 28.976 27.241 26.165 25.744 24.374 26.614 24.191 26.345 26.913 27.936 24.421 21.753 22.932 25.600 28.779 30.976 33.465 32.108 33.332 31.237 28.042 24.596 22.304 19.273 17.281 18.424 20.054 23.702 24.997 26.424 23.017 23.002 26.168 24.901 25.548 21.872 20.212 16.667 17.286 19.050 16.467 13.581 16.163 17.396 14.142 14.645 18.312 18.179 16.005 18.684 21.000 23.509 21.385 23.004 26.197 24.998 26.475 30.237 30.970 28.608 30.244 33.699 33.501 30.632 30.051 32.047 33.088 32.586 29.480 29.191 32.050 29.891 28.216 31.355 32.596 29.440 28.197 24.492
32.593 34.029 32.176 34.065 33.152 31.853 30.369 28.158 27.371 26.140 24.063 22.471 21.832 20.106 17.848 16.833 19.263 21.284 20.999 18.132 18.644 21.711 23.466 25.031 25.286 28.867 27.921 25.928 28.720 31.324 29.661 29.520 33.152 34.525 32.371 33.026 35.020 32.272 32.842 29.856 32.210 33.391 33.673 35.499 36.566 36.595 39.361 37.211 36.725 33.149 32.471 30.545 28.949 28.258 28.250 26.798 28.664 25.902 27.636 27.751 28.528 24.947 22.534 23.599 25.900 29.277 31.066 33.729 32.390 33.228 30.957 28.030 24.414 22.389 19.406 17.867 18.422 20.513 24.246 26.000 27.575 24.322 24.716 28.029 26.861 27.900 24.250 22.771 19.093 19.178 21.239 19.097 15.814 17.901 19.619 16.495 16.194 19.947 20.266 17.696 19.816 22.247 25.132 23.476 25.391 28.317 26.865 28.658 32.391 33.445 31.259 32.697 36.220 36.304 33.589 32.868 34.973 36.228 35.942 32.857 32.752 35.621 33.409 31.872 35.071 36.351 33.170 31.942 28.256
35.676 36.871 34.810 36.441 35.223 33.780 32.627 30.448 29.255 28.083 26.394 24.584 23.525 22.080 20.136 18.523 20.837 22.342 21.529 18.956 19.015 21.805 24.094 25.728 26.469 30.047 29.118 27.552 30.506 32.953 31.454 31.685 35.248 36.553 34.613 35.549 37.442 34.802 35.661 32.856 35.352 36.333 36.625 38.260 39.301 39.070 41.717 39.534 39.336 35.787 35.254 33.254 31.881 31.193 30.950 29.250 31.230 28.496 30.186 30.504 30.977 27.282 25.152 26.591 29.028 32.491 34.256 36.772 35.187 35.865 33.354 30.557 26.858 25.174 21.938 20.762 21.595 23.895 27.670 29.270 31.021 27.812 27.953 31.311 30.246 31.139 27.488 25.796 22.227 22.436 24.166 21.729 18.613 20.615 21.884 18.454 18.167 21.758 21.591 18.669 20.855 22.759 25.818 24.260 26.537 29.383 28.315 30.344 34.000 35.155 32.703 33.852 37.487 37.652 34.768 33.698 35.491 36.960 36.640 33.806 33.568 36.684 34.800 33.196 36.207 37.613 34.626 33.353 29.598
35.610 36.563 34.176 35.454 34.061 32.297 31.380 29.467 27.909 26.544 25.304 23.575 21.971 20.569 19.197 17.241 19.777 20.704 19.878 17.855 18.206 20.494 22.928 24.151 24.984 28.634 28.095 26.776 29.584 32.132 31.051 31.365 34.753 36.303 34.710 35.639 37.184 34.458 35.653 33.088 35.885 36.880 37.525 39.244 40.591 40.413 43.198 41.274 41.147 37.505 36.694 34.372 32.874 31.802 31.121 29.521 31.887 29.489 31.542 32.247 32.890 29.225 26.928 28.461 31.160 34.476 36.541 38.957 37.363 38.314 35.900 32.920 29.319 27.460 24.168 22.679 23.890 25.848 29.560 30.846 32.415 29.043 28.901 32.075 30.819 31.258 27.569 25.844 22.429 23.221 24.722 21.860 19.200 21.630 22.398 18.818 19.243 22.699 21.963 19.290 21.985 23.565 26.341 24.376 26.497 29.570 28.902 30.691 34.336 35.178 32.456 33.704 37.294 37.164 34.038 32.984 34.466 35.764 35.112 32.399 31.783 34.983 33.340 31.450 34.222 35.509 32.629 31.152 27.401
38.044 39.085 36.591 37.747 36.456 34.405 33.435 31.852 30.242 28.520 27.461 26.088 24.191 22.479 21.568 19.794 22.636 23.285 22.644 20.983 21.557 23.550 26.008 26.898 27.636 31.342 31.117 29.822 32.431 35.134 34.269 34.455 37.759 39.508 38.008 38.772 40.155 37.275 38.477 35.903 38.752 39.956 40.750 42.626 44.060 44.008 46.851 44.941 44.709 41.053 40.155 37.814 36.141 34.911 34.172 32.794 35.266 32.955 35.098 35.735 36.495 32.855 30.465 31.805 34.383 37.652 39.677 42.237 40.793 41.746 39.382 36.415 32.804 30.855 27.672 26.063 27.032 28.865 32.532 33.968 35.307 31.822 31.880 34.911 33.367 33.615 29.856 28.452 25.008 26.084 27.799 24.921 22.374 25.021 25.856 22.335 22.922 26.406 25.635 23.048 25.786 27.316 30.061 28.014 30.055 33.202 32.605 34.285 37.940 38.640 35.862 37.202 40.750 40.460 37.238 36.250 37.571 38.733 37.834 35.175 34.252 37.433 35.890 33.719 36.297 37.313 34.423 32.598 28.933
37.230 38.213 35.526 36.447 35.232 32.870 31.907 30.714 29.007 26.933 26.166 25.177 22.929 20.980 20.674 19.055 22.208 22.513 22.274 21.089 22.214 23.824 26.051 26.403 26.874 30.618 30.852 29.548 31.824 34.735 34.229 34.227 37.349 39.409 38.132 38.668 39.732 36.683 38.011 35.574 38.595 39.984 41.118 43.204 44.926 45.096 48.119 46.446 46.090 42.361 41.143 38.592 36.659 35.065 34.063 33.001 35.743 33.750 36.211 37.026 38.097 34.567 31.912 33.078 35.732 38.794 41.041 43.622 42.350 43.592 41.446 38.293 34.811 32.566 29.514 27.508 28.556 29.965 33.490 34.775 35.780 32.151 32.164 34.917 33.070 32.910 29.154 27.988 24.694 26.294 28.015 24.984 22.845 25.876 26.532 23.133 24.282 27.698 26.733 24.557 27.610 29.145 31.571 29.157 30.835 34.200 33.741 35.056 38.716 39.051 36.201 37.806 41.214 40.575 37.237 36.499 37.676 38.502 37.248 34.583 33.291 36.355 34.879 32.393 34.763 35.458 32.561 30.424 26.880
39.791 40.555 37.660 38.258 36.858 34.276 33.606 32.643 30.620 28.492 28.183 27.225 24.595 22.856 23.028 21.146 24.196 23.943 23.518 22.863 23.910 25.027 27.446 27.541 28.237 31.891 32.376 31.415 33.597 36.440 36.242 36.417 39.359 41.496 40.495 41.119 41.948 38.936 40.517 38.294 41.464 42.781 44.069 46.111 47.945 48.043 51.066 49.494 49.272 45.531 44.262 41.573 39.682 37.945 36.683 35.602 38.512 36.689 39.249 40.269 41.290 37.748 35.150 36.463 39.234 42.267 44.605 47.098 45.743 47.022 44.827 41.664 38.192 36.012 32.872 30.903 32.135 33.512 37.017 38.143 39.130 35.483 35.315 37.974 36.096 35.682 31.982 30.772 27.662 29.478 30.981 27.763 25.898 28.972 29.299 25.839 27.192 30.441 29.119 26.982 30.156 31.343 33.661 31.167 32.867 36.232 36.107 37.383 40.953 41.168 38.125 39.638 43.010 42.251 38.768 37.913 38.742 39.532 38.063 35.653 34.068 37.211 36.074 33.416 35.456 36.069 33.406 31.120 27.696
43.090 43.996 41.156 41.810 40.508 37.882 37.117 36.229 34.288 32.059 31.686 30.849 28.265 26.378 26.530 24.799 27.897 27.714 27.264 26.539 27.453 28.637 31.145 31.300 32.012 35.667 36.134 35.146 37.336 40.197 39.946 40.081 43.062 45.192 44.112 44.696 45.583 42.526 43.999 41.670 44.759 46.176 47.391 49.468 51.208 51.312 54.292 52.588 52.320 48.604 47.436 44.866 42.955 41.300 40.175 39.122 41.946 39.999 42.449 43.284 44.247 40.663 38.118 39.343 41.953 45.057 47.225 49.848 48.546 49.670 47.407 44.354 40.799 38.691 35.580 33.722 34.692 36.192 39.727 41.084 42.047 38.394 38.452 41.138 39.176 38.845 35.105 34.070 30.853 32.575 34.282 31.180 29.141 32.161 32.697 29.228 30.355 33.702 32.522 30.210 33.231 34.439 36.930 34.585 36.415 39.720 39.523 40.914 44.504 44.812 41.796 43.255 46.668 45.975 42.503 41.591 42.403 43.255 41.794 39.418 37.810 40.953 39.832 37.137 39.127 39.646 36.981 34.574 31.225
42.483 43.641 41.035 42.023 40.888 38.485 37.448 36.321 34.676 32.523 31.709 30.811 28.603 26.550 26.213 24.704 27.829 28.154 27.738 26.498 27.294 28.951 31.411 31.903 32.516 36.244 36.406 35.147 37.490 40.365 39.769 39.794 42.973 44.966 43.581 44.131 45.304 42.240 43.435 40.860 43.747 45.220 46.195 48.269 49.803 49.914 52.825 50.923 50.555 46.889 45.890 43.544 41.658 40.243 39.449 38.353 40.936 38.731 40.968 41.505 42.403 38.798 36.309 37.407 39.811 43.008 44.958 47.703 46.460 47.403 45.102 42.168 38.551 36.507 33.470 31.743 32.406 34.082 37.662 39.291 40.331 36.737 37.059 39.886 37.986 37.991 34.197 33.226 29.796 31.183 33.145 30.288 27.886 30.741 31.663 28.226 28.964 32.478 31.682 29.181 31.952 33.430 36.148 34.021 35.971 39.195 38.674 40.230 43.892 44.420 41.586 43.031 46.521 46.034 42.707 41.804 42.916 43.903 42.694 40.126 38.818 41.940 40.540 38.029 40.315 40.944 38.084 35.810 32.344
45.666 46.860 44.337 45.414 44.207 41.921 40.923 39.627 37.975 35.984 35.084 33.992 31.894 29.976 29.402 27.766 30.712 31.112 30.389 28.993 29.382 31.145 33.835 34.616 35.470 39.161 39.091 37.927 40.466 43.196 42.433 42.618 45.884 47.688 46.203 46.917 48.262 45.299 46.443 43.792 46.576 47.943 48.699 50.625 51.946 51.880 54.633 52.537 52.278 48.690 47.951 45.768 44.069 42.894 42.253 40.955 43.369 40.958 42.952 43.341 43.975 40.299 38.053 39.264 41.559 44.903 46.633 49.384 48.026 48.690 46.200 43.474 39.762 37.999 34.895 33.515 34.050 36.038 39.694 41.473 42.718 39.226 39.618 42.608 40.867 41.101 37.300 36.228 32.713 33.800 35.770 33.004 30.374 32.967 33.984 30.470 30.825 34.336 33.621 30.821 33.324 34.677 37.628 35.803 38.041 41.080 40.542 42.374 46.002 46.783 43.955 45.165 48.751 48.497 45.211 44.079 45.175 46.408 45.381 42.901 41.744 44.976 43.632 41.258 43.582 44.373 41.567 39.405 35.888
45.719 46.855 44.438 45.634 44.282 42.246 41.338 39.717 38.057 36.396 35.359 33.906 32.015 30.381 29.416 27.561 30.201 30.757 29.682 28.028 27.966 29.912 32.780 33.952 35.067 38.689 38.269 37.200 39.998 42.508 41.511 41.920 45.283 46.815 45.225 46.182 47.739 44.963 46.091 43.415 46.103 47.238 47.742 49.436 50.542 50.243 52.822 50.583 50.503 46.993 46.513 44.461 43.032 42.130 41.613 40.021 42.248 39.651 41.399 41.741 42.080 38.345 36.372 37.808 40.107 43.588 45.185 47.823 46.259 46.706 44.027 41.465 37.696 36.232 33.007 31.991 32.594 34.896 38.634 40.405 41.958 38.614 38.906 42.099 40.665 41.165 37.396 36.037 32.490 33.212 35.031 32.331 29.507 31.768 32.775 29.191 29.172 32.612 31.948 28.887 31.128 32.351 35.482 33.959 36.467 39.292 38.738 40.844 44.410 45.467 42.669 43.621 47.293 47.317 44.121 42.758 43.911 45.421 44.681 42.257 41.389 44.731 43.389 41.284 43.747 44.845 42.089 40.221 36.584
46.882 48.286 46.068 47.500 46.380 44.430 43.252 41.605 40.227 38.487 37.157 35.854 34.216 32.335 31.166 29.653 32.385 33.280 32.397 30.464 30.456 32.685 35.405 36.681 37.595 41.259 40.734 39.410 42.196 44.782 43.582 43.793 47.261 48.762 46.939 47.753 49.479 46.641 47.492 44.611 47.096 48.382 48.729 50.495 51.441 51.236 53.769 51.365 51.112 47.674 47.308 45.487 44.000 43.259 43.038 41.549 43.571 40.806 42.375 42.381 42.728 39.040 37.090 38.270 40.265 43.763 45.102 47.912 46.512 46.783 44.136 41.722 37.942 36.507 33.478 32.545 32.711 35.079 38.767 40.852 42.340 39.058 39.696 42.903 41.412 42.130 38.354 37.230 33.559 34.068 36.188 33.772 30.726 32.873 34.271 30.832 30.524 34.081 33.807 30.699 32.687 34.187 37.449 36.088 38.589 41.359 40.504 42.660 46.272 47.438 44.829 45.841 49.519 49.635 46.563 45.298 46.669 48.182 47.542 44.966 44.222 47.475 45.920 43.859 46.468 47.493 44.579 42.673 39.044
43.247 44.749 42.609 44.151 43.183 41.284 39.938 38.290 37.095 35.299 33.797 32.610 31.128 29.089 27.816 26.547 29.390 30.516 29.912 27.826 28.097 30.497 32.961 34.177 34.824 38.530 38.029 36.474 39.167 41.867 40.616 40.625 44.118 45.694 43.789 44.442 46.181 43.270 44.005 41.060 43.508 44.904 45.301 47.189 48.208 48.166 50.806 48.473 48.059 44.578 44.071 42.232 40.601 39.798 39.640 38.299 40.318 37.589 39.247 39.213 39.766 36.131 33.987 34.992 36.969 40.395 41.815 44.687 43.422 43.857 41.365 38.814 35.078 33.413 30.484 29.313 29.409 31.616 35.270 37.376 38.738 35.413 36.134 39.283 37.713 38.443 34.666 33.649 29.949 30.482 32.731 30.403 27.341 29.589 31.136 27.806 27.587 31.239 31.133 28.196 30.271 32.061 35.229 33.720 36.016 38.897 37.864 39.857 43.533 44.595 42.097 43.311 46.936 46.958 43.945 42.897 44.454 45.815 45.162 42.411 41.715 44.843 43.093 41.040 43.770 44.724 41.679 39.787 36.162
41.245 42.696 40.683 42.356 41.308 39.676 38.367 36.422 35.294 33.808 32.131 30.649 29.443 27.645 25.974 24.603 27.165 28.534 27.756 25.372 25.373 28.016 30.471 32.002 32.750 36.381 35.576 34.010 36.883 39.416 37.939 38.067 41.640 42.996 40.977 41.789 43.712 40.960 41.649 38.686 41.041 42.243 42.443 44.159 45.031 44.843 47.383 44.976 44.666 41.227 40.879 39.129 37.694 37.107 37.068 35.515 37.366 34.502 35.986 35.927 36.306 32.637 30.652 31.817 33.832 37.348 38.724 41.487 40.070 40.411 37.820 35.325 31.559 30.057 27.038 26.094 26.283 28.711 32.428 34.481 36.091 32.896 33.502 36.808 35.520 36.483 32.764 31.487 27.789 27.987 30.097 27.865 24.644 26.606 28.183 24.856 24.332 27.945 27.966 24.899 26.773 28.601 31.861 30.547 32.962 35.699 34.569 36.718 40.358 41.608 39.195 40.274 43.934 44.154 41.261 40.123 41.818 43.338 42.937 40.164 39.758 42.904 41.077 39.287 42.181 43.380 40.348 38.753 35.050
37.952 39.514 37.679 39.550 38.649 37.216 35.735 33.652 32.788 31.403 29.439 27.960 27.107 25.263 23.262 22.172 24.671 26.431 25.882 23.191 23.342 26.271 28.413 30.037 30.539 34.142 33.203 31.382 34.230 36.786 35.125 35.083 38.721 40.030 37.845 38.553 40.602 37.857 38.362 35.300 37.530 38.765 38.886 40.646 41.486 41.400 43.982 41.580 41.136 37.692 37.307 35.629 34.144 33.638 33.776 32.284 34.003 31.081 32.528 32.352 32.848 29.232 27.139 28.156 30.114 33.606 34.992 37.793 36.463 36.885 34.407 31.834 28.102 26.454 23.538 22.482 22.557 24.950 28.657 30.763 32.365 29.210 29.906 33.234 32.008 33.140 29.467 28.209 24.479 24.469 26.687 24.668 21.317 23.188 25.011 21.857 21.202 24.890 25.228 22.299 24.082 26.256 29.456 28.136 30.385 33.126 31.730 33.794 37.469 38.725 36.502 37.712 41.319 41.560 38.814 37.858 39.810 41.254 40.973 38.029 37.824 40.826 38.766 37.127 40.204 41.430 38.287 36.849 33.156
37.258 38.834 37.250 39.328 38.415 37.341 35.852 33.450 32.768 31.755 29.550 27.799 27.382 25.814 23.346 22.288 24.351 26.451 25.740 22.689 22.465 25.693 27.740 29.757 30.330 33.774 32.440 30.572 33.594 35.915 33.921 33.976 37.700 38.697 36.304 37.167 39.492 36.964 37.304 34.182 36.178 37.202 36.988 38.525 39.084 38.828 41.229 38.654 38.290 34.958 34.862 33.429 32.217 32.090 32.508 30.788 32.164 29.011 30.101 29.729 29.954 26.331 24.524 25.651 27.491 31.103 32.281 34.996 33.524 33.710 31.095 28.699 24.925 23.573 20.641 20.031 20.007 22.761 26.486 28.647 30.558 27.664 28.348 31.848 30.995 32.499 28.976 27.508 23.834 23.257 25.357 23.653 20.083 21.398 23.401 20.407 19.150 22.740 23.431 20.350 21.646 23.941 27.286 26.353 28.742 31.205 29.584 31.875 35.470 37.016 34.996 36.015 39.638 40.174 37.650 36.604 38.759 40.399 40.459 37.503 37.678 40.642 38.474 37.183 40.429 41.896 38.781 37.679 33.977
35.116 36.828 35.551 37.888 37.149 36.396 34.739 32.146 31.816 31.023 28.493 26.720 26.817 25.314 22.452 21.758 23.539 26.076 25.552 22.193 21.980 25.476 27.140 29.330 29.676 32.974 31.398 29.286 32.288 34.518 32.234 32.136 35.917 36.738 34.100 34.890 37.440 35.018 35.073 31.834 33.555 34.546 34.091 35.582 35.959 35.752 38.099 35.434 34.937 31.675 31.694 30.497 29.350 29.499 30.256 28.549 29.593 26.288 27.129 26.473 26.697 23.164 21.403 22.347 23.980 27.615 28.644 31.393 29.987 30.109 27.560 25.205 21.459 20.108 17.367 16.901 16.559 19.462 23.138 25.441 27.454 24.764 25.604 29.158 28.521 30.359 26.999 25.544 21.935 20.864 23.038 21.790 18.065 18.943 21.320 18.710 17.013 20.546 21.776 18.869 19.749 22.426 25.708 24.979 27.209 29.508 27.518 29.793 33.348 35.015 33.303 34.364 37.901 38.572 36.310 35.421 37.865 39.487 39.774 36.693 37.174 39.951 37.553 36.528 39.950 41.482 38.307 37.448 33.821
32.108 33.770 32.669 35.131 34.419 33.959 32.293 29.493 29.360 28.870 26.168 24.245 24.760 23.503 20.316 19.788 21.176 24.020 23.600 20.030 19.815 23.474 24.780 27.108 27.314 30.438 28.653 26.410 29.418 31.518 29.037 28.901 32.701 33.368 30.611 31.429 34.113 31.830 31.786 28.556 30.164 31.009 30.431 31.841 32.179 31.965 34.336 31.711 31.199 27.906 27.917 26.746 25.690 25.995 26.887 25.097 25.963 22.591 23.350 22.696 22.952 19.424 17.613 18.618 20.374 24.036 25.191 27.830 26.347 26.609 24.119 21.603 17.867 16.405 13.606 13.149 12.969 15.991 19.704 21.856 24.051 21.501 22.188 25.822 25.465 27.490 24.301 22.645 19.192 17.728 19.731 18.745 14.971 15.447 17.967 15.642 13.641 17.103 18.676 15.994 16.651 19.632 22.753 22.086 24.136 26.341 24.128 26.350 29.878 31.591 30.070 31.169 34.631 35.373 33.295 32.527 35.175 36.764 37.232 34.085 34.830 37.458 34.924 34.163 37.701 39.351 36.202 35.635 32.085
29.608 31.478 30.730 33.463 33.047 32.878 30.969 28.096 28.421 28.061 25.037 23.291 24.349 23.065 19.631 19.695 20.855 24.083 24.063 20.377 20.438 24.171 24.923 27.205 27.009 29.949 28.072 25.502 28.306 30.388 27.691 27.223 31.019 31.607 28.604 29.176 32.032 29.795 29.377 26.005 27.291 28.227 27.475 28.975 29.214 29.228 31.647 29.023 28.205 24.946 24.914 23.973 22.819 23.336 24.627 23.048 23.569 20.128 20.716 19.695 20.213 16.906 14.907 15.408 16.877 20.495 21.582 24.358 23.115 23.496 21.284 18.666 15.071 13.261 10.944 10.292 9.465 12.491 16.124 18.502 20.659 18.295 19.271 22.867 22.646 24.994 22.030 20.553 17.257 15.283 17.480 17.152 13.389 13.409 16.455 14.839 12.623 15.880 18.097 15.990 16.287 19.682 22.464 21.858 23.473 25.563 22.936 24.904 28.377 30.051 28.923 30.215 33.482 34.225 32.438 31.996 34.925 36.334 36.923 33.630 34.592 36.926 34.131 33.576 37.235 38.821 35.601 35.208 31.828
30.104 32.346 31.740 34.614 34.561 34.262 32.017 29.414 30.017 29.291 26.103 24.858 25.926 24.158 20.900 21.469 23.041 26.316 26.682 23.111 23.577 27.240 27.855 29.845 29.319 32.351 30.733 27.921 30.440 32.771 30.162 29.299 33.050 33.859 30.776 30.938 33.733 31.275 30.554 26.989 28.092 29.457 28.784 30.600 30.862 31.246 33.733 31.125 29.913 26.746 26.566 25.807 24.289 24.694 26.197 25.095 25.573 22.259 22.891 21.500 22.383 19.398 17.200 16.927 17.800 21.173 22.003 25.158 24.446 24.834 22.973 20.479 17.147 15.061 13.503 12.456 10.657 13.087 16.424 19.327 20.947 18.511 20.164 23.487 22.849 25.234 22.238 21.395 17.993 16.193 18.983 18.934 15.276 15.654 19.004 17.639 15.795 19.049 21.371 19.512 19.923 23.392 26.057 25.309 26.675 28.872 26.127 27.815 31.296 32.772 31.790 33.330 36.477 37.040 35.286 35.100 38.075 39.265 39.679 36.259 37.051 39.238 36.294 35.544 39.197 40.486 37.096 36.446 33.155
33.559 35.751 34.940 37.665 37.469 36.927 34.785 32.281 32.597 31.688 28.700 27.414 28.067 26.193 23.158 23.365 25.200 28.203 28.300 24.812 25.074 28.694 29.748 31.771 31.522 34.719 33.172 30.564 33.223 35.592 33.103 32.439 36.213 37.068 34.099 34.400 37.117 34.604 34.066 30.542 31.789 33.145 32.516 34.266 34.488 34.709 37.091 34.368 33.324 30.207 30.180 29.398 27.970 28.311 29.634 28.410 29.047 25.704 26.326 25.014 25.626 22.496 20.536 20.549 21.434 24.865 25.523 28.654 27.826 27.937 25.829 23.574 20.102 18.406 16.568 15.855 14.304 16.886 20.225 23.120 24.756 22.257 23.852 27.187 26.415 28.620 25.457 24.613 21.059 19.597 22.345 21.906 18.181 18.821 21.921 20.088 18.270 21.678 23.661 21.346 21.867 25.066 28.045 27.359 29.080 31.309 28.787 30.716 34.230 35.798 34.581 35.959 39.257 39.866 37.926 37.494 40.284 41.628 41.960 38.633 39.251 41.658 38.881 37.945 41.513 42.797 39.417 38.556 35.135
34.570 36.611 35.425 37.885 37.511 36.611 34.609 32.292 32.248 31.075 28.373 27.109 27.247 25.239 22.540 22.420 24.621 27.276 27.271 24.006 24.362 27.806 29.182 31.017 30.926 34.327 33.042 30.614 33.306 35.835 33.646 33.108 36.862 37.957 35.243 35.607 38.071 35.391 35.190 31.775 33.403 34.816 34.519 36.365 36.868 37.060 39.575 36.990 36.095 32.821 32.584 31.439 29.880 29.837 30.736 29.499 30.578 27.394 28.402 27.500 28.175 24.852 22.719 23.027 24.323 27.754 28.725 31.796 30.856 31.146 28.955 26.522 22.944 21.141 18.894 17.882 16.920 19.341 22.846 25.497 27.022 24.182 25.531 28.848 27.788 29.579 26.159 25.262 21.540 20.685 23.392 22.364 18.697 19.943 22.684 20.348 19.009 22.650 24.088 21.570 22.629 25.576 28.642 27.647 29.506 32.002 29.831 31.755 35.386 36.789 35.216 36.626 40.038 40.458 38.211 37.666 40.204 41.525 41.595 38.335 38.630 41.220 38.630 37.391 40.819 42.020 38.654 37.528 34.005
37.718 39.744 38.381 40.689 40.254 39.097 37.154 35.026 34.771 33.367 30.879 29.713 29.473 27.324 24.960 24.641 27.097 29.441 29.318 26.272 26.596 29.865 31.539 33.255 33.313 36.834 35.726 33.449 36.145 38.756 36.747 36.286 40.011 41.224 38.637 39.020 41.355 38.581 38.513 35.136 36.887 38.374 38.191 40.073 40.625 40.785 43.287 40.680 39.844 36.576 36.345 35.140 33.546 33.370 34.111 32.894 34.139 31.010 32.095 31.260 31.873 28.501 26.424 26.802 28.093 31.511 32.427 35.528 34.591 34.787 32.518 30.184 26.572 24.884 22.563 21.600 20.702 23.080 26.558 29.227 30.652 27.723 29.087 32.341 31.092 32.679 29.152 28.364 24.587 24.059 26.782 25.503 21.919 23.413 25.968 23.386 22.240 25.925 27.068 24.364 25.592 28.291 31.479 30.434 32.452 35.021 33.056 35.045 38.700 40.070 38.312 39.672 43.155 43.517 41.103 40.435 42.780 44.135 44.046 40.868 40.930 43.653 41.213 39.753 43.049 44.151 40.798 39.423 35.859
39.370 41.283 39.636 41.692 41.149 39.669 37.847 35.961 35.423 33.760 31.580 30.527 29.825 27.560 25.628 25.086 27.827 29.778 29.613 26.895 27.343 30.335 32.238 33.702 33.863 37.507 36.687 34.582 37.220 39.958 38.245 37.852 41.502 42.929 40.573 40.957 43.049 40.144 40.324 37.061 39.074 40.635 40.723 42.700 43.471 43.649 46.255 43.770 43.006 39.638 39.233 37.778 36.065 35.588 36.007 34.848 36.416 33.460 34.822 34.256 34.951 31.499 29.296 29.802 31.315 34.693 35.811 38.892 37.927 38.264 35.981 33.528 29.885 28.099 25.604 24.430 23.839 26.043 29.563 32.075 33.360 30.222 31.442 34.606 33.116 34.346 30.685 29.940 26.138 26.102 28.771 27.106 23.707 25.612 27.865 25.013 24.296 28.046 28.762 26.015 27.631 30.086 33.256 31.960 34.015 36.774 35.103 37.027 40.733 41.929 39.914 41.315 44.841 45.014 42.367 41.643 43.740 45.028 44.678 41.588 41.328 44.163 41.911 40.168 43.280 44.244 40.933 39.288 35.706
43.037 44.871 43.164 45.142 44.450 42.929 41.255 39.340 38.623 37.014 34.980 33.782 32.922 30.797 28.939 28.112 30.764 32.519 32.042 29.409 29.534 32.432 34.634 36.216 36.661 40.296 39.410 37.516 40.290 42.916 41.207 41.027 44.685 46.011 43.697 44.260 46.381 43.554 43.829 40.607 42.630 44.070 44.059 45.890 46.536 46.523 48.988 46.378 45.781 42.483 42.280 40.892 39.358 38.994 39.386 38.047 39.583 36.541 37.758 37.184 37.612 34.093 32.146 32.849 34.338 37.812 38.775 41.796 40.684 40.778 38.298 36.049 32.339 30.867 28.259 27.423 26.877 29.315 32.867 35.389 36.837 33.778 34.929 38.175 36.790 38.046 34.382 33.518 29.725 29.628 32.165 30.414 26.986 28.750 30.871 27.871 26.991 30.668 31.244 28.240 29.724 31.907 35.250 34.151 36.473 39.105 37.575 39.721 43.375 44.728 42.612 43.790 47.401 47.711 45.012 44.049 46.003 47.479 47.177 44.232 43.954 46.938 44.850 43.108 46.142 47.197 43.983 42.321 38.693
45.517 47.311 45.429 47.227 46.506 44.734 43.124 41.441 40.556 38.725 36.925 35.885 34.703 32.469 30.978 30.068 32.915 34.365 33.900 31.559 31.798 34.445 36.779 38.132 38.618 42.318 41.676 39.896 42.579 45.304 43.822 43.649 47.234 48.728 46.570 47.088 49.028 46.095 46.505 43.350 45.517 47.054 47.228 49.152 49.939 49.974 52.509 49.971 49.379 46.030 45.709 44.187 42.543 41.977 42.183 40.937 42.671 39.753 41.140 40.688 41.197 37.656 35.619 36.327 37.887 41.313 42.363 45.414 44.340 44.510 42.050 39.747 36.036 34.484 31.837 30.854 30.398 32.694 36.234 38.712 40.015 36.832 37.961 41.108 39.522 40.534 36.806 36.057 32.275 32.501 35.049 33.100 29.825 31.843 33.807 30.691 30.095 33.790 34.117 31.134 32.844 34.866 38.169 36.909 39.222 41.972 40.631 42.705 46.383 47.599 45.328 46.549 50.168 50.329 47.478 46.498 48.260 49.662 49.146 46.279 45.738 48.773 46.830 44.862 47.722 48.621 45.448 43.548 39.962
48.797 50.475 48.541 50.267 49.365 47.607 46.173 44.402 43.343 41.642 39.966 38.720 37.440 35.415 33.921 32.724 35.410 36.699 35.910 33.632 33.531 36.083 38.676 40.177 40.957 44.611 43.860 42.304 45.138 47.711 46.214 46.280 49.870 51.229 49.118 49.848 51.831 49.011 49.531 46.432 48.619 49.987 50.054 51.802 52.469 52.289 54.680 52.042 51.649 48.362 48.236 46.759 45.320 44.876 45.046 43.586 45.280 42.285 43.532 43.116 43.356 39.752 37.965 38.904 40.496 44.024 44.973 47.922 46.660 46.624 43.969 41.838 38.075 36.819 34.040 33.367 33.023 35.548 39.143 41.577 43.084 39.978 40.981 44.236 42.809 43.869 40.145 39.205 35.440 35.564 37.941 35.911 32.605 34.459 36.273 33.034 32.276 35.869 36.058 32.861 34.430 36.170 39.598 38.543 41.101 43.701 42.510 44.798 48.404 49.784 47.422 48.400 52.089 52.405 49.524 48.297 49.917 51.520 51.091 48.384 47.874 51.050 49.275 47.364 50.161 51.203 48.152 46.312 42.678
52.001 53.716 51.720 53.373 52.504 50.601 49.160 47.550 46.442 44.586 43.017 41.914 40.484 38.355 37.070 35.901 38.705 39.847 39.096 36.979 36.949 39.365 42.010 43.375 44.150 47.833 47.226 45.706 48.469 51.109 49.722 49.754 53.308 54.762 52.705 53.374 55.275 52.382 52.922 49.825 52.043 53.507 53.648 55.466 56.171 56.039 58.448 55.810 55.381 52.095 51.936 50.445 48.932 48.409 48.535 47.161 48.922 45.968 47.264 46.831 47.112 43.521 41.703 42.573 44.110 47.603 48.516 51.525 50.336 50.283 47.650 45.550 41.799 40.520 37.788 37.063 36.647 39.097 42.651 45.141 46.537 43.388 44.470 47.654 46.090 47.049 43.303 42.502 38.738 39.004 41.450 39.380 36.135 38.098 39.899 36.643 35.989 39.595 39.716 36.536 38.167 39.844 43.262 42.159 44.708 47.351 46.223 48.478 52.095 53.415 50.999 52.003 55.690 55.935 52.988 51.761 53.281 54.841 54.290 51.627 50.962 54.148 52.445 50.396 53.084 53.998 50.963 48.956 45.379
50.760 52.613 50.625 52.287 51.633 49.604 47.983 46.596 45.629 43.523 41.923 41.144 39.695 37.286 36.182 35.317 38.359 39.543 39.144 37.089 37.446 39.854 42.281 43.391 43.866 47.613 47.226 45.513 48.062 50.903 49.620 49.386 52.896 54.560 52.503 52.910 54.697 51.638 52.081 48.942 51.161 52.866 53.176 55.222 56.082 56.205 58.775 56.244 55.587 52.240 51.856 50.309 48.536 47.827 47.951 46.862 48.711 45.878 47.350 46.876 47.457 43.939 41.853 42.446 43.911 47.266 48.256 51.406 50.461 50.607 48.189 45.937 42.248 40.664 38.095 37.034 36.465 38.624 42.078 44.641 45.740 42.492 43.753 46.758 44.934 45.753 42.004 41.508 37.750 38.230 40.881 38.864 35.717 37.915 39.841 36.698 36.283 39.990 40.191 37.232 39.047 40.957 44.248 42.902 45.201 48.028 46.798 48.813 52.507 53.614 51.250 52.519 56.131 56.164 53.198 52.225 53.816 55.134 54.403 51.608 50.793 53.840 52.021 49.809 52.473 53.138 49.995 47.797 44.322
51.890 53.658 51.491 52.944 52.267 50.006 48.466 47.331 46.214 43.914 42.569 41.960 40.231 37.756 37.024 36.119 39.306 40.200 39.885 38.137 38.683 40.830 43.277 44.107 44.556 48.325 48.213 46.597 49.001 51.939 50.911 50.656 54.056 55.909 54.038 54.376 55.942 52.785 53.383 50.355 52.740 54.529 55.073 57.230 58.293 58.497 61.189 58.799 58.134 54.699 54.120 52.383 50.475 49.519 49.418 48.451 50.523 47.865 49.566 49.278 50.005 46.470 44.228 44.830 46.439 49.725 50.904 54.057 53.145 53.477 51.120 48.714 45.033 43.282 40.658 39.371 38.966 40.936 44.383 46.824 47.767 44.384 45.559 48.436 46.426 46.959 43.182 42.777 39.085 39.901 42.515 40.306 37.364 39.820 41.564 38.357 38.275 41.986 41.947 39.102 41.183 42.994 46.164 44.590 46.787 49.760 48.711 50.577 54.291 55.197 52.695 54.062 57.640 57.469 54.366 53.446 54.858 56.030 55.061 52.338 51.257 54.295 52.614 50.191 52.659 53.141 50.066 47.661 44.285
52.650 54.540 52.389 53.821 53.347 50.959 49.272 48.386 47.391 44.860 43.531 43.244 41.487 38.780 38.265 37.638 40.998 41.883 41.859 40.213 41.053 43.149 45.419 46.015 46.217 50.008 50.106 48.356 50.548 53.644 52.727 52.247 55.581 57.613 55.758 55.863 57.311 54.020 54.528 51.483 53.846 55.851 56.537 58.882 60.058 60.475 63.278 60.967 60.113 56.658 55.912 54.155 52.038 50.933 50.833 50.127 52.258 49.714 51.536 51.193 52.146 48.696 46.274 46.633 48.136 51.280 52.479 55.743 55.053 55.513 53.334 50.854 47.248 45.292 42.837 41.318 40.760 42.474 45.788 48.295 48.962 45.529 46.874 49.559 47.315 47.706 43.966 43.869 40.228 41.232 44.006 41.869 39.049 41.669 43.502 40.420 40.520 44.273 44.298 41.636 43.824 45.783 48.850 47.113 49.110 52.205 51.089 52.759 56.514 57.244 54.792 56.359 59.862 59.514 56.402 55.686 57.123 58.093 56.958 54.158 52.925 55.829 54.082 51.506 53.903 54.129 50.992 48.392 45.162
49.619 51.423 49.167 50.482 50.006 47.518 45.865 45.108 44.060 41.436 40.229 40.051 38.177 35.427 35.113 34.517 37.962 38.728 38.854 37.367 38.428 40.395 42.555 42.949 43.044 46.835 47.105 45.358 47.422 50.587 49.828 49.292 52.541 54.701 52.970 53.005 54.297 50.955 51.563 48.614 51.101 53.140 54.013 56.438 57.797 58.300 61.223 59.077 58.203 54.667 53.722 51.793 49.567 48.265 47.996 47.396 49.685 47.308 49.331 49.169 50.288 46.851 44.263 44.621 46.286 49.351 50.777 54.002 53.329 54.021 51.939 49.268 45.699 43.548 41.062 39.302 38.928 40.446 43.750 46.092 46.647 43.113 44.336 46.920 44.574 44.759 41.015 40.941 37.373 38.619 41.335 39.079 36.438 39.251 40.948 37.878 38.262 42.003 41.892 39.409 41.815 43.785 46.692 44.739 46.567 49.785 48.753 50.244 54.009 54.554 52.053 53.748 57.187 56.670 53.506 52.907 54.295 55.109 53.835 51.028 49.670 52.513 50.790 48.117 50.441 50.567 47.441 44.769 41.592
47.248 49.150 47.055 48.581 48.152 45.873 44.107 43.120 42.237 39.762 38.283 37.978 36.373 33.628 32.962 32.453 35.823 36.893 37.010 35.223 36.199 38.427 40.520 41.140 41.199 44.996 45.036 43.151 45.326 48.444 47.455 46.892 50.250 52.273 50.366 50.424 51.908 48.622 49.079 46.013 48.366 50.365 51.061 53.431 54.650 55.127 57.985 55.747 54.843 51.355 50.524 48.733 46.575 45.451 45.378 44.708 46.825 44.310 46.183 45.872 46.932 43.515 40.989 41.299 42.860 45.970 47.282 50.524 49.853 50.452 48.359 45.759 42.190 40.096 37.669 36.009 35.494 37.117 40.434 42.881 43.534 40.078 41.393 44.080 41.860 42.289 38.543 38.414 34.760 35.747 38.538 36.447 33.623 36.273 38.156 35.152 35.302 39.073 39.189 36.652 38.884 41.003 43.984 42.169 44.034 47.170 45.952 47.526 51.297 51.982 49.612 51.277 54.739 54.368 51.323 50.727 52.309 53.215 52.140 49.225 48.106 50.940 49.048 46.557 49.092 49.373 46.148 43.662 40.375
47.665 49.807 47.900 49.585 49.436 47.204 45.182 44.295 43.702 41.111 39.433 39.391 38.000 35.033 34.321 34.201 37.642 38.937 39.324 37.418 38.570 40.935 42.804 43.379 43.170 46.962 47.024 44.905 46.938 50.155 49.086 48.265 51.628 53.704 51.658 51.483 53.013 49.647 49.846 46.661 48.826 51.030 51.695 54.203 55.378 56.051 58.931 56.668 55.533 52.110 51.246 49.610 47.309 46.220 46.356 45.914 47.897 45.377 47.190 46.637 47.849 44.568 41.967 41.947 43.225 46.201 47.354 50.739 50.332 50.918 49.005 46.465 43.000 40.803 38.661 36.916 36.043 37.489 40.621 43.271 43.695 40.306 41.935 44.474 42.118 42.624 38.960 39.167 35.530 36.452 39.483 37.669 34.831 37.448 39.598 36.820 36.905 40.704 41.100 38.694 40.814 43.172 46.123 44.321 46.035 49.177 47.733 49.196 52.985 53.630 51.444 53.257 56.651 56.244 53.310 52.907 54.659 55.449 54.378 51.324 50.248 52.923 50.843 48.351 50.957 51.079 47.730 45.185 42.006
44.776 47.027 45.194 46.926 46.992 44.754 42.555 41.817 41.428 38.708 36.940 37.174 35.902 32.743 32.115 32.345 35.879 37.288 38.012 36.118 37.584 39.962 41.538 41.934 41.420 45.190 45.381 43.075 44.895 48.230 47.209 46.144 49.441 51.644 49.588 49.181 50.628 47.174 47.251 44.056 46.175 48.550 49.341 52.012 53.307 54.197 57.191 55.062 53.743 50.304 49.241 47.577 45.083 43.860 44.020 43.837 45.839 43.462 45.397 44.827 46.296 43.145 40.347 40.080 41.294 44.091 45.338 48.777 48.575 49.367 47.681 45.015 41.678 39.233 37.286 35.263 34.300 35.422 38.397 41.035 41.196 37.776 39.525 41.869 39.338 39.744 36.143 36.615 33.060 34.122 37.276 35.592 32.903 35.641 37.878 35.310 35.582 39.368 39.876 37.745 39.948 42.497 45.270 43.307 44.748 47.982 46.428 47.648 51.448 51.910 49.843 51.871 55.148 54.586 51.716 51.565 53.423 54.001 52.850 49.678 48.572 51.062 48.839 46.306 48.932 48.880 45.441 42.841 39.780
41.358 43.724 42.044 43.937 44.151 42.066 39.704 38.894 38.739 36.069 34.071 34.382 33.380 30.142 29.323 29.838 33.340 35.009 35.932 33.875 35.475 37.999 39.328 39.753 39.031 42.762 42.881 40.385 42.137 45.492 44.359 43.135 46.447 48.630 46.465 45.939 47.454 43.998 43.911 40.644 42.650 45.090 45.847 48.574 49.861 50.863 53.885 51.796 50.355 46.937 45.815 44.213 41.651 40.458 40.754 40.683 42.583 40.221 42.140 41.480 43.078 40.034 37.152 36.700 37.820 40.526 41.781 45.249 45.168 46.047 44.505 41.795 38.557 35.984 34.212 32.066 30.969 31.929 34.808 37.486 37.547 34.159 36.029 38.315 35.772 36.280 32.723 33.311 29.768 30.740 34.005 32.522 29.833 32.526 34.921 32.559 32.810 36.572 37.289 35.333 37.467 40.211 42.883 40.911 42.185 45.407 43.681 44.786 48.578 49.011 47.106 49.240 52.442 51.877 49.134 49.140 51.173 51.677 50.610 47.318 46.357 48.719 46.314 43.895 46.657 46.617 43.082 40.602 37.556
38.755 41.025 39.339 41.292 41.357 39.412 37.129 36.065 35.861 33.392 31.295 31.339 30.436 27.343 26.250 26.631 30.030 31.821 32.622 30.408 31.896 34.531 35.881 36.481 35.857 39.585 39.527 37.050 38.958 42.223 40.973 39.870 43.262 45.320 43.115 42.744 44.370 41.001 40.974 37.695 39.744 42.018 42.685 45.296 46.539 47.412 50.403 48.291 46.965 43.515 42.459 40.826 38.381 37.276 37.572 37.315 39.189 36.742 38.626 38.037 39.541 36.424 33.582 33.292 34.559 37.387 38.719 42.106 41.854 42.730 41.089 38.336 35.035 32.502 30.594 28.497 27.545 28.662 31.697 34.302 34.586 31.178 32.894 35.365 33.007 33.649 30.019 30.323 26.685 27.512 30.695 29.157 26.340 28.966 31.345 28.918 29.078 32.852 33.579 31.568 33.670 36.417 39.111 37.193 38.532 41.708 39.974 41.167 44.959 45.491 43.577 45.628 48.874 48.415 45.697 45.620 47.705 48.317 47.390 44.093 43.291 45.722 43.297 41.024 43.906 44.086 40.558 38.280 35.089
35.024 37.359 35.775 37.843 38.037 36.220 33.801 32.693 32.701 30.273 27.982 28.126 27.478 24.314 23.070 23.774 27.140 29.158 30.215 27.906 29.608 32.318 33.359 33.913 33.044 36.714 36.642 33.986 35.778 39.079 37.778 36.505 39.881 41.962 39.703 39.199 40.835 37.449 37.312 34.001 36.006 38.344 39.055 41.746 43.062 44.067 47.134 45.135 43.700 40.232 39.033 37.373 34.821 33.660 34.011 33.897 35.740 33.380 35.341 34.761 36.458 33.455 30.460 30.002 31.277 33.985 35.448 38.826 38.676 39.745 38.279 35.398 32.220 29.478 27.724 25.385 24.419 25.272 28.221 30.769 30.924 27.486 29.244 31.635 29.233 29.898 26.293 26.693 23.083 23.920 27.187 25.801 23.064 25.730 28.202 26.005 26.275 29.996 30.870 29.134 31.245 34.166 36.672 34.667 35.762 38.963 37.105 38.110 41.891 42.321 40.544 42.739 45.883 45.360 42.749 42.865 45.092 45.577 44.688 41.285 40.589 42.867 40.282 38.102 41.087 41.255 37.655 35.498 32.350
32.398 34.648 33.115 35.292 35.361 33.767 31.408 29.985 30.017 27.871 25.407 25.243 24.830 21.868 20.208 20.849 24.029 26.280 27.249 24.708 26.309 29.184 30.155 30.923 30.107 33.736 33.431 30.744 32.692 35.880 34.407 33.227 36.694 38.618 36.278 35.918 37.704 34.430 34.308 30.969 32.978 35.135 35.725 38.296 39.555 40.446 43.485 41.470 40.128 36.632 35.491 33.818 31.386 30.345 30.747 30.445 32.217 29.758 31.670 31.142 32.771 29.719 26.740 26.415 27.838 30.657 32.212 35.497 35.186 36.277 34.746 31.803 28.590 25.852 23.995 21.664 20.840 21.827 24.935 27.399 27.795 24.359 25.960 28.557 26.392 27.258 23.612 23.688 19.980 20.572 23.771 22.402 19.498 22.052 24.571 22.382 22.524 26.246 27.214 25.487 27.523 30.512 33.000 31.064 32.175 35.311 33.384 34.455 38.232 38.769 37.037 39.166 42.333 41.933 39.395 39.464 41.797 42.382 41.678 38.248 37.781 40.087 37.438 35.472 38.611 39.024 35.434 33.563 30.299
28.684 30.910 29.350 31.528 31.699 30.125 27.670 26.307 26.482 24.290 21.731 21.761 21.495 18.419 16.770 17.803 21.020 23.376 24.717 22.263 24.247 27.023 27.616 28.159 27.030 30.600 30.436 27.600 29.330 32.616 31.246 29.869 33.254 35.320 33.052 32.521 34.173 30.822 30.711 27.424 29.543 31.787 32.601 35.310 36.802 37.864 41.057 39.286 37.865 34.297 32.859 30.992 28.366 27.068 27.335 27.258 29.173 26.962 29.142 28.824 30.748 27.833 24.599 24.152 25.756 28.367 30.248 33.441 33.216 34.656 33.355 30.183 27.157 24.115 22.382 19.619 19.050 19.542 22.530 24.720 24.893 21.314 22.791 25.223 22.905 23.575 19.901 20.070 16.423 17.335 20.553 19.182 16.569 19.387 21.818 19.879 20.442 24.040 24.980 23.699 25.917 28.988 31.142 28.962 29.706 32.953 31.027 31.772 35.536 35.822 34.153 36.503 39.527 38.929 36.431 36.752 39.141 39.495 38.708 35.195 34.711 36.838 34.078 32.109 35.275 35.600 31.959 30.144 26.964
25.749 27.891 26.431 28.758 28.852 27.579 25.152 23.441 23.743 21.909 19.096 18.828 18.982 16.181 13.971 15.134 18.043 20.747 22.120 19.425 21.405 24.329 24.670 25.392 24.199 27.662 27.261 24.315 26.137 29.314 27.752 26.389 29.854 31.775 29.408 28.962 30.764 27.523 27.389 24.071 26.189 28.266 28.993 31.621 33.108 34.118 37.326 35.607 34.238 30.632 29.166 27.246 24.683 23.459 23.787 23.583 25.429 23.177 25.377 25.156 27.116 24.226 20.922 20.543 22.347 24.985 27.048 30.105 29.759 31.328 30.060 26.770 23.810 20.671 18.926 16.000 15.681 16.099 19.190 21.189 21.555 17.958 19.225 21.840 19.773 20.657 16.975 16.784 13.045 13.693 16.869 15.590 12.858 15.612 18.123 16.364 16.905 20.426 21.525 20.460 22.599 25.786 27.785 25.628 26.238 29.427 27.387 28.085 31.835 32.166 30.605 32.960 35.951 35.436 33.061 33.429 35.973 36.360 35.767 32.200 31.991 34.060 31.182 29.486 32.822 33.379 29.758 28.307 25.088
22.854 24.719 23.008 25.174 25.139 23.807 21.476 19.751 19.946 18.121 15.351 15.064 15.198 12.415 10.176 11.556 14.531 17.221 18.902 16.415 18.808 21.491 21.520 21.969 20.566 24.015 23.801 20.831 22.509 25.784 24.437 23.039 26.420 28.516 26.369 25.911 27.482 24.178 24.330 21.214 23.679 25.672 26.734 29.404 31.215 32.259 35.615 34.206 32.942 29.237 27.456 25.159 22.493 20.873 20.768 20.646 22.853 20.956 23.565 23.843 25.990 23.180 19.697 19.515 21.759 24.193 26.699 29.473 29.020 30.946 29.802 26.287 23.513 20.220 18.399 15.126 15.564 15.527 18.502 19.869 20.160 16.415 17.093 19.590 17.477 17.942 14.160 13.660 9.964 11.317 14.155 12.451 10.219 13.487 15.511 13.839 15.115 18.415 19.170 18.584 21.068 24.123 25.733 23.237 23.504 26.864 25.032 25.407 29.147 29.186 27.516 30.048 32.939 32.189 29.733 30.265 32.748 32.934 32.206 28.612 28.321 30.317 27.432 25.689 29.023 29.586 25.973 24.613 21.389
20.947 22.884 21.570 24.095 24.111 23.345 20.971 18.751 19.341 18.136 14.947 14.267 15.269 13.075 10.000 11.616 13.771 17.031 18.633 15.732 17.867 20.836 20.529 21.373 19.914 23.095 22.407 19.225 21.038 24.069 22.275 20.819 24.350 26.123 23.655 23.254 25.203 22.110 21.970 18.668 20.870 22.694 23.435 26.002 27.637 28.657 31.972 30.497 29.184 25.495 23.796 21.646 19.075 17.790 18.099 17.816 19.657 17.527 19.959 20.084 22.270 19.556 16.022 15.720 17.991 20.469 23.008 25.719 25.224 27.185 26.118 22.570 19.912 16.526 14.901 11.485 11.947 11.800 14.852 16.199 16.763 13.112 13.782 16.598 14.936 16.025 12.425 11.533 7.737 8.054 11.090 9.990 7.321 10.151 12.683 11.545 12.392 15.537 16.850 16.517 18.577 21.890 23.382 21.139 21.276 24.408 22.220 22.613 26.316 26.554 25.200 27.689 30.528 30.020 27.864 28.453 31.237 31.534 31.186 27.528 27.727 29.583 26.499 25.246 28.799 29.645 26.097 25.256 22.127
18.224 20.543 19.481 22.213 22.790 22.084 19.257 17.388 18.607 17.170 13.696 13.893 15.327 12.818 10.144 12.812 14.869 18.113 20.324 17.781 20.314 22.995 22.151 22.550 20.500 23.441 23.071 19.604 20.782 23.983 22.347 20.293 23.582 25.612 23.143 22.138 23.895 20.596 20.064 16.654 18.711 21.036 22.080 25.041 26.912 28.413 31.880 30.690 29.003 25.401 23.300 21.174 18.131 16.495 16.940 17.455 19.235 17.585 20.186 20.206 22.904 20.690 16.976 15.947 17.850 19.730 22.404 25.173 25.184 27.481 26.928 23.347 21.168 17.499 16.616 12.931 12.987 11.720 14.000 15.248 14.959 11.170 12.302 14.469 12.183 13.097 9.505 9.643 6.186 7.110 10.584 10.259 8.711 11.367 13.870 13.621 14.798 17.431 18.899 19.195 21.143 24.491 25.566 23.215 22.781 25.884 23.585 23.417 26.962 26.809 25.790 28.621 31.118 30.319 28.376 29.449 32.315 32.208 31.712 27.953 28.084 29.502 26.193 24.908 28.411 28.889 25.230 24.341 21.584
17.658 20.285 19.273 21.937 23.013 22.048 18.861 17.682 19.210 17.242 13.875 15.056 16.324 13.332 11.570 14.726 17.038 19.943 22.575 20.460 23.322 25.702 24.671 24.581 22.156 25.007 25.113 21.593 22.201 25.607 24.335 21.891 24.843 27.211 24.934 23.429 24.796 21.271 20.548 17.249 19.217 22.030 23.448 26.722 28.809 30.680 34.234 33.272 31.324 27.835 25.457 23.360 20.000 18.004 18.349 19.543 21.388 20.205 22.913 22.877 25.851 23.936 20.191 18.761 20.294 21.689 24.325 27.168 27.606 30.064 29.841 26.309 24.388 20.634 20.114 16.408 16.146 14.392 16.018 17.244 16.144 12.462 13.969 15.272 12.244 12.513 9.085 10.577 7.965 9.673 12.984 12.864 12.074 14.750 17.007 16.985 18.450 20.909 22.247 22.760 24.808 28.094 28.994 26.485 25.768 28.931 26.718 26.189 29.610 29.092 28.182 31.252 33.512 32.392 30.482 31.871 34.641 34.182 33.389 29.613 29.440 30.561 27.205 25.647 28.945 28.930 25.173 23.944 21.530
20.091 22.870 21.910 24.501 25.688 24.538 21.302 20.393 21.841 19.611 16.432 17.761 18.706 15.458 13.998 16.954 19.564 22.328 24.884 22.769 25.576 28.013 27.211 27.109 24.771 27.730 27.919 24.454 25.079 28.528 27.296 24.867 27.791 30.184 27.892 26.338 27.682 24.135 23.315 20.006 21.781 24.725 26.054 29.361 31.322 33.238 36.737 35.642 33.590 30.164 27.912 26.006 22.657 20.802 21.280 22.488 24.236 22.924 25.465 25.166 28.078 26.113 22.427 20.867 22.097 23.541 25.889 28.948 29.546 31.826 31.581 28.170 26.145 22.438 21.948 18.374 17.672 16.135 17.772 19.421 18.218 14.670 16.583 17.810 14.698 14.993 11.778 13.532 10.919 12.402 15.851 15.708 14.601 17.261 19.702 19.435 20.696 23.377 24.762 24.986 27.020 30.356 31.477 29.027 28.498 31.674 29.430 29.041 32.493 32.045 31.111 34.137 36.453 35.353 33.397 34.721 37.443 37.013 36.141 32.383 32.068 33.238 29.943 28.219 31.419 31.231 27.444 25.931 23.543
22.562 24.988 23.611 25.947 26.630 25.208 22.323 21.231 22.056 19.749 16.835 17.641 17.999 14.675 13.159 15.464 18.471 21.070 23.272 21.082 23.741 26.252 25.932 25.981 24.056 27.325 27.461 24.232 25.291 28.755 27.552 25.557 28.680 31.028 28.823 27.714 29.106 25.580 25.209 21.961 24.067 26.682 27.919 30.997 32.883 34.437 37.879 36.586 34.843 31.285 29.266 27.215 24.119 22.343 22.552 23.219 25.213 23.602 26.167 26.035 28.603 26.206 22.593 21.582 23.172 25.120 27.444 30.500 30.687 32.738 32.057 28.627 26.181 22.645 21.551 18.120 17.706 16.925 19.236 20.957 20.371 16.671 18.193 19.984 17.182 17.471 13.899 14.803 11.581 13.145 16.494 15.606 13.947 16.958 19.292 18.301 19.538 22.609 23.697 23.437 25.706 28.923 30.366 27.880 27.776 31.084 29.040 29.031 32.651 32.411 31.092 33.913 36.520 35.536 33.284 34.240 36.799 36.625 35.711 32.027 31.574 33.148 30.071 28.170 31.365 31.377 27.614 25.934 23.159
25.371 28.061 26.959 29.443 30.279 28.932 25.955 24.883 25.827 23.534 20.581 21.371 21.775 18.460 16.878 19.017 22.003 24.670 26.676 24.299 26.698 29.410 29.288 29.540 27.740 31.022 31.010 27.761 28.917 32.312 30.924 28.915 32.096 34.305 31.901 30.754 32.335 28.870 28.206 24.796 26.533 29.251 30.198 33.265 34.870 36.457 39.774 38.241 36.343 32.908 31.133 29.443 26.409 24.978 25.583 26.225 27.892 26.018 28.234 27.644 30.105 27.722 24.254 22.987 24.100 26.116 28.004 31.322 31.706 33.467 32.774 29.568 27.057 23.639 22.736 19.579 18.488 17.955 20.208 22.482 21.865 18.383 20.458 22.271 19.527 20.204 16.844 17.995 14.780 15.734 19.326 18.786 16.741 19.383 22.105 21.084 21.806 25.019 26.405 25.835 27.827 31.174 32.888 30.656 30.776 33.954 31.709 31.916 35.537 35.514 34.323 37.035 39.698 38.891 36.729 37.596 40.233 40.191 39.384 35.698 35.319 36.922 33.823 31.969 35.171 35.152 31.382 29.635 26.896
29.104 31.709 30.456 32.803 33.443 31.908 29.098 28.041 28.662 26.272 23.550 24.134 24.138 20.806 19.357 20.986 24.176 26.635 28.318 25.928 28.092 30.849 31.156 31.523 30.043 33.494 33.462 30.399 31.789 35.172 33.798 32.032 35.297 37.463 35.082 34.145 35.763 32.315 31.802 28.405 30.194 32.804 33.635 36.579 38.045 39.443 42.661 40.926 39.153 35.719 34.180 32.552 29.686 28.389 28.949 29.327 31.028 28.938 31.025 30.362 32.547 29.933 26.634 25.609 26.702 28.985 30.643 34.042 34.281 35.752 34.787 31.722 28.949 25.768 24.583 21.735 20.562 20.590 23.106 25.583 25.237 21.801 23.843 25.868 23.241 23.941 20.509 21.425 18.034 18.903 22.431 21.599 19.224 21.874 24.582 23.111 23.617 27.073 28.328 27.297 29.318 32.566 34.606 32.466 32.956 36.150 34.002 34.517 38.212 38.370 36.983 39.518 42.365 41.667 39.348 39.951 42.464 42.611 41.771 38.164 37.663 39.509 36.575 34.582 37.713 37.730 33.994 32.054 29.164
31.858 34.557 33.495 35.999 36.594 35.228 32.444 31.160 31.801 29.611 26.779 27.087 27.214 24.050 22.289 23.683 26.718 29.317 30.692 28.039 29.826 32.816 33.343 34.048 32.795 36.253 35.933 32.897 34.531 37.767 36.130 34.497 37.894 39.818 37.233 36.443 38.331 35.018 34.347 30.816 32.352 34.854 35.325 38.108 39.243 40.500 43.531 41.513 39.743 36.430 35.238 33.929 31.278 30.381 31.256 31.403 32.802 30.392 32.101 31.087 33.002 30.338 27.298 26.256 27.033 29.502 30.742 34.266 34.489 35.584 34.466 31.671 28.786 25.882 24.744 22.321 20.715 21.201 23.785 26.636 26.546 23.345 25.619 27.860 25.512 26.636 23.288 24.060 20.575 20.870 24.456 23.832 21.068 23.313 26.286 24.740 24.699 28.235 29.739 28.369 30.055 33.358 35.680 33.866 34.648 37.658 35.348 36.173 39.862 40.332 39.026 41.355 44.310 43.888 41.652 42.062 44.662 45.054 44.429 40.841 40.530 42.492 39.549 37.714 40.938 41.130 37.415 35.587 32.602
34.514 37.380 36.434 38.953 39.749 38.317 35.409 34.338 35.097 32.749 29.952 30.508 30.606 27.309 25.753 27.269 30.372 32.910 34.364 31.785 33.605 36.562 37.092 37.708 36.374 39.825 39.604 36.525 38.030 41.320 39.721 37.956 41.288 43.270 40.658 39.702 41.548 38.189 37.356 33.805 35.169 37.840 38.299 41.167 42.242 43.632 46.626 44.573 42.647 39.446 38.279 37.132 34.412 33.541 34.533 34.862 36.169 33.796 35.413 34.202 36.155 33.618 30.635 29.369 29.830 32.138 33.132 36.764 37.227 38.218 37.223 34.590 31.808 28.962 28.053 25.723 23.833 24.207 26.524 29.538 29.211 26.163 28.694 30.717 28.237 29.329 26.139 27.249 23.901 24.218 27.882 27.416 24.741 26.925 29.970 28.515 28.430 31.938 33.516 32.138 33.750 37.073 39.430 37.657 38.419 41.410 39.042 39.829 43.492 43.933 42.706 45.080 47.991 47.533 45.332 45.811 48.415 48.744 48.054 44.451 44.058 45.945 42.980 41.061 44.216 44.223 40.480 38.496 35.641
36.903 39.561 38.321 40.626 41.147 39.490 36.807 35.749 36.128 33.697 31.165 31.532 31.218 27.956 26.582 27.654 30.915 33.174 34.365 31.902 33.579 36.442 37.326 37.951 36.903 40.491 40.330 37.475 39.157 42.456 40.979 39.472 42.849 44.865 42.391 41.665 43.441 40.061 39.533 36.065 37.692 40.223 40.745 43.515 44.629 45.810 48.791 46.674 44.976 41.683 40.593 39.281 36.671 35.727 36.466 36.556 38.078 35.637 37.335 36.325 38.077 35.288 32.375 31.491 32.239 34.783 35.857 39.422 39.608 40.500 39.222 36.575 33.555 30.860 29.545 27.342 25.767 26.501 29.130 32.037 31.965 28.773 31.017 33.238 30.792 31.717 28.330 29.139 25.634 26.144 29.658 28.764 25.977 28.341 31.167 29.295 29.262 32.919 34.188 32.506 34.293 37.409 39.951 38.142 39.170 42.237 40.097 41.081 44.813 45.316 43.813 46.054 49.120 48.676 46.262 46.508 48.916 49.373 48.589 45.094 44.532 46.648 43.888 41.808 44.863 44.922 41.244 39.106 36.108
40.336 42.926 41.638 43.918 44.262 42.594 40.049 38.866 39.060 36.714 34.260 34.375 33.929 30.802 29.356 30.078 33.298 35.471 36.339 33.816 35.180 38.093 39.285 40.107 39.347 42.991 42.694 39.991 41.896 45.100 43.546 42.259 45.722 47.610 45.106 44.592 46.477 43.173 42.723 39.238 40.865 43.248 43.602 46.211 47.153 48.128 50.972 48.666 47.114 43.866 43.026 41.810 39.399 38.637 39.404 39.240 40.703 38.071 39.590 38.509 39.974 37.052 34.367 33.697 34.417 37.158 38.029 41.586 41.604 42.209 40.694 38.236 35.065 32.664 31.176 29.322 27.729 28.871 31.650 34.652 34.853 31.736 33.922 36.343 34.075 35.129 31.692 32.267 28.660 28.988 32.416 31.415 28.414 30.631 33.439 31.334 31.037 34.758 35.978 33.961 35.625 38.610 41.393 39.776 41.108 44.084 41.996 43.258 46.999 47.715 46.115 48.148 51.348 51.079 48.608 48.608 50.949 51.623 50.921 47.510 46.975 49.277 46.630 44.569 47.619 47.817 44.195 42.061 38.940
43.385 45.955 44.551 46.687 47.034 45.167 42.660 41.686 41.761 39.232 36.973 37.222 36.529 33.320 32.173 32.815 36.170 38.116 38.976 36.648 38.055 40.815 42.128 42.800 42.078 45.771 45.650 43.032 44.873 48.149 46.754 45.476 48.882 50.889 48.491 47.942 49.694 46.314 45.950 42.523 44.232 46.689 47.162 49.829 50.845 51.845 54.718 52.434 50.886 47.624 46.736 45.455 42.986 42.100 42.743 42.642 44.230 41.669 43.274 42.254 43.732 40.781 38.080 37.440 38.184 40.892 41.769 45.341 45.388 45.990 44.462 42.016 38.826 36.436 34.895 33.021 31.495 32.598 35.352 38.326 38.428 35.264 37.434 39.765 37.358 38.217 34.770 35.449 31.876 32.427 35.836 34.694 31.791 34.152 36.846 34.632 34.475 38.224 39.278 37.211 39.000 41.874 44.687 42.990 44.359 47.409 45.442 46.690 50.452 51.093 49.383 51.435 54.653 54.290 51.710 51.688 53.897 54.526 53.668 50.312 49.577 51.913 49.371 47.132 50.040 50.089 46.498 44.155 41.096
45.987 48.401 46.853 48.891 48.985 47.068 44.769 43.675 43.483 41.043 38.931 38.905 38.011 34.975 33.813 34.058 37.369 39.147 39.675 37.373 38.497 41.216 42.844 43.657 43.249 46.989 46.781 44.375 46.428 49.609 48.211 47.198 50.665 52.578 50.231 49.933 51.728 48.418 48.241 44.854 46.678 48.951 49.346 51.853 52.791 53.557 56.338 53.940 52.609 49.332 48.616 47.303 45.020 44.215 44.761 44.387 46.022 43.338 44.874 43.939 45.158 42.040 39.515 39.184 40.073 42.985 43.830 47.327 47.122 47.547 45.761 43.403 40.051 37.899 36.089 34.466 33.122 34.567 37.530 40.461 40.848 37.667 39.643 42.183 39.932 40.819 37.271 37.645 33.977 34.472 37.727 36.364 33.329 35.639 38.191 35.707 35.425 39.211 40.087 37.735 39.505 42.167 45.158 43.576 45.223 48.219 46.405 47.891 51.658 52.455 50.578 52.424 55.771 55.533 52.848 52.568 54.640 55.469 54.652 51.419 50.667 53.207 50.834 48.590 51.456 51.663 48.163 45.832 42.640
49.403 51.860 50.301 52.291 52.439 50.424 48.110 47.151 46.944 44.396 42.365 42.452 41.463 38.369 37.360 37.615 40.984 42.661 43.195 40.990 42.122 44.767 46.451 47.190 46.786 50.541 50.422 48.041 50.043 53.263 51.929 50.888 54.324 56.293 53.971 53.619 55.364 52.011 51.818 48.436 50.240 52.587 53.011 55.559 56.492 57.296 60.067 57.646 56.276 53.031 52.323 51.044 48.725 47.894 48.438 48.130 49.777 47.112 48.642 47.658 48.878 45.781 43.277 42.892 43.692 46.558 47.317 50.854 50.724 51.090 49.322 47.036 43.704 41.587 39.827 38.233 36.817 38.228 41.119 44.103 44.402 41.243 43.296 45.760 43.425 44.249 40.733 41.231 37.597 38.160 41.446 40.084 37.092 39.429 41.977 39.482 39.222 43.009 43.855 41.475 43.250 45.868 48.889 47.308 48.978 51.985 50.198 51.685 55.454 56.230 54.332 56.184 59.535 59.264 56.544 56.259 58.274 59.081 58.188 54.982 54.128 56.667 54.339 52.002 54.785 54.881 51.396 48.937 45.814
52.669 55.016 53.340 55.231 55.208 53.122 50.965 49.971 49.562 47.048 45.163 45.095 43.929 40.952 40.000 39.979 43.320 44.824 45.123 42.997 43.932 46.491 48.411 49.211 49.036 52.814 52.674 50.468 52.594 55.751 54.454 53.600 57.055 58.979 56.720 56.533 58.276 54.961 54.912 51.571 53.464 55.701 56.095 58.542 59.434 60.081 62.787 60.294 59.077 55.828 55.230 53.921 51.720 50.922 51.377 50.901 52.599 49.873 51.366 50.451 51.495 48.292 45.914 45.738 46.632 49.619 50.352 53.836 53.544 53.784 51.844 49.633 46.204 44.258 42.324 40.900 39.616 41.231 44.240 47.188 47.652 44.478 46.402 48.980 46.723 47.529 43.951 44.274 40.598 41.163 44.338 42.814 39.771 42.088 44.508 41.830 41.516 45.306 45.993 43.425 45.195 47.620 50.754 49.250 51.113 54.082 52.435 54.079 57.843 58.711 56.679 58.382 61.817 61.616 58.806 58.334 60.212 61.149 60.253 57.162 56.253 58.934 56.758 54.387 57.096 57.268 53.869 51.382 48.199
55.227 57.670 56.142 58.171 58.187 56.233 54.016 52.896 52.587 50.175 48.148 47.999 46.994 44.056 42.904 42.906 46.147 47.799 48.010 45.721 46.488 49.183 51.135 52.116 51.989 55.748 55.436 53.190 55.407 58.494 57.027 56.188 59.710 61.499 59.101 58.949 60.851 57.603 57.413 53.985 55.708 57.913 58.106 60.471 61.162 61.752 64.323 61.682 60.449 57.322 56.923 55.824 53.732 53.147 53.801 53.256 54.759 51.893 53.162 52.036 52.935 49.784 47.582 47.352 48.027 51.033 51.504 55.009 54.747 54.752 52.777 50.790 47.392 45.643 43.822 42.636 41.139 42.890 45.835 48.934 49.478 46.459 48.518 51.153 49.017 50.039 46.515 46.838 43.137 43.445 46.664 45.314 42.136 44.231 46.796 44.179 43.594 47.354 48.220 45.547 47.075 49.527 52.768 51.477 53.444 56.276 54.508 56.284 60.015 61.050 59.121 60.725 64.186 64.147 61.432 60.894 62.861 63.920 63.173 60.063 59.304 62.003 59.765 57.511 60.312 60.573 57.147 54.751 51.530
