31.587 34.425 37.537 41.046 43.522 45.584 42.602 41.081 44.541 44.984 41.579 42.316 45.765 44.464 42.257 45.314 44.917 48.409 50.534 47.947 49.284 51.920 49.634 50.594 48.085 48.622 47.236 43.892 43.652 44.649 42.023 39.256 40.575 40.360 37.216 34.943 37.258 36.799 33.040 31.111 27.799 29.280 27.506 28.989 27.970 30.861 31.917 31.447 27.701 28.247 27.617 29.997 28.838 30.483 33.954 35.697 33.187 32.830 31.659 28.789 30.995 33.176 32.465 28.826 25.529 22.692 20.777 21.546 25.341 26.556 29.607 29.279 31.786 30.474 34.080 33.355 30.846 28.267 24.852 25.655 23.678 26.463 28.853 27.326 28.328 30.969 32.788 34.432 35.286 32.877 33.936 37.583 37.449 35.813 38.319 41.147 40.083 39.804 43.225 44.735 43.589 46.814 46.484 46.436 44.891 45.266 41.737 40.693 41.562 41.792 44.214 46.322 46.505 46.695 47.917 50.029 53.707 53.238 54.322 51.160 53.033 52.442 48.778 49.853 52.955 53.309 50.698 51.631 50.938
30.253 33.235 36.125 39.743 42.065 43.982 40.953 39.262 42.601 42.959 39.436 40.035 43.413 42.021 39.654 42.640 42.366 45.946 47.974 45.241 46.512 49.292 47.184 48.276 45.878 46.636 45.161 41.760 41.775 42.908 40.155 37.467 39.095 38.939 35.625 33.503 36.037 35.358 31.691 29.422 26.319 27.901 26.042 27.647 26.592 29.370 30.592 29.763 26.024 26.246 25.719 28.044 26.798 28.520 32.073 33.622 31.196 30.490 29.317 26.273 28.458 30.383 29.590 25.918 22.544 20.011 17.952 19.199 22.943 24.057 26.860 26.431 28.710 27.331 30.893 30.194 27.504 25.080 21.813 22.997 21.201 23.797 26.421 25.274 26.205 29.090 30.562 32.103 32.646 30.103 31.378 34.957 34.549 32.935 35.640 38.298 37.091 37.012 40.507 41.809 40.669 43.989 43.882 43.846 42.511 42.998 39.389 38.581 39.701 40.113 42.332 44.431 44.895 45.163 46.168 48.111 51.829 51.527 52.607 49.349 51.192 50.847 47.149 48.101 51.342 51.797 49.043 49.852 48.921
33.025 36.131 38.839 42.513 44.755 46.510 43.411 41.649 44.878 45.086 41.464 41.991 45.250 43.690 41.201 44.121 44.045 47.708 49.628 46.726 47.898 50.856 48.975 50.213 47.934 48.913 47.360 43.921 44.171 45.419 42.559 39.967 41.831 41.696 38.265 36.295 38.971 38.131 34.550 32.039 29.136 30.781 28.838 30.417 29.194 31.744 32.866 31.667 28.029 28.195 27.978 30.351 29.134 30.939 34.531 35.883 33.523 32.456 31.182 27.911 29.860 31.547 30.818 27.188 23.681 21.620 19.192 20.767 24.350 24.990 27.518 27.312 29.343 28.099 31.593 31.066 28.058 26.003 23.047 24.735 23.209 25.503 28.392 27.629 28.390 31.406 32.517 34.044 34.202 31.570 33.144 36.599 35.824 34.266 37.215 39.627 38.191 38.363 41.955 42.945 41.737 45.139 45.326 45.396 44.337 44.867 41.179 40.668 41.957 42.593 44.660 46.679 47.370 47.766 48.621 50.383 54.131 54.003 55.099 51.774 53.584 53.444 49.728 50.552 53.890 54.380 51.498 52.140 51.018
33.862 37.038 39.488 43.219 45.268 46.863 43.755 41.827 44.874 44.991 41.281 41.625 44.756 43.103 40.438 43.215 43.289 47.026 48.779 45.703 46.734 49.862 48.236 49.656 47.555 48.768 47.098 43.650 44.206 45.554 42.565 40.131 42.292 42.167 38.602 36.865 39.738 38.728 35.305 32.514 29.885 31.535 29.492 31.057 29.717 32.006 33.141 31.535 28.040 27.983 28.034 30.374 29.191 31.098 34.711 35.777 33.509 32.032 30.685 27.235 28.964 30.330 29.636 26.101 22.544 21.038 18.369 20.358 23.674 23.941 26.077 25.957 27.661 26.513 29.885 29.532 26.279 24.628 22.034 24.197 23.052 25.022 28.098 27.833 28.511 31.718 32.400 33.765 33.513 30.745 32.558 35.858 34.703 33.166 36.326 38.471 36.800 37.213 40.874 41.544 40.282 43.747 44.234 44.398 43.644 44.234 40.487 40.309 41.815 42.700 44.552 46.477 47.457 47.994 48.643 50.172 53.938 54.028 55.153 51.766 53.558 53.689 49.978 50.683 54.142 54.749 51.744 52.250 50.869
37.377 40.601 42.946 46.688 48.688 50.178 47.039 45.085 48.043 48.058 44.309 44.602 47.624 45.861 43.131 45.830 46.047 49.817 51.467 48.282 49.208 52.454 51.015 52.545 50.551 51.903 50.176 46.734 47.447 48.845 45.794 43.451 45.734 45.597 41.982 40.359 43.298 42.224 38.863 35.972 33.459 35.108 33.011 34.498 33.019 35.115 36.097 34.265 30.906 30.904 31.208 33.596 32.491 34.449 38.055 38.978 36.747 35.056 33.615 30.055 31.529 32.729 32.154 28.746 25.173 24.025 21.158 23.197 26.299 26.138 28.025 28.176 29.672 28.728 31.977 31.816 28.384 27.101 24.814 27.241 26.308 28.061 31.238 31.203 31.774 35.009 35.465 36.812 36.299 33.509 35.495 38.667 37.251 35.763 39.056 40.992 39.142 39.726 43.427 43.840 42.503 45.983 46.694 46.975 46.441 47.023 43.249 43.296 44.873 45.923 47.686 49.517 50.630 51.277 51.848 53.236 57.007 57.230 58.381 54.972 56.745 57.010 53.305 53.932 57.439 58.066 54.990 55.380 53.879
38.905 42.165 44.264 48.019 49.849 51.168 48.035 45.971 48.741 48.649 44.856 45.002 47.860 46.004 43.155 45.696 46.079 49.877 51.364 48.045 48.839 52.222 51.047 52.725 50.906 52.474 50.670 47.245 48.222 49.716 46.589 44.399 46.921 46.813 43.123 41.703 44.767 43.539 40.347 37.254 35.014 36.669 34.544 36.018 34.486 36.339 37.328 35.174 32.007 31.801 32.313 34.610 33.532 35.516 39.077 39.751 37.654 35.630 34.171 30.537 31.780 32.627 32.082 28.854 25.368 24.780 21.850 24.167 26.918 26.413 27.841 28.072 29.172 28.343 31.362 31.366 27.765 26.937 25.102 27.887 27.287 28.681 31.959 32.343 32.797 36.120 36.188 37.395 36.504 33.665 35.858 38.820 37.059 35.647 39.095 40.730 38.685 39.521 43.233 43.315 41.958 45.464 46.475 46.832 46.597 47.247 43.463 43.816 45.584 46.838 48.379 50.120 51.491 52.246 52.616 53.784 57.543 57.957 59.111 55.662 57.390 57.900 54.220 54.717 58.308 59.019 55.844 56.087 54.363
42.503 45.713 47.783 51.542 53.273 54.606 51.524 49.365 52.048 51.998 48.199 48.204 51.019 49.195 46.249 48.651 49.026 52.838 54.161 50.754 51.358 54.816 53.784 55.618 53.948 55.547 53.613 50.259 51.387 52.800 49.580 47.540 50.119 49.874 46.147 44.896 48.055 46.906 43.762 40.667 38.437 39.939 37.652 38.913 37.150 38.765 39.492 37.162 34.167 34.157 34.988 37.433 36.579 38.726 42.308 42.789 40.610 38.440 36.773 33.056 33.962 34.790 34.517 31.478 27.966 27.567 24.421 26.540 29.075 28.132 29.405 30.024 31.069 30.596 33.536 33.853 30.231 29.744 28.077 30.900 30.571 31.961 35.174 35.732 36.289 39.674 39.647 40.714 39.698 36.765 38.938 41.831 39.905 38.394 41.860 43.380 41.127 41.966 45.705 45.598 44.064 47.494 48.640 49.207 49.159 49.672 45.882 46.442 48.157 49.609 51.148 52.712 54.144 55.080 55.473 56.485 60.245 60.820 62.089 58.678 60.482 61.088 57.445 57.984 61.611 62.422 59.248 59.497 57.674
44.600 47.817 49.674 53.422 54.998 56.182 53.126 50.883 53.384 53.246 49.438 49.308 51.957 50.070 47.040 49.270 49.787 53.594 54.750 51.242 51.706 55.267 54.489 56.453 54.959 56.737 54.739 51.429 52.784 54.264 50.994 49.107 51.870 51.643 47.876 46.810 50.054 48.793 45.808 42.575 40.579 42.066 39.771 41.001 39.201 40.592 41.303 38.724 35.937 35.772 36.779 39.127 38.318 40.472 43.984 44.244 42.191 39.762 38.089 34.362 35.034 35.544 35.325 32.512 29.150 29.216 26.090 28.356 30.545 29.311 30.146 30.855 31.525 31.199 33.866 34.352 30.660 30.605 29.359 32.409 32.358 33.446 36.686 37.577 38.041 41.462 41.119 42.051 40.724 37.783 40.097 42.773 40.562 39.130 42.685 43.915 41.499 42.549 46.258 45.839 44.286 47.697 49.114 49.762 49.995 50.551 46.786 47.622 49.481 51.109 52.449 53.911 55.560 56.596 56.816 57.622 61.349 62.100 63.374 59.948 61.709 62.531 58.929 59.357 63.041 63.926 60.683 60.806 58.793
47.778 51.046 52.776 56.509 58.051 59.090 56.003 53.787 56.191 55.914 52.107 51.976 54.475 52.470 49.450 51.605 52.296 56.082 57.171 53.617 54.037 57.660 57.066 59.068 57.653 59.578 57.597 54.294 55.754 57.328 54.066 52.228 55.090 54.931 51.157 50.141 53.391 52.014 49.104 45.788 43.934 45.490 43.253 44.519 42.739 44.046 44.752 42.062 39.382 39.138 40.196 42.458 41.611 43.696 47.143 47.337 45.408 42.855 41.237 37.532 38.103 38.395 38.157 35.474 32.241 32.554 29.491 31.840 33.866 32.493 33.069 33.812 34.217 33.934 36.374 36.898 33.162 33.349 32.383 35.576 35.586 36.442 39.743 40.769 41.071 44.448 43.907 44.859 43.321 40.465 42.932 45.437 43.046 41.761 45.384 46.387 43.916 45.164 48.825 48.181 46.674 50.075 51.695 52.355 52.769 53.396 49.661 50.648 52.616 54.313 55.516 56.949 58.730 59.786 59.879 60.579 64.276 65.108 66.339 62.886 64.567 65.514 61.928 62.229 65.932 66.797 63.484 63.460 61.351
48.499 51.903 53.588 57.301 58.995 59.870 56.651 54.635 57.087 56.578 52.776 52.880 55.279 53.061 50.204 52.496 53.411 57.168 58.422 54.925 55.554 59.162 58.566 60.400 58.848 60.882 59.092 55.689 57.034 58.805 55.667 53.660 56.518 56.586 52.850 51.637 54.755 53.185 50.244 46.876 45.095 46.917 44.915 46.440 44.895 46.413 47.333 44.750 41.939 41.521 42.307 44.390 43.260 45.093 48.467 48.874 47.132 44.656 43.297 39.666 40.503 40.677 40.142 37.336 34.195 34.474 31.622 34.184 36.361 35.260 35.856 36.308 36.593 35.988 38.344 38.551 34.751 34.774 33.867 37.157 36.866 37.523 40.986 41.876 41.863 45.078 44.489 45.711 44.115 41.487 44.164 46.599 44.223 43.223 46.913 47.839 45.559 47.005 50.610 49.971 48.704 52.203 53.859 54.300 54.655 55.496 51.774 52.646 54.749 56.273 57.393 59.014 60.813 61.677 61.657 62.472 66.153 66.849 67.896 64.365 65.867 66.785 63.152 63.271 66.937 67.608 64.215 64.008 61.961
50.789 54.176 55.670 59.356 60.904 61.643 58.465 56.386 58.662 58.077 54.294 54.277 56.508 54.248 51.341 53.459 54.499 58.222 59.317 55.758 56.259 59.933 59.573 61.508 60.123 62.306 60.473 57.128 58.664 60.485 57.322 55.459 58.460 58.544 54.793 53.742 56.919 55.262 52.472 49.010 47.430 49.225 47.224 48.714 47.148 48.481 49.387 46.623 43.993 43.453 44.369 46.358 45.273 47.100 50.392 50.609 48.987 46.316 44.967 41.365 42.010 41.918 41.426 38.844 35.869 36.501 33.699 36.338 38.232 36.930 37.177 37.681 37.652 37.169 39.251 39.590 35.798 36.178 35.624 39.046 38.982 39.395 42.838 43.995 43.912 47.134 46.281 47.373 45.524 42.921 45.688 47.909 45.310 44.395 48.124 48.782 46.389 48.011 51.552 50.639 49.379 52.828 54.715 55.216 55.816 56.696 53.024 54.124 56.341 58.004 58.945 60.472 62.452 63.395 63.222 63.851 67.484 68.333 69.377 65.847 67.300 68.408 64.828 64.846 68.546 69.282 65.839 65.519 63.310
51.037 54.327 55.655 59.314 60.641 61.338 58.279 56.039 58.122 57.598 53.839 53.587 55.718 53.549 50.517 52.404 53.428 57.127 58.001 54.370 54.662 58.388 58.230 60.328 59.159 61.416 59.457 56.221 57.980 59.751 56.519 54.870 58.000 58.001 54.232 53.427 56.709 55.061 52.442 48.926 47.519 49.160 47.074 48.427 46.776 47.849 48.691 45.732 43.335 42.707 43.825 45.769 44.842 46.758 49.989 49.931 48.352 45.478 44.050 40.475 40.850 40.545 40.200 37.887 35.059 36.042 33.252 35.889 37.437 35.892 35.787 36.401 36.116 35.853 37.708 38.290 34.559 35.327 35.078 38.559 38.845 39.113 42.441 43.909 43.917 47.217 46.150 46.972 44.936 42.247 44.979 47.034 44.243 43.271 46.984 47.443 44.876 46.558 50.051 48.909 47.560 50.917 52.979 53.616 54.450 55.278 51.660 53.007 55.273 57.125 57.925 59.289 61.425 62.513 62.241 62.653 66.241 67.281 68.400 64.916 66.407 67.697 64.197 64.215 67.958 68.853 65.418 65.099 62.717
53.279 56.544 57.672 61.279 62.471 63.011 59.998 57.731 59.630 59.011 55.299 54.953 56.890 54.676 51.637 53.346 54.511 58.143 58.870 55.211 55.398 59.160 59.240 61.405 60.394 62.800 60.833 57.667 59.589 61.423 58.204 56.687 59.937 59.985 56.232 55.565 58.866 57.118 54.660 51.073 49.882 51.519 49.484 50.833 49.217 50.138 51.004 47.916 45.693 44.918 46.099 47.902 46.984 48.840 51.953 51.738 50.317 47.293 45.931 42.441 42.672 42.088 41.741 39.660 37.052 38.347 35.684 38.390 39.678 38.021 37.584 38.177 37.568 37.373 38.913 39.570 35.904 36.981 37.081 40.647 41.103 41.112 44.399 46.089 45.996 49.253 47.937 48.652 46.384 43.776 46.589 48.404 45.424 44.585 48.301 48.479 45.853 47.720 51.104 49.699 48.408 51.697 53.979 54.635 55.700 56.593 53.058 54.602 56.987 58.936 59.537 60.828 63.136 64.265 63.824 64.065 67.582 68.749 69.834 66.358 67.770 69.241 65.806 65.702 69.455 70.390 66.915 66.467 63.942
52.083 55.314 56.210 59.747 60.806 61.175 58.210 55.935 57.656 56.936 53.279 52.866 54.617 52.361 49.336 50.907 52.211 55.773 56.416 52.760 52.926 56.697 56.956 59.123 58.217 60.766 58.845 55.724 57.765 59.698 56.536 55.110 58.472 58.630 54.918 54.348 57.628 55.739 53.469 49.809 48.887 50.559 48.657 50.084 48.619 49.464 50.496 47.341 45.239 44.181 45.290 46.849 45.851 47.568 50.524 50.197 48.999 45.860 44.672 41.322 41.544 40.638 40.151 38.255 35.925 37.542 35.134 38.014 39.067 37.484 36.729 37.094 36.127 35.826 37.049 37.643 34.044 35.353 35.818 39.472 40.052 39.741 42.987 44.891 44.654 47.842 46.268 46.883 44.402 41.906 44.813 46.384 43.259 42.600 46.318 46.241 43.639 45.714 48.975 47.382 46.242 49.518 51.965 52.530 53.748 54.787 51.340 53.003 55.552 57.513 57.889 59.187 61.657 62.743 62.099 62.229 65.670 66.896 67.889 64.409 65.705 67.328 63.955 63.708 67.457 68.406 64.897 64.326 61.684
51.498 54.579 55.384 58.891 59.732 60.155 57.346 54.888 56.456 55.896 52.277 51.601 53.331 51.261 48.095 49.438 50.605 54.144 54.560 50.849 50.776 54.568 54.954 57.297 56.599 59.127 57.045 54.060 56.286 58.084 54.842 53.642 57.067 57.073 53.362 53.043 56.420 54.636 52.509 48.870 48.040 49.485 47.457 48.681 47.096 47.676 48.591 45.296 43.434 42.369 43.697 45.263 44.492 46.350 49.265 48.666 47.433 44.155 42.829 39.520 39.448 38.429 38.164 36.545 34.336 36.197 33.789 36.549 37.271 35.460 34.427 34.946 33.826 33.814 34.873 35.770 32.302 33.941 34.597 38.191 39.122 38.799 41.851 43.997 43.961 47.237 45.570 45.879 43.332 40.698 43.449 44.927 41.698 40.873 44.512 44.337 41.549 43.560 46.786 45.045 43.746 46.894 49.433 50.179 51.574 52.481 49.091 50.958 53.471 55.614 55.925 57.029 59.583 60.836 60.177 60.115 63.517 64.920 66.041 62.642 64.041 65.784 62.499 62.344 66.118 67.258 63.812 63.342 60.578
50.843 53.905 54.948 58.529 59.448 60.102 57.294 54.771 56.507 56.139 52.461 51.772 53.740 51.796 48.557 50.010 50.942 54.570 55.034 51.307 51.208 54.990 55.165 57.547 56.772 59.109 56.924 53.919 56.053 57.689 54.354 53.112 56.426 56.258 52.497 52.142 55.580 53.994 51.700 48.148 47.045 48.369 46.149 47.227 45.445 46.041 46.764 43.504 41.559 40.782 42.243 44.082 43.467 45.535 48.624 48.069 46.563 43.375 41.809 38.345 38.220 37.548 37.495 35.718 33.213 34.791 32.098 34.654 35.539 33.601 32.856 33.649 32.914 33.079 34.500 35.543 32.021 33.467 33.745 37.226 38.139 38.184 41.220 43.208 43.420 46.822 45.428 45.737 43.434 40.603 43.186 44.944 41.871 40.762 44.380 44.511 41.648 43.375 46.753 45.235 43.713 46.865 49.199 50.087 51.318 52.022 48.533 50.299 52.614 54.785 55.345 56.400 58.784 60.125 59.701 59.730 63.218 64.589 65.854 62.482 64.057 65.645 62.311 62.365 66.154 67.345 63.965 63.695 61.038
47.626 50.638 51.787 55.397 56.326 57.127 54.349 51.766 53.587 53.367 49.665 48.941 51.068 49.243 45.947 47.465 48.218 51.898 52.409 48.686 48.601 52.360 52.364 54.751 53.915 56.122 53.884 50.867 52.940 54.479 51.101 49.837 53.089 52.834 49.055 48.692 52.159 50.683 48.331 44.834 43.619 44.853 42.548 43.564 41.729 42.348 43.054 39.833 37.826 37.109 38.588 40.520 39.975 42.146 45.311 44.768 43.129 39.996 38.334 34.809 34.711 34.207 34.215 32.341 29.703 31.168 28.389 30.891 31.835 29.922 29.317 30.137 29.598 29.788 31.430 32.515 28.974 30.297 30.380 33.784 34.732 34.963 37.948 39.883 40.265 43.745 42.500 42.752 40.611 37.645 40.098 42.022 39.067 37.774 41.367 41.709 38.830 40.376 43.845 42.514 40.896 44.085 46.253 47.168 48.257 48.876 45.328 46.999 49.225 51.377 52.065 53.126 55.410 56.765 56.463 56.569 60.107 61.429 62.761 59.406 61.082 62.569 59.213 59.400 63.194 64.430 61.107 60.988 58.399
45.148 48.249 49.578 53.241 54.371 55.258 52.372 49.895 51.927 51.701 47.946 47.422 49.709 47.831 44.612 46.383 47.096 50.836 51.586 47.922 48.062 51.773 51.518 53.748 52.677 54.785 52.647 49.503 51.354 52.926 49.589 48.101 51.239 51.045 47.256 46.655 50.057 48.587 46.052 42.586 41.182 42.545 40.285 41.441 39.681 40.580 41.393 38.357 36.067 35.399 36.667 38.664 37.963 40.088 43.356 43.077 41.358 38.411 36.808 33.209 33.431 33.178 33.014 30.793 27.932 29.043 26.200 28.781 30.113 28.485 28.291 28.947 28.725 28.633 30.611 31.429 27.764 28.647 28.366 31.752 32.389 32.807 35.926 37.583 37.940 41.414 40.393 40.868 38.937 35.978 38.451 40.605 37.856 36.558 40.190 40.804 38.093 39.540 43.103 42.071 40.529 43.852 45.790 46.554 47.356 48.025 44.389 45.782 47.961 49.921 50.775 52.018 54.135 55.346 55.160 55.507 59.115 60.234 61.509 58.099 59.772 61.063 57.612 57.838 61.610 62.721 59.397 59.328 56.905
43.639 46.664 48.218 51.919 53.095 54.225 51.385 48.845 51.020 51.018 47.249 46.694 49.206 47.508 44.245 46.092 46.534 50.318 51.109 47.475 47.593 51.243 50.762 53.007 51.867 53.751 51.525 48.394 50.133 51.516 48.113 46.602 49.596 49.220 45.414 44.791 48.230 46.988 44.318 40.988 39.319 40.515 38.068 39.055 37.116 38.037 38.678 35.724 33.343 32.962 34.334 36.590 36.067 38.397 41.805 41.565 39.576 36.770 34.942 31.236 31.431 31.570 31.613 29.254 26.124 26.881 23.774 26.092 27.605 25.923 26.098 26.981 27.216 27.282 29.625 30.560 26.951 27.579 26.869 30.036 30.668 31.497 34.512 35.989 36.643 40.213 39.496 39.922 38.290 35.160 37.383 39.802 37.276 35.687 39.224 40.163 37.431 38.546 42.213 41.450 39.720 43.010 44.690 45.564 46.167 46.632 42.931 44.183 46.140 48.096 49.199 50.394 52.315 53.594 53.649 54.096 57.764 58.832 60.241 56.886 58.729 59.852 56.382 56.829 60.588 61.759 58.537 58.691 56.392
41.326 44.442 46.179 49.914 51.312 52.509 49.560 47.167 49.554 49.523 45.727 45.408 48.056 46.298 43.158 45.262 45.682 49.492 50.538 47.000 47.368 50.938 50.200 52.250 50.863 52.646 50.560 47.308 48.791 50.222 46.900 45.144 47.996 47.716 43.929 43.030 46.361 45.112 42.257 38.980 37.120 38.478 36.127 37.297 35.493 36.748 37.538 34.839 32.151 31.800 32.875 35.154 34.426 36.654 40.137 40.208 38.174 35.613 33.908 30.187 30.774 31.163 30.976 28.266 24.960 25.274 22.178 24.570 26.540 25.274 25.911 26.535 27.089 26.801 29.433 30.025 26.363 26.469 25.355 28.448 28.678 29.699 32.837 33.969 34.563 38.083 37.617 38.305 36.914 33.852 36.086 38.716 36.441 34.901 38.438 39.638 37.139 38.163 41.873 41.421 39.824 43.223 44.662 45.342 45.641 46.184 42.430 43.364 45.275 46.990 48.246 49.648 51.388 52.481 52.640 53.346 57.061 57.897 59.217 55.815 57.622 58.536 54.981 55.445 59.160 60.178 56.961 57.149 55.039
39.898 42.914 44.890 48.641 50.097 51.540 48.650 46.226 48.758 48.950 45.172 44.845 47.706 46.138 42.998 45.176 45.322 49.143 50.244 46.776 47.144 50.616 49.637 51.665 50.197 51.733 49.588 46.365 47.694 48.928 45.575 43.781 46.446 45.991 42.218 41.270 44.602 43.599 40.607 37.512 35.365 36.548 34.030 35.032 33.072 34.394 35.021 32.483 29.670 29.642 30.765 33.297 32.741 35.145 38.745 38.893 36.596 34.247 32.349 28.575 29.190 30.017 30.013 27.168 23.632 23.463 20.142 22.181 24.413 23.205 24.322 25.120 26.187 26.012 28.985 29.635 26.120 25.897 24.302 27.066 27.231 28.706 31.689 32.568 33.468 37.036 36.919 37.571 36.531 33.350 35.292 38.176 36.183 34.382 37.770 39.304 36.847 37.517 41.287 41.138 39.396 42.734 43.878 44.634 44.697 45.042 41.255 41.996 43.658 45.322 46.840 48.209 49.716 50.848 51.259 52.092 55.848 56.603 58.039 54.706 56.667 57.387 53.825 54.512 58.187 59.245 56.150 56.564 54.606
36.749 39.809 41.930 45.688 47.313 48.822 45.871 43.570 46.270 46.466 42.696 42.559 45.536 43.963 40.948 43.327 43.420 47.232 48.551 45.204 45.797 49.159 47.942 49.778 48.098 49.522 47.516 44.208 45.297 46.564 43.308 41.306 43.830 43.473 39.744 38.554 41.769 40.765 37.637 34.614 32.316 33.631 31.234 32.423 30.655 32.305 33.143 30.890 27.807 27.723 28.491 30.975 30.215 32.494 36.127 36.554 34.246 32.156 30.424 26.714 27.738 28.763 28.508 25.379 21.766 21.151 17.967 20.083 22.728 22.058 23.569 23.996 25.322 24.772 27.951 28.251 24.793 24.054 22.076 24.683 24.468 26.133 29.158 29.711 30.586 34.089 34.219 35.062 34.283 31.184 33.073 36.128 34.413 32.659 35.988 37.761 35.558 36.123 39.884 40.042 38.457 41.862 42.763 43.310 43.080 43.512 39.716 40.143 41.770 43.183 44.814 46.379 47.721 48.658 49.145 50.212 53.987 54.522 55.863 52.505 54.425 54.958 51.339 52.047 55.666 56.600 53.535 54.000 52.219
37.148 40.085 42.477 46.217 47.930 49.682 46.796 44.516 47.360 47.759 44.041 43.930 47.083 45.685 42.718 45.156 45.003 48.790 50.156 46.903 47.485 50.730 49.296 51.094 49.340 50.503 48.460 45.208 46.112 47.161 43.908 41.870 44.147 43.602 39.931 38.671 41.835 41.119 37.843 35.078 32.454 33.572 31.023 31.993 30.046 31.767 32.345 30.336 27.154 27.536 28.356 31.118 30.567 32.994 36.706 37.240 34.668 32.866 30.943 27.252 28.257 29.750 29.719 26.537 22.791 21.611 18.281 19.797 22.710 22.090 24.112 24.791 26.619 26.247 29.661 30.037 26.798 25.781 23.374 25.530 25.191 27.320 30.126 30.339 31.500 34.969 35.488 36.333 35.921 32.782 34.359 37.622 36.205 34.241 37.371 39.440 37.297 37.516 41.286 41.716 39.992 43.287 43.901 44.544 44.089 44.297 40.509 40.730 42.050 43.395 45.313 46.820 47.886 48.863 49.636 50.832 54.624 55.070 56.527 53.262 55.327 55.642 52.034 52.963 56.512 57.459 54.532 55.210 53.608
34.088 36.982 39.540 43.258 45.094 46.963 44.084 41.898 44.883 45.363 41.699 41.718 44.993 43.681 40.839 43.412 43.126 46.867 48.398 45.293 46.040 49.138 47.464 49.091 47.169 48.160 46.224 42.947 43.611 44.616 41.461 39.270 41.357 40.843 37.247 35.791 38.834 38.204 34.814 32.205 29.395 30.536 28.066 29.134 27.347 29.361 30.098 28.425 25.024 25.421 25.907 28.646 27.986 30.328 34.049 34.820 32.196 30.708 28.908 25.353 26.701 28.440 28.249 24.889 21.152 19.448 16.339 17.706 20.979 20.918 23.328 23.688 25.802 25.162 28.728 28.833 25.797 24.307 21.513 23.317 22.650 25.058 27.752 27.606 28.857 32.238 33.067 34.010 33.931 30.872 32.263 35.684 34.601 32.623 35.597 37.921 36.026 36.054 39.774 40.525 38.915 42.202 42.537 43.019 42.270 42.496 38.739 38.645 39.857 40.963 43.023 44.670 45.535 46.353 47.244 48.653 52.442 52.688 54.092 50.848 52.912 53.027 49.400 50.408 53.880 54.749 51.904 52.694 51.278
33.852 36.616 39.439 43.093 45.070 47.142 44.314 42.246 45.387 46.013 42.444 42.582 45.994 44.820 42.118 44.789 44.311 47.978 49.627 46.682 47.513 50.442 48.523 50.013 47.957 48.685 46.815 43.583 43.973 44.812 41.755 39.462 41.240 40.634 37.171 35.547 38.426 38.044 34.513 32.221 29.117 30.138 27.676 28.633 26.854 29.064 29.670 28.416 24.904 25.658 25.971 28.825 28.246 30.568 34.277 35.268 32.489 31.407 29.595 26.216 27.695 29.811 29.679 26.276 22.588 20.322 17.415 18.192 21.701 21.950 24.788 25.159 27.642 26.998 30.683 30.693 27.923 26.092 22.954 24.243 23.296 26.064 28.512 27.913 29.337 32.557 33.804 34.832 35.156 32.188 33.292 36.868 36.147 34.092 36.829 39.425 37.719 37.459 41.112 42.174 40.560 43.746 43.768 44.220 43.184 43.280 39.586 39.187 40.118 41.023 43.338 45.014 45.566 46.306 47.451 49.061 52.832 52.898 54.330 51.177 53.310 53.161 49.549 50.727 54.082 54.885 52.188 53.155 51.978
31.314 33.973 36.979 40.564 42.669 44.870 42.083 40.146 43.417 44.137 40.674 40.952 44.461 43.403 40.871 43.648 43.026 46.599 48.404 45.649 46.638 49.379 47.223 48.516 46.299 46.820 45.083 41.867 41.976 42.740 39.830 37.394 38.912 38.336 35.012 33.176 35.865 35.614 31.985 29.948 26.650 27.658 25.339 26.371 24.821 27.336 28.090 27.281 23.628 24.415 24.327 27.088 26.417 28.587 32.231 33.485 30.683 30.006 28.369 25.255 27.047 29.376 29.097 25.625 22.111 19.356 16.916 17.384 21.093 21.925 25.035 25.089 27.778 26.907 30.628 30.377 27.903 25.663 22.241 23.039 21.737 24.754 26.970 25.935 27.450 30.483 32.090 33.207 33.910 31.096 31.952 35.634 35.293 33.259 35.763 38.591 37.169 36.705 40.243 41.625 40.144 43.270 42.999 43.284 41.945 42.047 38.443 37.699 38.478 39.100 41.562 43.367 43.675 44.232 45.516 47.348 51.082 50.928 52.297 49.198 51.321 50.942 47.339 48.608 51.847 52.560 49.980 51.075 50.118
28.901 31.464 34.350 37.963 39.854 42.088 39.409 37.262 40.417 41.270 37.799 37.849 41.376 40.461 37.798 40.435 39.692 43.281 44.958 42.162 43.037 45.792 43.675 45.083 42.986 43.517 41.648 38.480 38.750 39.451 36.431 34.133 35.785 35.111 31.696 30.055 32.928 32.702 29.180 27.051 23.835 24.655 22.137 23.081 21.426 23.847 24.706 23.742 20.074 20.706 20.700 23.515 22.975 25.339 29.038 30.070 27.198 26.382 24.637 21.474 23.235 25.577 25.362 21.947 18.422 15.639 13.146 13.591 17.313 18.269 21.380 21.326 24.066 23.234 26.980 26.828 24.484 22.293 18.835 19.530 18.535 21.656 23.724 22.941 24.712 27.923 29.409 30.228 30.893 27.919 28.631 32.316 31.943 29.748 32.208 35.053 33.552 32.999 36.552 37.932 36.387 39.484 39.207 39.545 38.259 38.321 34.697 34.046 34.869 35.619 38.028 39.764 40.182 40.838 42.069 43.789 47.541 47.505 48.951 45.858 48.059 47.803 44.227 45.549 48.856 49.740 47.167 48.330 47.237
29.226 31.573 34.299 37.901 39.461 41.769 39.289 36.842 39.789 40.857 37.398 37.067 40.593 39.896 37.010 39.374 38.445 42.055 43.449 40.544 41.118 43.933 41.940 43.612 41.780 42.292 40.151 37.129 37.692 38.193 34.973 32.997 34.798 33.836 30.320 29.101 32.234 32.176 28.857 26.695 23.620 23.997 21.080 21.576 19.467 21.446 22.036 20.712 17.185 18.003 18.563 21.669 21.614 24.388 28.133 28.702 25.635 24.531 22.376 19.036 20.348 22.811 23.022 19.857 16.227 13.638 10.650 10.667 14.201 14.758 17.926 18.237 21.151 20.772 24.566 24.865 22.643 20.830 17.498 18.121 17.863 21.042 22.845 22.543 24.690 28.106 29.377 29.726 30.257 27.011 27.507 31.143 30.609 28.094 30.495 33.304 31.515 30.790 34.403 35.667 33.843 36.828 36.597 37.219 36.121 35.949 32.290 31.917 32.663 33.754 36.156 37.617 38.153 39.112 40.370 41.835 45.606 45.833 47.498 44.480 46.863 46.787 43.297 44.758 48.141 49.300 46.779 48.056 46.768
29.463 31.917 34.323 37.982 39.347 41.444 38.937 36.329 39.079 40.023 36.467 35.952 39.337 38.533 35.461 37.683 36.921 40.619 41.851 38.755 39.198 42.207 40.487 42.344 40.689 41.481 39.235 36.181 37.082 37.743 34.394 32.574 34.737 33.855 30.190 29.214 32.544 32.222 29.100 26.585 23.887 24.360 21.430 22.024 19.902 21.562 22.299 20.410 17.079 17.401 18.248 21.215 21.115 23.956 27.708 27.964 25.059 23.430 21.228 17.619 18.719 20.756 20.962 17.846 14.064 12.215 8.745 9.664 12.848 12.940 15.613 15.936 18.493 18.181 21.922 22.412 19.908 18.517 15.552 16.784 17.003 19.779 21.816 22.112 24.114 27.726 28.516 28.695 28.778 25.372 26.144 29.612 28.662 26.155 28.820 31.343 29.294 28.850 32.566 33.485 31.615 34.717 34.833 35.522 34.762 34.712 30.966 30.979 32.047 33.405 35.508 36.908 37.813 38.887 39.857 41.071 44.863 45.315 46.970 43.863 46.192 46.420 42.928 44.221 47.735 48.995 46.327 47.435 45.873
27.823 29.950 32.305 35.878 36.996 39.257 36.994 34.199 36.827 38.063 34.624 33.839 37.288 36.811 33.677 35.698 34.620 38.247 39.325 36.293 36.572 39.471 37.672 39.623 38.101 38.707 36.301 33.410 34.380 34.785 31.355 29.754 31.868 30.732 27.075 26.376 29.816 29.754 26.796 24.463 21.808 21.798 18.596 18.792 16.417 17.852 18.531 16.599 13.277 13.689 14.796 17.971 18.319 21.454 25.170 25.148 22.034 20.442 17.957 14.399 15.316 17.698 18.223 15.355 11.705 9.612 6.115 6.030 9.215 9.576 12.615 12.929 15.908 15.862 19.655 20.370 18.368 17.007 13.981 14.568 15.327 18.328 19.801 20.249 22.706 26.325 27.179 26.933 27.210 23.695 23.989 27.473 26.710 23.896 26.262 28.952 26.878 26.058 29.724 30.820 28.796 31.729 31.625 32.441 31.604 31.336 27.626 27.627 28.514 29.983 32.181 33.424 34.269 35.487 36.574 37.716 41.500 42.031 43.843 40.849 43.342 43.571 40.175 41.670 45.163 46.622 44.102 45.421 43.845
24.526 26.774 29.298 32.902 34.278 36.550 34.158 31.565 34.413 35.564 32.134 31.657 35.195 34.637 31.717 34.009 32.976 36.565 37.962 35.107 35.746 38.501 36.454 38.092 36.266 36.808 34.669 31.623 32.252 32.815 29.572 27.609 29.568 28.701 25.103 23.955 27.214 27.029 23.856 21.556 18.690 19.003 16.075 16.815 15.014 17.178 18.454 17.125 13.462 13.426 13.532 16.393 16.178 18.998 22.751 23.224 20.225 19.065 17.096 13.841 15.643 18.001 17.884 14.632 11.182 8.229 5.791 6.202 9.981 11.628 14.639 14.042 16.903 16.077 19.843 19.875 18.010 15.921 12.433 12.669 12.639 15.923 17.460 17.363 19.742 23.248 24.412 24.472 25.073 21.779 22.067 25.717 25.323 22.751 25.045 27.945 26.317 25.524 29.082 30.503 28.859 31.886 31.561 31.967 30.773 30.778 27.118 26.653 27.617 28.634 30.881 32.491 33.173 34.016 35.092 36.568 40.346 40.554 42.143 39.068 41.415 41.433 37.939 39.364 42.793 44.038 41.503 42.808 41.438
24.243 26.901 29.236 32.944 34.472 36.415 33.750 31.293 34.164 34.921 31.332 31.082 34.479 33.527 30.622 33.095 32.481 36.167 37.714 34.753 35.604 38.518 36.638 38.186 36.253 37.149 35.198 31.935 32.622 33.608 30.444 28.280 30.499 30.056 26.403 25.046 28.239 27.539 24.350 21.625 19.040 20.028 17.571 18.954 17.661 19.933 21.575 20.062 16.509 15.822 15.595 17.902 17.002 19.385 23.118 23.782 21.222 19.780 18.291 14.963 17.074 18.758 18.062 14.496 10.961 8.691 6.442 8.677 12.106 13.609 15.984 14.972 17.159 15.772 19.422 19.059 16.646 14.470 11.130 12.373 11.894 14.649 16.934 16.995 18.736 22.321 23.147 23.577 23.788 20.580 21.513 25.062 24.352 22.181 24.896 27.513 25.931 25.690 29.300 30.462 29.107 32.399 32.415 32.565 31.539 31.956 28.247 27.900 29.313 30.242 32.153 34.003 34.962 35.596 36.318 37.795 41.574 41.743 43.076 39.813 41.893 42.061 38.459 39.532 43.037 44.092 41.319 42.299 40.822
25.253 28.082 30.037 33.771 35.168 36.791 34.034 31.520 34.188 34.680 30.980 30.655 33.833 32.632 29.587 31.980 31.695 35.469 36.916 33.761 34.572 37.703 36.141 37.807 36.007 37.269 35.312 31.979 32.977 34.232 31.025 28.963 31.540 31.301 27.571 26.385 29.656 28.585 25.627 22.533 20.460 21.697 19.451 21.011 19.853 21.821 23.588 21.643 18.384 17.205 17.146 19.087 17.977 20.183 23.804 24.236 22.033 20.061 18.746 15.288 17.238 18.218 17.283 13.749 10.226 9.270 7.053 10.317 13.034 14.063 15.647 14.464 15.922 14.335 17.782 17.412 14.469 12.739 10.047 12.372 12.261 14.172 16.917 17.626 18.909 22.595 22.808 23.219 22.823 19.551 21.014 24.294 23.055 21.099 24.198 26.395 24.607 24.861 28.540 29.274 28.010 31.477 31.927 32.041 31.386 32.048 28.295 28.330 30.137 31.252 32.781 34.631 35.972 36.633 36.999 38.249 42.014 42.359 43.592 40.215 42.142 42.618 39.008 39.806 43.421 44.484 41.523 42.229 40.485
28.189 31.214 33.120 36.871 38.380 39.821 36.916 34.540 37.198 37.432 33.673 33.499 36.524 35.048 32.039 34.482 34.498 38.297 39.757 36.518 37.348 40.598 39.219 40.889 39.095 40.544 38.660 35.273 36.318 37.733 34.565 32.465 35.104 34.987 31.265 30.015 33.220 31.987 29.006 25.816 23.813 25.284 23.165 24.787 23.589 25.501 27.108 25.024 21.821 20.813 20.916 22.850 21.652 23.691 27.248 27.739 25.691 23.611 22.350 18.848 20.570 21.316 20.396 16.976 13.542 13.004 10.597 13.700 16.339 16.805 18.170 17.358 18.492 17.048 20.279 19.965 16.640 15.306 13.128 15.859 15.570 17.066 20.129 20.844 21.702 25.294 25.313 26.007 25.307 22.183 24.042 27.147 25.625 23.941 27.247 29.159 27.278 27.863 31.551 31.994 30.767 34.304 35.023 35.158 34.702 35.454 31.694 31.890 33.795 34.958 36.384 38.232 39.671 40.331 40.595 41.786 45.537 45.920 47.078 43.647 45.454 46.008 42.373 42.997 46.626 47.572 44.496 44.990 43.193
28.828 32.039 33.636 37.362 38.879 39.973 36.929 34.676 37.208 37.085 33.280 33.237 36.006 34.205 31.247 33.719 34.146 37.943 39.451 36.156 37.118 40.469 39.322 40.923 39.131 40.900 39.180 35.706 36.856 38.592 35.534 33.390 36.230 36.430 32.737 31.450 34.563 32.948 30.128 26.702 25.116 26.938 25.187 27.116 26.239 28.132 29.976 27.796 24.743 23.327 23.243 24.730 23.175 24.817 28.166 28.685 27.075 24.801 23.945 20.611 22.412 22.556 21.231 17.922 14.930 15.099 13.258 16.714 18.980 19.427 20.220 19.095 19.520 17.724 20.488 19.861 16.245 15.184 13.753 17.020 16.623 17.310 20.708 21.676 21.937 25.400 24.955 25.850 24.688 21.799 24.173 26.958 25.109 23.893 27.437 28.944 27.133 28.231 31.830 31.968 31.041 34.709 35.745 35.667 35.420 36.504 32.801 33.141 35.383 36.500 37.587 39.565 41.253 41.767 41.701 42.818 46.510 46.904 47.845 44.303 45.858 46.599 42.947 43.244 46.903 47.718 44.468 44.644 42.709
32.241 35.522 36.995 40.698 42.201 43.122 40.026 37.831 40.255 39.942 36.132 36.110 38.685 36.703 33.753 36.143 36.814 40.598 42.020 38.642 39.533 42.992 42.080 43.745 42.052 44.001 42.292 38.830 40.109 41.943 38.887 36.813 39.748 40.000 36.304 35.082 38.191 36.470 33.722 30.230 28.774 30.657 28.931 30.822 29.857 31.605 33.313 30.950 28.016 26.680 26.804 28.301 26.786 28.380 31.649 32.079 30.584 28.150 27.271 23.902 25.433 25.353 24.127 21.039 18.158 18.651 16.635 20.004 22.099 22.108 22.623 21.795 21.917 20.352 22.837 22.382 18.615 18.062 17.106 20.534 20.246 20.643 24.105 25.213 25.247 28.613 27.926 28.892 27.426 24.661 27.262 29.812 27.680 26.652 30.309 31.503 29.559 30.924 34.496 34.311 33.384 37.061 38.374 38.365 38.368 39.499 35.811 36.372 38.705 39.940 40.896 42.805 44.633 45.206 45.021 46.004 49.668 50.168 51.075 47.509 48.977 49.857 46.224 46.375 50.052 50.827 47.494 47.483 45.440
32.803 36.260 37.590 41.240 42.901 43.546 40.285 38.360 40.787 40.123 36.329 36.613 38.988 36.688 33.964 36.504 37.533 41.248 42.856 39.561 40.709 44.140 43.293 44.741 42.911 45.044 43.601 40.042 41.206 43.319 40.459 38.211 41.158 41.733 38.128 36.694 39.601 37.586 34.872 31.304 30.055 32.302 30.955 33.169 32.539 34.476 36.414 34.178 31.199 29.650 29.444 30.617 28.731 29.906 32.988 33.666 32.512 30.175 29.699 26.541 28.330 28.002 26.397 23.299 20.744 21.287 19.697 23.201 25.334 25.593 26.012 24.889 24.734 22.810 24.985 24.096 20.333 19.657 18.985 22.500 21.802 21.744 25.406 26.376 25.866 28.958 28.094 29.436 27.800 25.435 28.376 30.715 28.558 28.020 31.739 32.720 31.053 32.743 36.166 35.912 35.337 39.088 40.500 40.206 40.198 41.622 38.016 38.478 41.000 42.025 42.800 44.918 46.804 47.136 46.753 47.831 51.430 51.788 52.441 48.790 49.993 50.884 47.221 47.089 50.715 51.248 47.797 47.506 45.500
36.196 39.710 40.954 44.564 46.253 46.740 43.425 41.607 43.963 43.113 39.347 39.708 41.907 39.442 36.799 39.293 40.539 44.208 45.787 42.472 43.610 47.089 46.411 47.854 46.069 48.336 46.953 43.397 44.609 46.819 43.999 41.766 44.755 45.405 41.816 40.382 43.247 41.138 38.465 34.871 33.704 36.028 34.734 36.958 36.301 38.189 40.057 37.735 34.805 33.309 33.192 34.361 32.465 33.570 36.579 37.249 36.194 33.794 33.337 30.176 31.835 31.381 29.815 26.845 24.360 25.026 23.342 26.797 28.876 28.912 29.196 28.241 27.920 26.122 28.100 27.281 23.492 23.078 22.642 26.210 25.519 25.301 28.988 29.987 29.290 32.251 31.247 32.691 30.875 28.676 31.761 33.918 31.612 31.259 35.022 35.777 34.081 35.963 39.331 38.863 38.339 42.082 43.679 43.395 43.540 45.025 41.447 42.024 44.613 45.678 46.358 48.460 50.430 50.763 50.287 51.297 54.863 55.262 55.851 52.178 53.276 54.249 50.599 50.326 53.939 54.390 50.875 50.405 48.353
37.716 41.341 42.519 46.060 47.911 48.199 44.763 43.210 45.591 44.470 40.760 41.402 43.445 40.747 38.347 40.963 42.462 46.044 47.786 44.576 45.922 49.343 48.682 49.927 48.013 50.379 49.221 45.604 46.673 49.071 46.420 44.037 46.975 47.855 44.355 42.730 45.410 43.120 40.446 36.862 35.789 38.362 37.334 39.767 39.324 41.376 43.374 41.173 38.171 36.602 36.260 37.258 35.126 35.941 38.814 39.709 38.863 36.596 36.390 33.361 35.202 34.671 32.888 29.889 27.561 28.141 26.662 30.150 32.331 32.533 32.852 31.752 31.354 29.358 31.191 30.097 26.375 25.815 25.453 28.981 27.972 27.543 31.307 32.110 31.048 33.736 32.692 34.450 32.600 30.745 34.000 36.022 33.781 33.764 37.516 38.160 36.699 38.753 42.001 41.529 41.248 45.022 46.646 46.160 46.254 47.927 44.410 44.873 47.550 48.435 49.030 51.289 53.253 53.395 52.814 53.928 57.442 57.702 58.093 54.371 55.263 56.197 52.531 52.052 55.591 55.816 52.234 51.548 49.586
41.155 44.773 45.803 49.296 51.068 51.204 47.781 46.246 48.480 47.230 43.561 44.161 46.011 43.219 40.838 43.313 44.987 48.517 50.148 46.899 48.163 51.641 51.200 52.500 50.708 53.221 52.066 48.491 49.693 52.156 49.509 47.223 50.256 51.168 47.667 46.142 48.838 46.472 43.908 40.275 39.344 41.908 40.880 43.274 42.780 44.702 46.641 44.297 41.408 39.822 39.616 40.586 38.501 39.305 42.101 42.871 42.124 39.715 39.501 36.471 38.133 37.413 35.691 32.876 30.648 31.472 29.933 33.422 35.437 35.410 35.499 34.524 33.898 32.043 33.646 32.678 28.952 28.730 28.662 32.280 31.439 30.833 34.571 35.547 34.399 37.028 35.772 37.474 35.399 33.630 36.980 38.791 36.351 36.458 40.245 40.628 39.083 41.322 44.507 43.778 43.522 47.262 49.103 48.659 48.964 50.681 47.204 47.850 50.614 51.602 52.058 54.251 56.352 56.545 55.839 56.817 60.287 60.651 61.011 57.284 58.097 59.176 55.554 54.951 58.494 58.713 55.082 54.240 52.168
43.438 47.128 48.252 51.720 53.672 53.775 50.262 48.918 51.258 49.897 46.261 47.073 48.913 46.018 43.804 46.407 48.151 51.644 53.411 50.239 51.629 55.056 54.540 55.710 53.791 56.277 55.246 51.621 52.661 55.179 52.617 50.191 53.116 54.111 50.651 48.951 51.531 49.140 46.473 42.909 41.874 44.565 43.626 46.104 45.659 47.732 49.666 47.435 44.426 42.950 42.645 43.653 41.475 42.186 44.981 45.952 45.204 42.947 42.780 39.748 41.521 40.932 39.171 36.242 33.940 34.523 32.948 36.367 38.584 38.623 38.903 37.965 37.487 35.588 37.282 36.214 32.506 32.084 31.832 35.360 34.264 33.748 37.529 38.248 36.980 39.460 38.357 40.296 38.347 36.728 40.095 41.953 39.648 39.843 43.603 44.055 42.633 44.853 48.026 47.385 47.189 50.946 52.722 52.209 52.407 54.157 50.674 51.187 53.913 54.780 55.307 57.591 59.598 59.691 59.030 60.133 63.605 63.847 64.125 60.379 61.117 62.083 58.428 57.772 61.251 61.306 57.667 56.751 54.819
42.526 46.267 47.293 50.658 52.741 52.660 49.068 47.985 50.342 48.755 45.207 46.291 48.002 44.940 42.988 45.723 47.652 51.035 52.998 49.983 51.622 54.936 54.362 55.288 53.213 55.750 54.969 51.296 52.154 54.845 52.486 49.909 52.758 54.001 50.666 48.778 51.143 48.575 45.956 42.430 41.543 44.459 43.837 46.549 46.405 48.661 50.819 48.768 45.692 44.034 43.412 44.159 41.716 42.096 44.710 45.913 45.408 43.328 43.478 40.647 42.688 42.017 39.965 36.988 34.901 35.409 34.179 37.683 39.965 40.330 40.651 39.402 38.859 36.649 38.226 36.799 33.214 32.545 32.344 35.784 34.385 33.641 37.436 37.966 36.360 38.548 37.422 39.625 37.712 36.437 39.907 41.646 39.494 40.004 43.701 44.110 42.996 45.328 48.357 47.821 47.910 51.698 53.406 52.628 52.693 54.653 51.256 51.584 54.398 55.027 55.457 57.933 59.906 59.760 58.989 60.232 63.635 63.691 63.751 59.972 60.500 61.394 57.740 56.897 60.276 60.109 56.441 55.353 53.545
39.686 43.386 44.245 47.592 49.541 49.391 45.847 44.684 46.929 45.333 41.784 42.776 44.421 41.365 39.361 42.030 43.999 47.370 49.285 46.260 47.895 51.211 50.702 51.646 49.634 52.241 51.455 47.808 48.760 51.490 49.143 46.640 49.580 50.866 47.547 45.758 48.143 45.500 43.021 39.425 38.741 41.644 41.091 43.836 43.796 45.976 48.251 46.168 43.193 41.325 40.645 41.210 38.723 39.024 41.542 42.643 42.276 40.117 40.390 37.673 39.731 38.866 36.697 33.827 31.951 32.684 31.684 35.301 37.393 37.852 37.983 36.536 35.791 33.461 34.860 33.337 29.808 29.226 29.270 32.766 31.480 30.492 34.258 34.980 33.309 35.509 34.177 36.265 34.205 32.961 36.490 38.099 35.867 36.470 40.168 40.462 39.382 41.810 44.772 44.180 44.365 48.150 49.904 49.058 49.182 51.222 47.880 48.262 51.173 51.814 52.108 54.582 56.651 56.491 55.604 56.777 60.142 60.243 60.277 56.497 56.994 57.988 54.367 53.476 56.882 56.785 53.098 51.990 50.075
35.913 39.607 40.477 43.840 45.799 45.704 42.158 40.974 43.276 41.741 38.164 39.178 40.920 37.912 35.897 38.656 40.541 43.934 45.931 42.946 44.667 47.930 47.287 48.173 46.083 48.626 47.864 44.192 45.072 47.798 45.479 42.925 45.832 47.149 43.857 42.021 44.375 41.723 39.243 35.651 34.995 37.931 37.464 40.281 40.373 42.623 45.019 43.049 40.052 38.073 37.228 37.676 35.098 35.312 37.807 38.978 38.648 36.578 36.967 34.350 36.569 35.726 33.421 30.483 28.699 29.369 28.599 32.256 34.355 35.058 35.249 33.585 32.885 30.364 31.803 30.094 26.630 25.816 25.800 29.230 27.836 26.797 30.566 31.232 29.529 31.733 30.440 32.556 30.586 29.349 32.859 34.537 32.429 33.039 36.700 37.118 36.156 38.513 41.464 41.041 41.289 45.094 46.708 45.769 45.757 47.827 44.500 44.757 47.662 48.206 48.518 51.059 53.072 52.842 51.975 53.227 56.596 56.623 56.644 52.862 53.378 54.309 50.670 49.823 53.231 53.150 49.482 48.459 46.585
33.538 37.186 38.200 41.674 43.554 43.699 40.222 38.796 41.166 39.908 36.233 37.037 39.013 36.219 33.967 36.709 38.321 41.837 43.753 40.674 42.262 45.572 44.823 45.859 43.814 46.225 45.267 41.603 42.549 45.106 42.630 40.136 43.060 44.179 40.793 39.049 41.563 39.079 36.518 32.906 32.089 34.861 34.177 36.869 36.813 39.008 41.329 39.323 36.320 34.406 33.667 34.268 31.831 32.282 34.952 36.012 35.463 33.336 33.535 30.799 32.972 32.265 30.083 27.061 25.104 25.728 24.843 28.491 30.602 31.284 31.550 29.937 29.386 26.934 28.587 27.016 23.462 22.589 22.384 25.849 24.589 23.782 27.567 28.311 26.918 29.414 28.245 30.159 28.297 26.715 30.092 31.999 29.900 30.189 33.883 34.505 33.377 35.537 38.632 38.312 38.351 42.162 43.678 42.887 42.831 44.737 41.325 41.599 44.406 45.056 45.505 47.956 49.922 49.829 49.104 50.334 53.780 53.881 54.083 50.327 51.055 51.958 48.293 47.671 51.159 51.270 47.661 46.886 44.974
33.502 37.013 37.857 41.344 42.926 43.085 39.760 38.046 40.200 39.081 35.378 35.816 37.741 35.084 32.564 35.036 36.592 40.159 41.805 38.569 39.903 43.336 42.794 44.078 42.287 44.785 43.613 40.045 41.302 43.774 41.146 38.913 42.030 42.995 39.531 38.108 40.822 38.388 36.008 32.298 31.649 34.174 33.295 35.789 35.571 37.466 39.710 37.457 34.674 32.657 32.186 32.791 30.570 31.226 33.899 34.576 34.012 31.574 31.627 28.841 30.726 29.774 27.726 24.947 23.088 24.189 23.249 26.962 28.707 29.129 29.032 27.482 26.635 24.354 25.813 24.506 20.865 20.503 20.707 24.369 23.641 22.684 26.374 27.603 26.438 29.157 27.701 29.181 27.035 25.196 28.566 30.338 27.919 28.066 31.839 32.262 30.852 33.103 36.234 35.656 35.564 39.350 41.065 40.439 40.646 42.485 39.068 39.641 42.518 43.424 43.746 46.010 48.163 48.273 47.463 48.444 51.888 52.229 52.567 48.841 49.674 50.798 47.198 46.631 50.215 50.573 46.967 46.252 44.094
31.012 34.410 35.326 38.877 40.326 40.695 37.484 35.527 37.695 36.858 33.100 33.295 35.421 33.013 30.271 32.681 33.949 37.609 39.159 35.852 37.053 40.510 39.869 41.294 39.567 41.938 40.580 37.045 38.384 40.689 37.923 35.786 38.931 39.711 36.178 34.891 37.753 35.478 33.093 29.380 28.659 30.976 29.910 32.268 31.946 33.747 35.964 33.674 30.936 28.893 28.509 29.188 27.116 27.988 30.781 31.296 30.561 28.043 27.944 25.089 26.933 26.047 24.083 21.263 19.318 20.498 19.561 23.295 24.939 25.394 25.292 23.690 22.920 20.651 22.283 21.092 17.384 17.005 17.122 20.827 20.348 19.550 23.180 24.574 23.748 26.725 25.345 26.533 24.482 22.297 25.496 27.450 25.043 24.862 28.643 29.254 27.692 29.747 32.996 32.528 32.256 36.041 37.651 37.144 37.311 39.008 35.532 36.130 38.935 39.941 40.353 42.527 44.656 44.888 44.183 45.126 48.625 49.040 49.540 45.852 46.875 47.991 44.393 44.033 47.677 48.232 44.702 44.226 42.028
33.074 36.306 37.248 40.825 42.044 42.570 39.532 37.296 39.331 38.749 34.991 34.809 36.978 34.814 31.814 33.929 34.980 38.693 39.922 36.449 37.271 40.851 40.369 42.109 40.656 42.980 41.321 37.923 39.533 41.606 38.619 36.766 40.000 40.467 36.826 35.866 38.962 36.920 34.591 30.901 30.090 32.034 30.574 32.557 31.831 33.289 35.201 32.610 30.054 28.208 28.327 29.316 27.682 28.986 31.908 32.029 31.030 28.236 27.691 24.599 25.948 25.068 23.576 20.985 18.817 20.286 18.858 22.456 23.839 23.744 23.413 22.259 21.439 19.718 21.404 20.863 17.045 17.294 17.507 21.262 21.388 20.868 24.287 26.005 25.644 28.861 27.470 28.221 26.106 23.549 26.510 28.481 25.846 25.246 29.042 29.598 27.589 29.519 32.900 32.203 31.545 35.252 37.016 36.880 37.302 38.726 35.184 36.106 38.810 40.161 40.624 42.503 44.719 45.271 44.653 45.350 48.887 49.572 50.324 46.716 47.959 49.208 45.676 45.505 49.223 50.038 46.579 46.263 43.910
30.839 33.903 34.935 38.542 39.628 40.387 37.495 35.040 37.088 36.821 33.055 32.632 35.010 33.145 29.970 32.006 32.709 36.481 37.615 34.109 34.788 38.353 37.733 39.602 38.209 40.354 38.508 35.169 36.833 38.693 35.574 33.832 37.050 37.300 33.605 32.796 36.027 34.196 31.870 28.242 27.332 29.000 27.321 29.112 28.250 29.594 31.459 28.835 26.323 24.475 24.719 25.828 24.414 25.986 29.024 28.968 27.747 24.897 24.132 20.945 22.220 21.477 20.144 17.509 15.179 16.726 15.245 18.828 20.082 20.014 19.705 18.511 17.852 16.203 18.180 17.855 14.022 14.263 14.287 17.991 18.463 18.223 21.456 23.311 23.378 26.803 25.566 25.989 24.070 21.169 23.827 26.006 23.465 22.447 26.185 26.995 24.832 26.463 29.970 29.443 28.557 32.241 33.841 33.848 34.191 35.430 31.823 32.749 35.336 36.787 37.378 39.153 41.310 41.991 41.515 42.189 45.779 46.523 47.449 43.902 45.350 46.555 43.041 43.105 46.855 47.858 44.509 44.453 42.106
28.967 31.931 33.262 36.934 38.068 39.155 36.335 33.778 36.015 36.067 32.296 31.812 34.500 32.913 29.694 31.809 32.112 35.928 37.107 33.661 34.303 37.768 36.843 38.729 37.250 39.092 37.124 33.799 35.317 36.929 33.709 31.924 34.977 34.993 31.242 30.399 33.716 32.173 29.656 26.176 24.896 26.347 24.395 26.026 24.972 26.404 28.174 25.652 22.957 21.326 21.626 23.063 21.844 23.734 27.009 27.004 25.396 22.711 21.644 18.253 19.621 19.415 18.310 15.361 12.502 13.550 11.718 15.257 16.812 16.896 17.087 15.972 15.985 14.440 17.057 16.881 13.185 12.884 12.061 15.517 16.021 16.466 19.559 21.186 21.740 25.346 24.557 24.873 23.429 20.254 22.495 25.087 22.911 21.432 25.014 26.316 24.145 25.273 28.922 28.791 27.660 31.291 32.532 32.666 32.726 33.711 30.006 30.725 33.052 34.490 35.402 37.139 39.060 39.816 39.637 40.447 44.122 44.799 45.893 42.409 44.079 45.073 41.530 41.888 45.624 46.715 43.503 43.747 41.562
29.165 31.862 33.378 37.040 38.023 39.428 36.823 34.050 36.285 36.730 33.026 32.260 35.142 33.936 30.591 32.530 32.396 36.208 37.194 33.745 34.104 37.516 36.475 38.553 37.215 38.776 36.542 33.378 34.950 36.192 32.796 31.219 34.161 33.778 29.976 29.375 32.861 31.722 29.180 25.920 24.372 25.322 22.919 24.073 22.566 23.747 25.183 22.525 19.873 18.601 19.380 21.289 20.630 23.029 26.461 26.194 24.143 21.455 19.819 16.178 17.147 17.436 16.966 14.115 10.797 11.607 9.048 12.227 13.714 13.432 13.890 13.270 13.907 13.030 16.112 16.570 13.215 13.006 11.692 14.631 15.660 16.771 19.389 21.026 22.230 25.976 25.494 25.429 24.317 20.847 22.519 25.322 23.340 21.288 24.625 26.227 23.816 24.418 28.180 28.214 26.649 30.113 31.142 31.629 31.638 32.217 28.447 29.224 31.238 32.897 34.073 35.549 37.330 38.360 38.464 39.198 42.924 43.726 45.105 41.759 43.722 44.642 41.165 41.858 45.590 46.908 43.875 44.432 42.285
26.216 28.724 30.375 34.021 34.973 36.604 34.121 31.270 33.593 34.305 30.666 29.833 32.921 31.988 28.668 30.638 30.167 33.950 35.001 31.682 32.090 35.338 34.013 36.027 34.603 35.912 33.637 30.502 31.929 32.992 29.572 27.966 30.772 30.259 26.455 25.844 29.364 28.429 25.843 22.739 21.034 21.747 19.204 20.280 18.789 20.098 21.694 19.244 16.425 15.038 15.642 17.646 17.097 19.690 23.217 22.977 20.696 18.203 16.461 12.788 14.088 14.822 14.346 11.237 7.603 7.873 5.292 8.701 10.384 10.840 11.803 10.717 11.997 10.911 14.420 14.753 11.884 11.035 8.985 11.377 12.575 14.203 16.458 17.959 19.599 23.389 23.225 22.966 22.286 18.701 19.910 22.979 21.410 19.054 22.138 24.156 21.916 22.077 25.849 26.314 24.717 28.114 28.754 29.190 28.880 29.345 25.555 26.058 27.911 29.461 30.833 32.354 33.950 34.947 35.227 36.108 39.868 40.559 42.007 38.715 40.806 41.560 38.086 38.985 42.677 44.062 41.162 41.956 39.947
26.363 28.652 30.655 34.274 35.276 37.254 34.907 32.039 34.513 35.540 32.006 31.152 34.454 33.806 30.562 32.538 31.697 35.405 36.457 33.286 33.611 36.673 35.081 37.081 35.616 36.547 34.174 31.165 32.377 33.083 29.624 28.036 30.516 29.662 25.895 25.273 28.805 28.325 25.558 22.829 20.636 20.933 17.990 18.625 16.680 18.049 19.283 17.023 13.914 13.256 14.134 16.781 16.727 19.693 23.361 23.188 20.424 18.351 16.152 12.422 13.577 15.256 15.343 12.310 8.513 7.319 3.617 5.897 8.450 9.020 11.131 10.668 13.030 12.525 16.285 16.858 14.562 13.380 10.667 11.963 13.064 15.533 17.305 18.306 20.475 24.221 24.597 24.272 24.132 20.538 21.182 24.507 23.399 20.723 23.403 25.828 23.667 23.244 26.985 27.823 25.978 29.138 29.360 29.999 29.397 29.473 25.693 25.938 27.313 28.847 30.646 32.028 33.261 34.384 35.073 36.082 39.873 40.494 42.145 39.001 41.323 41.817 38.380 39.608 43.212 44.667 41.968 43.062 41.265
27.618 29.567 31.322 34.812 35.412 37.432 35.374 32.243 34.401 35.666 32.249 30.954 34.170 33.819 30.397 31.967 30.893 34.544 35.215 31.963 31.881 34.977 33.569 35.874 34.769 35.659 32.993 30.237 31.794 32.242 28.618 27.497 30.094 28.929 25.162 25.107 28.806 28.532 26.128 23.508 21.633 21.398 18.222 18.270 15.955 16.538 17.454 14.662 12.117 11.439 13.174 15.920 16.554 19.831 23.323 22.532 19.669 17.239 14.536 10.733 10.913 12.615 13.468 11.160 7.698 7.578 4.362 5.341 6.096 5.619 7.371 7.462 10.089 10.541 14.216 15.572 13.698 13.311 11.264 12.222 14.318 16.524 17.722 19.275 21.730 25.460 25.593 24.706 24.421 20.669 20.953 24.041 22.766 19.729 22.206 24.500 21.975 21.302 25.052 25.706 23.483 26.458 26.758 27.774 27.456 27.232 23.464 24.130 25.419 27.378 29.087 30.091 31.492 32.966 33.647 34.310 38.072 39.011 40.896 37.887 40.388 41.091 37.816 39.184 42.813 44.560 41.971 43.184 41.202
30.330 32.492 34.081 37.612 38.209 39.992 37.815 34.707 36.755 37.768 34.257 32.971 35.990 35.386 31.874 33.384 32.633 36.344 36.910 33.479 33.305 36.609 35.527 37.947 36.964 38.144 35.485 32.692 34.458 35.109 31.481 30.411 33.212 32.199 28.411 28.389 32.088 31.561 29.215 26.356 24.678 24.735 21.731 21.957 19.724 20.164 20.950 17.916 15.682 14.987 16.786 19.289 19.696 22.768 26.197 25.336 22.751 20.007 17.483 13.701 13.574 14.532 15.311 13.171 9.828 10.593 7.438 9.108 9.640 8.191 8.754 9.357 10.939 11.582 14.921 16.494 14.025 14.303 12.882 14.706 16.718 18.414 20.069 21.886 23.933 27.714 27.479 26.721 25.957 22.212 22.992 25.835 24.071 21.270 24.085 25.936 23.150 22.967 26.755 26.908 24.671 27.747 28.521 29.617 29.695 29.611 25.851 26.880 28.405 30.513 31.958 32.902 34.559 36.084 36.535 37.000 40.729 41.826 43.650 40.575 42.954 43.873 40.594 41.746 45.444 47.160 44.421 45.400 43.234
29.127 31.312 32.529 36.012 36.447 37.960 35.785 32.633 34.462 35.307 31.789 30.396 33.217 32.514 28.926 30.308 29.758 33.487 33.985 30.455 30.296 33.721 32.858 35.315 34.428 35.887 33.276 30.444 32.434 33.324 29.732 28.741 31.814 31.052 27.268 27.362 31.052 30.199 28.127 25.044 23.871 24.108 21.435 21.960 20.179 20.550 21.795 18.702 16.755 15.227 16.693 18.548 18.644 21.424 24.635 23.589 21.434 18.329 16.208 12.621 12.624 12.611 12.912 10.971 8.165 10.212 8.166 10.579 10.414 9.500 8.801 8.265 8.582 8.736 11.762 13.294 10.618 11.488 10.933 13.232 15.570 16.543 18.244 20.566 22.311 26.048 25.353 24.433 23.267 19.541 20.575 23.116 21.010 18.379 21.410 22.913 20.040 20.276 24.054 23.920 21.892 25.156 26.251 27.150 27.472 27.722 23.987 25.245 27.193 29.313 30.350 31.397 33.385 34.798 34.876 35.202 38.885 40.056 41.720 38.552 40.758 41.919 38.657 39.571 43.324 45.048 42.197 42.985 40.627
29.955 32.450 33.527 37.062 37.654 38.862 36.452 33.480 35.315 35.762 32.135 30.990 33.614 32.504 28.973 30.503 30.428 34.202 34.842 31.243 31.304 34.855 34.185 36.513 35.527 37.303 34.917 31.915 33.902 35.161 31.704 30.511 33.724 33.326 29.553 29.400 32.971 31.729 29.624 26.279 25.285 26.029 23.708 24.698 23.256 23.911 25.383 22.392 20.322 18.609 19.651 21.163 20.697 23.048 26.185 25.388 23.629 20.476 18.882 15.454 15.876 15.336 14.962 12.835 10.280 12.440 10.613 13.640 13.951 13.275 12.503 11.699 11.237 10.623 13.095 14.045 10.681 11.700 11.635 14.709 16.528 16.938 19.232 21.575 22.724 26.413 25.399 24.848 23.268 19.741 21.432 23.773 21.330 19.256 22.649 23.773 21.014 21.893 25.602 25.164 23.523 26.977 28.404 29.016 29.483 30.120 26.433 27.704 29.963 31.914 32.700 33.969 36.115 37.306 37.113 37.473 41.116 42.213 43.626 40.315 42.250 43.517 40.179 40.764 44.551 46.071 43.020 43.487 41.046
29.053 31.723 32.514 36.016 36.659 37.524 34.965 32.151 33.900 33.982 30.316 29.354 31.745 30.305 26.852 28.478 28.832 32.603 33.393 29.786 30.121 33.731 33.209 35.361 34.282 36.367 34.237 31.099 33.095 34.727 31.455 30.115 33.479 33.489 29.790 29.471 32.877 31.220 29.250 25.692 25.095 26.262 24.419 25.867 24.936 25.810 27.686 24.868 22.795 20.619 21.119 22.044 21.021 22.833 25.734 25.105 23.872 20.682 19.752 16.691 17.580 16.424 15.257 13.124 11.253 13.736 12.736 16.147 16.497 16.368 15.380 13.872 12.672 11.136 12.915 13.077 9.342 10.488 11.233 14.776 16.252 15.860 18.486 20.977 21.521 25.048 23.620 23.280 21.284 18.029 20.273 22.304 19.592 18.117 21.764 22.509 19.998 21.487 25.041 24.406 23.287 26.921 28.577 28.772 29.315 30.416 26.833 28.063 30.688 32.412 32.856 34.389 36.719 37.621 37.085 37.487 41.055 42.045 43.160 39.717 41.348 42.740 39.366 39.603 43.399 44.740 41.523 41.686 39.153
31.656 34.498 35.162 38.640 39.361 39.966 37.279 34.637 36.313 36.073 32.402 31.614 33.746 31.994 28.655 30.285 31.038 34.754 35.557 31.931 32.332 36.005 35.731 37.819 36.759 39.078 37.097 33.929 35.954 37.798 34.638 33.249 36.674 36.881 33.228 32.816 36.119 34.245 32.301 28.644 28.170 29.600 27.940 29.545 28.692 29.613 31.469 28.610 26.541 24.421 24.885 25.720 24.511 26.074 28.854 28.335 27.346 24.157 23.424 20.455 21.305 19.958 18.705 16.714 15.006 17.384 16.267 19.723 20.215 19.882 18.804 17.528 16.098 14.653 15.947 15.955 12.230 13.515 14.521 18.205 19.337 18.616 21.490 23.915 24.018 27.387 25.714 25.658 23.342 20.415 23.042 24.781 21.840 20.847 24.581 24.934 22.500 24.393 27.790 26.830 25.923 29.552 31.493 31.600 32.343 33.620 30.128 31.456 34.214 35.904 36.172 37.748 40.194 41.020 40.305 40.648 44.146 45.150 46.114 42.620 44.050 45.557 42.186 42.173 45.959 47.159 43.818 43.702 41.089
32.370 35.373 35.831 39.245 40.071 40.351 37.517 35.121 36.735 36.106 32.455 31.939 33.796 31.688 28.555 30.284 31.485 35.115 36.071 32.517 33.177 36.834 36.702 38.577 37.422 39.985 38.280 35.031 36.986 39.136 36.186 34.653 38.121 38.665 35.113 34.517 37.624 35.433 33.567 29.811 29.591 31.376 30.089 32.013 31.483 32.588 34.661 31.929 29.807 27.503 27.636 28.142 26.554 27.677 30.239 29.940 29.343 26.247 25.962 23.240 24.362 22.768 21.099 19.130 17.778 20.104 19.325 22.929 23.550 23.465 22.379 20.852 19.190 17.365 18.220 17.676 14.044 15.165 16.491 20.266 20.974 19.746 22.830 25.169 24.708 27.810 25.852 26.126 23.521 21.048 24.087 25.515 22.470 22.100 25.896 25.917 23.806 26.125 29.301 28.196 27.731 31.404 33.494 33.282 34.065 35.675 32.309 33.561 36.529 38.013 38.049 39.824 42.360 42.945 41.985 42.383 45.789 46.677 47.369 43.791 44.925 46.502 43.119 42.782 46.525 47.504 44.027 43.591 40.949
34.147 36.954 37.082 40.344 40.855 40.953 38.311 35.811 37.056 36.400 32.889 32.084 33.628 31.596 28.393 29.700 31.017 34.521 35.153 31.534 31.933 35.657 35.912 37.955 37.129 39.867 38.089 35.033 37.291 39.439 36.507 35.296 38.908 39.438 35.971 35.703 38.821 36.590 35.069 31.330 31.469 33.067 31.824 33.587 33.066 33.827 35.856 32.961 31.216 28.757 29.066 29.351 27.941 29.012 31.302 30.631 30.272 26.958 26.730 24.260 25.001 22.933 21.376 20.039 19.222 22.037 21.474 24.914 24.999 24.681 23.038 21.539 19.297 17.745 17.866 17.606 14.343 16.262 18.266 21.893 23.039 21.476 24.208 26.932 26.465 29.439 27.128 27.027 24.090 21.740 24.712 25.654 22.286 22.057 25.748 25.254 22.970 25.564 28.525 26.955 26.544 30.087 32.526 32.386 33.568 35.226 32.035 33.641 36.738 38.408 38.129 39.715 42.501 43.196 42.002 42.087 45.363 46.483 47.176 43.666 44.735 46.596 43.371 42.921 46.662 47.785 44.322 43.781 40.905
36.924 39.886 40.023 43.284 43.938 43.889 41.123 38.809 40.086 39.195 35.695 35.112 36.513 34.247 31.225 32.610 34.180 37.615 38.322 34.762 35.258 38.959 39.309 41.244 40.363 43.202 41.562 38.465 40.644 42.920 40.072 38.752 42.342 42.992 39.538 39.124 42.165 39.820 38.219 34.442 34.531 36.329 35.158 37.037 36.517 37.394 39.391 36.491 34.633 32.289 32.575 32.925 31.392 32.361 34.655 34.159 33.854 30.614 30.430 27.892 28.686 26.706 25.147 23.686 22.694 25.295 24.522 28.023 28.352 27.936 26.425 25.110 22.993 21.491 21.671 21.330 18.046 19.732 21.543 25.253 26.098 24.530 27.464 29.995 29.281 32.144 29.813 30.019 27.027 24.917 28.067 28.951 25.603 25.620 29.320 28.724 26.571 29.274 32.156 30.505 30.201 33.707 36.228 36.038 37.249 38.979 35.814 37.391 40.509 42.119 41.822 43.465 46.251 46.878 45.636 45.754 48.997 50.071 50.656 47.113 48.043 49.908 46.666 46.061 49.765 50.731 47.192 46.453 43.602
37.938 40.921 41.369 44.763 45.491 45.731 42.960 40.522 41.988 41.345 37.753 37.100 38.785 36.689 33.534 34.988 36.250 39.804 40.472 36.837 37.169 40.909 41.101 43.183 42.291 44.925 43.083 39.979 42.133 44.188 41.151 39.831 43.348 43.731 40.146 39.745 42.948 40.853 39.017 35.284 34.988 36.624 35.107 36.773 35.901 36.732 38.449 35.435 33.493 31.498 32.094 32.884 31.610 32.963 35.558 35.036 34.317 31.059 30.437 27.556 28.148 26.551 25.397 23.740 22.212 24.591 23.265 26.640 27.129 26.363 25.048 24.205 22.476 21.384 22.081 22.179 18.676 20.284 21.589 25.319 26.248 25.214 28.208 30.619 30.273 33.393 31.395 31.578 28.860 26.389 29.332 30.601 27.364 26.901 30.627 30.381 27.964 30.306 33.438 31.927 31.202 34.689 37.087 37.209 38.350 39.768 36.438 38.032 40.925 42.692 42.693 44.198 46.849 47.678 46.714 46.853 50.216 51.349 52.163 48.656 49.834 51.574 48.276 47.935 51.687 52.754 49.280 48.771 46.002
36.956 39.719 40.150 43.522 44.018 44.427 41.859 39.175 40.526 40.180 36.625 35.634 37.412 35.632 32.273 33.490 34.444 38.017 38.444 34.731 34.773 38.545 38.768 41.075 40.386 42.903 40.825 37.866 40.199 42.027 38.853 37.784 41.333 41.472 37.867 37.755 41.094 39.206 37.490 33.837 33.561 34.856 33.130 34.506 33.457 33.991 35.566 32.415 30.717 28.735 29.604 30.463 29.522 31.127 33.730 32.880 32.016 28.607 27.738 24.858 25.098 23.426 22.587 21.234 19.800 22.459 21.123 24.296 24.385 23.390 21.775 21.069 19.191 18.471 19.090 19.666 16.297 18.350 19.800 23.375 24.795 23.896 26.575 29.240 29.278 32.535 30.565 30.327 27.667 24.914 27.541 28.822 25.531 24.685 28.314 28.102 25.392 27.537 30.729 29.152 28.137 31.539 33.956 34.324 35.590 36.796 33.463 35.254 38.057 40.039 40.057 41.342 44.034 45.074 44.179 44.148 47.518 48.828 49.841 46.429 47.804 49.610 46.390 46.251 50.036 51.344 47.984 47.694 44.847
40.600 43.282 43.665 46.995 47.351 47.751 45.290 42.528 43.728 43.434 39.948 38.787 40.447 38.755 35.357 36.322 37.251 40.743 40.909 37.158 36.911 40.709 41.173 43.655 43.206 45.744 43.538 40.737 43.242 44.955 41.725 40.873 44.455 44.448 40.852 40.949 44.354 42.563 40.934 37.324 37.056 38.182 36.308 37.456 36.190 36.454 37.763 34.430 32.970 31.180 32.376 33.365 32.687 34.441 37.013 35.943 35.019 31.504 30.422 27.536 27.355 25.645 25.194 24.166 22.756 25.486 23.924 26.845 26.708 25.260 23.408 23.173 21.219 21.045 21.456 22.474 19.335 21.693 23.198 26.661 28.296 27.476 30.008 32.776 32.932 36.200 34.179 33.784 31.057 28.293 30.790 31.925 28.527 27.592 31.100 30.692 27.779 29.885 32.987 31.127 29.911 33.098 35.718 36.353 37.896 38.930 35.679 37.739 40.464 42.667 42.630 43.671 46.451 47.694 46.789 46.525 49.834 51.355 52.483 49.160 50.593 52.535 49.414 49.305 53.089 54.516 51.194 50.901 47.947
41.627 44.481 45.130 48.580 49.186 49.700 47.076 44.411 45.871 45.552 41.961 41.023 42.862 41.061 37.720 38.964 39.879 43.461 43.833 40.100 40.008 43.792 44.044 46.433 45.774 48.218 46.053 43.116 45.424 47.141 43.878 42.803 46.282 46.257 42.581 42.443 45.856 44.111 42.199 38.581 37.991 39.243 37.270 38.474 37.081 37.564 38.772 35.497 33.753 32.244 33.441 34.720 33.979 35.827 38.626 37.817 36.675 33.301 32.086 28.941 28.925 27.631 27.215 25.757 23.859 26.154 24.188 27.127 27.451 25.949 24.569 24.572 23.123 22.915 23.851 24.757 21.354 23.244 24.225 27.773 29.087 28.589 31.380 33.837 33.999 37.348 35.583 35.494 32.960 30.139 32.708 34.158 30.927 29.922 33.522 33.417 30.579 32.530 35.792 34.180 32.894 36.158 38.587 39.231 40.548 41.511 38.123 39.979 42.581 44.702 44.916 46.051 48.655 49.867 49.150 49.082 52.489 53.878 55.025 51.651 53.129 54.887 51.649 51.605 55.396 56.707 53.353 53.089 50.283
38.643 41.516 42.379 45.906 46.639 47.348 44.680 42.002 43.673 43.494 39.833 38.969 41.066 39.343 35.978 37.436 38.149 41.830 42.376 38.669 38.706 42.449 42.393 44.715 43.869 46.137 43.958 40.928 43.067 44.707 41.400 40.178 43.552 43.463 39.738 39.465 42.899 41.263 39.175 35.602 34.786 36.023 33.963 35.180 33.750 34.398 35.635 32.468 30.509 29.081 30.208 31.641 30.889 32.846 35.810 35.149 33.806 30.557 29.246 25.952 26.130 25.151 24.713 22.925 20.714 22.748 20.636 23.614 24.192 22.848 21.815 21.760 20.692 20.352 21.768 22.588 19.028 20.547 21.118 24.640 25.848 25.645 28.494 30.771 31.100 34.556 33.057 33.037 30.772 27.784 30.248 32.023 29.012 27.788 31.414 31.690 28.908 30.610 34.043 32.785 31.417 34.791 36.931 37.544 38.569 39.460 35.944 37.569 40.058 42.081 42.523 43.754 46.178 47.347 46.819 46.950 50.456 51.704 52.900 49.504 51.092 52.652 49.329 49.440 53.237 54.527 51.217 51.122 48.466
37.941 40.671 41.752 45.317 46.011 47.013 44.458 41.629 43.395 43.533 39.871 38.856 41.197 39.753 36.282 37.720 38.059 41.784 42.262 38.554 38.432 42.129 41.884 44.323 43.504 45.514 43.143 40.188 42.300 43.661 40.217 39.080 42.338 41.956 38.184 38.019 41.567 40.236 38.051 34.628 33.543 34.477 32.109 33.020 31.281 31.792 32.759 29.536 27.597 26.490 27.920 29.700 29.297 31.601 34.733 33.967 32.264 29.064 27.357 23.884 23.813 23.242 23.241 21.425 18.881 20.692 18.188 20.836 21.392 19.742 18.904 19.293 18.695 18.809 20.657 21.874 18.427 19.841 19.974 23.232 24.662 24.955 27.594 29.796 30.572 34.186 32.992 32.783 30.834 27.570 29.660 31.714 28.905 27.221 30.710 31.329 28.389 29.646 33.219 32.189 30.466 33.746 35.651 36.525 37.428 37.997 34.401 36.001 38.224 40.372 41.077 42.145 44.405 45.760 45.502 45.641 49.215 50.508 51.930 48.625 50.461 51.895 48.583 48.985 52.786 54.225 51.049 51.235 48.662
35.467 38.214 39.566 43.198 44.063 45.279 42.677 39.883 41.895 42.171 38.468 37.583 40.183 38.821 35.394 37.069 37.201 40.985 41.672 38.049 38.094 41.692 41.105 43.423 42.382 44.174 41.828 38.786 40.656 41.924 38.468 37.142 40.231 39.783 35.981 35.620 39.158 37.971 35.562 32.235 30.838 31.758 29.288 30.211 28.417 29.173 30.153 27.114 24.862 23.933 25.255 27.262 26.846 29.267 32.584 32.044 30.096 27.127 25.315 21.682 21.894 21.820 21.800 19.560 16.583 17.861 15.073 17.711 18.726 17.322 17.120 17.468 17.521 17.462 19.901 20.940 17.460 18.254 17.728 20.835 22.047 22.787 25.460 27.344 28.321 32.009 31.181 31.097 29.521 26.147 28.071 30.488 28.015 26.131 29.572 30.632 27.847 28.784 32.483 31.886 30.125 33.466 35.003 35.814 36.353 36.834 33.133 34.410 36.461 38.455 39.443 40.628 42.641 43.924 43.898 44.286 47.946 49.052 50.508 47.198 49.131 50.318 46.924 47.489 51.265 52.650 49.537 49.896 47.523
35.882 38.439 40.017 43.646 44.465 45.974 43.515 40.604 42.686 43.276 39.622 38.598 41.396 40.321 36.843 38.462 38.232 42.003 42.600 39.022 38.892 42.398 41.643 44.061 43.070 44.576 42.052 39.133 40.953 41.901 38.338 37.126 40.040 39.263 35.456 35.219 38.837 38.013 35.522 32.424 30.733 31.283 28.478 28.997 26.815 27.392 27.974 24.907 22.692 22.278 23.985 26.418 26.445 29.221 32.664 32.023 29.692 26.860 24.607 20.852 20.732 21.221 21.745 19.568 16.312 17.149 13.880 15.856 16.886 15.051 15.269 16.292 17.033 17.556 20.352 21.780 18.619 19.254 18.244 20.865 22.266 23.561 25.914 27.642 29.082 32.849 32.360 32.093 30.867 27.313 28.797 31.438 29.222 26.928 30.126 31.505 28.620 29.065 32.824 32.458 30.355 33.512 34.779 35.876 36.286 36.394 32.666 33.897 35.597 37.716 38.998 39.975 41.776 43.266 43.547 43.933 47.630 48.784 50.475 47.295 49.473 50.522 47.172 48.036 51.782 53.310 50.358 50.992 48.720
35.490 38.002 39.900 43.556 44.539 46.296 43.836 40.982 43.287 44.042 40.403 39.496 42.515 41.555 38.161 39.947 39.497 43.266 44.007 40.545 40.503 43.875 42.825 45.142 43.987 45.226 42.708 39.781 41.345 42.116 38.558 37.214 39.872 38.943 35.159 34.758 38.334 37.765 35.045 32.161 30.074 30.506 27.532 27.901 25.524 26.285 26.647 23.830 21.343 21.444 23.160 25.953 26.115 29.046 32.641 32.214 29.580 27.091 24.653 20.833 20.853 21.993 22.665 20.230 16.658 16.657 13.018 14.457 16.056 14.342 15.467 16.735 18.259 18.807 22.007 23.333 20.351 20.415 18.729 20.925 22.050 23.904 26.157 27.447 29.143 32.911 32.860 32.713 31.908 28.326 29.548 32.494 30.650 28.181 31.207 32.978 30.248 30.322 34.117 34.133 31.949 35.034 35.931 37.057 37.138 37.051 33.290 34.210 35.601 37.592 39.216 40.212 41.695 43.177 43.768 44.365 48.111 49.110 50.887 47.764 50.070 50.854 47.469 48.541 52.225 53.715 50.873 51.702 49.648
37.094 39.443 41.567 45.190 46.188 48.185 45.830 42.954 45.340 46.317 42.742 41.795 44.952 44.187 40.813 42.583 41.881 45.607 46.308 42.925 42.779 46.039 44.839 47.186 46.043 47.022 44.408 41.598 43.049 43.547 39.960 38.680 41.108 39.910 36.188 35.833 39.395 39.161 36.352 33.735 31.365 31.503 28.303 28.298 25.594 26.236 26.126 23.450 21.011 21.780 23.760 26.906 27.426 30.565 34.214 33.788 30.861 28.620 25.890 22.115 21.898 23.555 24.619 22.277 18.649 18.123 14.323 14.851 16.545 14.584 16.258 18.080 20.147 21.068 24.405 25.918 23.216 23.114 21.098 22.812 23.918 26.187 28.178 29.208 31.208 34.951 35.219 35.014 34.514 30.888 31.782 34.877 33.278 30.583 33.373 35.378 32.647 32.347 36.121 36.339 33.939 36.825 37.464 38.797 38.734 38.328 34.607 35.416 36.435 38.464 40.374 41.195 42.418 44.047 44.941 45.575 49.320 50.316 52.273 49.284 51.772 52.391 49.054 50.369 53.990 55.551 52.859 53.901 51.976
34.547 36.777 39.101 42.695 43.780 45.965 43.662 40.837 43.366 44.501 40.991 40.124 43.443 42.826 39.556 41.442 40.532 44.213 45.057 41.828 41.812 44.906 43.424 45.626 44.330 45.072 42.511 39.707 40.916 41.281 37.751 36.359 38.560 37.284 33.624 33.132 36.618 36.580 33.656 31.258 28.648 28.651 25.384 25.296 22.560 23.433 23.332 20.994 18.260 19.290 21.096 24.404 24.991 28.182 31.875 31.630 28.526 26.630 23.874 20.185 20.246 22.369 23.398 20.880 17.185 15.972 12.193 12.176 14.350 12.930 15.366 16.968 19.577 20.306 23.890 25.187 22.755 22.152 19.661 20.880 21.790 24.457 26.227 26.911 29.140 32.818 33.435 33.252 33.140 29.545 30.148 33.447 32.228 29.425 32.002 34.341 31.841 31.233 34.974 35.582 33.233 36.077 36.350 37.578 37.173 36.690 32.982 33.448 34.254 36.084 38.232 39.140 40.098 41.631 42.735 43.585 47.346 48.155 50.125 47.187 49.741 50.132 46.786 48.257 51.800 53.325 50.752 51.968 50.239
37.379 39.499 41.991 45.540 46.659 48.999 46.762 43.960 46.542 47.800 44.342 43.476 46.860 46.341 43.102 44.975 43.935 47.574 48.381 45.203 45.101 48.121 46.571 48.793 47.517 48.083 45.469 42.766 43.886 44.054 40.533 39.196 41.197 39.727 36.161 35.693 39.115 39.330 36.346 34.172 31.369 31.182 27.813 27.430 24.477 25.221 24.646 22.510 19.945 21.559 23.533 27.038 27.868 31.137 34.824 34.598 31.329 29.637 26.722 23.151 22.996 25.387 26.678 24.286 20.649 19.201 15.507 14.881 16.965 15.355 17.961 19.964 22.764 23.759 27.326 28.758 26.451 25.830 23.239 24.206 25.036 27.895 29.525 30.001 32.359 35.972 36.798 36.628 36.684 33.101 33.540 36.894 35.800 32.903 35.331 37.767 35.253 34.444 38.140 38.826 36.329 39.004 39.135 40.534 40.067 39.341 35.705 36.112 36.614 38.466 40.817 41.565 42.306 43.956 45.296 46.157 49.890 50.704 52.806 49.986 52.660 52.924 49.631 51.265 54.743 56.299 53.837 55.183 53.554
38.819 41.208 43.694 47.325 48.625 50.798 48.354 45.685 48.347 49.348 45.784 45.121 48.438 47.640 44.439 46.465 45.704 49.415 50.350 47.101 47.149 50.283 48.813 50.962 49.576 50.339 47.855 44.988 46.085 46.505 43.028 41.502 43.606 42.378 38.756 38.071 41.447 41.399 38.302 35.930 33.145 33.344 30.169 30.160 27.440 28.436 28.118 25.966 23.255 24.559 26.273 29.616 30.067 33.136 36.870 36.839 33.745 31.962 29.277 25.598 25.701 27.799 28.768 26.148 22.399 21.089 17.348 17.421 19.758 18.270 20.612 22.371 24.841 25.537 29.069 30.291 27.619 26.985 24.473 25.886 26.405 29.063 31.096 31.528 33.541 37.156 37.873 38.005 37.872 34.371 35.190 38.522 37.255 34.606 37.295 39.588 37.095 36.620 40.376 40.908 38.573 41.431 41.774 43.023 42.628 42.142 38.440 38.863 39.601 41.363 43.594 44.520 45.376 46.881 48.067 48.987 52.748 53.500 55.448 52.496 55.014 55.315 51.923 53.358 56.878 58.272 55.658 56.801 55.152
35.554 38.098 40.592 44.264 45.718 47.798 45.220 42.680 45.447 46.299 42.698 42.236 45.561 44.620 41.523 43.733 43.101 46.831 47.980 44.782 45.088 48.205 46.637 48.602 47.023 47.861 45.559 42.538 43.494 44.119 40.736 38.976 41.100 40.123 36.482 35.538 38.835 38.578 35.389 32.913 30.126 30.624 27.655 28.041 25.652 27.055 27.218 25.218 22.164 23.056 24.307 27.453 27.512 30.370 34.124 34.353 31.404 29.705 27.323 23.647 24.262 26.261 26.786 23.854 20.049 18.545 14.931 15.512 18.303 17.447 19.905 21.047 23.455 23.617 27.231 28.039 25.257 24.275 21.598 23.120 23.290 25.916 28.145 28.415 30.236 33.812 34.564 34.914 34.821 31.432 32.407 35.799 34.618 32.161 34.946 37.291 35.019 34.693 38.455 39.108 37.043 40.082 40.394 41.337 40.785 40.575 36.830 37.048 37.985 39.508 41.673 42.885 43.762 45.008 46.073 47.178 50.964 51.529 53.280 50.212 52.578 52.822 49.340 50.635 54.151 55.385 52.691 53.733 52.152
36.741 39.446 41.699 45.412 46.797 48.639 45.973 43.402 46.036 46.676 42.994 42.497 45.649 44.510 41.331 43.475 43.104 46.889 47.957 44.618 44.882 48.164 46.855 48.910 47.431 48.550 46.248 43.167 44.345 45.182 41.761 40.051 42.443 41.628 37.901 37.042 40.417 39.876 36.804 34.046 31.550 32.260 29.408 29.990 27.716 28.991 29.325 26.991 24.088 24.567 25.876 28.802 28.684 31.441 35.155 35.251 32.532 30.481 28.214 24.434 24.952 26.465 26.861 23.994 20.235 19.380 15.751 17.005 19.469 18.318 20.164 21.256 23.137 23.266 26.669 27.529 24.443 23.848 21.616 23.683 24.007 26.184 28.691 29.324 30.854 34.497 34.856 35.223 34.720 31.327 32.654 35.848 34.297 32.014 35.051 37.071 34.644 34.685 38.483 38.788 36.781 39.934 40.600 41.530 41.273 41.246 37.464 37.967 39.206 40.864 42.751 43.975 45.151 46.412 47.204 48.141 51.925 52.626 54.295 51.129 53.373 53.853 50.350 51.430 55.035 56.263 53.414 54.235 52.456
35.290 38.094 40.079 43.804 45.095 46.713 43.999 41.398 43.895 44.363 40.638 40.103 43.103 41.827 38.598 40.687 40.522 44.331 45.368 41.948 42.242 45.625 44.496 46.572 45.150 46.509 44.250 41.110 42.455 43.504 40.089 38.403 41.033 40.416 36.637 35.836 39.254 38.429 35.510 32.506 30.337 31.239 28.557 29.393 27.358 28.605 29.289 26.748 23.917 23.826 25.009 27.614 27.259 29.860 33.493 33.490 31.040 28.714 26.667 22.876 23.483 24.512 24.634 21.787 18.151 17.872 14.431 16.401 18.602 17.530 18.835 19.536 20.907 20.789 23.999 24.758 21.467 21.110 19.270 21.768 22.233 23.974 26.665 27.637 28.920 32.601 32.600 32.931 32.105 28.732 30.327 33.337 31.528 29.424 32.645 34.411 31.946 32.307 36.101 36.182 34.331 37.615 38.532 39.329 39.257 39.475 35.682 36.355 37.915 39.608 41.207 42.519 43.963 45.152 45.656 46.490 50.257 51.023 52.565 49.304 51.405 52.085 48.571 49.443 53.112 54.331 51.359 51.997 50.054
37.896 40.749 42.506 46.217 47.383 48.808 46.086 43.441 45.755 46.076 42.332 41.699 44.501 43.102 39.798 41.729 41.771 45.582 46.458 42.919 43.078 46.593 45.757 47.961 46.712 48.292 45.991 42.882 44.461 45.619 42.173 40.628 43.454 42.898 39.094 38.456 41.928 40.943 38.184 35.026 33.126 34.084 31.463 32.309 30.283 31.293 31.950 29.148 26.585 26.317 27.666 30.112 29.751 32.289 35.820 35.616 33.354 30.743 28.738 24.961 25.294 25.887 26.039 23.463 20.051 20.390 17.084 19.238 20.976 19.520 20.199 21.025 21.851 21.899 24.746 25.687 22.243 22.431 21.158 23.985 24.683 25.998 28.784 30.093 31.171 34.851 34.492 34.753 33.549 30.206 32.034 34.779 32.619 30.658 34.020 35.424 32.771 33.432 37.196 36.893 35.034 38.320 39.580 40.458 40.715 41.009 37.246 38.233 39.974 41.842 43.204 44.420 46.108 47.383 47.682 48.299 52.027 52.971 54.494 51.205 53.231 54.138 50.661 51.380 55.105 56.365 53.300 53.766 51.630
38.104 41.092 42.594 46.286 47.435 48.577 45.761 43.195 45.386 45.433 41.666 41.105 43.686 42.051 38.782 40.694 41.060 44.860 45.751 42.163 42.413 46.015 45.390 47.548 46.319 48.170 45.996 42.819 44.502 45.924 42.558 40.984 43.991 43.699 39.900 39.235 42.656 41.357 38.730 35.370 33.790 35.019 32.670 33.805 32.071 33.124 34.080 31.207 28.708 27.992 29.120 31.197 30.527 32.780 36.165 35.967 34.049 31.265 29.594 25.929 26.404 26.480 26.268 23.758 20.644 21.468 18.563 21.208 22.754 21.478 21.673 22.074 22.290 22.000 24.468 25.178 21.538 21.975 21.216 24.427 25.070 25.848 28.852 30.375 31.052 34.648 33.930 34.293 32.732 29.561 31.751 34.233 31.807 30.199 33.742 34.805 32.197 33.283 36.970 36.398 34.797 38.199 39.742 40.428 40.870 41.459 37.738 38.847 40.896 42.723 43.789 45.128 47.045 48.190 48.194 48.744 52.424 53.384 54.721 51.335 53.150 54.230 50.743 51.191 54.945 56.113 52.908 53.116 50.851
41.021 43.947 45.251 48.894 49.854 50.876 48.142 45.487 47.460 47.467 43.738 42.994 45.388 43.754 40.405 42.069 42.530 46.285 46.938 43.263 43.289 46.974 46.641 48.965 47.974 49.964 47.695 44.630 46.554 47.974 44.564 43.212 46.358 46.022 42.226 41.799 45.285 43.949 41.510 38.095 36.730 37.859 35.480 36.482 34.664 35.414 36.241 33.142 30.952 30.193 31.568 33.573 33.052 35.331 38.603 38.135 36.324 33.313 31.585 27.984 28.085 27.848 27.818 25.693 22.837 24.106 21.273 23.826 24.923 23.258 22.946 23.579 23.384 23.422 25.496 26.508 22.932 23.924 23.643 26.927 27.891 28.406 31.311 33.141 33.781 37.367 36.374 36.544 34.706 31.546 33.783 35.998 33.299 31.736 35.284 36.021 33.208 34.460 38.069 37.137 35.455 38.753 40.585 41.431 42.202 42.760 39.113 40.541 42.665 44.704 45.582 46.739 48.851 50.146 50.011 50.307 53.925 55.099 56.483 53.134 54.936 56.231 52.829 53.207 56.992 58.267 55.038 55.157 52.709
42.201 45.206 46.262 49.853 50.771 51.523 48.739 46.169 47.989 47.744 44.038 43.346 45.488 43.652 40.368 41.958 42.727 46.424 47.052 43.359 43.436 47.175 47.078 49.361 48.427 50.659 48.511 45.428 47.453 49.088 45.773 44.432 47.717 47.600 43.841 43.417 46.836 45.245 42.956 39.408 38.337 39.664 37.520 38.725 37.138 37.895 38.928 35.790 33.684 32.610 33.818 35.512 34.767 36.787 39.885 39.401 37.908 34.779 33.342 29.898 30.076 29.408 29.101 27.124 24.606 26.224 23.737 26.558 27.492 25.964 25.292 25.614 24.913 24.713 26.350 27.170 23.553 24.795 24.994 28.493 29.416 29.465 32.478 34.477 34.770 38.227 36.907 37.146 34.986 32.045 34.561 36.475 33.548 32.340 35.983 36.358 33.607 35.239 38.713 37.502 36.069 39.407 41.506 42.192 43.159 43.963 40.401 41.951 44.318 46.326 46.929 48.160 50.471 51.662 51.263 51.470 55.013 56.219 57.437 54.029 55.630 57.095 53.716 53.844 57.632 58.828 55.491 55.364 52.794
45.473 48.417 49.321 52.856 53.621 54.272 51.568 48.941 50.573 50.294 46.646 45.810 47.777 45.953 42.635 43.997 44.843 48.468 48.882 45.146 45.023 48.802 48.967 51.377 50.656 52.992 50.776 47.811 50.021 51.643 48.310 47.158 50.532 50.375 46.638 46.403 49.859 48.253 46.115 42.549 41.631 42.870 40.702 41.789 40.131 40.653 41.563 38.275 36.417 35.348 36.742 38.388 37.774 39.810 42.806 42.114 40.705 37.434 35.954 32.590 32.476 31.593 31.449 29.796 27.489 29.362 26.914 29.618 30.249 28.450 27.443 27.956 26.979 27.052 28.347 29.398 25.925 27.548 28.061 31.551 32.690 32.577 35.481 37.680 37.954 41.380 39.869 39.957 37.604 34.710 37.225 38.907 35.795 34.639 38.235 38.332 35.445 37.192 40.554 39.041 37.556 40.753 43.085 43.908 45.151 45.916 42.451 44.252 46.655 48.827 49.277 50.344 52.801 54.115 53.607 53.596 57.064 58.451 59.705 56.346 57.927 59.569 56.278 56.346 60.142 61.423 58.079 57.874 55.161
47.811 50.813 51.539 55.019 55.764 56.195 53.454 50.926 52.434 51.940 48.337 47.565 49.304 47.315 44.093 45.382 46.488 50.031 50.416 46.698 46.610 50.402 50.773 53.134 52.467 54.986 52.881 49.921 52.191 53.973 50.732 49.588 53.043 53.050 49.357 49.112 52.499 50.711 48.678 45.037 44.316 45.702 43.705 44.929 43.420 43.956 44.980 41.678 39.871 38.635 39.919 41.367 40.600 42.439 45.297 44.614 43.437 40.115 38.842 35.602 35.539 34.394 34.072 32.533 30.454 32.487 30.238 33.074 33.642 31.925 30.741 31.086 29.820 29.746 30.720 31.618 28.185 29.933 30.734 34.325 35.391 34.974 37.940 40.212 40.221 43.514 41.781 41.949 39.376 36.699 39.404 40.838 37.588 36.731 40.355 40.163 37.360 39.379 42.597 40.866 39.587 42.765 45.296 46.003 47.398 48.338 44.963 46.846 49.406 51.547 51.797 52.907 55.498 56.736 56.033 55.950 59.342 60.752 61.871 58.482 59.893 61.663 58.403 58.267 62.046 63.246 59.827 59.409 56.614
47.231 50.401 51.254 54.783 55.777 56.183 53.267 50.924 52.630 51.989 48.327 47.845 49.652 47.475 44.391 45.963 47.184 50.772 51.431 47.771 47.965 51.729 51.912 54.075 53.154 55.670 53.733 50.610 52.658 54.575 51.411 50.001 53.378 53.540 49.837 49.303 52.591 50.705 48.492 44.827 43.978 45.610 43.738 45.190 43.811 44.660 45.823 42.691 40.591 39.364 40.393 41.849 40.826 42.525 45.453 45.086 43.921 40.766 39.638 36.335 36.630 35.651 35.071 33.176 30.921 32.652 30.387 33.374 34.345 32.908 32.082 32.238 31.193 30.769 31.990 32.528 28.919 30.244 30.784 34.449 35.115 34.744 37.940 39.931 39.744 42.969 41.367 41.875 39.405 36.846 39.714 41.300 38.190 37.484 41.204 41.176 38.587 40.643 43.924 42.411 41.298 44.633 47.018 47.518 48.675 49.749 46.296 47.919 50.505 52.432 52.783 54.120 56.594 57.642 56.982 57.138 60.586 61.783 62.774 59.294 60.613 62.225 58.856 58.648 62.405 63.405 59.924 59.430 56.782
48.224 51.494 52.209 55.683 56.756 56.936 53.926 51.770 53.436 52.531 48.909 48.620 50.238 47.839 44.929 46.559 48.061 51.574 52.346 48.755 49.133 52.871 53.136 55.139 54.142 56.815 55.077 51.894 53.883 56.010 52.989 51.469 54.875 55.276 51.631 50.963 54.121 52.016 49.854 46.127 45.442 47.310 45.685 47.371 46.228 47.226 48.596 45.543 43.372 41.948 42.731 43.961 42.677 44.103 46.898 46.680 45.763 42.652 41.810 38.631 39.147 37.987 37.107 35.177 33.103 34.871 32.851 36.025 37.071 35.875 35.019 34.885 33.661 32.926 33.954 34.169 30.565 31.803 32.512 36.262 36.701 36.043 39.353 41.291 40.767 43.804 42.049 42.765 40.155 37.878 40.966 42.374 39.232 38.878 42.637 42.429 40.048 42.356 45.515 43.934 43.111 46.503 48.972 49.239 50.402 51.715 48.323 49.882 52.630 54.407 54.604 56.100 58.640 59.507 58.674 58.884 62.277 63.378 64.167 60.623 61.729 63.379 60.002 59.565 63.280 64.107 60.541 59.816 57.173
48.878 52.283 53.081 56.565 57.856 57.975 54.818 52.869 54.681 53.611 49.976 49.964 51.590 49.013 46.276 48.129 49.762 53.271 54.270 50.759 51.375 55.066 55.201 57.015 55.812 58.493 56.930 53.628 55.417 57.672 54.751 53.012 56.335 56.892 53.269 52.352 55.388 53.184 50.893 47.170 46.404 48.495 47.018 48.901 47.892 49.144 50.624 47.724 45.341 43.928 44.488 45.694 44.189 45.453 48.263 48.323 47.453 44.507 43.814 40.628 41.423 40.382 39.297 37.121 34.958 36.464 34.479 37.735 39.085 38.117 37.527 37.253 36.189 35.194 36.367 36.285 32.608 33.494 34.004 37.764 37.837 37.190 40.662 42.333 41.595 44.506 42.858 43.892 41.374 39.270 42.486 43.972 40.969 40.789 44.589 44.480 42.308 44.656 47.822 46.400 45.737 49.224 51.589 51.678 52.660 54.095 50.670 52.018 54.787 56.373 56.630 58.312 60.758 61.452 60.634 61.035 64.451 65.368 66.024 62.413 63.406 64.928 61.476 60.945 64.615 65.241 61.625 60.796 58.292
45.631 49.051 49.738 53.176 54.481 54.493 51.311 49.443 51.233 50.058 46.446 46.527 48.088 45.431 42.777 44.694 46.431 49.908 51.014 47.565 48.341 51.990 52.088 53.775 52.492 55.227 53.792 50.449 52.178 54.549 51.732 49.922 53.252 53.967 50.403 49.411 52.354 50.019 47.798 44.049 43.438 45.654 44.374 46.426 45.648 47.007 48.714 45.914 43.489 41.839 42.159 43.134 41.435 42.493 45.188 45.338 44.653 41.759 41.308 38.262 39.274 38.095 36.739 34.529 32.553 34.125 32.438 35.863 37.209 36.536 35.911 35.289 34.094 32.786 33.851 33.482 29.829 30.605 31.249 35.036 34.992 34.119 37.618 39.288 38.361 41.162 39.415 40.523 37.952 36.001 39.320 40.717 37.745 37.764 41.569 41.413 39.421 41.888 44.981 43.620 43.172 46.729 49.059 48.939 49.843 51.451 48.070 49.314 52.194 53.636 53.791 55.610 58.075 58.613 57.690 58.164 61.546 62.361 62.885 59.240 60.116 61.631 58.176 57.537 61.178 61.724 58.081 57.174 54.689
43.811 47.198 48.098 51.628 52.951 53.214 50.061 48.052 49.980 49.047 45.357 45.340 47.157 44.676 41.872 43.849 45.312 48.900 49.999 46.493 47.187 50.855 50.774 52.557 51.245 53.802 52.214 48.863 50.564 52.760 49.814 48.006 51.274 51.795 48.158 47.186 50.234 48.095 45.736 42.036 41.185 43.254 41.760 43.669 42.705 44.050 45.617 42.814 40.332 38.874 39.327 40.538 39.001 40.297 43.175 43.301 42.348 39.477 38.788 35.583 36.534 35.613 34.449 32.110 29.863 31.263 29.328 32.647 34.095 33.328 32.889 32.451 31.534 30.379 31.762 31.574 27.828 28.500 28.838 32.581 32.603 32.066 35.554 37.162 36.529 39.527 38.011 39.031 36.664 34.433 37.582 39.254 36.378 36.065 39.875 40.000 37.868 40.074 43.334 42.147 41.456 45.026 47.197 47.236 48.025 49.435 45.950 47.148 49.867 51.375 51.744 53.492 55.834 56.487 55.770 56.291 59.762 60.589 61.282 57.665 58.745 60.149 56.652 56.244 59.928 60.587 57.013 56.343 53.915
45.112 48.606 49.693 53.257 54.803 55.116 51.844 49.991 52.109 51.121 47.407 47.615 49.526 46.960 44.279 46.462 47.932 51.538 52.820 49.375 50.220 53.844 53.597 55.254 53.760 56.239 54.746 51.306 52.805 55.026 52.125 50.128 53.269 53.834 50.199 49.007 51.974 49.850 47.303 43.660 42.600 44.800 43.338 45.332 44.376 45.931 47.474 44.812 42.131 40.845 41.191 42.521 40.888 42.147 45.113 45.488 44.446 41.759 41.069 37.795 38.919 38.252 37.051 34.470 32.020 33.049 30.994 34.252 36.031 35.366 35.267 34.882 34.261 33.026 34.658 34.336 30.540 30.857 30.845 34.517 34.212 33.878 37.480 38.768 38.071 41.004 39.722 41.016 38.846 36.683 39.846 41.693 39.001 38.703 42.516 42.834 40.825 42.937 46.251 45.254 44.579 48.196 50.221 50.205 50.805 52.209 48.667 49.670 52.306 53.682 54.209 56.065 58.258 58.821 58.223 58.923 62.439 63.118 63.770 60.121 61.184 62.419 58.850 58.454 62.101 62.612 59.032 58.357 56.093
42.099 45.652 46.881 50.469 52.183 52.573 49.226 47.479 49.775 48.798 45.062 45.449 47.502 44.922 42.329 44.730 46.133 49.765 51.254 47.893 48.933 52.478 51.990 53.494 51.796 54.163 52.771 49.244 50.530 52.768 49.932 47.751 50.767 51.398 47.793 46.395 49.269 47.151 44.472 40.883 39.691 42.010 40.645 42.775 41.950 43.737 45.401 42.943 40.071 38.783 38.891 40.205 38.418 39.583 42.591 43.206 42.133 39.650 39.063 35.810 37.222 36.745 35.379 32.547 30.003 30.721 28.759 32.056 34.107 33.761 33.962 33.379 32.996 31.506 33.367 32.786 28.975 28.865 28.546 32.135 31.520 31.312 34.991 36.007 35.259 38.146 37.079 38.573 36.627 34.509 37.653 39.684 37.226 36.935 40.728 41.289 39.467 41.462 44.814 44.102 43.507 47.199 48.997 48.840 49.176 50.621 47.044 47.787 50.371 51.553 52.207 54.217 56.252 56.672 56.170 57.079 60.631 61.123 61.718 58.044 59.100 60.152 56.519 56.165 59.773 60.177 56.618 56.007 53.910
40.381 43.950 45.443 49.084 50.958 51.554 48.173 46.462 48.975 48.138 44.371 44.861 47.144 44.659 42.093 44.674 45.873 49.553 51.184 47.882 49.008 52.481 51.726 53.156 51.296 53.459 52.070 48.494 49.577 51.710 48.869 46.547 49.392 49.950 46.345 44.784 47.621 45.650 42.770 39.299 37.817 40.132 38.709 40.834 39.975 41.943 43.562 41.289 38.232 37.142 37.161 38.642 36.859 38.094 41.237 42.045 40.772 38.507 37.837 34.519 36.092 35.968 34.638 31.560 28.775 29.048 26.967 30.133 32.502 32.321 32.925 32.375 32.399 30.867 33.080 32.438 28.635 28.115 27.314 30.724 29.863 30.026 33.718 34.412 33.812 36.737 36.027 37.646 36.035 33.830 36.816 39.137 36.950 36.480 40.211 41.113 39.369 41.099 44.543 44.139 43.460 47.171 48.703 48.548 48.622 49.958 46.317 46.826 49.237 50.303 51.198 53.267 55.085 55.466 55.179 56.274 59.889 60.242 60.891 57.233 58.392 59.224 55.533 55.342 58.921 59.289 55.801 55.364 53.450
38.077 41.541 43.090 46.775 48.521 49.288 46.015 44.100 46.601 45.998 42.201 42.477 44.900 42.622 39.883 42.382 43.350 47.086 48.608 45.253 46.237 49.724 48.915 50.477 48.700 50.755 49.201 45.679 46.846 48.818 45.859 43.647 46.509 46.887 43.227 41.808 44.777 42.960 40.085 36.627 35.068 37.176 35.557 37.520 36.513 38.370 39.909 37.573 34.558 33.518 33.681 35.286 33.686 35.137 38.377 39.026 37.587 35.256 34.402 31.003 32.467 32.442 31.272 28.202 25.294 25.579 23.355 26.483 28.795 28.538 29.165 28.696 28.835 27.436 29.795 29.340 25.534 25.054 24.137 27.522 26.890 27.247 30.848 31.665 31.368 34.493 33.845 35.216 33.681 31.220 34.031 36.476 34.297 33.552 37.255 38.287 36.401 37.951 41.475 41.133 40.276 43.953 45.410 45.392 45.460 46.646 42.966 43.524 45.848 47.027 48.001 49.959 51.757 52.269 52.077 53.114 56.763 57.202 58.002 54.391 55.715 56.555 52.882 52.867 56.493 57.038 53.618 53.375 51.413
34.956 38.419 40.160 43.870 45.742 46.667 43.380 41.510 44.186 43.701 39.903 40.283 42.894 40.715 38.034 40.697 41.487 45.232 46.910 43.655 44.770 48.147 47.076 48.518 46.576 48.449 46.945 43.381 44.338 46.244 43.327 40.972 43.676 44.043 40.416 38.829 41.731 40.007 36.989 33.634 31.872 34.011 32.420 34.454 33.536 35.610 37.233 35.132 31.938 30.945 30.889 32.529 30.850 32.282 35.593 36.447 34.900 32.812 31.998 28.633 30.363 30.613 29.355 26.053 23.026 22.878 20.733 23.816 26.420 26.522 27.513 26.871 27.347 25.759 28.389 27.742 24.032 23.065 21.699 24.877 23.957 24.602 28.191 28.702 28.506 31.635 31.298 32.774 31.565 29.081 31.735 34.414 32.539 31.691 35.296 36.637 34.920 36.239 39.788 39.775 38.938 42.627 43.804 43.697 43.483 44.635 40.937 41.225 43.429 44.435 45.581 47.643 49.247 49.658 49.616 50.846 54.524 54.800 55.598 52.002 53.378 54.020 50.307 50.411 53.994 54.495 51.146 51.053 49.262
32.728 36.052 37.932 41.677 43.461 44.622 41.459 39.412 42.131 41.932 38.133 38.332 41.136 39.219 36.413 39.025 39.505 43.285 44.895 41.640 42.643 45.976 44.762 46.294 44.388 46.069 44.413 40.910 41.868 43.563 40.543 38.261 40.901 41.056 37.390 35.895 38.904 37.406 34.338 31.073 29.127 31.022 29.203 31.056 29.977 32.011 33.546 31.472 28.245 27.379 27.422 29.253 27.780 29.464 32.905 33.663 31.874 29.828 28.797 25.351 27.042 27.556 26.485 23.120 19.885 19.503 17.166 20.130 22.825 22.970 24.183 23.613 24.406 22.945 25.845 25.364 21.757 20.644 18.921 21.912 21.148 22.187 25.612 26.111 26.320 29.633 29.507 30.744 29.769 27.031 29.385 32.272 30.547 29.360 32.857 34.450 32.652 33.664 37.290 37.464 36.436 40.064 41.050 41.072 40.748 41.706 37.970 38.205 40.244 41.309 42.621 44.589 46.086 46.606 46.736 47.973 51.693 51.999 52.957 49.429 50.994 51.564 47.868 48.201 51.799 52.459 49.221 49.375 47.612
29.227 32.591 34.583 38.326 40.258 41.474 38.266 36.342 39.213 39.028 35.255 35.641 38.554 36.663 34.003 36.802 37.208 40.948 42.769 39.671 40.898 44.083 42.633 43.955 41.846 43.408 41.907 38.340 39.050 40.783 37.891 35.410 37.905 38.189 34.600 32.865 35.731 34.202 31.032 27.834 25.794 27.860 26.251 28.345 27.570 29.911 31.709 29.954 26.559 25.541 25.140 26.790 25.055 26.526 29.948 30.999 29.265 27.519 26.747 23.491 25.614 26.261 24.899 21.317 18.182 17.366 15.482 18.502 21.449 22.206 23.681 22.678 23.649 21.792 24.789 23.903 20.497 18.787 16.686 19.432 18.192 19.365 22.809 22.950 23.089 26.316 26.446 27.874 27.202 24.593 26.861 29.893 28.507 27.399 30.774 32.600 31.116 32.004 35.558 36.054 35.217 38.861 39.588 39.379 38.759 39.818 36.125 36.036 38.049 38.836 40.218 42.382 43.723 44.028 44.203 45.663 49.372 49.459 50.307 46.767 48.278 48.668 44.933 45.279 48.812 49.358 46.158 46.373 44.786
26.483 29.700 31.889 35.643 37.559 39.027 35.934 33.916 36.886 36.981 33.255 33.557 36.678 35.061 32.387 35.194 35.272 38.993 40.835 37.833 39.047 42.101 40.420 41.719 39.561 40.873 39.309 35.791 36.371 37.906 34.989 32.490 34.830 34.961 31.386 29.620 32.509 31.208 27.941 24.902 22.606 24.488 22.745 24.767 23.981 26.452 28.282 26.745 23.238 22.298 21.755 23.518 21.877 23.499 27.027 28.133 26.177 24.662 23.801 20.598 22.890 23.888 22.597 18.902 15.669 14.281 12.500 15.316 18.494 19.638 21.472 20.348 21.731 19.855 23.099 22.202 19.111 16.994 14.329 16.607 15.264 16.984 20.179 20.079 20.634 23.956 24.447 25.714 25.446 22.702 24.572 27.848 26.801 25.415 28.570 30.733 29.341 29.858 33.413 34.232 33.310 36.866 37.286 37.096 36.233 37.142 33.456 33.151 34.968 35.672 37.255 39.413 40.562 40.870 41.240 42.812 46.542 46.553 47.500 44.032 45.691 45.923 42.198 42.769 46.269 46.904 43.841 44.312 42.845
23.115 26.342 28.359 32.117 33.953 35.345 32.263 30.197 33.123 33.204 29.471 29.755 32.874 31.281 28.610 31.442 31.520 35.227 37.131 34.184 35.519 38.516 36.794 38.009 35.809 37.175 35.684 32.125 32.706 34.356 31.498 28.954 31.392 31.688 28.128 26.342 29.219 27.737 24.583 21.397 19.348 21.379 19.876 22.177 21.776 24.319 26.535 25.086 21.661 20.198 19.258 20.588 18.636 20.028 23.476 24.620 22.889 21.375 20.869 17.908 20.544 21.287 19.601 15.844 12.962 11.708 10.802 13.976 16.885 18.546 20.130 18.404 19.540 17.205 20.294 19.012 16.102 13.623 10.920 13.241 11.715 13.213 16.494 16.503 16.957 20.347 20.714 21.919 21.656 18.939 20.842 24.104 23.149 21.877 25.010 27.189 26.000 26.576 30.040 30.962 30.265 33.853 34.221 33.808 32.869 33.972 30.345 29.949 31.944 32.521 33.938 36.235 37.472 37.634 37.842 39.444 43.143 43.100 43.938 40.426 42.003 42.287 38.555 39.047 42.565 43.212 40.119 40.572 39.061
19.903 23.066 25.342 29.090 31.070 32.668 29.627 27.651 30.775 31.035 27.403 27.828 31.132 29.744 27.262 30.223 30.042 33.645 35.730 33.022 34.526 37.277 35.237 36.233 33.834 34.925 33.559 30.004 30.247 31.799 29.078 26.337 28.500 28.829 25.384 23.321 26.040 24.684 21.352 18.381 16.022 18.132 16.814 19.336 19.295 22.199 24.637 23.675 20.142 18.645 17.143 18.295 16.133 17.337 20.792 22.296 20.504 19.527 19.264 16.689 19.735 20.790 18.965 15.159 12.616 10.542 10.517 13.164 16.209 18.537 20.442 18.423 19.881 17.371 20.478 18.907 16.598 13.515 10.271 11.599 9.332 11.442 14.374 13.693 14.386 17.673 18.610 19.898 20.252 17.702 19.160 22.642 22.274 20.961 23.724 26.270 25.458 25.684 28.995 30.362 29.793 33.261 33.232 32.642 31.309 32.394 28.872 28.039 29.853 30.100 31.701 34.156 35.115 35.075 35.449 37.316 40.991 40.703 41.496 38.034 39.638 39.655 35.907 36.543 39.961 40.544 37.581 38.236 36.976
16.348 19.607 21.714 25.465 27.473 28.954 25.860 23.953 27.111 27.290 23.674 24.246 27.549 26.148 23.813 26.897 26.752 30.279 32.547 30.005 31.762 34.364 32.216 32.982 30.430 31.560 30.409 26.780 26.873 28.630 26.098 23.183 25.373 26.031 22.701 20.451 23.002 21.340 18.097 14.965 12.940 15.470 14.770 17.778 18.428 21.447 24.324 23.616 20.287 18.250 16.128 16.510 13.775 14.343 17.583 19.369 18.008 17.276 17.688 15.710 19.150 19.871 17.531 13.849 12.178 10.350 11.635 14.207 16.730 19.527 21.112 18.524 19.632 16.656 19.350 17.211 15.390 11.872 8.842 9.682 6.613 8.287 11.238 10.293 10.626 13.881 14.844 16.269 16.827 14.567 16.016 19.456 19.410 18.419 21.012 23.589 23.219 23.515 26.589 28.149 27.963 31.412 31.265 30.313 28.801 30.180 26.817 25.745 27.752 27.692 29.081 31.784 32.778 32.444 32.614 34.612 38.212 37.755 38.332 34.811 36.243 36.241 32.466 32.959 36.357 36.850 33.844 34.451 33.233
17.662 21.136 22.743 26.449 28.412 29.425 26.148 24.362 27.324 27.034 23.303 24.014 27.003 25.154 22.815 25.969 26.347 29.919 32.222 29.560 31.442 34.209 32.367 33.109 30.595 32.153 31.148 27.423 27.732 29.870 27.427 24.551 27.043 28.026 24.725 22.583 25.052 22.926 20.002 16.554 15.275 18.080 17.703 20.801 21.534 24.311 27.254 26.238 23.082 20.758 18.801 18.857 15.926 16.110 19.030 20.690 19.859 18.704 19.420 17.438 20.749 20.831 18.154 14.583 13.178 12.383 13.522 16.650 18.867 21.335 22.406 19.686 20.134 16.879 19.168 16.733 14.489 11.230 9.178 11.105 8.465 8.493 12.107 11.858 11.152 14.252 14.357 16.092 15.886 13.854 16.139 19.160 18.605 18.170 21.148 23.210 22.848 23.763 26.792 27.953 28.042 31.658 31.913 30.792 29.596 31.315 27.981 27.201 29.595 29.611 30.581 33.352 34.681 34.272 34.048 35.883 39.421 39.046 39.410 35.764 36.916 37.188 33.408 33.497 36.954 37.319 34.081 34.280 32.843
20.375 23.955 25.787 29.466 31.661 32.668 29.288 27.736 30.801 30.376 26.682 27.606 30.533 28.525 26.327 29.548 30.055 33.603 35.951 33.286 35.167 37.968 36.150 36.861 34.296 35.829 34.882 31.153 31.348 33.465 31.056 28.110 30.444 31.389 28.107 25.826 28.199 26.172 23.058 19.796 18.174 21.013 20.500 23.497 23.974 26.865 29.573 28.536 25.169 23.249 21.512 21.981 19.222 19.558 22.541 24.325 23.317 22.230 22.665 20.388 23.543 23.861 21.439 17.766 15.829 14.744 15.068 18.184 20.861 23.042 24.388 22.065 22.731 19.734 22.243 20.068 17.471 14.501 12.331 14.405 11.787 12.251 15.802 15.238 14.498 17.315 17.641 19.680 19.478 17.585 19.923 22.919 22.283 21.865 24.904 26.919 26.435 27.384 30.490 31.556 31.528 35.172 35.490 34.483 33.315 34.938 31.545 30.776 33.039 33.068 34.192 36.930 38.150 37.766 37.670 39.562 43.115 42.694 43.055 39.423 40.550 40.713 36.918 36.988 40.376 40.582 37.344 37.458 36.152
24.024 27.553 29.485 33.183 35.337 36.407 33.058 31.424 34.441 34.060 30.337 31.117 34.023 32.005 29.664 32.760 33.277 36.901 39.082 36.252 37.917 40.873 39.191 40.109 37.686 39.240 38.112 34.425 34.782 36.775 34.197 31.389 33.761 34.473 31.074 28.948 31.485 29.645 26.466 23.248 21.402 23.980 23.038 25.717 25.705 28.456 30.824 29.533 26.081 24.531 23.284 24.256 21.867 22.649 25.823 27.373 26.071 24.744 24.706 21.998 24.805 25.275 23.233 19.519 17.022 15.965 15.361 18.517 21.427 23.104 24.561 22.725 23.532 20.924 23.668 21.957 18.951 16.438 14.239 16.664 14.530 15.333 18.898 18.558 18.139 21.072 21.344 23.221 22.820 20.674 23.038 26.055 25.110 24.458 27.667 29.605 28.741 29.700 32.998 33.842 33.519 37.195 37.678 36.958 35.988 37.412 33.886 33.356 35.524 35.819 37.063 39.608 40.856 40.711 40.730 42.488 46.106 45.849 46.373 42.766 44.015 44.239 40.454 40.608 44.036 44.320 41.088 41.206 39.824
24.143 27.631 29.942 33.603 36.010 37.297 33.945 32.504 35.751 35.491 31.870 32.849 35.909 34.009 31.863 35.087 35.412 38.957 41.281 38.617 40.365 43.159 41.222 41.987 39.395 40.670 39.630 35.965 35.992 37.833 35.358 32.386 34.412 35.059 31.774 29.388 31.737 30.133 26.704 23.826 21.536 24.100 23.180 25.826 25.821 28.835 31.086 30.144 26.509 25.339 23.945 25.116 22.787 23.563 26.776 28.636 27.126 26.240 26.125 23.492 26.399 27.319 25.431 21.636 19.014 17.258 16.567 19.206 22.493 24.336 26.272 24.611 25.880 23.409 26.372 24.694 21.926 19.138 16.462 18.276 15.757 17.146 20.423 19.429 19.196 21.901 22.779 24.850 24.962 22.942 24.959 28.176 27.639 26.871 29.834 32.073 31.365 32.009 35.273 36.417 36.036 39.621 39.812 39.098 37.839 39.116 35.619 34.778 36.658 36.745 38.282 40.876 41.800 41.565 41.858 43.848 47.467 47.008 47.548 44.015 45.323 45.241 41.444 41.761 45.061 45.221 42.126 42.408 41.326
27.753 31.162 33.549 37.230 39.571 40.944 37.642 36.089 39.295 39.116 35.463 36.284 39.358 37.489 35.197 38.307 38.593 42.208 44.376 41.573 43.114 46.031 44.193 45.153 42.692 43.958 42.737 39.121 39.296 40.996 38.363 35.532 37.585 37.996 34.616 32.397 34.899 33.485 30.022 27.184 24.738 27.028 25.730 28.040 27.582 30.418 32.307 31.162 27.503 26.725 25.794 27.395 25.425 26.581 29.946 31.584 29.812 28.737 28.207 25.253 27.808 28.894 27.378 23.605 20.590 18.866 17.421 19.910 23.325 24.672 26.726 25.564 26.993 24.922 28.063 26.801 23.786 21.365 18.686 20.688 18.594 20.202 23.466 22.684 22.728 25.574 26.396 28.294 28.268 26.014 28.015 31.268 30.506 29.510 32.579 34.783 33.756 34.358 37.775 38.756 38.097 41.677 41.977 41.537 40.436 41.504 37.904 37.266 39.028 39.358 41.016 43.417 44.346 44.343 44.761 46.628 50.305 50.000 50.711 47.213 48.659 48.625 44.843 45.267 48.608 48.869 45.794 46.119 44.964
30.735 34.213 36.386 40.083 42.318 43.507 40.161 38.552 41.607 41.263 37.543 38.282 41.189 39.146 36.749 39.761 40.274 43.946 45.990 43.029 44.468 47.555 45.972 47.070 44.748 46.244 44.959 41.329 41.745 43.556 40.838 38.127 40.402 40.833 37.364 35.317 37.935 36.380 33.044 30.010 27.797 30.094 28.716 30.960 30.338 32.942 34.731 33.252 29.709 28.886 28.257 29.891 27.983 29.209 32.564 33.982 32.299 30.874 30.256 27.121 29.418 30.229 28.773 25.103 22.025 20.832 19.066 21.809 25.020 25.916 27.653 26.688 27.810 25.872 28.874 27.783 24.458 22.495 20.250 22.740 20.995 22.232 25.695 25.334 25.209 28.129 28.540 30.388 29.931 27.630 29.932 32.997 31.839 30.940 34.237 36.142 34.893 35.780 39.261 39.900 39.199 42.850 43.461 43.115 42.308 43.430 39.777 39.442 41.370 41.914 43.403 45.717 46.873 46.989 47.246 48.922 52.609 52.477 53.192 49.640 51.034 51.216 47.438 47.718 51.139 51.431 48.238 48.376 47.025
34.268 37.680 39.892 43.609 45.763 47.019 43.725 42.001 45.002 44.737 40.993 41.575 44.484 42.486 39.959 42.846 43.318 47.038 48.923 45.845 47.083 50.270 48.796 50.074 47.889 49.386 47.936 44.362 44.925 46.616 43.763 41.195 43.509 43.743 40.201 38.321 41.071 39.662 36.321 33.308 31.006 33.083 31.425 33.387 32.412 34.807 36.274 34.603 31.127 30.615 30.389 32.326 30.718 32.226 35.680 36.891 35.019 33.432 32.489 29.143 31.090 31.993 30.876 27.309 24.010 22.922 20.649 23.187 26.355 26.761 28.501 28.003 29.201 27.661 30.732 30.023 26.569 24.965 22.789 25.362 23.966 25.336 28.744 28.562 28.650 31.686 32.045 33.727 33.160 30.681 32.942 36.009 34.668 33.583 36.938 38.787 37.267 38.117 41.699 42.174 41.232 44.846 45.570 45.472 44.827 45.767 42.050 41.914 43.747 44.514 46.078 48.207 49.388 49.716 50.060 51.602 55.326 55.351 56.218 52.701 54.215 54.462 50.704 51.073 54.537 54.937 51.758 51.935 50.501
37.268 40.769 42.934 46.619 48.874 49.990 46.602 45.033 48.034 47.575 43.840 44.574 47.365 45.185 42.764 45.700 46.372 50.070 52.012 48.935 50.244 53.462 52.068 53.283 51.059 52.660 51.314 47.698 48.232 50.045 47.260 44.630 46.950 47.305 43.792 41.831 44.494 42.968 39.628 36.596 34.366 36.590 35.060 37.104 36.185 38.602 40.058 38.371 34.907 34.403 34.162 36.039 34.334 35.704 39.088 40.383 38.629 37.031 36.177 32.846 34.778 35.569 34.387 30.848 27.619 26.651 24.403 26.966 30.100 30.399 32.043 31.596 32.648 31.092 34.036 33.272 29.732 28.234 26.248 28.930 27.439 28.605 32.110 31.893 31.728 34.613 34.885 36.757 36.069 33.759 36.199 39.152 37.727 36.840 40.265 41.971 40.485 41.510 45.063 45.421 44.566 48.218 49.059 48.909 48.327 49.362 45.654 45.546 47.449 48.181 49.681 51.861 53.079 53.346 53.619 55.173 58.880 58.873 59.645 56.088 57.485 57.746 53.972 54.202 57.641 57.907 54.664 54.677 53.264
38.152 41.655 43.577 47.281 49.326 50.304 46.952 45.225 48.025 47.506 43.727 44.263 46.909 44.679 42.106 44.862 45.660 49.391 51.149 47.934 49.091 52.442 51.300 52.683 50.652 52.449 50.995 47.411 48.226 50.101 47.217 44.765 47.326 47.670 44.072 42.346 45.164 43.524 40.359 37.130 35.156 37.326 35.715 37.704 36.696 38.864 40.316 38.321 35.033 34.348 34.329 36.146 34.508 35.955 39.312 40.323 38.668 36.737 35.836 32.426 34.131 34.607 33.470 30.108 26.951 26.496 24.164 26.964 29.782 29.780 31.021 30.635 31.338 29.892 32.630 32.034 28.347 27.286 25.717 28.727 27.612 28.470 32.045 32.274 32.070 35.088 34.972 36.638 35.582 33.180 35.788 38.549 36.785 35.933 39.498 40.927 39.239 40.479 44.047 44.097 43.207 46.874 47.987 47.925 47.631 48.708 44.990 45.183 47.255 48.205 49.502 51.573 53.039 53.436 53.527 54.854 58.551 58.749 59.552 55.967 57.349 57.860 54.119 54.254 57.785 58.176 54.849 54.753 53.098
41.495 44.954 46.801 50.517 52.427 53.386 50.089 48.235 50.913 50.419 46.621 46.981 49.556 47.343 44.643 47.231 48.052 51.808 53.378 50.047 51.001 54.457 53.502 55.065 53.210 55.084 53.488 49.968 50.984 52.806 49.811 47.528 50.200 50.422 46.759 45.232 48.180 46.584 43.494 40.212 38.291 40.309 38.520 40.317 39.078 41.001 42.241 40.015 36.886 36.320 36.627 38.577 37.150 38.776 42.161 42.935 41.218 39.073 37.969 34.443 35.817 36.206 35.310 32.135 28.937 28.754 26.166 28.881 31.481 31.046 32.076 32.023 32.600 31.479 34.118 33.843 30.081 29.432 28.090 31.221 30.444 31.257 34.793 35.283 35.185 38.303 38.017 39.499 38.245 35.723 38.349 41.013 39.015 38.075 41.699 42.964 41.034 42.335 45.942 45.748 44.695 48.314 49.618 49.755 49.693 50.668 46.931 47.376 49.451 50.625 51.875 53.775 55.358 55.941 56.007 57.148 60.851 61.237 62.146 58.580 60.026 60.682 56.976 57.125 60.714 61.222 57.874 57.756 55.954
43.779 47.301 48.943 52.622 54.488 55.228 51.887 50.092 52.640 51.938 48.153 48.542 50.911 48.526 45.870 48.389 49.457 53.175 54.704 51.339 52.301 55.817 55.069 56.630 54.843 56.917 55.387 51.858 52.985 54.965 52.013 49.765 52.568 52.929 49.271 47.787 50.716 48.929 45.963 42.564 40.879 43.017 41.356 43.252 42.108 43.962 45.288 42.939 39.911 39.154 39.456 41.231 39.698 41.181 44.450 45.166 43.661 41.369 40.406 36.933 38.258 38.341 37.332 34.292 31.288 31.440 28.990 31.882 34.287 33.768 34.484 34.356 34.583 33.412 35.766 35.446 31.628 31.236 30.276 33.602 32.887 33.342 36.959 37.631 37.280 40.310 39.739 41.261 39.729 37.357 40.201 42.629 40.424 39.722 43.434 44.413 42.477 44.053 47.586 47.148 46.225 49.868 51.401 51.476 51.602 52.728 49.032 49.626 51.879 53.091 54.136 56.054 57.811 58.363 58.231 59.271 62.929 63.375 64.180 60.567 61.870 62.679 58.991 58.944 62.545 62.998 59.556 59.227 57.314
45.246 48.696 50.157 53.827 55.472 56.145 52.899 50.936 53.283 52.606 48.822 48.974 51.221 48.881 46.081 48.366 49.470 53.186 54.484 51.012 51.760 55.368 54.859 56.605 55.043 57.235 55.569 52.130 53.514 55.468 52.423 50.392 53.362 53.641 49.937 48.707 51.769 49.970 47.170 43.679 42.175 44.168 42.393 44.147 42.875 44.453 45.690 43.093 40.288 39.463 40.017 41.779 40.408 42.006 45.236 45.656 44.189 41.640 40.571 37.072 38.097 37.944 37.090 34.311 31.416 31.976 29.462 32.383 34.444 33.601 33.947 33.977 33.920 32.987 35.113 35.060 31.228 31.295 30.692 34.159 33.832 34.110 37.657 38.694 38.416 41.547 40.706 41.964 40.172 37.700 40.569 42.816 40.347 39.604 43.356 44.094 41.944 43.635 47.147 46.424 45.406 48.986 50.747 50.971 51.374 52.458 48.789 49.671 52.000 53.434 54.329 56.080 58.025 58.741 58.495 59.299 62.927 63.588 64.470 60.881 62.216 63.237 59.615 59.543 63.207 63.817 60.351 59.986 57.868
48.265 51.748 53.061 56.688 58.297 58.800 55.533 53.626 55.860 55.023 51.271 51.442 53.508 51.044 48.296 50.500 51.796 55.460 56.703 53.218 53.948 57.591 57.266 59.015 57.525 59.867 58.251 54.825 56.295 58.356 55.350 53.361 56.415 56.787 53.097 51.907 54.947 53.023 50.318 46.762 45.419 47.485 45.796 47.599 46.377 47.892 49.154 46.474 43.758 42.838 43.408 45.059 43.636 45.135 48.269 48.639 47.323 44.679 43.700 40.255 41.211 40.847 39.946 37.302 34.563 35.335 32.909 35.896 37.816 36.888 37.015 37.035 36.731 35.808 37.693 37.635 33.813 34.088 33.758 37.319 37.037 37.078 40.650 41.802 41.350 44.394 43.355 44.635 42.644 40.307 43.311 45.361 42.742 42.183 45.971 46.472 44.317 46.208 49.638 48.707 47.781 51.343 53.290 53.487 54.052 55.233 51.615 52.620 55.063 56.534 57.277 59.020 61.091 61.797 61.407 62.118 65.699 66.417 67.225 63.615 64.838 65.981 62.386 62.165 65.827 66.393 62.865 62.331 60.130
49.582 52.985 54.103 57.695 59.091 59.505 56.340 54.301 56.324 55.493 51.774 51.732 53.650 51.230 48.382 50.346 51.692 55.317 56.341 52.784 53.321 57.024 56.942 58.841 57.570 60.027 58.313 54.990 56.689 58.738 55.680 53.899 57.096 57.419 53.717 52.759 55.889 53.939 51.416 47.792 46.650 48.595 46.850 48.543 47.256 48.523 49.736 46.860 44.372 43.349 44.104 45.684 44.388 45.941 48.993 49.098 47.866 45.009 43.986 40.580 41.278 40.658 39.868 37.507 34.947 36.093 33.700 36.703 38.281 37.119 36.875 36.980 36.371 35.640 37.243 37.397 33.632 34.324 34.355 37.999 38.047 37.891 41.365 42.836 42.420 45.511 44.216 45.254 43.027 40.651 43.666 45.503 42.657 42.106 45.894 46.138 43.823 45.836 49.198 47.990 47.020 50.496 52.661 52.967 53.796 54.963 51.409 52.674 55.197 56.849 57.418 59.013 61.264 62.096 61.573 62.060 65.586 66.496 67.349 63.772 64.995 66.342 62.827 62.560 66.261 66.960 63.419 62.835 60.447
53.237 56.664 57.749 61.324 62.726 63.069 59.888 57.892 59.874 58.964 55.266 55.248 57.076 54.593 51.787 53.707 55.144 58.735 59.720 56.161 56.666 60.382 60.403 62.312 61.083 63.602 61.905 58.597 60.329 62.412 59.366 57.604 60.821 61.165 57.466 56.518 59.639 57.655 55.147 51.512 50.394 52.365 50.628 52.312 50.997 52.229 53.384 50.468 48.022 47.045 47.851 49.442 48.155 49.691 52.718 52.810 51.611 48.727 47.699 44.295 44.922 44.260 43.509 41.213 38.681 39.856 37.433 40.393 41.944 40.681 40.384 40.584 39.920 39.264 40.776 40.974 37.232 38.008 38.106 41.761 41.808 41.606 45.088 46.568 46.089 49.132 47.786 48.858 46.563 44.255 47.314 49.071 46.169 45.688 49.477 49.614 47.283 49.365 52.686 51.367 50.407 53.842 56.101 56.436 57.354 58.530 55.000 56.332 58.873 60.560 61.088 62.653 64.946 65.799 65.236 65.672 69.175 70.124 70.959 67.380 68.559 69.956 66.455 66.125 69.819 70.487 66.920 66.249 63.834
56.675 60.051 61.115 64.691 65.994 66.357 63.238 61.153 63.053 62.200 58.514 58.362 60.152 57.734 54.856 56.634 58.036 61.613 62.441 58.833 59.165 62.915 63.064 65.100 64.014 66.546 64.742 61.512 63.368 65.374 62.261 60.631 63.890 64.124 60.403 59.595 62.792 60.876 58.411 54.780 53.663 55.509 53.650 55.183 53.716 54.775 55.761 52.730 50.425 49.560 50.573 52.255 51.135 52.794 55.835 55.770 54.511 51.531 50.359 46.924 47.316 46.634 46.086 43.947 41.418 42.689 40.147 42.975 44.374 42.860 42.440 42.877 42.171 41.773 43.204 43.636 39.947 40.938 41.112 44.749 44.983 44.819 48.226 49.822 49.455 52.557 51.164 52.099 49.743 47.360 50.355 52.058 49.061 48.489 52.250 52.299 49.823 51.881 55.188 53.721 52.632 55.963 58.324 58.823 59.896 60.960 57.454 58.948 61.445 63.282 63.794 65.209 67.557 68.551 67.996 68.292 71.778 72.867 73.794 70.260 71.500 72.986 69.529 69.238 72.955 73.722 70.169 69.517 67.019
28.482 31.340 30.911 33.906 34.566 34.061 31.225 29.243 30.390 29.059 25.661 25.466 26.588 23.963 21.275 23.018 25.079 28.374 29.653 26.432 27.789 31.195 31.270 32.562 31.266 34.319 33.288 30.026 31.883 34.660 32.347 30.727 34.274 35.621 32.548 31.827 34.345 31.472 30.306 26.554 27.483 29.698 29.523 32.020 32.566 33.840 36.635 34.420 32.556 29.441 28.599 27.801 25.462 25.315 26.876 26.798 27.455 24.685 25.775 24.254 26.011 23.621 20.811 19.439 19.777 22.331 23.199 26.773 26.998 27.933 26.573 23.904 21.554 18.662 18.125 16.022 13.620 14.399 16.972 20.170 20.449 17.666 20.327 22.812 21.216 23.377 20.483 20.875 17.565 16.419 20.005 20.289 17.193 18.443 21.965 21.155 20.183 23.347 25.691 24.538 25.399 29.036 31.162 29.943 30.656 33.147 30.324 31.283 34.767 35.640 34.909 37.149 39.904 39.818 38.156 38.642 41.699 42.273 42.284 38.612 39.038 40.833 37.583 36.528 40.112 40.755 37.110 36.088 33.303
26.424 29.481 29.115 32.112 33.113 32.508 29.427 27.794 29.209 27.611 24.176 24.526 25.708 22.785 20.466 22.716 24.933 28.174 29.908 26.944 28.760 31.951 31.700 32.593 30.897 33.893 33.198 29.764 31.207 34.186 32.103 30.106 33.472 35.107 32.140 31.005 33.265 30.202 28.889 25.156 26.076 28.669 28.848 31.679 32.541 34.193 37.190 35.286 33.167 30.036 28.762 27.813 25.076 24.532 26.017 26.468 27.274 24.906 26.326 24.933 27.159 25.045 21.937 20.179 20.466 22.519 23.623 27.242 27.850 29.197 28.247 25.377 23.395 20.154 19.939 17.318 15.034 14.867 16.974 20.002 19.584 16.674 19.547 21.526 19.441 21.306 18.504 19.529 16.447 15.787 19.564 19.999 17.405 19.003 22.423 21.923 21.499 24.527 26.783 26.080 27.200 30.865 32.661 31.134 31.432 34.089 31.294 31.808 35.266 35.755 35.120 37.667 40.209 39.802 38.176 39.008 42.056 42.287 42.068 38.322 38.562 40.102 36.746 35.551 39.046 39.370 35.657 34.508 31.981
28.810 32.039 31.761 34.728 35.961 35.223 31.999 30.670 32.176 30.327 26.970 27.654 28.701 25.556 23.565 25.917 28.326 31.445 33.295 30.448 32.359 35.490 35.268 36.009 34.211 37.232 36.711 33.247 34.518 37.593 35.618 33.472 36.733 38.482 35.542 34.201 36.342 33.203 31.748 28.044 28.806 31.617 31.853 34.801 35.646 37.460 40.425 38.528 36.239 33.246 31.959 31.153 28.320 27.724 29.256 29.948 30.721 28.468 29.841 28.291 30.568 28.598 25.557 23.604 23.562 25.375 26.192 29.906 30.808 32.070 31.274 28.572 26.727 23.569 23.549 21.032 18.554 18.266 20.010 23.140 22.382 19.674 22.754 24.388 22.088 23.774 21.146 22.607 19.689 19.262 23.066 23.546 21.099 22.767 26.162 25.666 25.301 28.336 30.575 29.841 30.974 34.632 36.467 34.924 35.199 37.879 35.076 35.522 38.950 39.356 38.772 41.388 43.869 43.375 41.761 42.681 45.701 45.832 45.492 41.732 41.825 43.285 39.915 38.577 41.977 42.063 38.305 36.945 34.559
27.840 31.266 31.222 34.220 35.829 35.131 31.698 30.690 32.522 30.556 27.191 28.338 29.547 26.279 24.604 27.345 29.707 32.794 34.980 32.323 34.504 37.478 36.939 37.407 35.280 38.138 37.832 34.242 35.121 38.260 36.425 33.953 36.985 38.878 35.995 34.276 36.222 33.038 31.330 27.711 28.248 31.346 31.769 34.937 35.932 38.078 41.121 39.467 36.917 34.041 32.486 31.727 28.659 27.880 29.472 30.628 31.343 29.440 30.907 29.334 31.929 30.304 27.170 24.845 24.561 25.849 26.672 30.372 31.681 33.196 32.810 30.075 28.627 25.318 25.692 22.970 20.465 19.514 20.661 23.637 22.278 19.783 23.043 24.100 21.543 23.019 20.773 22.817 20.346 20.135 23.911 24.693 22.711 24.387 27.701 27.582 27.486 30.291 32.566 32.208 33.374 37.065 38.617 36.950 36.874 39.566 36.723 36.810 40.122 40.254 39.877 42.696 44.935 44.235 42.771 43.999 47.051 46.903 46.448 42.656 42.679 43.842 40.373 39.027 42.330 42.142 38.383 37.006 34.945
30.359 33.798 33.650 36.480 38.204 37.258 33.779 33.109 34.874 32.613 29.443 30.864 31.795 28.334 27.037 29.770 32.381 35.262 37.541 35.059 37.375 40.235 39.779 40.042 37.858 40.792 40.727 37.169 37.911 41.183 39.550 37.010 39.944 42.022 39.269 37.428 39.167 35.866 34.218 30.704 31.313 34.551 35.161 38.424 39.526 41.755 44.832 43.235 40.644 37.786 36.152 35.330 32.169 31.202 32.629 33.935 34.807 33.029 34.611 33.102 35.731 34.085 30.917 28.626 28.353 29.554 30.339 34.038 35.439 36.950 36.588 33.882 32.411 29.114 29.404 26.650 24.223 23.293 24.408 27.310 25.779 23.277 26.474 27.327 24.541 25.657 23.439 25.715 23.294 23.460 27.222 27.807 25.931 27.850 31.050 30.779 30.862 33.767 35.880 35.465 36.803 40.445 42.045 40.250 40.179 42.989 40.246 40.276 43.619 43.620 43.153 46.052 48.279 47.430 45.866 47.143 50.091 49.833 49.178 45.396 45.183 46.322 42.910 41.335 44.492 44.052 40.273 38.621 36.678
30.506 34.089 34.253 37.132 39.179 38.371 34.753 34.296 36.363 34.122 30.942 32.651 33.795 30.343 29.205 32.194 34.657 37.557 40.041 37.649 40.084 42.869 42.152 42.280 39.867 42.609 42.632 38.985 39.433 42.672 41.083 38.305 41.031 43.129 40.383 38.255 39.885 36.649 34.722 31.316 31.599 35.001 35.647 39.014 40.131 42.612 45.670 44.238 41.417 38.749 36.992 36.337 33.083 32.107 33.678 35.315 36.008 34.476 35.998 34.372 37.185 35.873 32.734 30.129 29.543 30.298 30.939 34.587 36.352 37.976 37.972 35.345 34.234 30.912 31.583 28.801 26.258 24.914 25.496 28.298 26.353 24.212 27.543 27.920 25.102 26.139 24.391 27.045 25.049 25.194 28.857 29.777 28.212 29.971 33.149 33.226 33.376 36.053 38.281 38.137 39.379 43.064 44.454 42.661 42.334 45.066 42.238 42.021 45.216 45.060 44.839 47.848 49.854 48.911 47.547 49.059 52.068 51.620 50.951 47.160 46.975 47.845 44.348 42.860 45.944 45.321 41.585 40.007 38.360
32.600 36.160 36.264 38.963 41.155 40.159 36.511 36.402 38.456 35.988 33.010 35.001 35.952 32.384 31.611 34.637 37.247 39.955 42.574 40.380 42.973 45.614 44.883 44.782 42.264 45.005 45.274 41.652 41.902 45.241 43.865 40.989 43.564 45.839 43.243 40.963 42.356 39.039 37.155 33.902 34.234 37.757 38.614 42.078 43.338 45.933 49.044 47.734 44.862 42.211 40.322 39.583 36.226 35.046 36.452 38.279 39.108 37.760 39.418 37.893 40.792 39.509 36.309 33.704 33.159 33.776 34.459 38.062 39.923 41.626 41.701 39.050 37.975 34.613 35.248 32.377 29.942 28.513 29.025 31.687 29.549 27.418 30.652 30.784 27.781 28.455 26.821 29.688 27.835 28.304 31.909 32.708 31.326 33.272 36.317 36.349 36.708 39.409 41.495 41.401 42.800 46.443 47.792 45.858 45.450 48.281 45.547 45.200 48.389 48.056 47.792 50.906 52.842 51.721 50.306 51.924 54.839 54.231 53.369 49.600 49.205 49.979 46.533 44.869 47.783 46.894 43.182 41.400 39.950
34.901 38.490 38.693 41.366 43.666 42.672 38.998 39.003 41.113 38.611 35.681 37.759 38.706 35.123 34.430 37.477 40.093 42.774 45.424 43.256 45.860 48.491 47.746 47.606 45.049 47.758 48.068 44.437 44.611 47.944 46.591 43.657 46.163 48.442 45.850 43.487 44.837 41.550 39.579 36.383 36.583 40.146 40.982 44.456 45.671 48.336 51.401 50.104 47.148 44.603 42.733 42.102 38.748 37.603 39.063 40.972 41.730 40.426 42.017 40.404 43.308 42.118 38.970 36.281 35.581 36.079 36.606 40.197 42.197 43.847 44.020 41.469 40.484 37.174 37.915 35.104 32.578 31.127 31.497 34.179 31.953 29.978 33.261 33.259 30.280 30.921 29.443 32.399 30.639 31.090 34.672 35.538 34.188 36.088 39.148 39.222 39.553 42.231 44.354 44.264 45.623 49.280 50.629 48.719 48.289 51.096 48.331 47.953 51.101 50.745 50.548 53.678 55.563 54.423 53.058 54.725 57.646 56.992 56.106 52.343 51.922 52.626 49.178 47.502 50.361 49.372 45.683 43.864 42.520
36.671 40.332 40.693 43.553 45.776 44.963 41.296 41.010 43.148 40.831 37.724 39.538 40.633 37.129 36.095 39.051 41.570 44.438 46.905 44.499 46.874 49.706 49.057 49.193 46.774 49.505 49.549 45.891 46.281 49.502 47.894 45.053 47.700 49.756 46.962 44.727 46.348 43.184 41.072 37.732 37.716 41.160 41.658 44.989 45.900 48.467 51.359 49.846 46.863 44.459 42.872 42.530 39.352 38.555 40.294 42.008 42.506 40.956 42.240 40.332 43.048 41.899 38.952 36.199 35.207 35.791 35.942 39.594 41.637 42.997 43.141 40.838 39.868 36.760 37.638 35.112 32.289 31.068 31.399 34.350 32.329 30.551 34.024 34.222 31.520 32.574 31.087 33.857 31.953 31.986 35.633 36.667 35.035 36.663 39.933 40.015 39.988 42.673 45.014 44.751 45.848 49.567 51.065 49.401 49.139 51.792 48.869 48.701 51.831 51.728 51.631 54.616 56.577 55.675 54.399 55.936 58.975 58.517 57.842 54.053 53.838 54.642 51.138 49.624 52.632 51.853 48.138 46.455 44.941
38.199 41.899 42.462 45.300 47.741 47.002 43.273 43.172 45.485 43.168 40.107 42.116 43.310 39.817 38.923 42.020 44.461 47.309 49.912 47.589 50.052 52.818 52.006 52.028 49.459 52.056 52.187 48.490 48.666 51.859 50.314 47.322 49.794 51.870 49.116 46.687 48.191 45.093 42.818 39.613 39.380 42.902 43.437 46.812 47.735 50.469 53.326 51.951 48.821 46.579 44.914 44.685 41.469 40.656 42.453 44.386 44.777 43.418 44.666 42.706 45.526 44.604 41.689 38.766 37.591 37.863 37.908 41.466 43.751 45.175 45.571 43.343 42.617 39.514 40.613 38.073 35.217 33.763 33.768 36.601 34.332 32.813 36.304 36.173 33.482 34.426 33.267 36.245 34.620 34.678 38.229 39.438 38.014 39.565 42.791 43.074 43.111 45.655 48.044 47.953 49.008 52.743 54.102 52.427 51.994 54.600 51.641 51.299 54.316 54.089 54.153 57.212 59.009 58.025 56.886 58.587 61.649 61.044 60.337 56.557 56.336 56.943 53.405 51.934 54.855 53.919 50.260 48.610 47.323
38.527 42.189 42.800 45.492 48.123 47.331 43.574 43.779 46.184 43.770 40.863 43.148 44.316 40.803 40.205 43.431 45.868 48.583 51.376 49.253 51.903 54.502 53.527 53.310 50.565 53.051 53.401 49.704 49.605 52.836 51.491 48.351 50.607 52.826 50.230 47.598 48.850 45.736 43.444 40.436 40.181 43.812 44.575 48.055 49.165 52.067 54.999 53.848 50.642 48.428 46.547 46.222 42.885 41.860 43.524 45.713 46.185 45.102 46.503 44.685 47.678 46.880 43.872 40.883 39.764 39.786 39.984 43.436 45.848 47.483 48.057 45.733 45.151 41.938 43.093 40.386 37.681 35.958 35.784 38.376 35.835 34.381 37.757 37.290 34.462 35.082 34.164 37.370 36.021 36.331 39.767 40.989 39.863 41.517 44.586 44.992 45.275 47.722 50.011 50.129 51.309 55.016 56.197 54.371 53.729 56.391 53.506 52.925 55.872 55.409 55.523 58.713 60.347 59.167 58.068 59.957 62.956 62.133 61.277 57.529 57.177 57.585 54.070 52.536 55.293 54.119 50.531 48.828 47.812
40.604 44.260 45.052 47.708 50.506 49.797 46.018 46.365 48.903 46.521 43.665 46.077 47.330 43.857 43.352 46.668 49.021 51.718 54.603 52.541 55.241 57.789 56.684 56.389 53.537 55.895 56.303 52.590 52.320 55.501 54.204 50.958 53.054 55.263 52.709 49.932 51.086 48.063 45.641 42.774 42.323 45.976 46.749 50.230 51.328 54.352 57.230 56.196 52.880 50.826 48.906 48.694 45.360 44.349 46.063 48.410 48.774 47.846 49.191 47.326 50.378 49.775 46.819 43.708 42.434 42.206 42.296 45.639 48.240 49.904 50.685 48.448 48.068 44.887 46.219 43.530 40.798 38.921 38.494 40.979 38.276 37.059 40.423 39.702 36.935 37.479 36.845 40.171 39.049 39.348 42.683 44.050 43.077 44.643 47.674 48.242 48.553 50.877 53.209 53.459 54.585 58.300 59.370 57.554 56.778 59.382 56.468 55.754 58.589 58.033 58.292 61.526 63.013 61.778 60.810 62.828 65.843 64.905 64.035 60.310 59.966 60.203 56.673 55.195 57.868 56.574 53.058 51.405 50.586
39.537 43.131 44.053 46.605 49.583 48.942 45.160 45.725 48.402 46.050 43.306 45.918 47.257 43.858 43.547 46.995 49.225 51.841 54.889 52.992 55.827 58.223 56.899 56.421 53.401 55.576 56.127 52.420 51.880 55.020 53.874 50.494 52.354 54.626 52.212 49.252 50.192 47.234 44.752 42.106 41.559 45.258 46.200 49.737 50.985 54.163 57.081 56.293 52.908 50.922 48.807 48.545 45.146 43.990 45.623 48.204 48.568 47.929 49.366 47.630 50.839 50.419 47.419 44.229 42.978 42.460 42.692 45.882 48.606 50.487 51.480 49.169 48.992 45.732 47.178 44.367 41.783 39.615 38.943 41.152 38.204 37.140 40.369 39.302 36.510 36.812 36.501 39.992 39.210 39.645 42.802 44.270 43.615 45.169 48.039 48.815 49.319 51.462 53.740 54.249 55.422 59.103 59.944 58.032 57.016 59.605 56.744 55.779 58.487 57.717 58.092 61.422 62.707 61.319 60.465 62.676 65.657 64.517 63.575 59.898 59.520 59.524 56.002 54.571 57.108 55.654 52.244 50.668 50.121
40.919 44.460 45.585 48.084 51.222 50.708 46.936 47.629 50.448 48.181 45.498 48.218 49.674 46.365 46.137 49.672 51.765 54.359 57.499 55.679 58.561 60.884 59.393 58.830 55.699 57.700 58.303 54.598 53.863 56.916 55.829 52.350 54.011 56.254 53.909 50.808 51.626 48.800 46.198 43.741 42.989 46.673 47.636 51.151 52.405 55.703 58.562 57.938 54.462 52.646 50.471 50.306 46.929 45.782 47.447 50.188 50.436 49.994 51.381 49.640 52.913 52.713 49.770 46.475 45.103 44.308 44.481 47.513 50.405 52.355 53.572 51.329 51.379 48.148 49.772 46.971 44.408 42.059 41.121 43.159 40.054 39.248 42.411 41.066 38.374 38.588 38.601 42.179 41.670 42.088 45.093 46.717 46.259 47.703 50.495 51.468 52.019 53.994 56.302 56.987 58.102 61.772 62.453 60.550 59.366 61.875 59.002 57.871 60.432 59.546 60.089 63.456 64.555 63.107 62.414 64.771 67.759 66.488 65.546 61.915 61.568 61.368 57.843 56.511 58.951 57.393 54.089 52.622 52.294
39.600 43.107 44.501 47.033 50.300 50.026 46.264 46.956 49.960 47.893 45.192 47.935 49.618 46.468 46.204 49.836 51.692 54.331 57.531 55.738 58.618 60.892 59.192 58.618 55.392 57.180 57.741 54.031 53.137 56.044 54.943 51.385 52.867 55.006 52.687 49.475 50.244 47.602 44.836 42.542 41.530 45.159 46.084 49.546 50.776 54.177 56.960 56.506 52.952 51.317 49.093 49.053 45.734 44.655 46.410 49.280 49.345 49.094 50.388 48.637 51.968 52.028 49.174 45.766 44.262 43.161 43.296 46.138 49.183 51.225 52.685 50.508 50.829 47.642 49.485 46.719 44.193 41.625 40.365 42.198 38.949 38.459 41.550 39.933 37.422 37.649 38.027 41.644 41.446 41.746 44.557 46.416 46.166 47.405 50.119 51.362 51.917 53.652 56.030 56.933 57.925 61.577 62.057 60.213 58.842 61.213 58.306 57.010 59.390 58.426 59.184 62.553 63.455 62.004 61.524 64.012 67.045 65.684 64.831 61.243 61.031 60.633 57.076 55.944 58.357 56.813 53.610 52.372 52.204
37.698 41.076 42.421 44.765 48.119 47.789 44.074 45.013 48.028 45.921 43.405 46.328 47.960 44.867 44.858 48.536 50.349 52.826 56.151 54.570 57.590 59.674 57.846 57.057 53.721 55.391 56.151 52.499 51.381 54.300 53.418 49.793 51.078 53.354 51.237 47.914 48.421 45.766 43.096 41.018 40.117 43.785 44.982 48.519 49.994 53.471 56.369 56.132 52.617 50.906 48.456 48.203 44.792 43.461 44.990 48.027 48.248 48.252 49.754 48.253 51.716 51.795 48.831 45.483 44.195 42.986 43.421 46.157 49.156 51.435 52.938 50.586 50.937 47.631 49.400 46.465 44.187 41.439 40.154 41.708 38.312 37.765 40.635 38.797 36.167 36.049 36.587 40.298 40.336 40.897 43.548 45.332 45.364 46.719 49.219 50.527 51.338 52.983 55.193 56.280 57.425 60.999 61.308 59.303 57.758 60.192 57.425 55.927 58.252 57.065 57.796 61.259 62.035 60.394 59.907 62.525 65.453 63.910 62.917 59.394 59.060 58.508 55.018 53.836 56.084 54.374 51.271 50.027 50.083
36.608 40.010 41.055 43.351 46.580 46.004 42.277 43.241 46.082 43.778 41.297 44.233 45.651 42.421 42.490 46.101 48.119 50.526 53.828 52.268 55.330 57.412 55.742 54.920 51.648 53.505 54.339 50.700 49.697 52.769 51.942 48.383 49.823 52.239 50.136 46.908 47.421 44.558 42.086 39.867 39.284 43.027 44.342 47.964 49.547 52.932 55.959 55.608 52.197 50.248 47.768 47.302 43.794 42.313 43.690 46.633 47.094 46.969 48.641 47.244 50.698 50.511 47.411 44.199 43.136 42.214 42.823 45.729 48.535 50.821 52.079 49.576 49.658 46.253 47.776 44.735 42.520 39.909 38.942 40.607 37.309 36.402 39.280 37.667 34.806 34.593 34.787 38.489 38.285 39.036 41.835 43.370 43.288 44.877 47.388 48.460 49.352 51.196 53.289 54.230 55.543 59.110 59.555 57.442 56.027 58.619 55.926 54.537 57.039 55.875 56.374 59.860 60.813 59.133 58.422 60.934 63.799 62.313 61.209 57.650 57.169 56.794 53.339 51.956 54.223 52.497 49.295 47.842 47.762
33.129 36.535 37.461 39.761 42.935 42.312 38.575 39.519 42.324 40.001 37.514 40.455 41.854 38.627 38.718 42.334 44.352 46.737 50.049 48.524 51.616 53.658 51.984 51.137 47.867 49.750 50.606 46.977 45.989 49.101 48.308 44.769 46.251 48.725 46.652 43.459 43.957 41.011 38.632 36.376 35.960 39.732 41.157 44.827 46.528 49.874 52.996 52.661 49.331 47.236 44.672 44.040 40.475 38.873 40.143 43.075 43.659 43.550 45.350 44.090 47.581 47.298 44.115 40.988 40.114 39.277 40.105 43.033 45.705 48.095 49.255 46.613 46.607 43.123 44.531 41.395 39.321 36.675 35.814 37.401 34.111 33.038 35.836 34.264 31.292 30.988 31.095 34.802 34.596 35.455 38.240 39.695 39.670 41.340 43.783 44.825 45.814 47.665 49.676 50.648 52.043 55.575 55.994 53.814 52.388 55.035 52.403 51.001 53.553 52.359 52.769 56.273 57.270 55.557 54.771 57.261 60.097 58.619 57.490 53.923 53.419 53.093 49.640 48.224 50.522 48.839 45.599 44.142 44.008
32.411 35.934 36.708 39.165 42.149 41.457 37.685 38.366 41.052 38.690 36.030 38.783 40.128 36.793 36.667 40.203 42.352 44.853 48.032 46.328 49.318 51.521 50.038 49.373 46.248 48.336 49.039 45.372 44.667 47.848 46.887 43.463 45.223 47.651 45.413 42.400 43.142 40.088 37.765 35.223 34.939 38.707 39.983 43.640 45.228 48.434 51.563 50.990 47.724 45.505 43.087 42.459 38.910 37.415 38.771 41.483 42.094 41.693 43.449 42.088 45.475 44.992 41.795 38.726 37.874 37.327 38.099 41.214 43.753 45.996 46.944 44.301 44.087 40.613 41.902 38.813 36.616 34.184 33.569 35.429 32.337 31.045 34.013 32.795 29.781 29.740 29.468 33.060 32.496 33.245 36.248 37.614 37.289 39.002 41.618 42.473 43.308 45.343 47.412 48.162 49.538 53.122 53.747 51.631 50.422 53.108 50.416 49.247 51.954 50.967 51.247 54.678 55.894 54.327 53.409 55.714 58.601 57.327 56.276 52.633 52.176 52.103 48.612 47.148 49.628 48.137 44.751 43.223 42.771
29.762 33.291 33.848 36.332 39.163 38.371 34.600 35.174 37.745 35.330 32.623 35.307 36.576 33.193 33.025 36.523 38.746 41.248 44.386 42.662 45.654 47.867 46.466 45.830 42.770 44.970 45.656 41.998 41.417 44.669 43.699 40.354 42.255 44.733 42.485 39.592 40.391 37.215 35.047 32.377 32.349 36.119 37.458 41.141 42.807 45.904 49.122 48.482 45.340 42.931 40.490 39.679 36.089 34.500 35.749 38.348 39.120 38.623 40.505 39.265 42.637 41.964 38.674 35.742 35.120 34.797 35.778 38.968 41.297 43.579 44.334 41.552 41.150 37.603 38.698 35.524 33.445 31.085 30.717 32.595 29.620 28.037 30.963 29.954 26.805 26.753 26.193 29.723 28.987 29.838 32.917 34.126 33.737 35.581 38.181 38.907 39.798 41.926 43.914 44.598 46.071 49.634 50.316 48.143 47.012 49.780 47.144 46.054 48.872 47.926 48.050 51.469 52.813 51.258 50.201 52.409 55.270 54.074 53.010 49.340 48.857 48.931 45.448 43.914 46.472 45.083 41.616 40.038 39.412
29.372 32.997 33.508 36.205 38.821 38.091 34.321 34.510 36.996 34.675 31.736 34.112 35.433 32.024 31.487 34.888 37.146 39.839 42.789 40.813 43.626 46.051 44.823 44.460 41.578 43.933 44.363 40.666 40.411 43.647 42.424 39.222 41.403 43.728 41.267 38.585 39.704 36.519 34.341 31.385 31.372 35.061 36.134 39.736 41.196 44.136 47.296 46.401 43.311 40.848 38.622 37.917 34.417 33.064 34.502 36.828 37.508 36.681 38.411 36.992 40.218 39.405 36.170 33.260 32.569 32.514 33.348 36.699 38.921 41.007 41.585 38.867 38.311 34.827 35.880 32.829 30.553 28.424 28.247 30.438 27.716 26.018 29.157 28.539 25.497 25.879 24.989 28.308 27.209 27.770 31.055 32.276 31.529 33.287 36.112 36.711 37.339 39.602 41.729 42.191 43.542 47.172 48.054 46.029 45.124 47.852 45.104 44.274 47.198 46.518 46.590 49.886 51.424 50.090 48.980 50.988 53.943 52.991 52.097 48.365 48.033 48.345 44.811 43.342 46.117 45.007 41.431 39.903 38.936
27.708 31.253 31.429 34.081 36.463 35.552 31.837 31.921 34.186 31.762 28.822 31.094 32.233 28.744 28.188 31.489 33.901 36.551 39.433 37.454 40.275 42.700 41.620 41.274 38.499 41.022 41.462 37.809 37.723 41.057 39.862 36.795 39.141 41.541 39.110 36.611 37.763 34.434 32.522 29.450 29.816 33.454 34.618 38.217 39.777 42.550 45.806 44.830 41.928 39.231 36.995 36.039 32.515 31.029 32.271 34.415 35.342 34.385 36.291 35.056 38.228 37.133 33.780 31.106 30.760 31.042 32.141 35.557 37.472 39.578 39.878 36.993 36.152 32.590 33.325 30.166 28.073 26.118 26.355 28.564 26.068 23.948 26.974 26.687 23.493 23.821 22.479 25.642 24.245 24.992 28.382 29.309 28.441 30.429 33.218 33.574 34.292 36.722 38.702 39.038 40.553 44.141 45.125 43.008 42.232 45.087 42.444 41.733 44.804 44.171 44.006 47.280 48.988 47.653 46.339 48.208 51.095 50.236 49.290 45.545 45.132 45.644 42.163 40.563 43.392 42.381 38.730 37.091 35.907
26.389 29.938 30.050 32.873 35.005 34.199 30.541 30.216 32.386 30.134 26.984 28.902 30.133 26.705 25.748 28.944 31.313 34.147 36.841 34.635 37.281 39.882 38.922 38.837 36.237 38.860 39.044 35.378 35.596 38.875 37.455 34.551 37.139 39.380 36.783 34.519 35.952 32.649 30.783 27.485 27.924 31.419 32.366 35.859 37.273 39.863 43.085 41.917 39.122 36.336 34.267 33.338 29.916 28.623 29.990 31.846 32.714 31.476 33.282 31.971 35.012 33.766 30.441 27.849 27.558 28.127 29.220 32.729 34.450 36.436 36.541 33.652 32.648 29.116 29.760 26.673 24.495 22.738 23.223 25.640 23.444 21.151 24.281 24.408 21.358 22.091 20.420 23.284 21.556 22.018 25.557 26.483 25.312 27.211 30.163 30.429 30.932 33.448 35.530 35.711 37.124 40.752 41.870 39.876 39.278 42.086 39.369 38.876 42.029 41.624 41.404 44.554 46.424 45.288 43.935 45.619 48.581 47.944 47.173 43.393 43.152 43.869 40.359 38.868 41.894 41.187 37.478 35.969 34.473
26.340 29.683 29.340 31.999 33.811 32.719 29.199 28.809 30.610 28.186 25.139 26.906 27.782 24.239 23.324 26.301 28.943 31.650 34.230 32.055 34.710 37.290 36.583 36.491 34.064 36.917 37.160 33.600 34.033 37.432 36.101 33.412 36.164 38.507 36.008 33.997 35.406 31.958 30.486 27.146 28.067 31.432 32.497 35.934 37.456 39.815 43.115 41.860 39.322 36.297 34.251 33.019 29.626 28.169 29.218 30.807 32.016 30.628 32.645 31.593 34.504 32.885 29.451 27.243 27.412 28.412 29.774 33.294 34.623 36.579 36.325 33.283 31.896 28.329 28.491 25.312 23.424 22.024 23.104 25.490 23.662 20.888 23.749 24.308 21.148 21.721 19.475 22.019 19.855 20.630 24.256 24.680 23.313 25.572 28.432 28.283 28.917 31.694 33.527 33.484 35.147 38.693 39.978 37.853 37.460 40.443 37.902 37.582 40.910 40.554 40.004 43.109 45.190 44.036 42.405 43.895 46.728 46.200 45.323 41.556 41.154 42.131 38.739 37.036 40.067 39.436 35.670 33.960 32.208
25.037 28.275 27.833 30.605 32.115 31.143 27.753 26.930 28.588 26.395 23.178 24.512 25.478 22.072 20.704 23.527 26.087 28.971 31.340 28.943 31.418 34.158 33.563 33.735 31.505 34.437 34.418 30.878 31.627 34.944 33.409 30.927 33.901 36.076 33.457 31.725 33.382 29.993 28.641 25.144 26.199 29.340 30.217 33.504 34.914 37.050 40.318 38.910 36.541 33.407 31.514 30.244 26.991 25.701 26.799 28.047 29.241 27.588 29.547 28.513 31.271 29.462 26.042 24.018 24.379 25.712 27.165 30.693 31.737 33.604 33.120 30.033 28.446 24.902 24.876 21.734 19.892 18.748 20.200 22.686 21.265 18.273 21.084 22.122 19.182 20.116 17.523 19.606 17.070 17.569 21.297 21.645 19.961 22.163 25.142 24.872 25.323 28.188 30.080 29.895 31.490 35.056 36.451 34.427 34.205 37.148 34.572 34.464 37.867 37.723 37.093 40.064 42.300 41.335 39.658 40.956 43.842 43.531 42.830 39.052 38.829 40.005 36.614 35.042 38.249 37.945 34.164 32.633 30.579
26.983 29.971 29.166 31.781 32.887 31.705 28.557 27.551 28.750 26.507 23.433 24.374 24.940 21.545 20.046 22.395 25.210 27.987 30.043 27.556 29.851 32.676 32.492 32.825 30.938 34.121 34.023 30.657 31.774 35.108 33.563 31.425 34.599 36.735 34.156 32.794 34.531 31.121 30.131 26.615 27.999 30.884 31.687 34.788 36.127 37.943 41.169 39.560 37.472 34.196 32.515 31.108 28.053 26.821 27.707 28.512 29.911 27.968 29.943 29.039 31.490 29.281 25.911 24.352 25.048 26.879 28.365 31.891 32.533 34.177 33.273 30.192 28.169 24.766 24.215 21.215 19.569 19.104 21.185 23.742 22.873 19.623 22.151 23.723 20.947 21.898 18.861 20.353 17.305 17.858 21.590 21.403 19.276 21.702 24.648 23.823 24.174 27.365 29.056 28.441 30.179 33.655 35.364 33.350 33.506 36.540 34.108 34.343 37.902 37.961 37.012 39.813 42.318 41.472 39.540 40.520 43.290 43.218 42.509 38.777 38.471 39.989 36.757 35.042 38.274 38.151 34.361 32.682 30.289
23.861 26.672 25.712 28.303 29.258 28.128 25.058 23.888 25.039 22.921 19.776 20.596 21.267 17.958 16.307 18.760 21.480 24.320 26.457 23.997 26.412 29.169 28.828 29.120 27.179 30.331 30.225 26.850 27.974 31.309 29.799 27.696 30.890 33.055 30.554 29.270 30.968 27.546 26.741 23.268 24.912 27.677 28.625 31.704 33.222 34.978 38.301 36.841 34.890 31.483 29.642 27.967 24.888 23.471 24.145 24.897 26.481 24.644 26.851 26.270 28.801 26.545 23.034 21.663 22.771 24.620 26.509 29.852 30.283 32.156 31.233 27.941 25.918 22.388 21.668 18.412 17.249 16.603 18.847 21.032 20.270 16.780 18.949 20.645 17.873 18.724 15.471 16.710 13.568 14.342 18.002 17.662 15.686 18.298 21.075 20.306 20.930 24.040 25.605 25.213 27.098 30.530 32.049 29.890 29.901 32.999 30.658 30.774 34.347 34.309 33.294 36.144 38.628 37.718 35.753 36.770 39.531 39.417 38.714 34.976 34.717 36.231 32.991 31.338 34.626 34.628 30.853 29.334 26.873
20.151 22.965 22.035 24.665 25.802 24.779 21.571 20.493 21.932 19.854 16.580 17.731 18.730 15.432 13.928 16.892 19.373 22.246 24.747 22.499 25.209 27.745 26.958 26.989 24.700 27.646 27.702 24.205 24.980 28.364 26.993 24.631 27.659 29.971 27.581 26.054 27.564 24.074 23.234 19.850 21.605 24.493 25.744 28.975 30.784 32.732 36.197 35.058 33.046 29.615 27.425 25.532 22.241 20.476 20.990 22.102 23.808 22.376 24.866 24.568 27.404 25.402 21.734 20.236 21.520 22.980 25.244 28.384 28.906 31.157 30.514 27.042 25.343 21.633 21.119 17.551 16.784 15.443 17.321 18.990 17.860 14.292 16.219 17.547 14.514 15.055 11.826 13.406 10.635 11.873 15.403 15.252 13.955 16.643 19.156 18.857 19.925 22.676 24.172 24.330 26.300 29.689 30.784 28.435 28.003 31.133 28.838 28.540 32.012 31.664 30.776 33.832 36.087 34.960 33.107 34.417 37.203 36.824 36.052 32.282 32.034 33.282 29.935 28.357 31.634 31.538 27.769 26.420 24.188
18.577 21.716 21.403 24.431 25.848 25.361 22.010 20.693 22.652 21.037 17.464 18.549 20.237 17.294 15.420 18.597 20.490 23.682 26.187 23.746 26.277 28.948 27.844 28.084 25.671 28.295 28.058 24.390 25.058 28.209 26.517 23.937 26.927 28.975 26.296 24.567 26.351 23.069 21.677 18.098 19.278 22.283 23.245 26.537 28.160 30.312 33.716 32.577 30.299 27.033 24.849 23.307 19.963 18.528 19.644 20.956 22.125 20.685 22.872 22.191 25.208 23.591 19.996 17.950 18.753 19.889 22.000 25.208 26.053 28.368 28.051 24.660 23.353 19.588 19.705 16.198 14.948 13.039 14.345 16.206 14.752 11.455 13.990 15.095 12.234 13.481 10.808 12.702 10.425 10.701 14.341 15.140 13.946 15.904 18.745 19.115 19.798 22.182 24.167 24.595 26.102 29.652 30.566 28.493 27.854 30.693 28.070 27.652 30.949 30.685 30.242 33.291 35.358 34.390 32.918 34.389 37.420 37.037 36.553 32.750 32.880 33.878 30.345 29.193 32.583 32.604 28.912 27.984 25.957
14.979 18.113 17.793 20.818 22.456 22.052 18.576 17.453 19.721 18.152 14.566 16.086 18.050 15.245 13.740 17.289 18.885 21.942 24.792 22.705 25.522 27.853 26.326 26.212 23.454 25.817 25.838 22.116 22.321 25.526 24.094 21.230 23.956 26.230 23.774 21.742 23.203 19.811 18.432 15.027 16.434 19.612 21.059 24.529 26.562 28.909 32.472 31.744 29.470 26.191 23.584 21.714 18.137 16.161 16.947 18.746 20.139 19.296 21.854 21.627 24.917 23.570 19.889 17.871 18.953 19.601 22.160 25.018 25.898 28.611 28.559 25.019 24.038 20.212 20.424 16.728 16.113 13.628 14.444 15.446 13.532 10.247 12.197 12.652 9.315 9.929 7.364 9.910 8.501 9.509 12.646 13.587 13.370 15.381 17.685 18.500 19.732 21.681 23.427 24.409 26.067 29.453 29.914 27.606 26.500 29.382 26.924 26.023 29.176 28.505 28.150 31.421 33.217 31.955 30.569 32.357 35.336 34.637 34.016 30.223 30.295 30.992 27.394 26.285 29.591 29.464 25.818 25.056 23.337
14.986 18.515 18.815 21.959 24.112 23.936 20.274 19.511 22.196 20.672 17.193 19.076 21.219 18.473 17.257 20.903 22.323 25.328 28.296 26.296 29.106 31.384 29.657 29.447 26.504 28.587 28.675 24.911 24.749 27.824 26.411 23.262 25.666 27.890 25.397 22.952 24.312 21.071 19.140 15.863 16.553 20.070 21.476 25.111 27.080 29.784 33.283 32.694 30.074 27.081 24.387 22.891 19.222 17.397 18.570 20.823 21.790 21.220 23.509 22.944 26.419 25.524 21.993 19.470 19.909 19.961 22.213 25.109 26.528 29.309 29.690 26.323 25.779 21.995 22.770 19.239 18.161 15.291 15.268 16.356 13.729 11.201 13.639 13.216 9.853 10.495 9.202 12.394 11.799 12.392 15.270 16.773 16.774 18.352 20.711 21.900 22.966 24.658 26.619 27.769 29.183 32.620 32.933 30.758 29.445 32.134 29.533 28.410 31.323 30.530 30.553 33.883 35.397 34.086 33.009 35.042 38.090 37.207 36.611 32.851 32.981 33.337 29.663 28.698 31.870 31.499 27.939 27.254 25.943
16.158 19.731 20.427 23.848 25.825 26.047 22.530 21.228 23.939 22.863 19.182 20.470 22.916 20.444 18.594 22.028 23.156 26.482 29.136 26.751 29.184 31.769 30.111 30.360 27.652 29.677 29.281 25.484 25.674 28.466 26.580 23.584 26.201 27.972 25.093 22.853 24.744 21.827 19.573 16.020 16.131 19.433 20.173 23.642 25.155 27.799 31.130 30.260 27.510 24.632 22.253 21.228 17.762 16.650 18.512 20.420 20.808 19.808 21.595 20.504 23.892 23.134 19.784 16.918 16.862 16.946 18.868 21.967 23.521 26.113 26.553 23.347 22.931 19.228 20.400 17.138 15.516 12.562 12.239 13.880 11.376 9.162 12.357 12.339 9.757 11.684 10.606 13.131 12.315 11.712 14.748 16.801 16.315 17.244 20.051 21.436 21.890 23.494 25.910 26.921 27.884 31.470 31.908 30.116 28.977 31.383 28.466 27.607 30.468 30.072 30.340 33.451 35.037 34.114 33.252 35.116 38.373 37.777 37.555 33.789 34.306 34.767 31.038 30.424 33.785 33.767 30.268 29.869 28.354
19.151 22.845 23.654 26.996 29.174 29.254 25.630 24.630 27.347 26.011 22.426 23.941 26.175 23.448 21.804 25.239 26.634 29.896 32.571 30.177 32.618 35.262 33.731 33.939 31.220 33.320 33.021 29.227 29.364 32.206 30.373 27.335 29.864 31.662 28.789 26.442 28.250 25.346 22.964 19.527 19.363 22.759 23.388 26.844 28.170 30.909 34.110 33.146 30.217 27.551 25.341 24.627 21.237 20.289 22.232 24.205 24.476 23.424 24.987 23.579 26.876 26.189 22.974 19.954 19.425 19.415 20.782 24.061 25.942 28.301 28.848 25.880 25.504 21.918 23.234 20.161 18.072 15.394 14.954 17.006 14.437 12.673 16.040 15.841 13.309 14.973 14.060 16.813 15.862 15.369 18.520 20.466 19.754 20.753 23.704 24.915 25.219 26.992 29.477 30.283 31.198 34.851 35.453 33.729 32.705 35.099 32.125 31.349 34.185 33.825 34.141 37.237 38.809 37.889 37.048 38.918 42.165 41.546 41.257 37.488 37.891 38.321 34.601 33.856 37.131 36.906 33.368 32.744 31.321
20.985 24.763 26.031 29.452 31.844 32.173 28.527 27.578 30.502 29.322 25.752 27.292 29.697 27.076 25.419 28.864 30.081 33.393 36.051 33.612 35.942 38.627 36.994 37.273 34.517 36.428 36.030 32.227 32.248 34.905 32.963 29.843 32.199 33.794 30.827 28.336 30.205 27.564 24.820 21.526 20.736 24.105 24.432 27.806 28.853 31.763 34.764 33.814 30.627 28.330 26.266 26.035 22.802 22.222 24.514 26.599 26.433 25.457 26.626 24.845 28.115 27.830 24.895 21.565 20.399 19.919 20.729 23.976 26.316 28.549 29.465 26.818 26.840 23.472 25.257 22.500 20.070 17.324 16.236 18.373 15.596 14.686 18.199 17.619 15.535 17.380 17.085 19.872 19.242 18.411 21.347 23.642 22.970 23.576 26.591 28.048 28.106 29.663 32.367 33.235 33.855 37.541 38.075 36.568 35.472 37.632 34.504 33.676 36.295 35.989 36.624 39.658 41.050 40.234 39.671 41.633 44.974 44.330 44.178 40.444 41.002 41.249 37.486 36.938 40.177 39.916 36.465 35.980 34.734
24.058 27.863 29.174 32.491 35.048 35.254 31.538 30.856 33.792 32.410 28.941 30.687 32.939 30.146 28.695 32.164 33.567 36.801 39.520 37.125 39.510 42.194 40.618 40.808 38.004 39.953 39.680 35.876 35.802 38.517 36.668 33.488 35.744 37.405 34.494 31.897 33.634 30.984 28.194 25.030 24.141 27.566 27.908 31.272 32.243 35.224 38.129 37.174 33.886 31.764 29.781 29.697 26.496 25.918 28.176 30.357 30.181 29.245 30.339 28.438 31.645 31.415 28.558 25.193 23.825 23.266 23.732 26.975 29.513 31.581 32.587 30.128 30.186 26.921 28.744 26.079 23.479 20.913 19.821 22.052 19.254 18.486 21.988 21.267 19.118 20.691 20.469 23.435 22.769 22.115 25.107 27.304 26.576 27.294 30.340 31.691 31.737 33.393 36.092 36.863 37.500 41.210 41.824 40.318 39.256 41.437 38.303 37.479 40.074 39.730 40.390 43.448 44.800 43.933 43.378 45.385 48.699 47.990 47.748 44.014 44.454 44.642 40.891 40.226 43.370 42.908 39.446 38.788 37.661
27.088 30.883 32.426 35.821 38.390 38.764 35.076 34.276 37.260 36.015 32.494 34.094 36.443 33.718 32.099 35.494 36.802 40.138 42.736 40.196 42.401 45.212 43.673 44.043 41.320 43.215 42.759 38.959 38.974 41.541 39.512 36.387 38.641 40.072 37.024 34.482 36.389 33.948 30.979 27.836 26.589 29.847 29.815 32.984 33.592 36.552 39.208 38.117 34.706 32.896 31.214 31.556 28.595 28.415 30.952 33.017 32.504 31.437 32.142 29.888 32.913 32.894 30.323 26.821 24.981 24.284 24.162 27.382 30.160 31.926 33.099 30.998 31.258 28.263 30.366 28.043 25.129 22.740 21.399 23.829 21.189 20.886 24.500 23.817 22.066 23.921 23.855 26.662 25.982 24.975 27.917 30.300 29.399 29.813 32.999 34.421 34.149 35.728 38.634 39.309 39.665 43.415 44.098 42.839 41.865 43.847 40.565 39.863 42.340 42.185 43.032 45.957 47.274 46.601 46.215 48.169 51.576 50.973 50.902 47.183 47.786 47.962 44.188 43.674 46.862 46.483 43.054 42.490 41.343
30.288 34.081 35.703 39.028 41.729 42.063 38.337 37.717 40.739 39.395 35.945 37.682 39.966 37.159 35.674 39.096 40.486 43.774 46.421 43.915 46.153 48.956 47.423 47.734 44.962 46.845 46.466 42.663 42.586 45.164 43.192 40.011 42.164 43.615 40.608 37.974 39.786 37.380 34.349 31.324 29.965 33.238 33.201 36.337 36.873 39.890 42.441 41.375 37.888 36.262 34.643 35.119 32.199 32.036 34.570 36.722 36.163 35.158 35.788 33.453 36.428 36.504 34.020 30.487 28.502 27.693 27.326 30.455 33.383 35.018 36.303 34.384 34.728 31.842 34.004 31.766 28.771 26.465 25.067 27.488 24.813 24.643 28.231 27.409 25.650 27.346 27.391 30.313 29.673 28.755 31.694 34.060 33.164 33.610 36.799 38.200 37.917 39.516 42.432 43.076 43.412 47.171 47.877 46.639 45.659 47.623 44.328 43.602 46.024 45.835 46.746 49.683 50.935 50.233 49.898 51.906 55.306 54.643 54.528 50.817 51.363 51.462 47.691 47.133 50.246 49.725 46.311 45.663 44.632
33.583 37.368 39.010 42.406 45.002 45.376 41.680 40.888 43.841 42.550 39.026 40.568 42.845 40.039 38.359 41.654 43.059 46.442 48.923 46.245 48.293 51.253 49.872 50.388 47.764 49.719 49.159 45.368 45.497 48.009 45.861 42.806 45.085 46.367 43.221 40.749 42.761 40.441 37.383 34.266 32.811 35.926 35.584 38.535 38.756 41.625 43.969 42.669 39.187 37.730 36.442 37.190 34.479 34.620 37.324 39.254 38.517 37.263 37.606 35.003 37.730 37.812 35.548 32.026 29.778 29.115 28.297 31.459 34.401 35.664 36.897 35.283 35.611 32.975 35.209 33.273 30.024 28.045 26.707 29.394 27.022 26.973 30.664 30.104 28.568 30.522 30.433 33.157 32.303 31.125 34.133 36.519 35.338 35.620 38.972 40.278 39.695 41.352 44.411 44.838 44.974 48.764 49.650 48.622 47.843 49.692 46.290 45.795 48.214 48.265 49.208 51.998 53.346 52.849 52.543 54.401 57.864 57.380 57.402 53.682 54.333 54.555 50.778 50.273 53.473 53.078 49.633 48.987 47.805
36.764 40.538 42.278 45.630 48.337 48.719 44.998 44.333 47.341 46.008 42.532 44.175 46.439 43.597 42.010 45.336 46.765 50.120 52.643 49.994 52.062 55.010 53.605 54.079 51.407 53.322 52.808 49.014 49.055 51.550 49.437 46.331 48.511 49.787 46.670 44.118 46.059 43.796 40.667 37.656 36.080 39.192 38.833 41.743 41.897 44.816 47.053 45.798 42.257 40.980 39.741 40.611 37.944 38.111 40.831 42.841 42.038 40.859 41.129 38.468 41.158 41.357 39.181 35.625 33.261 32.464 31.471 34.506 37.570 38.736 40.092 38.641 39.081 36.548 38.855 36.991 33.708 31.747 30.313 32.944 30.522 30.614 34.274 33.573 32.059 33.913 33.956 36.767 35.991 34.858 37.831 40.244 39.103 39.375 42.714 44.048 43.456 45.086 48.164 48.599 48.697 52.486 53.360 52.363 51.553 53.363 49.945 49.409 51.756 51.777 52.803 55.599 56.868 56.355 56.122 58.039 61.506 60.967 60.973 57.265 57.896 58.033 54.253 53.747 56.887 56.390 52.972 52.295 51.221
40.106 43.886 45.547 48.932 51.532 51.861 48.153 47.378 50.281 48.915 45.396 46.904 49.085 46.192 44.487 47.690 49.210 52.611 54.995 52.220 54.152 57.224 56.000 56.621 54.084 56.120 55.499 51.718 51.950 54.452 52.230 49.238 51.559 52.761 49.551 47.145 49.225 46.954 43.869 40.750 39.216 42.244 41.715 44.513 44.471 47.235 49.345 47.872 44.391 43.172 42.181 43.175 40.632 40.961 43.746 45.564 44.718 43.310 43.425 40.607 43.085 43.184 41.139 37.663 35.203 34.637 33.379 36.469 39.444 40.297 41.501 40.259 40.573 38.221 40.470 38.813 35.369 33.733 32.486 35.342 33.180 33.215 36.946 36.508 35.060 37.054 36.888 39.563 38.542 37.291 40.371 42.704 41.302 41.540 45.005 46.171 45.372 47.127 50.268 50.468 50.468 54.273 55.348 54.482 53.883 55.659 52.189 51.873 54.277 54.488 55.458 58.147 59.549 59.177 58.891 60.657 64.148 63.764 63.835 60.107 60.764 61.050 57.277 56.739 59.947 59.528 56.055 55.306 54.078
41.057 44.792 46.597 50.096 52.594 53.134 49.495 48.469 51.389 50.259 46.644 47.908 50.245 47.515 45.561 48.669 49.992 53.510 55.732 52.813 54.525 57.698 56.488 57.331 54.916 56.876 56.012 52.266 52.641 54.959 52.533 49.662 52.028 52.970 49.633 47.378 49.669 47.601 44.428 41.289 39.545 42.346 41.480 44.040 43.679 46.307 48.175 46.567 43.101 42.123 41.431 42.731 40.454 41.130 44.124 45.752 44.625 43.085 42.868 39.834 42.085 42.346 40.592 37.107 34.379 33.774 32.134 35.097 38.101 38.669 39.945 39.022 39.497 37.436 39.869 38.538 34.975 33.493 32.098 35.006 33.089 33.425 37.153 36.841 35.756 38.053 37.958 40.398 39.385 37.790 40.753 43.251 41.739 41.652 45.174 46.436 45.359 46.964 50.261 50.415 50.130 53.911 55.003 54.393 53.874 55.428 51.859 51.679 53.961 54.384 55.499 58.013 59.405 59.263 59.126 60.790 64.363 64.136 64.429 60.731 61.610 61.931 58.145 57.813 61.117 60.907 57.469 56.907 55.580
37.741 41.443 43.394 46.919 49.460 50.158 46.548 45.490 48.517 47.541 43.920 45.183 47.681 45.088 43.119 46.296 47.430 50.962 53.240 50.374 52.117 55.217 53.831 54.639 52.153 53.957 53.077 49.332 49.595 51.817 49.394 46.471 48.730 49.613 46.299 43.978 46.247 44.288 41.029 37.977 36.086 38.852 37.976 40.536 40.214 42.940 44.836 43.379 39.844 38.910 38.105 39.433 37.157 37.854 40.897 42.614 41.388 40.004 39.781 36.789 39.161 39.604 37.844 34.261 31.485 30.622 29.058 31.929 35.058 35.829 37.303 36.298 36.982 34.858 37.450 36.058 32.591 30.843 29.174 31.896 29.841 30.394 34.060 33.563 32.610 34.944 35.081 37.522 36.749 35.086 37.887 40.550 39.241 39.023 42.452 43.933 42.927 44.336 47.650 48.020 47.700 51.459 52.355 51.731 51.039 52.524 48.953 48.617 50.790 51.129 52.368 54.907 56.166 55.995 55.981 57.744 61.334 61.031 61.371 57.706 58.670 58.866 55.067 54.870 58.159 57.983 54.617 54.223 52.989
34.679 38.350 40.288 43.874 46.294 47.077 43.528 42.293 45.292 44.455 40.785 41.888 44.468 41.993 39.883 43.008 44.019 47.598 49.803 46.893 48.561 51.675 50.275 51.170 48.746 50.522 49.535 45.811 46.162 48.318 45.814 42.962 45.288 46.090 42.722 40.501 42.883 40.964 37.728 34.611 32.725 35.408 34.439 36.964 36.615 39.286 41.221 39.717 36.212 35.193 34.407 35.732 33.501 34.292 37.394 39.002 37.724 36.272 36.007 33.001 35.373 35.808 34.059 30.471 27.685 26.857 25.326 28.272 31.349 32.178 33.620 32.538 33.228 31.085 33.718 32.354 28.900 27.123 25.409 28.156 26.198 26.798 30.462 30.086 29.277 31.790 31.897 34.174 33.401 31.577 34.318 37.044 35.719 35.374 38.803 40.340 39.275 40.613 43.959 44.359 43.982 47.730 48.594 48.012 47.327 48.767 45.183 44.883 47.058 47.462 48.698 51.190 52.482 52.380 52.371 54.079 57.689 57.454 57.874 54.221 55.277 55.525 51.729 51.621 54.970 54.939 51.588 51.306 49.985
31.484 35.209 37.009 40.546 43.002 43.648 40.052 38.938 41.927 40.959 37.324 38.574 41.083 38.524 36.554 39.767 40.879 44.391 46.724 43.924 45.774 48.798 47.356 48.084 45.563 47.393 46.575 42.816 43.072 45.375 43.017 40.073 42.399 43.417 40.139 37.814 40.058 37.951 34.801 31.644 29.972 32.862 32.201 34.970 34.958 37.741 39.959 38.583 35.095 33.757 32.645 33.625 31.124 31.597 34.529 36.281 35.262 33.915 33.988 31.221 33.846 34.103 32.042 28.454 25.974 25.207 24.175 27.290 30.277 31.466 32.801 31.316 31.837 29.357 31.819 30.106 26.797 24.796 23.200 25.897 23.702 23.995 27.687 27.237 26.123 28.463 28.492 30.929 30.163 28.579 31.412 34.034 32.828 32.733 36.107 37.604 36.797 38.234 41.445 41.933 41.812 45.579 46.391 45.569 44.792 46.430 42.937 42.508 44.809 45.030 46.123 48.769 50.089 49.793 49.643 51.429 54.976 54.624 54.879 51.195 52.100 52.339 48.545 48.299 51.607 51.473 48.088 47.713 46.431
29.025 32.727 34.752 38.253 40.896 41.691 38.090 37.128 40.306 39.440 35.880 37.309 39.971 37.533 35.729 39.095 40.023 43.467 45.973 43.351 45.346 48.194 46.482 47.026 44.322 45.925 45.227 41.465 41.424 43.655 41.428 38.318 40.388 41.442 38.287 35.732 37.788 35.781 32.493 29.554 27.677 30.639 30.147 33.013 33.197 36.214 38.514 37.473 33.876 32.609 31.201 32.122 29.520 29.842 32.740 34.782 33.721 32.749 32.942 30.359 33.228 33.746 31.614 27.917 25.495 24.256 23.499 26.376 29.553 31.114 32.753 31.123 31.934 29.329 31.931 30.035 26.992 24.542 22.556 24.811 22.217 22.789 26.318 25.383 24.297 26.455 26.927 29.541 29.222 27.762 30.343 33.138 32.344 32.209 35.367 37.152 36.594 37.776 40.918 41.747 41.685 45.396 45.906 44.971 43.887 45.495 42.060 41.309 43.448 43.418 44.676 47.437 48.513 48.058 48.064 50.075 53.604 53.039 53.249 49.612 50.528 50.514 46.707 46.566 49.768 49.530 46.252 46.025 44.996
25.254 28.972 30.967 34.457 37.122 37.920 34.320 33.397 36.617 35.775 32.245 33.750 36.456 34.078 32.361 35.799 36.659 40.046 42.651 40.150 42.268 44.993 43.162 43.576 40.783 42.328 41.731 37.962 37.800 40.071 37.951 34.763 36.780 37.954 34.884 32.235 34.184 32.098 28.841 25.918 24.140 27.233 26.991 30.036 30.521 33.639 36.164 35.302 31.741 30.242 28.521 29.155 26.357 26.429 29.208 31.395 30.485 29.695 30.153 27.834 30.929 31.399 29.056 25.372 23.242 21.920 21.683 24.562 27.641 29.571 31.186 29.225 30.007 27.163 29.672 27.510 24.733 21.981 19.946 21.949 19.093 19.554 22.997 21.882 20.653 22.704 23.281 25.980 25.848 24.536 27.029 29.832 29.278 29.236 32.249 34.128 33.809 34.924 37.944 38.959 39.059 42.732 43.089 41.983 40.744 42.447 39.102 38.178 40.343 40.138 41.346 44.217 45.248 44.647 44.608 46.712 50.196 49.521 49.649 46.015 46.881 46.807 43.001 42.848 46.020 45.756 42.501 42.323 41.359
24.320 28.067 29.966 33.274 36.158 36.754 33.064 32.551 35.822 34.728 31.367 33.263 35.821 33.301 31.983 35.575 36.594 39.789 42.634 40.385 42.785 45.312 43.383 43.467 40.474 42.008 41.751 37.973 37.512 39.958 38.157 34.788 36.613 38.107 35.283 32.386 33.955 31.676 28.506 25.763 24.215 27.578 27.848 31.134 32.039 35.312 38.045 37.449 33.922 32.261 30.178 30.431 27.357 26.922 29.355 31.870 31.303 30.831 31.698 29.739 33.050 33.419 30.815 27.221 25.481 24.122 24.358 27.153 30.151 32.366 33.953 31.732 32.409 29.332 31.614 29.111 26.619 23.677 21.800 23.499 20.312 20.444 23.698 22.227 20.509 21.966 22.657 25.741 25.797 25.023 27.514 30.123 29.868 30.208 33.021 34.855 34.940 36.123 38.901 40.061 40.481 44.114 44.358 42.957 41.540 43.454 40.282 39.108 41.317 40.781 41.877 44.955 45.893 44.978 44.835 47.124 50.485 49.555 49.412 45.780 46.387 46.163 42.383 42.025 45.024 44.459 41.211 40.868 40.143
20.804 24.581 26.319 29.607 32.464 32.982 29.281 28.800 32.057 30.930 27.594 29.564 32.107 29.611 28.389 32.028 33.037 36.160 39.085 36.955 39.474 41.885 39.897 39.856 36.804 38.346 38.203 34.426 33.895 36.435 34.757 31.347 33.181 34.844 32.119 29.186 30.642 28.198 25.158 22.378 21.119 24.630 25.222 28.682 29.914 33.190 36.150 35.669 32.273 30.321 27.967 27.835 24.558 23.785 26.000 28.613 28.310 27.968 29.162 27.531 30.997 31.203 28.376 24.912 23.597 22.341 23.136 25.931 28.677 31.169 32.600 30.064 30.589 27.302 29.362 26.597 24.428 21.309 19.590 21.038 17.703 17.491 20.596 19.048 17.029 18.289 18.950 22.136 22.303 21.774 24.218 26.723 26.673 27.195 29.849 31.681 32.025 33.206 35.813 37.092 37.716 41.293 41.446 39.857 38.347 40.400 37.353 36.066 38.360 37.674 38.625 41.804 42.768 41.708 41.439 43.768 47.062 46.059 45.807 42.166 42.684 42.470 38.699 38.268 41.257 40.680 37.414 37.066 36.345
18.054 21.842 23.527 26.970 29.613 30.258 26.631 25.804 29.030 28.120 24.649 26.351 29.047 26.724 25.244 28.821 29.650 32.876 35.697 33.481 35.904 38.353 36.352 36.451 33.487 35.026 34.709 30.926 30.556 33.037 31.213 27.887 29.886 31.455 28.619 25.828 27.496 25.050 22.042 19.047 17.870 21.336 21.858 25.333 26.603 29.783 32.835 32.297 29.008 26.863 24.466 24.208 20.902 20.174 22.481 24.954 24.634 24.194 25.430 23.879 27.381 27.513 24.633 21.209 20.073 18.920 20.032 22.859 25.392 28.003 29.309 26.612 27.079 23.724 25.743 22.937 20.920 17.678 15.951 17.315 13.998 13.688 16.829 15.447 13.526 15.184 15.758 18.718 18.895 18.132 20.515 23.134 23.091 23.467 26.117 28.034 28.337 29.434 32.068 33.396 33.975 37.534 37.652 36.095 34.599 36.625 33.560 32.322 34.666 34.072 34.988 38.120 39.170 38.205 37.911 40.152 43.491 42.606 42.474 38.818 39.476 39.376 35.584 35.273 38.399 38.072 34.794 34.612 33.704
14.944 18.738 20.108 23.527 26.076 26.589 22.952 22.119 25.294 24.331 20.863 22.634 25.301 23.001 21.620 25.250 26.085 29.227 32.139 30.063 32.635 34.947 32.899 32.851 29.828 31.415 31.237 27.452 27.031 29.659 27.989 24.636 26.694 28.493 25.790 23.008 24.540 21.841 19.085 15.995 15.374 18.983 19.946 23.582 25.249 28.343 31.634 31.212 28.160 25.669 22.993 22.195 18.656 17.431 19.380 21.937 22.029 21.725 23.415 22.338 25.955 25.825 22.681 19.534 19.052 18.161 19.945 22.684 24.793 27.646 28.694 25.665 25.883 22.327 23.971 20.852 19.331 15.976 14.636 15.606 12.261 11.261 14.098 12.721 10.248 11.635 12.024 15.124 15.412 15.032 17.368 19.795 20.013 20.674 23.100 24.969 25.617 26.742 29.130 30.577 31.431 34.908 34.940 33.142 31.561 33.781 30.892 29.546 32.023 31.260 31.947 35.196 36.313 35.176 34.686 36.949 40.200 39.245 38.974 35.296 35.832 35.785 32.007 31.579 34.713 34.393 31.073 30.869 29.917
16.850 20.602 21.595 24.726 27.401 27.452 23.688 23.353 26.380 24.898 21.617 23.809 26.057 23.363 22.426 26.133 27.424 30.354 33.427 31.517 34.317 36.543 34.637 34.324 31.217 33.007 33.177 29.412 28.876 31.777 30.412 27.023 29.021 31.147 28.668 25.822 27.017 24.051 21.580 18.646 18.450 22.167 23.447 27.145 28.960 32.037 35.379 34.957 31.952 29.391 26.689 25.702 22.076 20.520 22.052 24.693 25.180 24.900 26.822 25.870 29.452 29.075 25.787 22.801 22.486 21.844 23.565 26.420 28.489 31.258 32.156 29.087 29.042 25.402 26.752 23.473 21.933 18.838 17.964 19.121 15.909 14.465 17.185 15.912 12.940 13.503 13.465 16.924 16.912 17.198 19.799 21.728 21.877 23.077 25.471 26.969 27.858 29.311 31.475 32.758 33.920 37.398 37.575 35.556 34.053 36.520 33.785 32.451 35.067 34.154 34.591 37.951 39.137 37.785 37.058 39.340 42.440 41.359 40.784 37.088 37.263 37.242 33.533 32.714 35.690 35.027 31.609 30.985 30.133
16.578 20.268 21.645 24.624 27.665 27.885 24.125 24.183 27.449 26.059 23.032 25.512 27.856 25.343 24.744 28.524 29.599 32.353 35.590 33.929 36.828 38.831 36.660 36.113 32.808 34.274 34.634 30.930 29.961 32.730 31.585 28.005 29.561 31.727 29.465 26.301 27.143 24.364 21.691 19.239 18.684 22.460 23.953 27.682 29.642 32.958 36.264 36.187 33.060 30.745 27.849 26.932 23.320 21.645 23.090 26.103 26.472 26.669 28.579 27.737 31.431 31.408 28.230 25.162 24.716 23.557 25.256 27.798 30.119 33.060 34.302 31.317 31.625 28.065 29.627 26.394 25.001 21.683 20.354 21.053 17.518 16.654 19.022 17.045 14.260 14.309 15.142 18.762 19.400 19.825 21.977 24.061 24.663 25.727 27.833 29.612 30.670 31.817 33.906 35.488 36.620 39.999 39.888 37.831 36.027 38.385 35.727 34.058 36.407 35.208 35.884 39.332 40.182 38.647 38.154 40.706 43.753 42.399 41.752 38.157 38.308 37.915 34.226 33.520 36.271 35.364 32.131 31.647 31.242
16.316 19.995 21.976 25.147 28.239 28.961 25.323 25.097 28.576 27.657 24.553 26.760 29.472 27.303 26.416 30.145 30.804 33.702 36.828 35.061 37.756 39.806 37.455 37.100 33.823 34.995 35.083 31.392 30.386 32.818 31.445 27.844 29.248 31.056 28.650 25.413 26.445 24.084 20.992 18.671 17.373 21.000 22.141 25.747 27.480 30.942 34.076 34.110 30.810 28.820 25.989 25.479 22.064 20.810 22.684 25.727 25.567 25.890 27.424 26.357 30.050 30.466 27.567 24.271 23.410 21.745 23.203 25.500 28.115 31.080 32.683 29.918 30.664 27.305 29.293 26.331 24.836 21.329 19.377 19.866 16.164 16.145 18.519 16.183 14.114 14.703 16.202 19.538 20.546 20.397 22.213 24.782 25.478 25.993 28.100 30.268 31.067 31.845 34.168 35.929 36.706 40.072 39.778 37.981 36.043 38.081 35.269 33.509 35.577 34.458 35.525 38.860 39.492 38.137 38.012 40.636 43.818 42.498 42.135 38.604 39.094 38.527 34.788 34.495 37.294 36.592 33.522 33.442 33.106
19.843 23.451 25.612 28.753 31.908 32.693 29.067 28.874 32.371 31.452 28.348 30.528 33.238 31.010 30.066 33.782 34.478 37.435 40.515 38.652 41.263 43.414 41.100 40.832 37.586 38.736 38.746 35.054 34.077 36.415 34.949 31.369 32.720 34.365 31.883 28.649 29.753 27.586 24.351 22.112 20.469 23.942 24.753 28.197 29.614 33.131 36.048 36.019 32.544 30.863 28.259 28.155 24.927 24.018 26.123 29.098 28.661 28.884 30.098 28.695 32.285 32.894 30.185 26.708 25.397 23.559 24.484 26.785 29.718 32.470 34.282 31.797 32.727 29.526 31.764 29.010 27.171 23.761 21.598 22.362 18.724 19.074 21.677 19.400 17.637 18.443 19.933 23.208 24.079 23.703 25.611 28.294 28.792 29.153 31.432 33.616 34.186 34.969 37.465 39.134 39.730 43.163 42.936 41.302 39.425 41.332 38.395 36.712 38.676 37.671 38.905 42.158 42.727 41.487 41.508 44.126 47.365 46.078 45.799 42.288 42.844 42.227 38.489 38.258 41.029 40.285 37.254 37.158 36.869
21.341 24.910 27.323 30.658 33.659 34.732 31.199 30.617 34.134 33.510 30.241 32.062 34.978 32.909 31.585 35.190 35.682 38.839 41.714 39.615 41.961 44.291 42.003 42.047 38.956 40.042 39.708 36.017 35.264 37.367 35.574 32.124 33.577 34.843 32.111 29.044 30.519 28.653 25.207 22.863 20.761 23.946 24.175 27.367 28.329 31.808 34.472 34.286 30.679 29.297 27.013 27.407 24.476 24.144 26.687 29.414 28.511 28.521 29.263 27.466 30.893 31.765 29.361 25.711 23.913 21.862 22.279 24.523 27.702 30.238 32.254 30.079 31.274 28.328 30.903 28.498 26.383 23.049 20.529 21.467 18.005 18.929 21.722 19.616 18.471 19.931 21.459 24.387 25.177 24.228 26.078 29.059 29.331 29.251 31.709 34.040 34.215 34.845 37.617 39.220 39.457 42.930 42.740 41.422 39.642 41.280 38.145 36.624 38.454 37.739 39.207 42.262 42.824 41.893 42.127 44.629 48.014 46.932 46.952 43.455 44.309 43.754 39.978 40.019 42.935 42.468 39.470 39.586 39.129
23.107 26.451 29.201 32.463 35.558 36.901 33.485 32.940 36.568 36.172 33.003 34.793 37.849 35.981 34.676 38.257 38.511 41.638 44.499 42.456 44.724 46.981 44.536 44.585 41.468 42.286 41.896 38.288 37.372 39.220 37.425 33.970 35.138 36.182 33.522 30.388 31.785 30.288 26.679 24.700 22.181 25.085 25.122 28.067 28.842 32.408 34.825 34.856 31.153 30.199 28.004 28.719 26.059 25.957 28.593 31.375 30.163 30.407 30.884 29.024 32.363 33.622 31.494 27.803 25.761 23.294 23.423 25.241 28.651 31.144 33.511 31.613 33.187 30.485 33.303 31.118 29.043 25.674 22.817 23.458 20.041 21.508 24.051 21.675 20.978 22.401 24.332 27.134 28.225 27.144 28.677 31.837 32.282 31.931 34.250 36.809 36.915 37.257 40.081 41.849 41.888 45.280 44.896 43.725 41.795 43.191 40.044 38.383 39.908 39.149 40.913 43.884 44.175 43.298 43.833 46.445 49.845 48.687 48.832 45.447 46.452 45.669 41.927 42.208 45.023 44.557 41.740 42.077 41.818
26.276 29.617 32.302 35.441 38.659 39.854 36.374 36.066 39.687 39.091 35.989 37.967 40.893 38.856 37.708 41.349 41.783 44.860 47.801 45.793 48.146 50.405 48.000 47.953 44.775 45.651 45.394 41.770 40.779 42.717 41.026 37.522 38.629 39.777 37.194 33.996 35.247 33.686 30.126 28.213 25.793 28.753 28.876 31.812 32.567 36.135 38.483 38.506 34.777 33.909 31.772 32.510 29.827 29.642 32.184 35.033 33.908 34.144 34.644 32.733 36.036 37.255 35.107 31.397 29.295 26.915 26.863 28.729 32.202 34.557 36.930 35.126 36.650 33.951 36.745 34.536 32.323 29.045 26.311 27.130 23.724 25.021 27.658 25.300 24.380 25.587 27.422 30.407 31.392 30.476 32.168 35.220 35.600 35.411 37.794 40.245 40.380 40.856 43.666 45.358 45.461 48.895 48.582 47.368 45.464 46.925 43.786 42.129 43.676 42.868 44.601 47.614 47.888 46.938 47.442 50.095 53.460 52.229 52.267 48.878 49.753 48.922 45.196 45.346 48.070 47.413 44.585 44.760 44.607
25.741 29.256 31.594 34.693 37.915 38.762 35.149 34.998 38.510 37.577 34.473 36.627 39.324 37.017 36.010 39.704 40.458 43.485 46.507 44.521 47.025 49.304 47.048 46.891 43.685 44.817 44.734 41.042 40.108 42.337 40.759 37.215 38.504 39.949 37.387 34.179 35.362 33.424 30.051 27.909 25.926 29.182 29.594 32.782 33.769 37.297 39.882 39.757 36.101 34.860 32.603 33.007 30.045 29.543 31.890 34.767 34.012 34.101 34.909 33.099 36.496 37.338 34.903 31.254 29.408 27.414 27.608 29.849 33.136 35.528 37.587 35.530 36.679 33.738 36.258 33.802 31.552 28.342 25.995 27.079 23.617 24.337 27.155 24.983 23.531 24.538 26.000 29.211 29.916 29.295 31.310 34.101 34.352 34.538 37.019 39.200 39.481 40.279 42.982 44.515 44.878 48.386 48.259 46.842 45.056 46.795 43.709 42.138 43.969 43.118 44.551 47.690 48.182 47.095 47.295 49.897 53.204 51.964 51.789 48.305 48.936 48.262 44.528 44.365 47.099 46.298 43.312 43.183 42.949
27.153 30.570 32.791 35.642 39.026 39.678 36.048 36.289 39.786 38.633 35.742 38.193 40.709 38.296 37.638 41.398 42.296 45.136 48.320 46.539 49.234 51.360 49.062 48.646 45.310 46.426 46.627 42.965 41.800 44.142 42.838 39.196 40.299 41.974 39.639 36.281 37.128 35.088 31.846 29.922 28.145 31.509 32.262 35.549 36.779 40.375 43.049 43.087 39.465 38.163 35.728 35.910 32.818 31.994 34.051 37.123 36.613 36.903 37.950 36.350 39.836 40.602 38.029 34.455 32.815 30.851 31.238 33.445 36.683 39.180 41.211 39.043 40.109 37.054 39.424 36.789 34.671 31.424 29.226 30.190 26.616 27.108 29.776 27.436 25.687 26.204 27.701 31.125 31.919 31.687 33.700 36.297 36.717 37.174 39.521 41.622 42.157 43.028 45.554 47.148 47.725 51.201 51.022 49.411 47.526 49.405 46.455 44.732 46.575 45.492 46.839 50.104 50.514 49.195 49.323 52.053 55.240 53.799 53.399 49.949 50.351 49.541 45.872 45.530 48.065 46.973 44.039 43.746 43.754
25.120 28.442 30.477 33.110 36.584 37.055 33.432 33.986 37.446 36.140 33.454 36.146 38.514 36.084 35.750 39.547 40.511 43.145 46.471 44.928 47.809 49.734 47.373 46.696 43.250 44.338 44.809 41.199 39.823 42.280 41.260 37.546 38.502 40.439 38.344 34.876 35.401 33.202 30.158 28.413 26.957 30.452 31.640 35.084 36.685 40.314 43.194 43.409 39.904 38.372 35.659 35.452 32.179 30.938 32.633 35.881 35.702 36.223 37.621 36.373 39.995 40.614 37.836 34.419 33.170 31.283 32.119 34.305 37.348 40.087 41.997 39.562 40.484 37.248 39.379 36.498 34.686 31.338 29.328 30.035 26.343 26.526 28.933 26.431 24.362 24.361 25.907 29.482 30.440 30.626 32.545 34.924 35.605 36.335 38.453 40.495 41.362 42.256 44.533 46.244 47.086 50.479 50.198 48.346 46.337 48.385 45.626 43.731 45.622 44.285 45.475 48.876 49.243 47.674 47.670 50.505 53.551 51.927 51.304 47.890 48.075 47.174 43.573 43.068 45.442 44.143 41.252 40.856 41.052
27.500 30.902 32.614 35.183 38.593 38.738 35.038 35.701 38.997 37.372 34.698 37.481 39.588 36.885 36.648 40.430 41.722 44.323 47.658 46.085 49.033 51.028 48.868 48.158 44.750 46.093 46.663 43.016 41.768 44.439 43.458 39.778 40.920 43.017 40.893 37.499 38.046 35.603 32.729 30.780 29.624 33.234 34.465 37.988 39.588 43.140 46.085 46.104 42.622 40.930 38.283 37.983 34.607 33.279 34.890 38.050 38.080 38.376 39.874 38.569 42.159 42.513 39.608 36.230 35.039 33.469 34.249 36.703 39.674 42.284 43.983 41.502 42.154 38.834 40.787 37.827 35.869 32.716 31.030 32.073 28.480 28.277 30.885 28.676 26.299 26.246 27.339 31.008 31.590 31.948 34.185 36.323 36.760 37.764 40.033 41.788 42.662 43.861 46.101 47.582 48.570 52.037 51.983 50.046 48.218 50.446 47.690 45.957 48.061 46.788 47.756 51.194 51.761 50.163 49.930 52.664 55.672 54.101 53.338 49.856 49.848 49.123 45.540 44.762 47.140 45.725 42.703 41.986 42.073
25.536 29.113 30.720 33.504 36.745 36.879 33.121 33.487 36.727 35.118 32.233 34.832 36.975 34.214 33.728 37.479 38.820 41.568 44.795 43.045 45.901 48.045 46.009 45.482 42.185 43.691 44.090 40.382 39.389 42.115 40.945 37.345 38.765 40.809 38.498 35.252 36.069 33.513 30.644 28.374 27.311 30.961 32.051 35.602 37.116 40.564 43.549 43.355 39.914 38.076 35.524 35.216 31.818 30.590 32.327 35.311 35.341 35.381 36.848 35.449 38.993 39.194 36.257 32.886 31.707 30.352 31.136 33.780 36.647 39.183 40.716 38.192 38.694 35.349 37.245 34.301 32.248 29.184 27.634 28.896 25.409 25.037 27.836 25.904 23.477 23.730 24.538 28.140 28.468 28.673 31.089 33.229 33.445 34.434 36.862 38.525 39.264 40.577 42.899 44.236 45.184 48.708 48.799 46.923 45.255 47.508 44.674 43.127 45.373 44.288 45.161 48.544 49.308 47.853 47.515 50.094 53.176 51.794 51.130 47.565 47.642 47.141 43.494 42.713 45.294 44.095 40.927 40.200 39.989
22.530 26.084 27.435 30.130 33.335 33.305 29.534 30.013 33.184 31.461 28.655 31.372 33.409 30.625 30.313 34.082 35.477 38.105 41.405 39.796 42.771 44.789 42.742 42.070 38.732 40.281 40.831 37.151 36.096 38.940 37.932 34.326 35.752 37.990 35.813 32.569 33.234 30.489 27.832 25.571 24.883 28.628 30.035 33.706 35.503 38.903 42.073 41.952 38.663 36.565 33.816 33.146 29.601 28.041 29.487 32.526 32.862 33.001 34.771 33.681 37.307 37.316 34.198 31.009 30.229 29.037 30.252 32.905 35.516 38.238 39.588 36.813 37.132 33.635 35.274 32.122 30.369 27.252 25.942 27.009 23.503 22.762 25.349 23.418 20.682 20.587 21.277 24.969 25.346 25.882 28.257 30.188 30.571 31.793 34.048 35.628 36.621 37.975 40.093 41.491 42.656 46.109 46.150 44.090 42.374 44.777 42.095 40.477 42.817 41.598 42.283 45.749 46.563 44.962 44.460 47.050 50.037 48.590 47.787 44.220 44.158 43.691 40.077 39.161 41.706 40.455 37.253 36.447 36.245
20.739 24.382 25.421 28.226 31.201 31.025 27.218 27.475 30.497 28.689 25.733 28.323 30.282 27.389 26.933 30.666 32.196 34.893 38.118 36.408 39.361 41.466 39.571 38.997 35.764 37.525 38.002 34.290 33.477 36.449 35.356 31.857 33.566 35.854 33.582 30.525 31.365 28.415 25.939 23.373 23.040 26.817 28.232 31.945 33.776 37.012 40.285 39.981 36.832 34.475 31.760 30.896 27.281 25.650 27.034 29.884 30.409 30.312 32.210 31.188 34.775 34.501 31.257 28.203 27.666 26.836 28.246 31.080 33.428 36.124 37.191 34.267 34.306 30.716 32.124 28.878 27.178 24.184 23.225 24.450 21.120 19.928 22.595 21.039 18.067 18.093 18.288 21.936 21.988 22.584 25.171 26.931 27.130 28.512 30.852 32.239 33.231 34.768 36.846 38.095 39.355 42.830 43.020 40.916 39.364 41.885 39.215 37.771 40.311 39.217 39.685 43.128 44.173 42.636 41.928 44.353 47.346 46.053 45.255 41.616 41.534 41.321 37.689 36.665 39.367 38.279 34.928 34.026 33.524
19.503 22.986 23.512 26.079 28.944 28.399 24.595 25.090 27.897 25.789 23.008 25.799 27.451 24.413 24.293 28.010 29.758 32.236 35.554 34.050 37.179 39.119 37.298 36.502 33.244 35.143 35.876 32.233 31.375 34.550 33.720 30.272 32.003 34.571 32.516 29.533 30.138 26.924 24.862 22.348 22.626 26.423 28.207 31.987 34.109 37.217 40.659 40.403 37.475 34.843 31.977 30.678 26.948 24.903 25.815 28.653 29.641 29.611 31.882 31.240 34.838 34.262 30.821 28.082 28.055 27.529 29.343 32.172 34.180 36.988 37.785 34.626 34.371 30.651 31.649 28.181 26.853 23.968 23.468 24.513 21.336 19.589 21.915 20.527 17.152 16.603 16.374 20.086 20.034 21.208 23.794 25.104 25.439 27.241 29.356 30.488 31.820 33.509 35.269 36.500 38.087 41.461 41.663 39.308 37.769 40.521 38.080 36.609 39.297 38.054 38.208 41.737 42.884 41.156 40.175 42.571 45.398 44.032 42.996 39.363 39.011 38.891 35.350 34.036 36.651 35.428 32.011 30.859 30.346
19.176 22.524 22.505 24.989 27.516 26.645 22.882 23.263 25.740 23.392 20.590 23.301 24.657 21.410 21.315 24.941 26.977 29.399 32.656 31.142 34.309 36.268 34.672 33.884 30.756 32.939 33.711 30.104 29.496 32.852 32.060 28.796 30.787 33.476 31.447 28.730 29.394 25.952 24.292 21.589 22.430 26.133 27.993 31.742 33.935 36.804 40.336 39.922 37.223 34.322 31.504 29.918 26.173 23.971 24.609 27.176 28.516 28.263 30.746 30.297 33.787 32.829 29.248 26.819 27.196 27.142 29.180 32.119 33.759 36.509 36.943 33.630 32.995 29.206 29.790 26.204 25.078 22.475 22.550 23.687 20.872 18.530 20.721 19.862 16.253 15.605 14.565 18.103 17.564 19.078 21.864 22.723 22.871 25.035 27.129 27.894 29.348 31.304 32.876 33.901 35.714 39.052 39.433 36.952 35.616 38.561 36.243 34.964 37.878 36.721 36.536 40.040 41.443 39.720 38.437 40.634 43.377 42.143 41.014 37.339 36.840 37.019 33.539 31.986 34.683 33.556 29.996 28.606 27.775
17.316 20.497 20.079 22.576 24.775 23.800 20.100 20.205 22.483 20.126 17.196 19.749 21.051 17.774 17.559 21.169 23.253 25.702 28.913 27.377 30.558 32.512 30.984 30.244 27.201 29.528 30.250 26.662 26.249 29.684 28.877 25.766 27.961 30.686 28.677 26.199 26.943 23.375 22.042 19.209 20.528 24.072 26.004 29.684 31.967 34.617 38.220 37.753 35.292 32.179 29.361 27.492 23.769 21.419 21.806 24.149 25.759 25.404 28.084 27.901 31.310 30.107 26.437 24.316 25.125 25.386 27.729 30.615 31.886 34.663 34.840 31.378 30.513 26.692 26.952 23.264 22.494 20.028 20.513 21.496 19.015 16.226 18.104 17.651 13.937 13.213 11.508 14.831 14.028 15.836 18.633 19.189 19.342 21.718 23.690 24.294 25.897 27.924 29.335 30.331 32.287 35.558 35.964 33.395 32.134 35.182 32.972 31.784 34.826 33.721 33.313 36.788 38.351 36.654 35.190 37.251 39.960 38.837 37.716 34.011 33.512 33.902 30.438 28.830 31.664 30.756 27.106 25.733 24.601
18.538 21.487 20.633 23.086 24.767 23.584 20.086 19.782 21.591 19.153 16.126 18.226 19.220 15.760 15.227 18.615 21.028 23.548 26.534 24.807 27.896 30.013 28.831 28.297 25.545 28.220 28.789 25.259 25.326 28.843 27.912 25.131 27.690 30.354 28.268 26.213 27.193 23.555 22.592 19.542 21.252 24.524 26.284 29.797 31.967 34.294 37.885 37.155 34.936 31.624 29.022 27.017 23.436 21.187 21.450 23.279 25.106 24.337 27.063 26.950 30.125 28.509 24.787 23.020 24.157 24.976 27.373 30.367 31.257 33.841 33.615 30.097 28.812 25.012 24.832 21.134 20.492 18.514 19.675 20.886 18.990 15.721 17.507 17.846 14.275 13.888 11.245 13.885 12.190 14.116 17.208 17.258 16.913 19.613 21.695 21.813 23.361 25.740 27.046 27.688 29.788 33.059 33.756 31.173 30.260 33.439 31.286 30.453 33.727 32.879 32.149 35.486 37.376 35.841 34.101 35.839 38.512 37.668 36.585 32.847 32.322 33.126 29.744 28.000 30.994 30.367 26.612 25.095 23.448
22.013 25.091 24.358 26.869 28.487 27.271 23.827 23.421 25.086 22.618 19.606 21.435 22.251 18.704 17.937 21.040 23.675 26.272 29.009 27.042 29.920 32.280 31.420 31.125 28.605 31.455 31.857 28.345 28.695 32.181 31.060 28.410 31.134 33.652 31.378 29.444 30.656 27.081 25.987 22.762 24.217 27.483 28.913 32.366 34.242 36.508 39.984 38.965 36.671 33.412 31.091 29.373 25.895 24.009 24.585 26.180 27.799 26.650 29.092 28.596 31.607 29.860 26.225 24.359 25.183 26.240 28.236 31.500 32.475 34.758 34.404 31.047 29.584 25.860 25.686 22.180 21.021 19.423 20.762 22.564 20.827 17.622 19.894 20.522 17.144 17.263 14.623 17.052 14.899 16.305 19.742 19.811 18.835 21.453 23.922 23.760 24.893 27.574 29.072 29.299 31.271 34.666 35.709 33.308 32.726 35.866 33.569 33.056 36.421 35.846 35.099 38.300 40.361 39.023 37.249 38.790 41.508 40.869 39.870 36.120 35.621 36.608 33.261 31.481 34.509 33.931 30.154 28.488 26.675
22.947 26.182 25.709 28.161 30.166 28.955 25.364 25.385 27.307 24.724 21.866 24.111 24.977 21.412 21.025 24.282 26.850 29.324 32.251 30.462 33.454 35.687 34.653 34.145 31.415 34.091 34.691 31.144 31.143 34.635 33.659 30.769 33.227 35.845 33.646 31.389 32.388 28.827 27.489 24.433 25.594 29.091 30.641 34.236 36.170 38.695 42.172 41.306 38.791 35.697 33.245 31.666 28.070 26.116 26.770 28.741 30.236 29.352 31.752 31.141 34.316 32.841 29.236 27.082 27.585 28.249 30.089 33.353 34.681 37.047 36.985 33.707 32.517 28.779 28.920 25.429 24.079 22.186 23.045 24.809 22.622 19.771 22.199 22.271 18.763 18.623 16.566 19.497 17.860 19.290 22.598 22.937 22.261 24.747 27.171 27.255 28.444 30.965 32.515 32.918 34.838 38.248 39.152 36.731 35.946 39.044 36.714 35.974 39.206 38.440 37.881 41.198 43.049 41.562 39.932 41.699 44.408 43.548 42.439 38.711 38.118 38.831 35.456 33.649 36.500 35.601 31.879 30.137 28.714
22.188 25.670 25.738 28.412 30.760 29.930 26.203 26.225 28.576 26.270 23.264 25.603 26.923 23.557 23.028 26.497 28.705 31.352 34.365 32.511 35.457 37.730 36.414 35.958 33.060 35.459 35.948 32.288 32.071 35.401 34.297 31.181 33.469 35.947 33.630 31.107 32.154 28.770 26.979 23.955 24.582 28.222 29.649 33.308 35.146 37.913 41.319 40.560 37.791 34.931 32.435 31.155 27.525 25.747 26.763 29.016 30.126 29.407 31.588 30.726 34.049 32.966 29.469 26.920 26.982 27.193 28.822 32.047 33.754 36.186 36.491 33.344 32.554 28.840 29.475 26.069 24.444 22.158 22.400 24.151 21.564 19.213 21.919 21.515 18.130 18.207 16.836 20.098 18.961 19.974 23.176 24.100 23.622 25.681 28.210 28.763 29.787 32.012 33.843 34.495 36.130 39.626 40.340 38.074 37.066 39.958 37.434 36.508 39.544 38.735 38.545 41.899 43.520 42.069 40.759 42.729 45.590 44.630 43.673 39.936 39.566 39.996 36.487 34.968 37.834 36.910 33.269 31.824 30.667
24.123 27.680 28.062 30.708 33.328 32.602 28.824 29.076 31.614 29.330 26.421 28.931 30.332 27.012 26.619 30.149 32.271 34.885 37.977 36.180 39.144 41.381 39.953 39.422 36.414 38.660 39.212 35.534 35.108 38.369 37.303 34.044 36.126 38.581 36.280 33.544 34.487 31.222 29.186 26.327 26.581 30.311 31.702 35.394 37.169 40.125 43.455 42.789 39.825 37.183 34.674 33.623 29.994 28.307 29.475 31.942 32.845 32.281 34.314 33.278 36.665 35.838 32.442 29.664 29.381 29.259 30.624 33.813 35.841 38.261 38.831 35.835 35.297 31.646 32.567 29.261 27.433 25.007 24.851 26.606 23.754 21.835 24.657 23.871 20.604 20.639 19.784 23.230 22.403 23.286 26.378 27.538 27.179 29.060 31.607 32.344 33.306 35.406 37.342 38.086 39.606 43.133 43.767 41.560 40.434 43.232 40.637 39.584 42.481 41.590 41.605 44.998 46.447 44.952 43.813 45.931 48.819 47.734 46.765 43.056 42.690 42.909 39.380 37.923 40.671 39.561 36.005 34.584 33.701
25.023 28.685 29.533 32.320 35.148 34.745 30.936 31.139 33.942 31.906 28.917 31.399 33.100 29.947 29.406 33.014 34.879 37.622 40.720 38.843 41.718 44.012 42.417 41.973 38.897 40.933 41.354 37.624 37.085 40.166 38.968 35.595 37.535 39.804 37.401 34.510 35.524 32.492 30.097 27.321 27.053 30.788 31.968 35.619 37.213 40.333 43.523 42.919 39.748 37.388 34.938 34.232 30.684 29.259 30.751 33.353 33.880 33.407 35.163 33.867 37.290 36.807 33.587 30.526 29.809 29.303 30.347 33.455 35.822 38.205 39.093 36.305 36.112 32.576 33.898 30.764 28.696 26.081 25.421 27.183 24.116 22.750 25.741 24.633 21.670 21.964 21.650 25.159 24.643 25.141 28.105 29.679 29.391 30.902 33.535 34.586 35.352 37.226 39.391 40.270 41.524 45.106 45.627 43.596 42.348 44.939 42.184 41.039 43.747 42.877 43.206 46.572 47.839 46.427 45.568 47.804 50.811 49.688 48.876 45.182 45.017 45.038 41.432 40.227 42.981 41.888 38.426 37.244 36.524
26.656 30.206 31.129 33.698 36.736 36.278 32.483 33.057 35.924 33.796 31.043 33.788 35.412 32.274 32.064 35.722 37.581 40.146 43.388 41.720 44.727 46.853 45.138 44.467 41.252 43.152 43.796 40.113 39.290 42.369 41.393 37.905 39.575 41.958 39.745 36.667 37.389 34.401 31.998 29.518 29.179 32.956 34.328 38.015 39.736 42.993 46.186 45.787 42.552 40.301 37.717 36.988 33.405 31.826 33.172 35.999 36.568 36.367 38.196 37.001 40.506 40.162 36.942 33.856 33.127 32.386 33.442 36.403 38.902 41.385 42.440 39.667 39.614 36.077 37.451 34.272 32.306 29.573 28.750 30.288 27.041 25.843 28.654 27.208 24.218 24.130 24.137 27.794 27.568 28.288 31.074 32.628 32.597 34.166 36.628 37.758 38.702 40.481 42.543 43.567 44.899 48.429 48.812 46.683 45.270 47.877 45.207 43.861 46.459 45.374 45.768 49.223 50.312 48.722 47.927 50.331 53.255 51.922 50.964 47.336 47.032 46.836 43.285 42.021 44.561 43.197 39.848 38.605 38.206
29.044 32.605 33.841 36.464 39.626 39.373 35.586 36.140 39.150 37.171 34.389 37.101 38.883 35.833 35.532 39.218 40.943 43.583 46.814 45.086 48.023 50.198 48.400 47.794 44.549 46.319 46.876 43.173 42.286 45.231 44.167 40.625 42.184 44.417 42.144 38.979 39.741 36.952 34.320 31.935 31.219 34.939 36.119 39.725 41.265 44.620 47.662 47.299 43.915 41.923 39.435 39.000 35.524 34.170 35.737 38.624 38.915 38.760 40.354 38.948 42.430 42.334 39.274 36.011 34.946 33.946 34.686 37.557 40.311 42.702 43.992 41.428 41.619 38.209 39.853 36.836 34.679 31.890 30.752 32.318 28.990 28.198 31.107 29.484 26.761 26.855 27.175 30.821 30.743 31.208 33.919 35.717 35.686 37.016 39.548 40.852 41.636 43.287 45.508 46.583 47.726 51.294 51.627 49.638 48.167 50.622 47.841 46.455 48.908 47.855 48.472 51.890 52.847 51.327 50.734 53.209 56.207 54.853 54.001 50.395 50.216 49.886 46.303 45.200 47.722 46.352 43.082 41.975 41.688
30.292 33.680 34.953 37.335 40.658 40.366 36.638 37.527 40.575 38.547 36.007 38.940 40.658 37.667 37.670 41.392 43.077 45.533 48.897 47.392 50.458 52.444 50.513 49.676 46.305 47.918 48.694 45.058 43.893 46.817 45.987 42.356 43.639 45.981 43.927 40.607 41.064 38.332 35.744 33.671 32.947 36.668 38.068 41.693 43.398 46.859 49.921 49.789 46.390 44.468 41.822 41.301 37.794 36.257 37.635 40.720 41.087 41.216 42.922 41.684 45.251 45.265 42.183 38.940 37.953 36.759 37.612 40.312 43.123 45.654 47.075 44.476 44.780 41.343 42.995 39.899 37.912 34.990 33.745 35.043 31.574 30.876 33.558 31.643 28.892 28.612 29.202 32.943 33.148 33.843 36.359 38.116 38.363 39.759 42.089 43.476 44.466 46.006 48.096 49.341 50.581 54.078 54.246 52.141 50.490 52.963 50.296 48.697 51.036 49.754 50.417 53.919 54.690 52.984 52.450 55.089 57.986 56.419 55.422 51.901 51.593 51.042 47.535 46.393 48.692 47.079 43.952 42.825 42.854
33.726 37.086 38.490 40.853 44.235 44.003 40.294 41.215 44.301 42.300 39.778 42.709 44.450 41.463 41.453 45.174 46.847 49.322 52.681 51.149 54.187 56.204 54.262 53.445 50.065 51.634 52.391 48.752 47.556 50.424 49.568 45.917 47.134 49.406 47.334 43.975 44.435 41.812 39.128 37.119 36.210 39.880 41.162 44.720 46.299 49.803 52.753 52.626 49.142 47.392 44.832 44.493 41.060 39.655 41.139 44.240 44.469 44.599 46.166 44.789 48.318 48.452 45.464 42.133 40.945 39.641 40.260 42.914 45.874 48.303 49.846 47.399 47.816 44.465 46.247 43.251 41.125 38.230 36.859 38.220 34.745 34.239 36.989 35.021 32.405 32.212 32.902 36.631 36.851 37.436 39.952 41.797 41.998 43.304 45.694 47.123 48.020 49.536 51.708 52.938 54.089 57.616 57.792 55.760 54.105 56.510 53.784 52.184 54.452 53.191 53.961 57.441 58.147 56.471 56.034 58.705 61.628 60.042 59.074 55.571 55.292 54.672 51.169 50.073 52.328 50.665 47.593 46.480 46.581
34.724 38.246 39.695 42.291 45.557 45.394 41.627 42.240 45.313 43.367 40.615 43.331 45.143 42.093 41.776 45.453 47.168 49.837 53.054 51.278 54.160 56.394 54.591 54.023 50.769 52.475 52.997 49.287 48.358 51.216 50.103 46.530 47.990 50.107 47.797 44.572 45.345 42.725 39.934 37.653 36.632 40.269 41.247 44.737 46.054 49.473 52.320 51.946 48.420 46.723 44.398 44.278 40.932 39.805 41.548 44.455 44.516 44.352 45.702 44.054 47.454 47.554 44.667 41.264 39.852 38.676 38.997 41.791 44.794 46.989 48.475 46.187 46.561 43.315 45.176 42.346 39.950 37.231 35.890 37.568 34.247 33.783 36.797 35.092 32.594 32.816 33.307 36.931 36.876 37.162 39.869 41.804 41.689 42.867 45.500 46.864 47.480 49.097 51.457 52.491 53.478 57.095 57.458 55.596 54.134 56.475 53.592 52.218 54.559 53.554 54.343 57.720 58.579 57.120 56.680 59.199 62.244 60.870 60.067 56.486 56.353 55.920 52.336 51.301 53.759 52.307 49.111 48.015 47.841
36.248 39.783 41.519 44.245 47.550 47.645 43.891 44.338 47.543 45.816 42.954 45.540 47.568 44.640 44.121 47.813 49.342 52.145 55.303 53.409 56.166 58.485 56.605 56.182 52.943 54.527 54.871 51.139 50.229 52.920 51.643 48.068 49.484 51.384 48.965 45.735 46.643 44.241 41.238 38.990 37.623 41.135 41.847 45.194 46.272 49.718 52.373 51.997 48.373 46.946 44.777 44.966 41.785 40.940 42.931 45.812 45.568 45.395 46.471 44.612 47.934 48.280 45.595 42.058 40.339 38.948 38.954 41.616 44.806 46.871 48.564 46.514 47.131 44.058 46.177 43.549 41.001 38.256 36.632 38.321 35.015 34.931 38.013 36.229 34.043 34.535 35.253 38.795 38.849 38.823 41.442 43.633 43.491 44.378 47.084 48.634 49.045 50.503 53.043 54.122 54.870 58.512 58.825 57.153 55.662 57.810 54.802 53.435 55.626 54.722 55.738 59.027 59.784 58.471 58.243 60.780 63.929 62.605 61.987 58.418 58.491 57.983 54.346 53.531 56.054 54.722 51.575 50.683 50.512
39.029 42.638 44.409 47.267 50.488 50.627 46.852 47.102 50.280 48.589 45.593 48.015 50.071 47.102 46.373 50.002 51.566 54.497 57.533 55.458 58.075 60.559 58.801 58.569 55.438 57.115 57.286 53.519 52.806 55.470 54.006 50.507 52.080 53.842 51.255 48.141 49.271 46.907 43.835 41.425 39.955 43.392 43.834 47.074 47.895 51.251 53.762 53.182 49.529 48.216 46.293 46.709 43.650 43.059 45.246 47.961 47.559 47.155 48.009 45.905 49.072 49.419 46.872 43.292 41.347 40.054 39.725 42.456 45.693 47.492 49.158 47.319 47.926 45.005 47.202 44.770 41.985 39.441 37.837 39.783 36.652 36.647 39.908 38.339 36.296 37.088 37.663 41.091 40.933 40.666 43.409 45.658 45.256 46.021 48.913 50.398 50.561 52.090 54.781 55.685 56.274 59.977 60.448 58.941 57.614 59.686 56.556 55.381 57.599 56.907 57.955 61.143 62.001 60.867 60.657 63.073 66.307 65.145 64.653 61.041 61.218 60.836 57.157 56.387 59.032 57.830 54.615 53.721 53.374
36.844 40.490 42.410 45.433 48.586 48.929 45.172 45.167 48.407 46.928 43.790 46.021 48.264 45.422 44.452 48.061 49.450 52.514 55.455 53.254 55.737 58.302 56.510 56.449 53.382 54.999 54.968 51.190 50.581 53.120 51.479 48.033 49.666 51.244 48.532 45.496 46.816 44.577 41.390 38.908 37.254 40.587 40.808 43.947 44.601 47.918 50.335 49.697 46.024 44.810 43.006 43.594 40.655 40.286 42.663 45.278 44.673 44.196 44.865 42.635 45.736 46.200 43.784 40.146 38.043 36.671 36.195 38.880 42.167 43.901 45.639 43.907 44.637 41.820 44.164 41.872 39.020 36.463 34.699 36.665 33.603 33.811 37.122 35.599 33.792 34.872 35.525 38.822 38.696 38.152 40.832 43.259 42.809 43.337 46.282 47.891 47.886 49.293 52.110 53.036 53.444 57.150 57.594 56.237 54.926 56.856 53.640 52.522 54.671 54.110 55.272 58.366 59.218 58.239 58.141 60.504 63.823 62.771 62.460 58.845 59.221 58.868 55.140 54.555 57.325 56.330 53.111 52.408 51.947
34.393 38.085 39.767 42.753 45.840 45.990 42.204 42.244 45.379 43.744 40.626 42.908 45.008 42.060 41.170 44.769 46.309 49.315 52.278 50.121 52.683 55.222 53.514 53.385 50.329 52.080 52.144 48.361 47.799 50.484 48.923 45.490 47.229 48.973 46.297 43.290 44.570 42.126 39.096 36.501 35.140 38.600 39.013 42.297 43.144 46.428 49.036 48.354 44.765 43.269 41.336 41.655 38.559 37.978 40.196 42.797 42.440 41.908 42.806 40.727 43.903 44.122 41.512 37.970 36.125 34.981 34.792 37.660 40.770 42.623 44.146 42.175 42.662 39.670 41.793 39.321 36.558 34.023 32.517 34.540 31.469 31.323 34.647 33.248 31.174 32.130 32.543 35.894 35.621 35.273 38.078 40.316 39.832 40.587 43.522 44.970 45.097 46.663 49.361 50.223 50.818 54.527 55.042 53.540 52.284 54.381 51.243 50.157 52.469 51.865 52.823 55.982 56.965 55.898 55.604 57.921 61.180 60.131 59.701 56.050 56.290 56.050 52.341 51.590 54.366 53.339 50.044 49.194 48.655
36.944 40.688 42.177 45.194 48.145 48.133 44.330 44.281 47.259 45.488 42.318 44.499 46.437 43.346 42.369 45.861 47.604 50.645 53.497 51.219 53.706 56.374 54.893 54.875 51.948 53.910 53.917 50.122 49.782 52.566 50.922 47.592 49.543 51.298 48.524 45.664 47.085 44.522 41.591 38.799 37.598 41.055 41.365 44.626 45.357 48.503 51.087 50.161 46.628 45.052 43.297 43.635 40.564 40.060 42.300 44.711 44.418 43.611 44.462 42.261 45.296 45.301 42.699 39.229 37.370 36.545 36.200 39.258 42.257 43.877 45.178 43.279 43.531 40.592 42.578 40.192 37.256 35.024 33.808 36.146 33.302 32.931 36.405 35.343 33.198 34.285 34.335 37.593 36.958 36.573 39.603 41.682 40.886 41.739 44.839 46.036 46.018 47.817 50.544 51.134 51.736 55.495 56.257 54.802 53.782 55.945 52.770 51.917 54.384 53.950 54.758 57.860 59.046 58.074 57.627 59.779 63.047 62.150 61.715 58.012 58.201 58.173 54.469 53.587 56.442 55.464 52.062 51.039 50.295
36.471 40.264 41.697 44.861 47.623 47.653 43.872 43.524 46.415 44.732 41.410 43.330 45.298 42.225 40.969 44.344 46.083 49.255 51.928 49.458 51.767 54.595 53.264 53.477 50.715 52.788 52.582 48.781 48.711 51.463 49.615 46.428 48.601 50.218 47.275 44.618 46.300 43.742 40.828 37.821 36.640 39.997 40.065 43.228 43.759 46.743 49.255 48.090 44.617 43.011 41.478 41.927 38.971 38.692 41.079 43.239 42.856 41.766 42.454 40.086 42.958 42.857 40.351 36.917 34.963 34.372 33.841 37.033 39.930 41.337 42.480 40.681 40.816 37.986 39.955 37.738 34.633 32.637 31.556 34.156 31.571 31.157 34.769 34.043 32.035 33.460 33.269 36.314 35.418 34.772 37.915 40.001 38.924 39.658 42.918 44.015 43.752 45.631 48.469 48.867 49.337 53.127 54.056 52.752 51.932 54.037 50.778 50.160 52.699 52.505 53.266 56.241 57.591 56.816 56.326 58.296 61.628 60.945 60.656 56.917 57.232 57.401 53.673 52.846 55.863 55.112 51.634 50.651 49.646
34.621 38.426 39.663 42.877 45.449 45.400 41.646 41.122 43.871 42.173 38.782 40.536 42.433 39.332 37.936 41.210 43.022 46.234 48.795 46.236 48.472 51.375 50.189 50.509 47.873 50.085 49.796 46.007 46.141 48.943 47.023 43.956 46.323 47.940 44.932 42.443 44.258 41.601 38.822 35.636 34.666 37.996 38.032 41.195 41.726 44.567 47.146 45.821 42.464 40.662 39.189 39.525 36.565 36.298 38.659 40.627 40.346 39.050 39.781 37.430 40.235 39.906 37.341 34.017 32.202 31.922 31.491 34.853 37.540 38.898 39.793 37.894 37.790 34.917 36.714 34.489 31.357 29.540 28.740 31.522 29.137 28.456 32.129 31.721 29.664 31.229 30.719 33.612 32.451 31.754 35.029 36.986 35.708 36.504 39.843 40.771 40.439 42.460 45.281 45.524 46.028 49.828 50.895 49.596 48.934 51.098 47.850 47.398 50.072 49.999 50.602 53.525 55.051 54.348 53.715 55.535 58.860 58.315 58.051 54.284 54.601 54.962 51.248 50.369 53.482 52.871 49.320 48.293 47.073
30.947 34.747 35.906 39.105 41.660 41.590 37.838 37.324 40.077 38.383 34.997 36.795 38.712 35.635 34.284 37.617 39.399 42.580 45.210 42.727 45.056 47.878 46.612 46.847 44.157 46.346 46.123 42.332 42.407 45.246 43.400 40.302 42.655 44.359 41.415 38.898 40.644 37.915 35.206 32.014 31.187 34.584 34.793 38.059 38.793 41.667 44.403 43.186 39.877 37.895 36.226 36.340 33.256 32.806 35.053 37.086 36.943 35.744 36.673 34.516 37.465 37.072 34.343 31.050 29.464 29.191 29.112 32.496 35.084 36.691 37.548 35.401 35.250 32.191 33.900 31.467 28.515 26.507 25.749 28.399 25.902 25.047 28.662 28.209 26.011 27.484 26.948 29.894 28.799 28.228 31.484 33.409 32.271 33.165 36.414 37.384 37.227 39.220 41.949 42.318 42.950 46.727 47.689 46.262 45.500 47.742 44.566 44.008 46.714 46.531 47.072 50.065 51.576 50.777 50.093 51.960 55.249 54.640 54.319 50.554 50.835 51.175 47.467 46.569 49.674 49.065 45.516 44.519 43.314
29.066 32.842 33.855 37.139 39.463 39.406 35.719 34.927 37.554 35.954 32.460 33.999 35.929 32.906 31.308 34.528 36.288 39.560 42.042 39.427 41.633 44.553 43.399 43.803 41.260 43.543 43.160 39.385 39.696 42.520 40.541 37.592 40.145 41.769 38.730 36.422 38.359 35.603 33.007 29.634 28.967 32.260 32.356 35.563 36.242 38.947 41.710 40.333 37.151 35.006 33.435 33.485 30.454 30.100 32.380 34.170 34.053 32.627 33.537 31.370 34.231 33.652 30.903 27.705 26.230 26.262 26.271 29.790 32.152 33.704 34.336 32.107 31.761 28.681 30.270 27.864 24.869 23.020 22.511 25.346 23.109 22.038 25.717 25.633 23.504 25.239 24.403 27.099 25.752 24.999 28.354 30.224 28.873 29.725 33.069 33.934 33.649 35.723 38.484 38.727 39.325 43.114 44.183 42.813 42.197 44.439 41.246 40.863 43.666 43.643 44.076 46.981 48.648 47.973 47.202 48.909 52.219 51.777 51.549 47.768 48.133 48.656 44.955 44.092 47.322 46.929 43.336 42.392 40.951
25.771 29.509 30.346 33.612 35.840 35.729 32.065 31.224 33.797 32.194 28.687 30.214 32.137 29.132 27.535 30.787 32.542 35.791 38.316 35.761 38.053 40.904 39.709 40.049 37.485 39.791 39.460 35.689 36.002 38.885 36.974 34.036 36.633 38.356 35.381 33.108 34.998 32.135 29.688 26.264 25.864 29.196 29.487 32.785 33.690 36.364 39.301 38.007 34.942 32.553 30.790 30.537 27.378 26.804 28.918 30.709 30.799 29.419 30.582 28.671 31.652 30.919 27.969 24.879 23.769 23.933 24.405 27.934 30.075 31.870 32.371 29.850 29.366 26.078 27.475 24.818 22.068 20.067 19.756 22.460 20.199 18.776 22.375 22.378 20.062 21.728 20.708 23.391 22.008 21.401 24.788 26.557 25.299 26.305 29.563 30.411 30.317 32.411 35.050 35.383 36.146 39.905 40.901 39.384 38.709 41.059 37.960 37.512 40.393 40.282 40.589 43.554 45.258 44.497 43.622 45.333 48.596 48.124 47.837 44.050 44.370 44.932 41.246 40.342 43.588 43.238 39.630 38.703 37.209
24.361 28.017 28.857 32.263 34.236 34.319 30.783 29.525 32.028 30.721 27.067 28.186 30.283 27.498 25.495 28.604 30.141 33.560 35.877 33.124 35.192 38.179 37.027 37.638 35.249 37.543 36.922 33.171 33.748 36.485 34.331 31.569 34.350 35.844 32.706 30.682 32.863 30.123 27.702 24.116 23.704 26.804 26.808 29.950 30.675 33.166 36.051 34.588 31.620 29.163 27.578 27.406 24.407 24.124 26.424 27.908 27.835 26.194 27.181 25.153 28.018 27.222 24.346 21.266 20.124 20.528 20.996 24.611 26.568 28.282 28.644 26.111 25.560 22.306 23.750 21.219 18.342 16.430 16.214 19.140 17.224 15.782 19.485 19.900 17.936 20.099 18.924 21.177 19.633 18.539 21.931 23.839 22.360 23.071 26.467 27.366 27.003 29.040 31.832 32.103 32.671 36.454 37.498 36.154 35.594 37.819 34.627 34.359 37.252 37.372 37.697 40.514 42.320 41.777 40.939 42.491 45.836 45.567 45.496 41.716 42.263 42.960 39.268 38.560 41.959 41.923 38.335 37.627 35.915
21.715 25.238 25.834 29.228 30.978 31.036 27.596 26.142 28.519 27.299 23.601 24.535 26.653 23.965 21.812 24.882 26.360 29.807 32.091 29.332 31.422 34.385 33.227 33.860 31.522 33.863 33.206 29.472 30.163 32.930 30.776 28.108 31.014 32.549 29.441 27.570 29.786 26.964 24.771 21.092 21.044 24.060 24.200 27.359 28.276 30.636 33.677 32.247 29.482 26.738 25.016 24.499 21.427 20.974 23.105 24.445 24.592 22.893 24.132 22.398 25.324 24.291 21.200 18.313 17.684 18.388 19.410 22.983 24.565 26.482 26.615 23.770 22.997 19.531 20.694 17.894 15.320 13.301 13.503 16.312 14.591 12.601 16.195 16.952 14.907 17.146 15.621 17.622 15.904 14.802 18.273 20.066 18.576 19.402 22.758 23.613 23.383 25.459 28.149 28.475 29.187 32.943 33.945 32.484 31.918 34.243 31.135 30.876 33.879 33.983 34.145 36.976 38.877 38.309 37.344 38.833 42.145 41.917 41.839 38.055 38.610 39.414 35.750 35.039 38.498 38.606 35.015 34.375 32.523
19.839 23.221 24.012 27.551 29.130 29.561 26.288 24.431 26.877 26.132 22.340 22.875 25.354 23.092 20.577 23.543 24.535 28.143 30.277 27.401 29.280 32.286 30.967 31.827 29.574 31.705 30.745 27.027 27.834 30.338 27.934 25.362 28.322 29.562 26.294 24.578 27.068 24.500 22.212 18.472 18.222 20.962 20.793 23.808 24.588 26.873 29.888 28.440 25.699 22.930 21.259 20.852 17.918 17.814 20.243 21.386 21.213 19.409 20.448 18.619 21.586 20.713 17.691 14.639 13.940 14.622 15.832 19.351 20.832 22.873 23.074 20.150 19.572 16.079 17.534 14.815 12.251 9.828 9.708 12.564 11.049 9.259 12.977 13.984 12.556 15.392 14.099 15.591 14.120 12.290 15.500 17.733 16.313 16.557 19.952 21.183 20.731 22.465 25.365 25.890 26.317 30.070 30.901 29.626 28.972 31.077 27.843 27.586 30.479 30.726 31.073 33.792 35.642 35.262 34.487 35.944 39.369 39.250 39.432 35.688 36.555 37.330 33.641 33.273 36.835 37.239 33.766 33.505 31.609
18.738 21.853 22.110 25.496 26.739 26.928 23.789 21.786 23.912 23.089 19.311 19.629 21.923 19.648 16.997 19.857 20.996 24.589 26.677 23.797 25.762 28.757 27.571 28.413 26.262 28.608 27.700 24.019 25.038 27.704 25.396 23.002 26.170 27.584 24.445 22.987 25.410 22.626 20.832 17.033 17.531 20.130 20.278 23.275 24.352 26.374 29.567 28.133 25.762 22.619 20.822 19.826 16.819 16.313 18.267 19.139 19.501 17.567 19.088 17.807 20.718 19.318 15.957 13.468 13.772 15.063 16.915 20.251 21.111 23.255 23.001 19.741 18.643 14.934 15.652 12.479 10.533 8.348 9.456 11.954 10.989 8.091 11.308 12.982 11.281 13.874 11.811 12.850 10.801 9.164 12.708 14.454 12.835 13.561 16.927 17.824 17.637 19.667 22.309 22.744 23.529 27.247 28.165 26.641 26.100 28.472 25.430 25.270 28.414 28.629 28.589 31.345 33.414 32.946 31.855 33.170 36.489 36.432 36.494 32.728 33.459 34.465 30.855 30.309 33.913 34.419 30.897 30.539 28.412
21.854 24.746 24.892 28.230 29.108 29.313 26.416 24.103 25.878 25.222 21.501 21.256 23.376 21.275 18.245 20.566 21.682 25.359 26.972 23.762 25.259 28.551 27.759 29.045 27.331 29.816 28.549 25.035 26.559 29.041 26.460 24.504 27.906 29.001 25.711 24.744 27.472 24.891 23.277 19.475 19.952 22.092 21.744 24.327 24.945 26.536 29.485 27.605 25.452 22.320 21.112 20.397 17.899 17.977 20.047 20.247 20.400 17.857 18.902 17.285 19.660 17.889 14.792 12.604 12.809 14.900 16.299 19.776 20.259 21.874 21.149 18.073 16.500 13.010 13.493 10.792 8.172 7.255 9.306 12.436 12.531 9.947 12.911 15.293 14.234 17.049 14.809 15.106 12.582 10.367 13.800 15.289 12.850 13.183 16.883 17.370 16.467 18.767 21.625 21.511 21.988 25.786 27.123 25.950 25.913 28.125 24.975 25.379 28.600 29.298 29.144 31.561 33.907 33.813 32.660 33.579 36.929 37.260 37.553 33.844 34.739 36.055 32.560 32.095 35.792 36.591 33.102 32.765 30.332
25.252 28.141 28.444 31.825 32.627 32.934 30.115 27.685 29.380 28.837 25.144 24.677 26.742 24.735 21.577 23.591 24.639 28.337 29.625 26.220 27.306 30.788 30.247 31.848 30.404 32.884 31.356 27.964 29.721 32.000 29.201 27.471 30.923 31.714 28.275 27.529 30.483 28.129 26.412 22.631 22.776 24.677 23.843 26.104 26.205 27.563 30.177 27.914 25.775 22.908 22.285 22.106 20.053 20.700 23.041 22.933 22.689 19.818 20.225 18.068 19.938 18.185 15.641 13.483 12.991 15.377 15.937 19.567 20.042 21.037 20.120 17.517 15.830 12.859 13.573 11.799 8.394 8.604 10.470 14.072 14.626 12.733 15.726 18.197 17.568 20.600 18.530 18.680 16.155 13.655 16.814 18.339 15.571 15.409 19.221 19.559 18.008 20.294 23.385 22.868 22.879 26.689 28.326 27.591 27.899 29.824 26.530 27.324 30.444 31.522 31.472 33.594 36.031 36.267 35.223 35.905 39.309 39.903 40.420 36.773 37.836 39.265 35.820 35.480 39.214 40.155 36.702 36.399 33.865
27.261 30.329 30.692 34.086 35.055 35.245 32.290 30.055 31.807 31.042 27.349 27.119 29.056 26.810 23.825 25.922 27.212 30.853 32.205 28.832 29.977 33.466 33.015 34.537 33.044 35.601 34.187 30.764 32.437 34.813 32.080 30.250 33.654 34.529 31.097 30.202 33.086 30.654 28.817 25.017 25.034 27.131 26.316 28.655 28.687 30.151 32.682 30.373 28.101 25.412 24.849 24.839 22.725 23.330 25.710 25.781 25.527 22.731 23.075 20.762 22.590 20.956 18.550 16.295 15.445 17.577 17.718 21.454 22.216 23.006 22.200 19.879 18.299 15.554 16.359 14.757 11.300 11.482 12.945 16.638 16.847 15.095 18.321 20.511 19.639 22.568 20.530 21.054 18.500 16.277 19.579 21.051 18.291 18.340 22.143 22.364 20.852 23.238 26.286 25.640 25.675 29.470 31.218 30.496 30.860 32.806 29.514 30.311 33.414 34.466 34.437 36.584 39.005 39.205 38.153 38.863 42.248 42.807 43.247 39.576 40.530 41.943 38.477 38.012 41.712 42.501 38.979 38.502 36.006
25.171 28.476 29.125 32.612 33.962 34.244 31.068 29.086 31.209 30.366 26.606 26.823 28.983 26.611 23.883 26.432 27.680 31.324 33.062 29.888 31.376 34.688 33.863 35.082 33.214 35.600 34.406 30.815 32.067 34.519 31.916 29.698 32.881 33.908 30.507 29.173 31.891 29.408 27.254 23.476 23.210 25.652 25.029 27.671 27.909 29.810 32.481 30.498 27.880 25.291 24.328 24.345 21.888 22.282 24.791 25.404 25.080 22.707 23.223 20.910 23.233 22.059 19.458 16.671 15.530 16.904 17.150 20.933 22.257 23.483 23.260 20.825 19.819 16.799 18.103 16.090 12.755 11.760 12.321 15.886 15.261 13.723 17.314 18.873 17.750 20.629 18.986 20.102 18.001 15.964 19.309 21.171 18.950 19.082 22.793 23.469 22.366 24.486 27.545 27.382 27.532 31.352 32.730 31.813 31.736 33.722 30.390 30.728 33.709 34.426 34.637 37.043 39.183 39.143 38.261 39.331 42.764 43.008 43.331 39.608 40.510 41.609 38.013 37.567 41.200 41.745 38.213 37.766 35.571
27.560 30.975 31.464 34.843 36.299 36.276 32.985 31.292 33.330 32.112 28.435 28.923 30.767 28.063 25.606 28.181 29.837 33.346 35.162 32.067 33.693 36.985 36.343 37.407 35.508 38.089 37.120 33.522 34.720 37.384 34.962 32.683 35.854 37.108 33.813 32.370 34.904 32.214 30.134 26.366 26.256 28.919 28.522 31.290 31.632 33.585 36.274 34.287 31.661 29.088 28.084 28.004 25.416 25.546 27.850 28.599 28.526 26.213 26.897 24.670 26.956 25.639 22.988 20.351 19.312 20.675 20.816 24.611 26.001 27.106 26.806 24.468 23.291 20.335 21.352 19.288 16.047 15.308 16.062 19.558 18.717 16.968 20.552 21.956 20.389 22.896 21.062 22.511 20.202 18.680 22.237 23.758 21.457 22.053 25.733 26.074 25.135 27.551 30.428 30.053 30.437 34.243 35.804 34.749 34.785 36.953 33.724 34.091 37.178 37.805 37.851 40.333 42.543 42.371 41.319 42.384 45.723 45.911 46.031 42.274 42.924 44.083 40.512 39.783 43.342 43.668 40.036 39.267 37.072
28.418 32.012 32.666 36.026 37.806 37.725 34.257 32.906 35.150 33.731 30.102 31.005 32.842 29.951 27.825 30.650 32.418 35.840 37.906 34.978 36.830 40.002 39.211 40.028 37.895 40.414 39.674 35.996 36.886 39.647 37.387 34.853 37.829 39.242 36.024 34.257 36.584 33.829 31.555 27.885 27.585 30.523 30.305 33.259 33.713 35.948 38.665 36.866 34.019 31.601 30.403 30.382 27.606 27.548 29.853 30.993 30.922 28.909 29.680 27.443 29.939 28.878 26.188 23.326 22.086 22.961 22.996 26.745 28.525 29.757 29.792 27.522 26.639 23.648 24.873 22.684 19.506 18.355 18.625 21.940 20.546 19.012 22.705 23.570 21.728 23.964 22.430 24.396 22.379 21.186 24.739 26.362 24.378 25.126 28.708 29.197 28.503 30.842 33.672 33.481 33.963 37.770 39.192 38.015 37.843 40.062 36.841 36.956 39.966 40.367 40.532 43.175 45.215 44.859 43.880 45.167 48.495 48.464 48.439 44.655 45.174 46.130 42.504 41.683 45.134 45.182 41.530 40.643 38.693
29.546 33.167 33.610 36.791 38.682 38.283 34.732 33.741 35.907 34.122 30.652 31.887 33.421 30.258 28.517 31.412 33.515 36.738 38.969 36.236 38.327 41.367 40.641 41.188 38.949 41.597 41.167 37.489 38.222 41.204 39.211 36.575 39.475 41.182 38.144 36.228 38.280 35.301 33.166 29.573 29.525 32.681 32.822 35.959 36.682 39.016 41.872 40.203 37.366 34.841 33.423 33.139 30.151 29.705 31.710 33.050 33.311 31.470 32.559 30.566 33.180 31.984 29.099 26.356 25.397 26.250 26.520 30.242 32.015 33.380 33.374 30.969 29.952 26.828 27.785 25.345 22.412 21.226 21.678 24.810 23.181 21.349 24.926 25.608 23.316 25.065 23.394 25.670 23.596 22.974 26.632 27.938 26.073 27.284 30.731 31.003 30.645 33.178 35.761 35.543 36.352 40.122 41.574 40.143 39.940 42.389 39.324 39.329 42.440 42.626 42.613 45.408 47.460 46.868 45.710 47.075 50.277 50.090 49.797 45.995 46.216 47.162 43.580 42.464 45.782 45.557 41.846 40.652 38.795
33.258 36.898 37.340 40.483 42.392 41.907 38.350 37.432 39.535 37.646 34.234 35.482 36.877 33.635 31.952 34.744 36.974 40.152 42.309 39.546 41.564 44.657 44.084 44.669 42.502 45.228 44.803 41.150 41.940 44.942 42.938 40.342 43.260 44.955 41.895 40.001 42.067 39.088 36.939 33.354 33.246 36.394 36.447 39.531 40.117 42.413 45.161 43.371 40.515 38.104 36.849 36.708 33.800 33.450 35.489 36.778 36.997 35.064 36.025 33.890 36.358 35.140 32.387 29.677 28.559 29.460 29.430 33.172 34.998 36.119 36.069 33.878 32.814 29.869 30.808 28.569 25.502 24.581 25.062 28.315 26.769 25.044 28.648 29.355 27.097 28.820 27.141 29.416 27.253 26.635 30.319 31.546 29.537 30.753 34.252 34.376 33.891 36.525 39.122 38.709 39.468 43.235 44.849 43.498 43.442 45.875 42.790 42.922 46.047 46.319 46.286 49.027 51.134 50.595 49.410 50.703 53.894 53.766 53.459 49.658 49.828 50.833 47.275 46.084 49.376 49.094 45.363 44.039 42.162
32.969 36.704 37.421 40.583 42.780 42.421 38.755 38.044 40.414 38.545 35.145 36.665 38.241 35.010 33.501 36.535 38.636 41.809 44.181 41.536 43.705 46.693 45.852 46.275 43.879 46.415 46.100 42.375 42.865 45.836 43.909 41.087 43.785 45.513 42.495 40.327 42.253 39.342 36.960 33.516 33.126 36.413 36.541 39.722 40.367 42.913 45.660 44.085 41.023 38.787 37.367 37.337 34.332 33.926 36.051 37.665 37.752 36.107 37.062 34.893 37.564 36.675 33.919 30.946 29.608 30.036 29.947 33.580 35.747 37.043 37.366 35.206 34.507 31.509 32.771 30.442 27.382 26.015 25.992 29.047 27.089 25.694 29.348 29.578 27.290 28.890 27.647 30.251 28.496 27.933 31.490 32.989 31.321 32.444 35.865 36.313 35.970 38.377 41.031 40.918 41.641 45.428 46.800 45.405 45.071 47.449 44.318 44.173 47.148 47.230 47.419 50.281 52.157 51.498 50.498 52.032 55.263 54.929 54.590 50.789 50.971 51.711 48.085 46.971 50.181 49.726 46.048 44.802 43.206
33.992 37.738 38.471 41.492 43.899 43.420 39.686 39.321 41.767 39.713 36.465 38.310 39.794 36.458 35.289 38.457 40.650 43.675 46.245 43.801 46.178 49.011 48.061 48.229 45.658 48.143 48.078 44.339 44.565 47.628 45.916 42.932 45.440 47.352 44.488 42.098 43.765 40.784 38.384 35.108 34.721 38.171 38.554 41.873 42.713 45.438 48.265 46.892 43.744 41.533 39.897 39.762 36.605 35.950 37.923 39.811 40.021 38.638 39.771 37.740 40.581 39.781 36.917 33.892 32.618 32.807 32.849 36.393 38.703 40.180 40.662 38.425 37.834 34.729 36.003 33.497 30.587 28.987 28.820 31.653 29.389 28.013 31.577 31.460 28.949 30.175 29.122 32.022 30.488 30.260 33.759 35.213 33.811 35.119 38.397 38.899 38.821 41.198 43.730 43.769 44.658 48.422 49.670 48.104 47.598 50.072 47.022 46.660 49.601 49.448 49.651 52.658 54.406 53.537 52.536 54.245 57.407 56.862 56.340 52.550 52.556 53.131 49.519 48.279 51.332 50.607 46.957 45.579 44.225
36.862 40.637 41.566 44.609 47.141 46.759 42.998 42.687 45.242 43.234 39.988 41.880 43.444 40.134 38.974 42.177 44.307 47.357 49.945 47.484 49.830 52.684 51.682 51.865 49.253 51.659 51.570 47.811 47.965 50.963 49.215 46.171 48.592 50.432 47.534 45.061 46.730 43.856 41.299 38.096 37.464 40.902 41.171 44.440 45.144 47.940 50.642 49.280 46.018 44.021 42.470 42.555 39.469 38.948 41.054 43.015 43.047 41.709 42.675 40.484 43.291 42.679 39.951 36.805 35.269 35.259 35.020 38.486 40.997 42.359 43.017 40.984 40.579 37.605 39.078 36.712 33.674 32.047 31.638 34.474 32.138 31.056 34.669 34.390 32.014 33.283 32.464 35.424 34.027 33.686 37.120 38.727 37.358 38.518 41.829 42.444 42.270 44.558 47.191 47.258 48.016 51.801 53.025 51.555 51.011 53.387 50.261 49.870 52.713 52.573 52.926 55.918 57.576 56.742 55.870 57.637 60.847 60.274 59.798 56.015 56.074 56.549 52.909 51.741 54.767 53.987 50.374 49.039 47.791
36.807 40.558 41.599 44.527 47.275 46.898 43.100 43.072 45.763 43.702 40.583 42.744 44.338 41.032 40.135 43.490 45.573 48.518 51.301 49.027 51.551 54.246 53.046 53.005 50.203 52.464 52.570 48.801 48.663 51.672 50.104 46.895 49.081 51.034 48.284 45.587 47.014 44.157 41.535 38.542 37.826 41.369 41.847 45.214 46.094 49.079 51.840 50.727 47.370 45.437 43.664 43.685 40.488 39.776 41.784 44.022 44.091 43.055 44.150 42.091 45.081 44.641 41.838 38.599 37.090 36.770 36.673 39.999 42.671 44.259 45.141 43.028 42.817 39.740 41.311 38.786 35.899 33.964 33.312 35.876 33.235 32.279 35.779 35.114 32.635 33.605 33.093 36.293 35.220 35.094 38.390 40.064 39.017 40.238 43.391 44.179 44.240 46.392 48.949 49.258 50.111 53.871 54.889 53.286 52.505 54.909 51.841 51.189 53.930 53.551 53.999 57.120 58.585 57.565 56.778 58.752 61.919 61.123 60.527 56.776 56.745 56.993 53.356 52.173 55.049 54.052 50.518 49.182 48.215
40.384 44.128 45.230 48.127 50.935 50.551 46.747 46.793 49.500 47.406 44.325 46.525 48.091 44.760 43.907 47.251 49.365 52.294 55.078 52.803 55.315 58.025 56.846 56.798 53.990 56.244 56.367 52.598 52.432 55.431 53.867 50.639 52.781 54.719 51.966 49.233 50.639 47.823 45.151 42.208 41.396 44.927 45.352 48.682 49.480 52.488 55.166 54.039 50.632 48.822 47.121 47.258 44.105 43.455 45.504 47.765 47.769 46.736 47.746 45.597 48.539 48.164 45.436 42.163 40.527 40.148 39.871 43.155 45.918 47.395 48.339 46.363 46.209 43.221 44.852 42.415 39.448 37.571 36.860 39.454 36.815 35.973 39.492 38.777 36.349 37.305 36.863 40.084 39.025 38.880 42.171 43.866 42.792 43.983 47.164 47.945 47.952 50.112 52.703 52.972 53.779 57.550 58.603 57.043 56.280 58.656 55.558 54.918 57.627 57.259 57.757 60.869 62.306 61.295 60.547 62.537 65.712 64.901 64.297 60.551 60.502 60.715 57.083 55.887 58.722 57.655 54.140 52.762 51.855
41.951 45.644 46.858 49.652 52.622 52.262 48.453 48.712 51.517 49.405 46.434 48.815 50.404 47.096 46.427 49.862 51.928 54.778 57.690 55.543 58.163 60.764 59.446 59.246 56.309 58.439 58.693 54.928 54.545 57.526 56.088 52.747 54.695 56.687 54.044 51.152 52.378 49.618 46.885 44.130 43.215 46.783 47.323 50.686 51.566 54.705 57.380 56.432 52.948 51.242 49.421 49.565 46.372 45.628 47.625 50.076 50.067 49.250 50.304 48.217 51.258 51.037 48.297 44.954 43.289 42.674 42.429 45.580 48.479 50.070 51.197 49.222 49.231 46.215 47.942 45.439 42.549 40.488 39.587 41.993 39.166 38.469 41.899 40.906 38.461 39.216 39.027 42.389 41.570 41.543 44.716 46.474 45.616 46.815 49.889 50.801 50.941 52.991 55.547 55.978 56.820 60.574 61.483 59.858 58.930 61.298 58.231 57.410 60.019 59.490 60.085 63.273 64.552 63.420 62.762 64.905 68.051 67.077 66.398 62.689 62.584 62.613 58.994 57.804 60.511 59.274 55.844 54.477 53.799
44.395 48.034 49.073 51.709 54.684 54.114 50.323 50.782 53.476 51.170 48.349 50.856 52.232 48.822 48.366 51.764 54.002 56.710 59.667 57.636 60.351 62.876 61.634 61.296 58.344 60.552 60.978 57.246 56.812 59.904 58.618 55.269 57.191 59.338 56.801 53.883 54.965 52.089 49.494 46.785 46.056 49.691 50.402 53.838 54.851 57.996 60.754 59.829 56.381 54.571 52.669 52.657 49.378 48.457 50.278 52.769 52.951 52.167 53.377 51.404 54.478 54.125 51.282 48.024 46.515 45.999 45.879 49.075 51.904 53.536 54.568 52.501 52.375 49.285 50.849 48.244 45.435 43.429 42.698 45.093 42.251 41.360 44.727 43.746 41.121 41.649 41.342 44.759 43.874 44.087 47.308 48.868 48.024 49.437 52.455 53.213 53.491 55.666 58.089 58.462 59.473 63.205 64.167 62.412 61.510 64.008 61.032 60.196 62.883 62.264 62.724 65.975 67.292 66.040 65.252 67.402 70.457 69.415 68.572 64.874 64.581 64.627 61.074 59.700 62.295 60.895 57.469 55.905 55.291
