31.411 32.042 35.691 38.139 40.032 43.337 41.759 40.133 43.359 45.328 42.975 43.070 46.854 47.224 45.380 47.746 45.740 48.401 50.113 48.519 49.382 50.868 47.780 48.549 46.312 45.211 43.562 41.389 40.389 39.626 37.472 35.471 35.000 33.432 31.551 29.858 31.322 33.126 29.968 30.410 26.710 25.693 23.704 22.822 21.488 23.800 23.436 25.435 22.989 25.247 24.595 27.045 27.771 29.671 32.183 33.592 30.397 31.859 30.241 29.143 30.551 34.059 34.494 32.258 30.290 26.563 26.168 23.703 26.033 27.883 31.566 31.673 35.184 34.855 38.196 38.078 37.651 34.987 31.369 29.269 28.171 31.843 31.594 29.313 32.006 33.806 36.872 37.153 39.643 37.403 36.160 39.778 41.200 38.683 39.256 42.976 42.428 40.294 42.847 45.589 44.028 45.962 44.037 44.395 41.850 40.880 38.328 36.247 35.034 34.768 38.331 39.652 38.166 38.482 41.239 43.631 46.773 46.008 47.815 45.727 48.318 46.931 43.992 46.416 48.940 49.549 48.285 50.580 50.450
28.610 28.948 32.579 34.858 36.699 40.074 38.652 37.094 40.279 42.353 40.179 40.285 44.040 44.573 42.882 45.194 43.076 45.575 47.329 45.932 46.878 48.170 44.966 45.577 43.294 42.033 40.501 38.428 37.249 36.392 34.418 32.411 31.706 30.160 28.502 26.746 27.983 29.948 26.921 27.689 24.087 22.877 21.165 20.266 19.362 21.804 21.742 24.127 21.821 23.797 22.745 24.820 25.509 27.160 29.403 30.904 27.845 29.646 28.303 27.626 29.205 32.634 32.909 30.838 29.257 25.556 25.696 23.203 25.291 27.526 31.071 30.821 34.226 33.712 36.862 36.560 36.452 33.677 30.157 27.714 26.578 30.133 29.537 27.096 29.835 31.374 34.561 34.731 37.437 35.394 33.903 37.417 39.108 36.677 36.973 40.747 40.450 38.202 40.540 43.465 42.080 43.903 41.793 41.973 39.243 38.323 35.953 33.628 32.322 31.782 35.357 36.776 35.134 35.254 38.048 40.574 43.628 42.704 44.436 42.423 44.986 43.468 40.596 43.081 45.498 46.088 44.954 47.352 47.349
29.379 29.428 33.073 35.041 36.969 40.388 39.115 37.845 41.035 43.136 41.211 41.493 45.183 45.813 44.392 46.726 44.557 46.843 48.706 47.571 48.651 49.704 46.355 46.709 44.321 42.834 41.541 39.608 38.108 37.153 35.518 33.470 32.360 30.921 29.676 27.773 28.521 30.652 27.780 28.969 25.495 24.291 23.065 22.255 21.809 24.254 24.294 26.987 24.885 26.705 25.375 27.076 27.631 28.907 30.800 32.512 29.688 31.839 30.790 30.443 32.137 35.488 35.621 33.634 32.289 28.608 29.027 26.607 28.598 30.985 34.452 34.035 37.359 36.704 39.721 39.235 39.301 36.400 32.930 30.327 29.001 32.397 31.627 28.926 31.500 32.640 36.024 36.285 39.223 37.463 35.840 39.238 41.200 38.936 38.999 42.803 42.777 40.465 42.576 45.671 44.463 46.165 43.867 43.876 40.946 40.060 37.933 35.350 33.885 32.988 36.570 38.065 36.136 35.981 38.871 41.586 44.452 43.258 44.858 43.018 45.487 43.677 40.943 43.473 45.634 46.042 45.138 47.623 47.920
27.955 27.663 31.257 32.915 34.878 38.316 37.212 36.192 39.346 41.479 39.818 40.241 43.840 44.592 43.445 45.764 43.548 45.600 47.571 46.713 47.950 48.754 45.273 45.353 42.863 41.185 40.150 38.342 36.538 35.531 34.242 32.144 30.671 29.401 28.553 26.497 26.765 29.015 26.352 27.960 24.703 23.475 22.793 22.146 22.297 24.815 25.185 28.150 26.216 27.680 25.947 27.146 27.516 28.356 29.842 31.753 29.233 31.748 31.093 31.165 33.048 36.232 36.136 34.283 33.303 29.707 30.577 28.279 30.096 32.769 36.074 35.328 38.481 37.600 40.402 39.670 39.997 36.973 33.633 30.806 29.336 32.496 31.461 28.544 30.968 31.683 35.210 35.486 38.651 37.213 35.415 38.643 40.903 38.843 38.630 42.437 42.738 40.385 42.224 45.494 44.538 46.129 43.662 43.421 40.288 39.521 37.648 34.789 33.261 31.964 35.479 37.124 34.992 34.499 37.391 40.303 42.994 41.525 42.941 41.226 43.567 41.516 38.898 41.438 43.372 43.627 42.921 45.480 46.032
30.073 29.606 33.147 34.508 36.562 39.962 38.969 38.247 41.386 43.476 42.028 42.631 46.139 46.922 46.010 48.359 46.154 48.030 50.093 49.440 50.787 51.413 47.849 47.713 45.142 43.311 42.504 40.810 38.761 37.716 36.728 34.607 32.842 31.715 31.202 29.053 28.913 31.205 28.702 30.561 27.454 26.340 26.001 25.462 25.836 28.313 28.686 31.761 29.929 31.342 29.505 30.503 30.753 31.324 32.557 34.621 32.310 34.999 34.529 34.747 36.684 39.812 39.626 37.795 36.903 33.319 34.264 32.037 33.859 36.561 39.848 39.051 42.159 41.198 43.934 43.083 43.466 40.365 37.050 34.205 32.582 35.613 34.545 31.473 33.691 34.098 37.732 38.138 41.428 40.212 38.392 41.516 43.934 42.025 41.691 45.483 45.965 43.610 45.295 48.652 47.824 49.338 46.768 46.409 43.163 42.435 40.742 37.741 36.128 34.593 38.055 39.740 37.415 36.705 39.627 42.661 45.166 43.479 44.750 43.199 45.415 43.120 40.650 43.173 44.850 44.899 44.398 46.980 47.807
29.889 29.064 32.452 33.429 35.465 38.837 38.063 37.616 40.656 42.765 41.619 42.344 45.713 46.625 45.994 48.290 46.047 47.662 49.795 49.427 50.896 51.263 47.605 47.203 44.573 42.550 42.009 40.491 38.168 37.057 36.444 34.341 32.227 31.273 31.191 28.982 28.350 30.729 28.529 30.761 27.954 26.829 26.968 26.543 27.361 29.800 30.385 33.634 31.985 33.131 31.034 31.609 31.727 31.913 32.732 34.918 32.926 35.889 35.748 36.318 38.357 41.323 40.971 39.293 38.714 35.246 36.520 34.383 36.034 38.913 42.049 41.017 43.969 42.853 45.379 44.344 44.958 41.797 38.633 35.636 33.942 36.725 35.429 32.239 34.286 34.285 37.986 38.385 41.841 40.934 38.967 41.883 44.548 42.834 42.240 45.990 46.759 44.374 45.783 49.269 48.664 50.043 47.327 46.759 43.361 42.727 41.307 38.101 36.424 34.548 37.890 39.663 37.152 36.133 39.030 42.209 44.487 42.541 43.622 42.251 44.317 41.781 39.496 42.012 43.405 43.291 43.039 45.688 46.789
31.685 30.882 34.213 34.994 37.215 40.439 39.639 39.522 42.595 44.530 43.516 44.498 47.766 48.579 48.175 50.576 48.459 49.967 52.254 52.021 53.660 53.941 50.239 49.622 46.860 44.825 44.540 43.010 40.486 39.509 39.138 36.904 34.665 33.986 34.067 31.673 30.750 32.959 30.810 33.100 30.398 29.567 29.993 29.836 30.837 33.386 34.093 37.316 35.585 36.617 34.384 34.824 34.697 34.630 35.312 37.712 35.930 38.957 39.011 39.593 41.778 44.660 44.137 42.362 41.784 38.303 39.615 37.649 39.433 42.372 45.523 44.400 47.283 46.010 48.519 47.311 47.871 44.599 41.429 38.513 36.585 39.236 38.052 34.703 36.463 36.206 39.974 40.614 44.123 43.432 41.578 44.427 47.175 45.661 45.078 48.787 49.719 47.445 48.784 52.300 51.855 53.274 50.563 49.833 46.370 45.890 44.534 41.239 39.651 37.591 40.814 42.723 40.182 38.936 41.728 45.022 47.187 45.042 45.898 44.571 46.426 43.725 41.501 43.866 45.054 44.660 44.494 47.039 48.375
32.472 31.351 34.461 34.842 37.002 40.147 39.583 39.737 42.669 44.602 43.897 44.977 48.079 49.013 48.876 51.200 49.060 50.304 52.632 52.671 54.402 54.434 50.675 49.815 47.030 44.825 44.794 43.458 40.710 39.673 39.660 37.490 34.961 34.443 34.919 32.532 31.186 33.435 31.616 34.195 31.805 30.966 31.759 31.670 32.980 35.449 36.287 39.626 38.066 38.904 36.506 36.612 36.400 36.023 36.334 38.793 37.306 40.526 40.840 41.709 43.943 46.682 46.040 44.416 44.100 40.736 42.291 40.386 42.015 45.068 48.085 46.792 49.541 48.163 50.481 49.137 49.895 46.602 43.582 40.560 38.609 41.032 39.660 36.263 37.860 37.250 41.023 41.641 45.261 44.845 42.874 45.507 48.450 47.112 46.299 49.940 51.114 48.821 49.902 53.509 53.255 54.536 51.706 50.805 47.237 46.831 45.736 42.299 40.659 38.330 41.405 43.355 40.666 39.160 41.900 45.284 47.203 44.834 45.499 44.377 46.067 43.150 41.152 43.483 44.362 43.802 43.905 46.492 48.096
35.246 33.988 36.931 37.022 39.168 42.198 41.777 42.182 45.015 46.891 46.404 47.600 50.565 51.537 51.608 53.907 51.789 52.849 55.219 55.447 57.249 57.115 53.327 52.286 49.481 47.169 47.339 46.137 43.237 42.179 42.421 40.292 37.587 37.193 37.919 35.540 33.928 36.153 34.536 37.246 35.032 34.254 35.236 35.191 36.613 39.027 39.870 43.262 41.783 42.576 40.128 40.097 39.826 39.277 39.385 41.895 40.585 43.892 44.334 45.315 47.569 50.247 49.547 47.972 47.745 44.418 46.038 44.170 45.771 48.847 51.832 50.492 53.191 51.762 54.002 52.578 53.402 50.083 47.120 44.087 42.080 44.379 42.968 39.529 40.972 40.137 43.909 44.585 48.254 48.022 46.032 48.536 51.581 50.371 49.450 53.038 54.355 52.069 53.003 56.654 56.511 57.710 54.814 53.817 50.193 49.825 48.895 45.387 43.706 41.230 44.200 46.152 43.356 41.694 44.395 47.821 49.540 47.013 47.526 46.582 48.123 45.038 43.235 45.503 46.109 45.370 45.688 48.256 50.095
37.270 35.807 38.700 38.725 40.588 43.768 43.580 43.787 46.475 48.588 48.165 49.110 52.095 53.287 53.251 55.367 53.045 54.047 56.215 56.473 58.068 57.847 54.066 53.148 50.534 48.042 48.043 47.063 44.260 42.894 43.095 41.247 38.444 37.720 38.564 36.493 34.955 37.483 36.019 38.842 36.630 35.486 36.250 35.814 37.031 39.153 39.684 43.200 41.988 43.007 40.772 40.839 40.909 40.563 40.645 42.894 41.443 44.769 45.018 46.088 48.091 50.880 50.431 49.050 48.864 45.556 47.110 44.985 46.386 49.327 52.293 51.128 53.931 52.735 54.951 53.741 54.696 51.506 48.568 45.410 43.667 46.075 44.478 41.188 42.892 42.183 45.915 46.321 49.999 49.628 47.437 49.923 52.974 51.571 50.500 54.116 55.329 52.839 53.709 57.384 57.079 58.080 55.055 54.247 50.639 50.001 49.206 45.746 43.781 41.412 44.485 46.161 43.178 41.706 44.613 47.910 49.518 47.099 47.829 47.112 48.850 45.751 44.131 46.630 47.191 46.685 47.185 49.948 51.741
38.894 37.217 39.883 39.567 41.355 44.409 44.425 44.877 47.414 49.491 49.339 50.372 53.183 54.460 54.660 56.704 54.390 55.154 57.349 57.844 59.515 59.081 55.277 54.146 51.530 48.917 49.150 48.343 45.376 43.984 44.495 42.713 39.711 39.146 40.298 38.248 36.394 38.897 37.712 40.712 38.759 37.648 38.684 38.327 39.765 41.831 42.471 46.041 44.943 45.804 43.448 43.265 43.250 42.662 42.457 44.743 43.545 46.990 47.448 48.721 50.766 53.426 52.874 51.603 51.609 48.396 50.123 48.065 49.367 52.390 55.252 53.954 56.640 55.354 57.416 56.091 57.188 53.985 51.170 47.958 46.187 48.405 46.691 43.380 44.928 43.944 47.648 48.051 51.788 51.650 49.393 51.688 54.876 53.636 52.393 55.928 57.338 54.857 55.511 59.238 59.101 59.988 56.886 55.932 52.262 51.700 51.126 47.577 45.598 43.031 45.938 47.637 44.563 42.881 45.698 49.038 50.406 47.805 48.344 47.827 49.387 46.122 44.734 47.163 47.423 46.757 47.504 50.266 52.293
37.463 35.625 38.072 37.477 39.268 42.161 42.288 42.994 45.429 47.403 47.471 48.642 51.284 52.573 53.011 55.031 52.795 53.369 55.653 56.343 58.160 57.574 53.758 52.398 49.715 47.078 47.577 46.832 43.697 42.412 43.210 41.385 38.257 37.977 39.357 37.222 35.054 37.416 36.464 39.591 37.925 36.950 38.342 38.215 39.987 42.111 43.040 46.598 45.513 46.067 43.490 42.982 42.753 41.846 41.356 43.753 42.868 46.415 47.172 48.638 50.826 53.280 52.515 51.309 51.536 48.453 50.424 48.545 49.777 52.956 55.678 54.140 56.633 55.158 57.042 55.523 56.739 53.500 50.839 47.604 45.753 47.715 45.917 42.570 43.894 42.611 46.270 46.716 50.493 50.622 48.359 50.457 53.768 52.756 51.396 54.827 56.466 54.081 54.546 58.303 58.402 59.266 56.160 54.979 51.252 50.897 50.469 46.824 44.980 42.183 44.874 46.730 43.691 41.726 44.347 47.779 49.003 46.207 46.482 46.013 47.339 43.964 42.684 44.961 45.008 44.147 45.017 47.715 49.926
39.225 37.169 39.336 38.392 40.036 42.777 43.148 44.066 46.295 48.243 48.600 49.811 52.251 53.648 54.309 56.212 53.975 54.294 56.563 57.494 59.356 58.546 54.737 53.181 50.542 47.789 48.506 47.968 44.711 43.386 44.484 42.779 39.486 39.340 41.016 38.967 36.530 38.862 38.226 41.498 40.114 39.135 40.746 40.655 42.604 44.628 45.636 49.228 48.284 48.694 46.038 45.296 45.022 43.909 43.135 45.509 44.872 48.503 49.444 51.113 53.303 55.619 54.779 53.717 54.146 51.184 53.314 51.484 52.584 55.818 58.415 56.762 59.131 57.597 59.306 57.704 59.078 55.863 53.352 50.067 48.243 50.011 48.082 44.771 45.966 44.442 48.023 48.417 52.219 52.563 50.226 52.106 55.531 54.668 53.127 56.449 58.267 55.886 56.122 59.907 60.163 60.888 57.715 56.408 52.648 52.355 52.165 48.467 46.608 43.652 46.150 47.991 44.884 42.741 45.250 48.679 49.638 46.691 46.778 46.539 47.684 44.173 43.169 45.370 45.098 44.109 45.251 47.947 50.371
38.227 35.878 37.768 36.536 37.918 40.613 41.274 42.229 44.222 46.264 46.861 47.969 50.256 51.840 52.614 54.330 52.014 52.113 54.289 55.414 57.240 56.231 52.443 50.784 48.251 45.365 46.189 45.881 42.579 41.134 42.460 40.946 37.506 37.394 39.356 37.485 34.843 37.239 36.957 40.395 39.311 38.190 39.970 39.831 41.957 43.812 44.910 48.527 47.792 48.024 45.316 44.315 44.082 42.820 41.756 44.004 43.580 47.286 48.380 50.299 52.434 54.594 53.729 52.894 53.583 50.800 53.124 51.307 52.170 55.448 57.856 56.084 58.307 56.764 58.256 56.634 58.226 55.103 52.791 49.410 47.735 49.318 47.168 43.981 45.167 43.486 46.952 47.143 50.957 51.438 48.948 50.607 54.127 53.339 51.576 54.793 56.740 54.318 54.317 58.121 58.491 59.045 55.801 54.412 50.641 50.363 50.415 46.691 44.794 41.717 44.041 45.826 42.665 40.397 42.828 46.221 46.964 43.935 43.932 43.896 44.970 41.388 40.624 42.851 42.373 41.429 42.805 45.595 48.100
35.909 33.522 35.223 33.810 35.279 37.777 38.432 39.632 41.588 43.455 44.184 45.468 47.615 49.120 50.091 51.845 49.676 49.671 51.981 53.213 55.215 54.155 50.377 48.522 45.873 43.073 44.146 43.781 40.350 39.131 40.659 39.013 35.566 35.803 37.847 35.822 32.961 35.101 34.954 38.402 37.559 36.669 38.754 38.918 41.320 43.302 44.707 48.226 47.403 47.337 44.426 43.170 42.669 41.120 39.866 42.261 42.120 45.848 47.215 49.220 51.525 53.481 52.380 51.532 52.363 49.699 52.200 50.610 51.479 54.886 57.183 55.191 57.223 55.476 56.838 55.014 56.637 53.472 51.288 47.962 46.172 47.513 45.375 42.159 43.089 41.165 44.566 44.863 48.668 49.385 46.978 48.485 52.063 51.511 49.734 52.844 54.976 52.718 52.617 56.406 57.000 57.624 54.460 52.843 49.055 49.042 49.125 45.349 43.693 40.447 42.554 44.563 41.553 39.031 41.201 44.691 45.404 42.219 41.931 41.800 42.618 38.994 38.213 40.216 39.624 38.450 39.819 42.478 45.111
34.547 32.481 34.489 33.416 35.233 37.778 38.057 39.226 41.479 43.214 43.651 45.082 47.405 48.670 49.524 51.513 49.463 49.724 52.178 53.180 55.267 54.455 50.653 48.897 46.085 43.482 44.460 43.778 40.379 39.369 40.647 38.721 35.458 35.748 37.458 35.165 32.494 34.498 33.955 37.223 36.100 35.428 37.427 37.753 40.075 42.302 43.747 47.201 46.109 46.109 43.171 42.109 41.471 40.003 39.033 41.619 41.309 44.964 46.248 48.005 50.439 52.498 51.343 50.238 50.835 48.018 50.385 48.864 49.983 53.402 55.857 53.906 56.031 54.221 55.784 53.921 55.313 52.034 49.671 46.456 44.471 45.948 44.047 40.682 41.569 39.769 43.296 43.834 47.630 48.237 46.017 47.751 51.234 50.651 49.129 52.341 54.367 52.206 52.363 56.125 56.650 57.509 54.459 52.869 49.089 49.144 48.933 45.167 43.645 40.490 42.748 44.908 42.027 39.580 41.773 45.344 46.353 43.244 43.014 42.560 43.430 39.915 38.780 40.715 40.417 39.181 40.206 42.738 45.248
31.102 29.164 31.374 30.565 32.535 35.197 35.259 36.279 38.710 40.448 40.661 42.085 44.560 45.731 46.433 48.523 46.498 46.955 49.457 50.277 52.376 51.744 47.934 46.297 43.412 40.937 41.786 40.900 37.565 36.657 37.732 35.654 32.524 32.817 34.307 31.879 29.348 31.312 30.551 33.736 32.479 31.864 33.828 34.246 36.575 38.927 40.466 43.852 42.630 42.591 39.616 38.609 37.907 36.489 35.668 38.324 37.916 41.526 42.779 44.436 46.934 49.013 47.827 46.626 47.149 44.299 46.648 45.175 46.364 49.805 52.288 50.321 52.459 50.619 52.256 50.388 51.695 48.387 45.967 42.782 40.756 42.294 40.461 37.060 37.992 36.308 39.888 40.466 44.256 44.757 42.595 44.458 47.878 47.240 45.845 49.118 51.063 48.943 49.249 52.989 53.464 54.458 51.488 49.921 46.157 46.257 45.859 42.111 40.695 37.602 39.949 42.211 39.450 37.062 39.260 42.872 44.120 41.100 40.959 40.248 41.221 37.830 36.414 38.370 38.368 37.222 37.972 40.498 42.820
30.168 28.377 30.903 30.482 32.456 35.373 35.282 35.937 38.522 40.420 40.337 41.574 44.285 45.455 45.848 47.971 45.837 46.545 48.955 49.527 51.474 51.037 47.223 45.863 43.034 40.595 41.113 40.113 36.967 35.940 36.657 34.585 31.589 31.558 32.775 30.392 28.205 30.375 29.314 32.403 30.808 30.006 31.635 31.841 33.918 36.270 37.621 41.037 39.775 39.971 37.148 36.425 35.926 34.829 34.316 36.876 36.120 39.664 40.636 42.129 44.527 46.805 45.808 44.541 44.875 41.892 44.065 42.421 43.662 47.011 49.619 47.832 50.151 48.470 50.283 48.598 49.808 46.523 43.945 40.735 38.797 40.612 38.821 35.436 36.659 35.319 38.976 39.469 43.243 43.432 41.243 43.343 46.648 45.749 44.472 47.884 49.589 47.359 47.881 51.609 51.841 52.888 49.923 48.576 44.849 44.754 44.168 40.487 38.952 36.070 38.681 40.832 38.051 35.940 38.365 41.916 43.391 40.588 40.763 39.925 41.203 37.963 36.347 38.513 38.843 37.984 38.529 41.158 43.203
28.274 26.888 29.713 29.713 31.987 34.910 34.426 34.984 37.835 39.586 39.176 40.518 43.391 44.309 44.544 46.878 44.885 45.873 48.395 48.711 50.721 50.554 46.763 45.534 42.580 40.394 40.792 39.466 36.424 35.645 36.070 33.731 31.023 31.060 31.863 29.229 27.332 29.291 27.797 30.611 28.720 28.176 29.684 30.101 32.088 34.703 36.138 39.413 37.854 38.069 35.223 34.700 34.038 33.044 32.862 35.583 34.659 38.066 38.954 40.169 42.698 45.041 43.978 42.452 42.550 39.439 41.479 39.944 41.437 44.792 47.529 45.767 48.143 46.394 48.392 46.673 47.639 44.263 41.524 38.457 36.335 38.279 36.753 33.257 34.443 33.288 37.028 37.744 41.459 41.511 39.539 41.860 45.023 44.093 43.102 46.582 48.157 46.058 46.846 50.504 50.672 51.962 49.159 47.841 44.172 44.172 43.274 39.659 38.324 35.587 38.295 40.589 38.023 36.021 38.394 41.968 43.738 41.059 41.284 40.113 41.429 38.376 36.416 38.478 39.132 38.263 38.432 40.907 42.754
28.038 26.830 29.912 30.296 32.494 35.627 35.030 35.193 38.138 40.048 39.355 40.464 43.545 44.474 44.383 46.710 44.607 45.833 48.222 48.288 50.109 50.136 46.374 45.445 42.596 40.456 40.503 39.095 36.297 35.385 35.428 33.152 30.633 30.304 30.797 28.279 26.817 28.969 27.195 29.845 27.604 26.832 27.899 28.040 29.685 32.269 33.460 36.749 35.157 35.656 33.022 32.845 32.444 31.845 32.010 34.565 33.258 36.549 37.100 38.120 40.504 43.062 42.231 40.654 40.539 37.298 39.116 37.376 38.913 42.140 45.007 43.466 46.039 44.492 46.671 45.178 46.040 42.723 39.829 36.752 34.769 37.016 35.540 32.121 33.639 32.893 36.653 37.242 40.895 40.602 38.605 41.152 44.162 42.945 42.080 45.678 46.979 44.765 45.772 49.390 49.290 50.617 47.830 46.766 43.170 42.950 41.863 38.363 36.903 34.439 37.396 39.529 36.968 35.297 37.879 41.338 43.312 40.888 41.435 40.172 41.784 38.914 36.806 39.063 40.018 39.451 39.449 42.013 43.571
26.618 25.879 29.222 30.061 32.472 35.587 34.622 34.621 37.784 39.559 38.520 39.672 42.903 43.590 43.293 45.796 43.829 45.344 47.795 47.580 49.419 49.730 46.028 45.273 42.354 40.483 40.370 38.658 36.038 35.357 35.067 32.581 30.421 30.114 30.142 27.447 26.386 28.306 26.096 28.374 25.801 25.271 26.101 26.422 27.886 30.714 31.952 35.049 33.148 33.700 31.102 31.193 30.671 30.261 30.822 33.466 31.948 35.032 35.438 36.127 38.606 41.240 40.382 38.545 38.153 34.782 36.410 34.764 36.567 39.762 42.763 41.286 43.928 42.352 44.730 43.248 43.843 40.468 37.405 34.499 32.373 34.790 33.609 30.138 31.666 31.205 34.994 35.768 39.308 38.818 37.054 39.829 42.643 41.360 40.806 44.454 45.575 43.492 44.783 48.296 48.097 49.658 47.056 46.061 42.567 42.415 41.010 37.632 36.378 34.131 37.165 39.389 37.076 35.571 38.086 41.506 43.758 41.506 42.127 40.563 42.227 39.586 37.180 39.336 40.611 40.087 39.728 42.136 43.449
25.758 25.172 28.666 29.858 32.121 35.391 34.351 33.940 37.132 39.056 37.765 38.647 42.040 42.755 42.137 44.586 42.520 44.247 46.542 46.087 47.730 48.227 44.588 44.132 41.345 39.553 39.100 37.319 34.981 34.199 33.532 31.140 29.226 28.587 28.282 25.751 25.167 27.223 24.798 26.869 24.017 23.230 23.593 23.642 24.771 27.563 28.618 31.682 29.748 30.520 28.126 28.532 28.273 28.261 29.147 31.572 29.708 32.638 32.727 33.245 35.575 38.374 37.733 35.888 35.336 31.888 33.338 31.501 33.297 36.381 39.461 38.165 40.956 39.573 42.082 40.824 41.353 38.074 34.916 31.994 30.070 32.746 31.578 28.259 30.132 30.090 33.819 34.402 37.840 37.016 35.216 38.167 40.811 39.259 38.815 42.538 43.393 41.217 42.700 46.147 45.707 47.297 44.740 43.977 40.588 40.253 38.668 35.437 34.117 32.165 35.379 37.450 35.217 34.040 36.681 39.952 42.397 40.418 41.324 39.658 41.579 39.166 36.633 38.939 40.504 40.290 39.763 42.239 43.242
26.450 26.396 30.048 31.608 34.061 37.231 35.857 35.360 38.720 40.454 38.858 39.815 43.304 43.745 42.954 45.577 43.689 45.673 48.023 47.308 48.963 49.729 46.178 45.874 43.037 41.511 40.941 38.901 36.745 36.195 35.250 32.696 31.148 30.554 29.823 27.181 26.985 28.745 25.948 27.552 24.393 23.938 23.978 24.202 25.000 27.987 28.980 31.775 29.503 30.417 28.170 28.949 28.575 28.800 30.111 32.591 30.526 33.160 33.047 33.130 35.514 38.404 37.768 35.620 34.685 31.083 32.197 30.469 32.620 35.584 38.844 37.699 40.585 39.208 41.958 40.742 40.921 37.600 34.243 31.599 29.512 32.376 31.621 28.294 30.111 30.382 34.084 34.908 38.171 37.148 35.660 38.822 41.217 39.614 39.531 43.264 43.912 41.900 43.676 46.978 46.424 48.244 45.895 45.225 41.976 41.696 39.809 36.755 35.639 33.942 37.185 39.296 37.302 36.298 38.853 42.049 44.699 42.876 43.821 41.932 43.854 41.634 38.892 41.060 42.844 42.610 41.800 44.086 44.907
25.544 25.732 29.455 31.366 33.691 36.918 35.430 34.565 37.938 39.738 37.879 38.603 42.212 42.620 41.520 44.107 42.191 44.397 46.610 45.637 47.124 48.108 44.662 44.643 41.929 40.559 39.690 37.540 35.697 35.146 33.829 31.341 30.136 29.314 28.187 25.699 26.021 27.761 24.760 26.024 22.627 22.038 21.573 21.629 22.044 25.044 25.916 28.548 26.149 27.232 25.201 26.327 26.143 26.770 28.445 30.710 28.339 30.721 30.303 30.132 32.400 35.413 34.949 32.743 31.605 27.938 28.838 26.988 29.200 32.050 35.388 34.404 37.405 36.186 39.073 38.056 38.113 34.892 31.448 28.867 26.961 30.058 29.401 26.271 28.366 29.076 32.652 33.329 36.424 35.078 33.638 36.960 39.131 37.302 37.396 41.159 41.534 39.507 41.498 44.683 43.918 45.817 43.585 43.118 40.022 39.633 37.528 34.677 33.610 32.246 35.580 37.575 35.769 35.075 37.646 40.668 43.513 41.968 43.128 41.099 43.202 41.251 38.375 40.597 42.662 42.685 41.672 43.951 44.454
26.994 27.603 31.369 33.598 35.938 39.101 37.395 36.330 39.762 41.464 39.324 39.971 43.658 43.878 42.528 45.179 43.374 45.823 47.977 46.723 48.106 49.357 46.045 46.263 43.611 42.471 41.394 39.077 37.514 37.084 35.448 32.954 32.128 31.217 29.691 27.293 28.065 29.609 26.377 27.160 23.543 23.109 22.151 22.183 22.072 25.081 25.736 28.029 25.375 26.715 25.024 26.624 26.508 27.520 29.620 31.749 29.122 31.115 30.361 29.721 31.884 35.016 34.698 32.276 30.724 26.953 27.380 25.537 28.037 30.635 34.141 33.433 36.565 35.492 38.615 37.779 37.503 34.361 30.759 28.483 26.616 29.933 29.648 26.702 28.858 29.992 33.418 34.171 37.013 35.372 34.192 37.691 39.545 37.570 37.999 41.741 41.814 39.897 42.177 45.172 44.203 46.265 44.241 43.970 41.076 40.640 38.263 35.679 34.745 33.739 37.102 39.008 37.432 37.015 39.539 42.395 45.416 44.108 45.396 43.215 45.394 43.676 40.666 42.826 45.108 45.230 43.994 46.148 46.409
27.031 27.863 31.587 34.095 36.268 39.427 37.641 36.239 39.623 41.361 38.991 39.392 43.148 43.326 41.674 44.253 42.447 45.098 47.086 45.573 46.763 48.234 45.071 45.583 43.089 42.126 40.763 38.368 37.154 36.733 34.748 32.377 31.924 30.810 28.911 26.752 28.027 29.498 26.164 26.552 22.814 22.269 20.748 20.580 19.939 22.857 23.315 25.309 22.513 24.077 22.743 24.765 24.878 26.341 28.791 30.629 27.723 29.355 28.238 27.261 29.236 32.481 32.381 29.911 28.097 24.299 24.380 22.403 24.987 27.373 30.966 30.494 33.744 32.886 36.153 35.570 35.130 32.155 28.496 26.374 24.775 28.297 28.159 25.533 27.929 29.514 32.716 33.303 35.902 33.926 32.837 36.452 38.020 35.821 36.456 40.173 39.933 38.031 40.531 43.353 42.154 44.289 42.426 42.385 39.702 39.155 36.566 34.260 33.406 32.790 36.177 37.927 36.582 36.494 38.987 41.618 44.798 43.788 45.269 42.979 45.306 43.870 40.774 42.954 45.474 45.835 44.425 46.546 46.499
23.299 24.186 27.896 30.498 32.675 35.784 33.940 32.494 35.893 37.595 35.196 35.609 39.363 39.524 37.889 40.489 38.719 41.375 43.425 41.926 43.215 44.686 41.517 41.972 39.422 38.550 37.241 34.752 33.533 33.258 31.272 28.782 28.439 27.491 25.497 23.197 24.529 25.838 22.443 22.758 19.016 18.568 17.185 17.345 17.090 20.301 21.274 23.243 20.332 21.429 19.704 21.457 21.324 22.632 25.070 27.014 24.219 25.921 25.052 24.225 26.468 29.547 29.196 26.714 25.117 21.347 21.850 20.062 22.594 25.329 28.774 27.927 31.004 29.895 33.048 32.263 31.945 28.864 25.259 22.992 21.287 24.734 24.495 21.788 24.192 25.751 28.957 29.518 32.161 30.262 29.144 32.739 34.380 32.279 32.884 36.599 36.494 34.661 37.112 39.972 38.940 41.141 39.306 39.084 36.361 36.011 33.404 31.022 30.377 29.651 32.923 34.857 33.662 33.438 35.757 38.439 41.667 40.620 41.990 39.575 41.821 40.466 37.285 39.370 41.964 42.331 40.816 42.885 42.769
20.046 21.163 24.912 27.580 30.003 32.944 30.902 29.665 33.189 34.663 32.249 32.944 36.648 36.631 35.177 37.953 36.380 39.012 41.291 39.870 41.436 42.887 39.684 39.913 37.156 36.430 35.386 32.717 31.325 31.385 29.574 26.771 26.479 25.993 24.010 21.307 22.440 23.359 19.825 20.050 16.334 16.455 15.665 16.609 17.071 20.617 22.225 24.081 21.047 21.476 19.206 20.443 19.681 20.484 22.811 25.145 22.708 24.525 24.165 23.490 26.167 28.917 28.092 25.465 24.082 20.397 21.362 20.109 22.709 25.779 29.021 27.708 30.470 28.918 31.929 30.734 30.427 27.114 23.562 21.315 19.144 22.344 22.202 19.181 21.236 22.558 25.880 26.732 29.459 27.839 26.879 30.423 32.186 30.410 31.061 34.723 34.899 33.302 35.669 38.561 37.859 40.204 38.451 37.888 35.087 35.117 32.521 29.994 29.696 28.684 31.721 34.000 32.967 32.402 34.435 37.279 40.505 39.270 40.343 37.763 39.753 38.385 35.081 36.918 39.506 39.659 38.002 39.897 39.839
17.771 18.433 22.213 24.597 27.066 30.084 28.225 27.207 30.716 32.283 30.158 30.970 34.607 34.779 33.617 36.349 34.668 37.043 39.425 38.313 40.030 41.197 37.838 37.786 34.920 33.973 33.180 30.642 28.914 28.909 27.448 24.571 23.882 23.583 22.005 19.086 19.704 20.774 17.413 18.224 14.745 14.752 14.713 15.822 17.036 20.581 22.499 24.695 21.972 22.044 19.338 19.917 18.987 19.230 21.033 23.607 21.518 23.818 23.925 23.836 26.651 29.210 28.174 25.812 24.969 21.483 23.029 21.816 24.023 27.352 30.354 28.711 31.272 29.528 32.229 30.792 30.883 27.485 24.172 21.569 19.338 22.192 21.578 18.286 20.234 20.996 24.537 25.321 28.373 27.134 25.873 29.207 31.358 29.789 30.053 33.737 34.290 32.596 34.629 37.738 37.301 39.484 37.519 36.696 33.661 33.804 31.498 28.654 28.275 26.829 29.804 32.249 31.016 30.104 32.131 35.185 38.250 36.746 37.644 35.164 37.046 35.446 32.225 34.097 36.495 36.529 35.054 37.068 37.257
14.712 15.889 19.636 22.381 24.914 27.732 25.592 24.446 28.030 29.397 27.035 27.894 31.547 31.509 30.248 33.092 31.605 34.138 36.602 35.338 37.167 38.505 35.251 35.235 32.309 31.689 30.904 28.106 26.541 26.913 25.308 22.225 21.988 22.009 20.081 16.981 17.908 18.416 14.804 15.064 11.485 12.106 12.251 14.116 15.655 19.388 21.786 23.580 20.681 20.190 17.211 17.535 16.087 16.150 18.164 20.887 18.957 21.043 21.412 21.236 24.341 26.610 25.247 22.728 21.966 18.616 20.445 19.698 21.940 25.434 28.231 26.276 28.568 26.537 29.168 27.509 27.519 24.025 20.764 18.265 15.784 18.514 18.075 14.712 16.537 17.478 20.941 21.849 24.787 23.544 22.504 25.888 27.927 26.502 26.980 30.587 31.172 29.734 31.858 34.851 34.566 36.950 35.210 34.231 31.310 31.759 29.289 26.559 26.637 25.264 27.974 30.624 29.791 28.838 30.507 33.499 36.691 35.279 36.047 33.303 35.050 33.722 30.309 31.928 34.543 34.595 32.809 34.609 34.554
16.151 17.167 20.765 23.639 25.726 28.708 26.753 25.100 28.496 30.151 27.661 28.019 31.778 31.938 30.291 32.893 31.175 33.860 36.007 34.520 36.000 37.481 34.321 34.692 32.054 31.418 30.188 27.482 26.324 26.399 24.363 21.624 21.645 21.098 18.820 16.225 17.816 18.665 15.130 15.171 11.414 11.176 10.191 11.407 12.334 16.051 18.245 19.992 17.050 16.863 14.175 15.066 14.256 15.150 17.578 19.735 17.234 19.086 18.881 18.511 21.343 23.919 22.973 20.561 19.628 16.127 17.761 16.536 18.671 22.083 24.998 23.289 25.856 24.187 26.981 25.740 25.785 22.519 19.164 16.490 14.625 17.806 17.189 14.331 16.870 18.422 21.576 21.953 24.694 22.950 21.701 25.236 27.051 25.159 25.662 29.359 29.560 27.880 30.197 33.125 32.472 34.796 33.046 32.423 29.644 29.755 27.124 24.612 24.511 23.575 26.505 28.838 28.060 27.564 29.422 32.156 35.483 34.414 35.553 32.851 34.929 33.830 30.459 32.327 35.128 35.581 33.812 35.769 35.424
17.278 17.472 21.029 23.491 25.308 28.588 27.086 25.427 28.644 30.679 28.537 28.692 32.425 33.005 31.482 33.824 31.753 34.170 36.163 34.937 36.267 37.445 34.134 34.453 31.936 30.862 29.589 27.254 25.914 25.478 23.616 21.177 20.650 19.686 17.856 15.518 16.786 18.382 15.251 16.129 12.673 11.426 10.542 10.781 11.813 15.214 17.113 19.498 17.071 17.227 14.626 15.343 15.179 16.049 17.973 19.906 17.340 19.677 19.405 19.583 22.072 24.817 24.181 22.254 21.690 18.326 20.067 18.306 19.914 23.268 26.133 24.555 27.250 25.861 28.462 27.411 27.889 24.797 21.656 18.597 17.212 20.258 19.020 16.267 19.043 20.234 23.466 23.438 26.425 24.799 23.028 26.369 28.479 26.448 26.441 30.227 30.536 28.457 30.483 33.635 32.906 34.876 32.766 32.236 29.252 29.033 26.723 23.970 23.319 22.188 25.390 27.522 26.288 25.795 28.031 30.840 34.010 32.848 34.156 31.755 34.036 32.686 29.546 31.769 34.370 34.954 33.557 35.852 35.713
16.756 16.175 19.639 21.617 23.321 26.774 25.645 24.200 27.291 29.538 27.810 27.994 31.616 32.506 31.300 33.492 31.227 33.291 35.308 34.464 35.868 36.672 33.185 33.221 30.667 29.220 28.176 26.136 24.416 23.701 22.279 19.931 18.767 17.807 16.645 14.261 14.802 16.890 14.215 15.963 13.022 11.355 11.367 11.415 13.160 16.192 18.154 20.956 19.058 19.024 16.215 16.224 16.108 16.398 17.563 19.589 17.421 20.308 20.454 21.293 23.722 26.284 25.572 24.040 24.000 20.913 23.021 21.242 22.413 25.836 28.452 26.698 29.212 27.770 30.021 28.838 29.737 26.671 23.833 20.510 19.214 21.851 20.107 17.250 19.891 20.462 23.822 23.611 26.899 25.670 23.523 26.550 29.060 27.205 26.696 30.471 31.144 28.884 30.484 33.867 33.357 35.043 32.638 31.910 28.667 28.430 26.549 23.449 22.508 20.869 24.085 26.275 24.657 23.814 26.199 29.229 32.162 30.703 31.913 29.746 32.001 30.329 27.380 29.779 32.106 32.637 31.568 34.093 34.257
19.535 18.638 22.051 23.589 25.322 28.838 27.945 26.812 29.832 32.135 30.689 30.992 34.512 35.522 34.539 36.688 34.350 36.189 38.208 37.596 38.999 39.576 36.001 35.866 33.313 31.576 30.703 28.929 26.953 25.989 24.913 22.722 21.073 20.043 19.430 17.175 17.137 19.518 17.163 19.293 16.538 14.915 15.093 14.821 16.320 19.040 20.542 23.638 21.957 22.293 19.704 19.782 19.834 20.011 20.875 22.905 20.868 23.888 23.994 24.908 27.160 29.825 29.251 27.801 27.720 24.572 26.506 24.552 25.745 29.027 31.746 30.182 32.805 31.486 33.733 32.603 33.538 30.478 27.616 24.313 22.968 25.583 23.839 20.899 23.364 23.639 27.118 26.998 30.396 29.331 27.123 30.028 32.668 30.865 30.189 33.948 34.713 32.344 33.773 37.239 36.727 38.226 35.643 34.945 31.599 31.195 29.573 26.367 25.078 23.257 26.546 28.585 26.568 25.613 28.239 31.359 34.047 32.388 33.580 31.719 33.957 31.953 29.254 31.782 33.783 34.165 33.428 36.088 36.577
21.263 19.725 22.804 23.818 25.172 28.821 28.422 27.349 30.067 32.643 31.584 31.711 35.085 36.454 35.633 37.504 34.921 36.433 38.289 37.975 39.256 39.501 35.852 35.609 33.219 31.098 30.279 28.940 26.818 25.409 24.660 22.863 20.713 19.413 19.449 17.612 17.098 19.985 18.273 20.909 18.636 16.556 16.943 16.184 17.783 19.957 21.221 24.623 23.483 23.871 21.395 21.174 21.567 21.606 21.947 23.710 21.869 25.135 25.317 26.670 28.657 31.264 30.848 29.808 30.063 27.125 29.196 27.056 27.833 31.041 33.573 32.034 34.600 33.435 35.426 34.392 35.671 32.769 30.147 26.657 25.615 28.030 25.899 23.140 25.646 25.639 29.032 28.593 32.092 31.192 28.648 31.266 34.109 32.301 31.200 34.906 35.815 33.204 34.283 37.877 37.394 38.542 35.688 35.006 31.540 30.915 29.715 26.372 24.664 22.615 25.934 27.747 25.317 24.269 27.147 30.286 32.683 30.894 32.166 30.687 33.022 30.781 28.431 31.222 32.928 33.421 33.098 36.023 36.711
23.851 22.068 24.993 25.559 26.913 30.517 30.355 29.620 32.228 34.799 34.043 34.312 37.536 39.001 38.440 40.268 37.663 38.921 40.805 40.754 42.087 42.087 38.377 37.907 35.507 33.154 32.585 31.490 29.119 27.577 27.228 25.541 23.020 21.835 22.360 20.576 19.552 22.504 21.099 23.990 21.922 19.978 20.618 19.874 21.475 23.476 24.540 28.056 27.075 27.562 25.132 24.818 25.181 25.007 25.057 26.880 25.272 28.649 28.938 30.403 32.337 34.918 34.502 33.530 33.838 30.903 32.957 30.796 31.574 34.733 37.272 35.774 38.333 37.173 39.093 38.012 39.359 36.433 33.842 30.354 29.220 31.531 29.375 26.524 28.828 28.512 31.974 31.623 35.218 34.538 31.956 34.415 37.401 35.724 34.464 38.112 39.181 36.537 37.411 41.069 40.682 41.670 38.687 37.938 34.390 33.727 32.801 29.370 27.490 25.234 28.452 30.185 27.479 26.231 29.176 32.386 34.478 32.456 33.598 32.428 34.641 32.091 30.029 32.849 34.183 34.486 34.501 37.506 38.524
26.971 24.943 27.631 27.967 28.918 32.595 32.785 31.924 34.254 37.059 36.482 36.477 39.622 41.355 40.752 42.317 39.495 40.590 42.209 42.269 43.347 43.172 39.492 39.123 36.993 34.390 33.674 32.952 30.694 28.736 28.441 27.213 24.534 22.931 23.744 22.493 21.489 24.760 23.713 26.705 24.792 22.465 22.852 21.568 22.867 24.348 24.950 28.644 28.102 28.863 26.758 26.522 27.332 27.365 27.286 28.717 27.032 30.398 30.472 32.091 33.664 36.326 36.223 35.547 35.947 33.107 35.072 32.634 33.116 36.074 38.537 37.251 39.886 39.017 40.843 40.016 41.541 38.812 36.322 32.742 31.943 34.287 31.933 29.329 31.824 31.573 34.906 34.259 37.815 37.052 34.254 36.589 39.575 37.730 36.244 39.854 40.836 37.956 38.669 42.342 41.794 42.479 39.316 38.785 35.269 34.253 33.595 30.238 27.945 25.805 29.095 30.415 27.403 26.382 29.598 32.619 34.481 32.561 33.949 33.157 35.564 32.964 31.242 34.308 35.472 36.005 36.323 39.522 40.558
30.245 28.097 30.665 30.704 31.610 35.222 35.599 34.952 37.169 39.974 39.611 39.673 42.699 44.514 44.073 45.581 42.731 43.639 45.234 45.476 46.546 46.188 42.494 41.994 39.909 37.141 36.574 36.062 33.682 31.612 31.573 30.470 27.592 26.038 27.135 25.964 24.708 27.993 27.131 30.239 28.421 26.160 26.634 25.326 26.562 27.904 28.304 32.047 31.635 32.518 30.497 30.256 31.089 31.044 30.818 32.247 30.676 34.079 34.169 35.834 37.327 39.999 39.947 39.324 39.732 36.880 38.792 36.301 36.780 39.662 42.140 40.937 43.595 42.777 44.569 43.755 45.321 42.594 40.109 36.531 35.697 38.010 35.647 33.002 35.398 34.987 38.352 37.748 41.349 40.700 37.875 40.110 43.169 41.380 39.791 43.355 44.411 41.489 42.064 45.762 45.241 45.781 42.525 41.999 38.461 37.370 36.916 33.549 31.117 28.909 32.109 33.293 30.098 29.011 32.263 35.256 36.845 34.808 36.130 35.632 37.955 35.158 33.715 36.797 37.658 38.077 38.678 41.929 43.194
33.800 31.581 34.047 33.999 34.671 38.304 38.872 38.129 40.177 43.116 42.832 42.711 45.694 47.661 47.159 48.500 45.517 46.341 47.731 48.015 48.875 48.422 44.784 44.396 42.526 39.622 38.922 38.656 36.404 34.081 34.026 33.233 30.333 28.503 29.700 28.871 27.719 31.149 30.432 33.534 31.735 29.272 29.508 27.859 28.787 29.767 29.748 33.546 33.428 34.582 32.860 32.773 33.913 34.070 33.846 35.010 33.333 36.661 36.533 38.215 39.420 42.183 42.396 41.941 42.334 39.515 41.283 38.582 38.898 41.571 44.027 43.054 45.803 45.234 47.007 46.412 48.047 45.463 43.005 39.402 38.780 41.170 38.734 36.246 38.783 38.472 41.766 40.997 44.550 43.797 40.866 43.056 46.069 44.135 42.445 45.981 46.918 43.841 44.348 48.017 47.332 47.656 44.302 43.994 40.532 39.157 38.864 35.623 32.916 30.895 34.125 34.954 31.592 30.759 34.171 36.951 38.356 36.461 37.982 37.771 40.228 37.439 36.246 39.470 40.218 40.796 41.589 44.944 46.203
36.508 34.128 36.427 36.062 36.677 40.208 40.973 40.467 42.383 45.299 45.264 45.229 48.060 50.109 49.817 51.095 48.108 48.710 50.104 50.613 51.516 50.851 47.199 46.620 44.771 41.722 41.236 41.165 38.757 36.380 36.632 35.919 32.818 31.133 32.630 31.816 30.360 33.764 33.270 36.521 34.895 32.512 32.965 31.407 32.464 33.395 33.389 37.200 37.170 38.264 36.489 36.249 37.313 37.278 36.832 38.039 36.571 39.984 40.000 41.804 43.019 45.701 45.859 45.473 45.967 43.187 45.024 42.362 42.650 45.339 47.745 46.728 49.413 48.802 50.476 49.811 51.532 48.930 46.533 42.909 42.228 44.501 42.010 39.471 41.866 41.328 44.634 43.898 47.509 46.941 43.971 46.013 49.138 47.331 45.505 48.971 50.059 46.981 47.300 51.006 50.439 50.633 47.202 46.803 43.300 41.952 41.885 38.591 35.842 33.666 36.731 37.522 34.043 33.037 36.385 39.173 40.289 38.228 39.593 39.649 41.955 38.978 38.059 41.245 41.673 42.112 43.183 46.564 48.060
39.973 37.708 40.096 39.821 40.449 44.001 44.731 44.166 46.105 49.041 48.936 48.855 51.733 53.774 53.392 54.668 51.649 52.310 53.630 54.066 54.858 54.240 50.625 50.162 48.387 45.336 44.733 44.683 42.374 39.936 40.062 39.415 36.395 34.567 35.942 35.209 33.925 37.356 36.743 39.898 38.108 35.693 35.903 34.180 34.932 35.752 35.419 39.218 39.238 40.622 39.077 39.098 40.318 40.493 40.217 41.345 39.695 43.007 42.794 44.446 45.506 48.337 48.681 48.265 48.589 45.723 47.342 44.532 44.863 47.375 49.881 49.098 51.929 51.491 53.280 52.772 54.407 51.845 49.348 45.766 45.131 47.564 45.157 42.640 45.129 44.737 48.069 47.345 50.921 50.214 47.268 49.405 52.446 50.509 48.753 52.252 53.191 50.049 50.460 54.123 53.389 53.543 50.108 49.894 46.464 44.943 44.834 41.654 38.789 36.814 39.965 40.574 37.068 36.285 39.725 42.384 43.486 41.563 43.061 43.189 45.579 42.644 41.762 44.992 45.432 45.915 46.997 50.386 51.855
41.478 39.148 41.443 41.211 41.553 45.170 46.044 45.223 46.995 50.104 49.988 49.623 52.496 54.696 54.150 55.223 52.054 52.702 53.767 54.159 54.690 54.047 50.531 50.280 48.759 45.645 44.799 44.946 42.871 40.195 40.181 39.858 36.921 34.769 36.138 35.788 34.728 38.312 37.827 40.928 39.184 36.493 36.439 34.366 34.853 35.279 34.612 38.397 38.745 40.300 39.049 39.175 40.727 41.137 40.886 41.677 39.901 43.094 42.660 44.357 45.105 47.971 48.586 48.395 48.765 46.016 47.542 44.554 44.627 46.931 49.325 48.734 51.596 51.421 53.141 52.882 54.619 52.259 49.856 46.240 45.911 48.390 45.864 43.593 46.288 46.076 49.274 48.289 51.769 50.899 47.826 49.915 52.861 50.741 48.892 52.346 53.118 49.827 50.191 53.786 52.864 52.813 49.325 49.355 46.050 44.250 44.258 41.253 38.169 36.446 39.626 39.881 36.312 35.858 39.426 41.824 42.843 41.176 42.948 43.249 45.844 43.059 42.318 45.707 46.204 46.978 48.114 51.609 52.909
38.646 36.160 38.292 37.972 38.136 41.754 42.755 41.874 43.519 46.695 46.664 46.202 49.010 51.308 50.787 51.750 48.536 49.096 50.108 50.573 51.091 50.368 46.857 46.580 45.118 41.958 41.119 41.365 39.303 36.553 36.616 36.408 33.419 31.239 32.759 32.543 31.409 35.047 34.773 37.951 36.416 33.617 33.688 31.604 32.289 32.627 32.145 35.956 36.424 37.747 36.392 36.277 37.836 38.137 37.702 38.396 36.759 40.008 39.715 41.615 42.374 45.095 45.642 45.603 46.189 43.593 45.317 42.398 42.294 44.695 46.924 46.165 48.882 48.648 50.200 49.893 51.783 49.480 47.235 43.554 43.329 45.654 42.973 40.806 43.498 43.214 46.310 45.177 48.645 47.852 44.684 46.636 49.632 47.564 45.579 48.972 49.831 46.525 46.751 50.368 49.538 49.416 45.890 45.837 42.508 40.744 40.877 37.829 34.737 32.914 36.016 36.273 32.672 32.143 35.694 38.095 39.069 37.375 39.149 39.486 42.098 39.338 38.654 42.081 42.575 43.453 44.623 48.162 49.415
35.764 33.311 35.449 35.307 35.382 39.068 40.010 38.905 40.553 43.793 43.630 43.024 45.902 48.205 47.530 48.456 45.208 45.882 46.833 47.166 47.614 47.003 43.517 43.392 41.975 38.893 37.872 38.054 36.144 33.365 33.225 33.072 30.218 27.870 29.253 29.167 28.249 31.941 31.647 34.737 33.209 30.269 30.209 27.997 28.643 28.886 28.430 32.241 32.770 34.042 32.725 32.611 34.282 34.696 34.326 34.882 33.153 36.347 35.988 37.911 38.617 41.325 41.918 41.942 42.573 40.052 41.808 38.878 38.659 41.062 43.223 42.440 45.132 44.936 46.463 46.217 48.135 45.904 43.716 40.022 39.940 42.265 39.535 37.502 40.309 40.168 43.175 41.914 45.314 44.410 41.210 43.186 46.109 43.957 41.988 45.391 46.163 42.831 43.116 46.708 45.814 45.724 42.224 42.230 38.933 37.126 37.176 34.168 31.063 29.342 32.531 32.765 29.218 28.830 32.442 34.806 35.965 34.411 36.335 36.514 39.268 36.676 35.841 39.327 40.053 41.109 42.103 45.649 46.692
32.128 29.786 32.072 32.116 32.393 36.117 36.839 35.719 37.559 40.713 40.392 39.900 42.885 45.038 44.330 45.426 42.274 43.108 44.235 44.447 45.057 44.607 41.056 40.909 39.296 36.361 35.360 35.263 33.296 30.718 30.463 30.029 27.246 25.017 26.211 25.860 24.989 28.619 28.125 31.174 29.546 26.694 26.702 24.666 25.485 26.040 25.896 29.719 29.966 31.082 29.546 29.393 30.882 31.235 30.961 31.708 29.948 33.193 32.933 34.795 35.733 38.437 38.849 38.701 39.289 36.698 38.533 35.724 35.658 38.235 40.468 39.525 42.203 41.825 43.432 43.040 44.866 42.513 40.257 36.575 36.350 38.685 36.028 33.884 36.657 36.535 39.603 38.458 41.886 40.982 37.868 39.957 42.886 40.783 38.945 42.425 43.232 40.006 40.435 44.059 43.243 43.392 39.982 39.846 36.474 34.876 34.688 31.567 28.665 26.835 30.118 30.670 27.265 26.729 30.282 32.852 34.296 32.665 34.492 34.331 37.048 34.496 33.349 36.757 37.688 38.661 39.410 42.874 43.848
29.536 26.977 29.105 28.895 29.192 32.859 33.678 32.778 34.582 37.677 37.548 37.214 40.088 42.257 41.785 42.908 39.823 40.492 41.780 42.191 43.024 42.431 38.794 38.368 36.601 33.610 32.907 32.816 30.585 28.109 28.189 27.615 24.595 22.698 24.209 23.649 22.337 25.915 25.649 28.919 27.575 24.865 25.378 23.719 25.086 25.878 26.271 30.052 30.176 30.837 28.910 28.313 29.462 29.389 28.778 29.739 28.351 31.798 31.963 34.055 35.273 37.731 37.811 37.670 38.498 36.009 38.156 35.611 35.557 38.389 40.496 39.206 41.657 40.981 42.418 41.737 43.677 41.218 39.091 35.366 34.976 37.044 34.288 32.031 34.574 34.126 37.204 36.115 39.643 39.033 35.900 37.818 40.930 39.091 37.128 40.550 41.654 38.547 38.788 42.500 41.993 42.188 38.769 38.294 34.780 33.493 33.431 30.094 27.397 25.149 28.234 29.112 25.716 24.699 28.073 30.891 32.252 30.305 31.829 31.639 34.148 31.420 30.292 33.612 34.396 35.204 36.034 39.491 40.631
25.770 23.277 25.514 25.514 25.965 29.676 30.282 29.310 31.282 34.312 34.019 33.755 36.728 38.770 38.247 39.504 36.506 37.331 38.769 39.056 40.035 39.600 35.923 35.493 33.553 30.733 30.029 29.659 27.399 25.137 25.088 24.240 21.314 19.555 20.878 20.059 18.787 22.311 21.894 25.140 23.779 21.126 21.785 20.359 22.009 23.090 23.895 27.595 27.479 27.867 25.690 24.947 25.886 25.702 25.128 26.255 24.892 28.392 28.715 30.802 32.249 34.627 34.501 34.242 35.103 32.624 34.908 32.538 32.563 35.567 37.660 36.169 38.535 37.667 39.119 38.285 40.178 37.632 35.505 31.786 31.300 33.311 30.576 28.258 30.769 30.331 33.426 32.392 35.936 35.338 32.266 34.256 37.374 35.599 33.736 37.207 38.358 35.368 35.718 39.446 39.038 39.451 36.141 35.511 31.945 30.894 30.616 27.183 24.745 22.379 25.504 26.717 23.536 22.362 25.613 28.609 30.262 28.280 29.708 29.144 31.621 28.996 27.529 30.764 31.805 32.582 33.127 36.499 37.512
24.115 21.598 23.892 23.712 24.558 28.146 28.615 28.070 30.220 33.002 32.810 32.954 35.863 37.721 37.489 38.975 36.195 36.953 38.715 39.132 40.458 39.989 36.228 35.457 33.199 30.459 30.179 29.601 26.981 25.099 25.377 24.089 21.013 19.906 21.326 19.923 18.153 21.370 20.884 24.274 22.994 20.822 22.028 21.245 23.326 24.875 26.120 29.694 29.218 29.301 26.746 25.759 26.149 25.506 24.769 26.389 25.363 28.992 29.705 31.766 33.599 35.818 35.305 34.809 35.683 33.145 35.588 33.525 33.829 37.051 39.189 37.441 39.672 38.456 39.906 38.723 40.523 37.750 35.588 31.940 31.042 32.877 30.274 27.635 29.775 28.974 32.231 31.541 35.218 34.932 32.031 33.984 37.249 35.798 34.017 37.464 38.889 36.145 36.465 40.236 40.132 40.747 37.541 36.564 32.891 32.262 31.928 28.328 26.280 23.576 26.465 28.131 25.128 23.461 26.374 29.654 31.284 28.956 29.925 29.193 31.300 28.457 26.865 29.831 30.720 31.073 31.594 34.835 36.118
20.407 18.015 20.505 20.654 21.743 25.360 25.515 24.872 27.253 29.927 29.501 29.737 32.772 34.451 34.138 35.794 33.138 34.102 36.027 36.270 37.746 37.485 33.716 32.973 30.530 28.043 27.748 26.815 24.200 22.641 22.727 21.076 18.202 17.348 18.437 16.647 14.958 18.015 17.258 20.590 19.259 17.231 18.644 18.238 20.619 22.498 24.165 27.553 26.803 26.586 23.781 22.655 22.747 21.964 21.314 23.165 22.172 25.808 26.691 28.692 30.772 32.887 32.148 31.496 32.378 29.859 32.428 30.585 30.994 34.364 36.477 34.536 36.665 35.247 36.723 35.379 37.094 34.229 32.060 28.449 27.420 29.192 26.650 23.922 26.011 25.237 28.530 27.932 31.618 31.330 28.534 30.590 33.833 32.454 30.831 34.320 35.771 33.185 33.656 37.406 37.393 38.257 35.213 34.095 30.418 30.058 29.460 25.822 24.131 21.385 24.256 26.266 23.596 21.830 24.521 27.921 29.863 27.572 28.437 27.272 29.322 26.666 24.667 27.483 28.699 29.022 29.160 32.268 33.369
17.992 16.122 19.075 19.885 21.347 24.944 24.574 23.724 26.456 28.950 28.070 28.392 31.658 33.028 32.470 34.384 31.894 33.244 35.298 35.187 36.733 36.840 33.122 32.575 29.989 27.882 27.403 25.998 23.579 22.406 22.011 19.956 17.595 16.846 17.179 14.954 13.843 16.588 15.108 18.089 16.274 14.437 15.690 15.592 17.969 20.298 22.185 25.391 24.224 23.965 21.040 20.142 20.019 19.401 19.252 21.335 20.047 23.539 24.319 25.990 28.282 30.494 29.655 28.679 29.305 26.615 29.107 27.372 28.057 31.502 33.767 31.807 34.014 32.493 34.206 32.815 34.265 31.272 28.894 25.371 24.152 26.128 23.832 20.947 23.125 22.657 26.064 25.672 29.306 28.795 26.221 28.603 31.673 30.214 28.958 32.565 33.839 31.405 32.247 35.909 35.807 37.001 34.181 33.102 29.516 29.300 28.243 24.701 23.339 20.847 23.838 26.054 23.772 22.212 24.751 28.123 30.459 28.390 29.297 27.681 29.749 27.407 24.966 27.592 29.233 29.547 29.195 32.078 32.892
15.189 13.871 17.208 18.479 20.491 23.883 22.968 22.245 25.333 27.460 26.274 26.941 30.297 31.271 30.713 32.962 30.791 32.383 34.713 34.411 36.215 36.579 32.909 32.308 29.457 27.754 27.410 25.537 23.110 22.539 22.002 19.411 17.491 17.321 17.124 14.261 13.344 15.361 13.234 15.870 13.764 12.671 14.234 14.981 17.565 20.417 22.696 25.552 23.901 23.354 20.158 19.251 18.504 17.651 17.796 20.368 19.169 22.506 23.490 24.859 27.534 29.627 28.442 27.074 27.528 24.746 27.280 25.926 26.980 30.569 32.901 30.759 32.863 31.030 32.872 31.210 32.379 29.167 26.657 23.326 21.655 23.596 21.644 18.438 20.336 19.851 23.427 23.471 27.098 26.647 24.429 26.994 29.978 28.720 27.830 31.437 32.748 30.647 31.725 35.286 35.329 36.878 34.336 33.076 29.564 29.735 28.344 24.868 24.050 21.622 24.421 26.994 25.161 23.508 25.647 29.074 31.628 29.567 30.222 28.202 30.015 27.851 25.047 27.283 29.150 29.208 28.428 30.993 31.712
12.979 12.204 15.727 17.674 19.646 22.986 21.736 20.552 23.768 25.845 24.231 24.722 28.260 29.070 28.162 30.485 28.380 30.310 32.602 31.956 33.701 34.384 30.829 30.516 27.699 26.347 25.702 23.501 21.452 21.133 20.072 17.313 16.049 15.837 14.885 11.871 11.834 13.503 10.788 12.889 10.359 9.240 10.612 11.740 14.429 17.541 20.124 22.664 20.781 19.992 16.677 15.824 14.916 14.278 14.920 17.486 16.013 19.149 20.063 21.245 24.056 26.119 24.865 23.356 23.742 20.968 23.569 22.349 23.434 27.086 29.376 27.146 29.214 27.320 29.254 27.606 28.663 25.444 22.881 19.554 17.922 19.996 18.105 14.951 17.138 17.133 20.621 20.579 24.069 23.318 21.194 24.000 26.780 25.375 24.745 28.414 29.522 27.517 28.872 32.320 32.264 34.033 31.698 30.509 27.146 27.410 25.669 22.366 21.879 19.777 22.578 25.228 23.818 22.441 24.394 27.656 30.523 28.777 29.564 27.210 29.126 27.389 24.295 26.424 28.719 29.007 27.819 30.227 30.509
12.784 13.125 16.847 19.341 21.619 24.681 22.912 21.673 25.118 26.829 24.766 25.425 29.065 29.431 28.299 30.906 29.115 31.402 33.791 32.791 34.590 35.645 32.248 32.113 29.229 28.311 27.564 24.990 23.233 23.339 21.922 18.934 18.331 18.280 16.676 13.542 14.175 15.109 11.753 12.803 9.541 9.374 10.164 11.886 14.131 17.671 20.291 22.423 19.993 19.236 15.967 15.639 14.352 14.045 15.489 18.198 16.459 19.076 19.766 20.294 23.328 25.472 24.108 22.081 21.961 18.912 21.259 20.295 21.908 25.554 28.062 25.892 28.045 26.032 28.303 26.611 27.182 23.797 20.893 17.886 15.822 18.230 16.983 13.640 15.751 16.265 19.790 20.197 23.445 22.421 20.812 23.963 26.383 24.955 24.901 28.567 29.417 27.707 29.481 32.704 32.546 34.664 32.652 31.549 28.417 28.819 26.654 23.646 23.532 21.836 24.568 27.259 26.230 25.091 26.838 29.945 33.024 31.486 32.261 29.645 31.473 30.013 26.702 28.538 31.066 31.261 29.697 31.774 31.821
9.259 9.938 13.720 16.350 18.984 21.762 19.698 18.754 22.358 23.744 21.681 22.730 26.268 26.414 25.553 28.357 26.839 29.057 31.726 30.848 32.984 33.994 30.609 30.175 27.045 26.360 25.996 23.213 21.245 21.875 20.757 17.396 16.928 17.650 16.153 12.579 12.801 12.905 9.425 10.371 7.568 8.617 10.602 13.212 16.006 19.492 22.522 24.372 21.969 20.603 17.032 16.016 13.934 12.701 13.730 16.958 15.947 18.577 19.947 20.672 24.011 25.652 23.772 21.719 21.945 19.267 21.987 21.613 23.154 26.920 29.111 26.548 28.249 25.814 27.789 25.646 26.271 22.750 20.139 17.292 14.828 16.572 15.368 11.717 13.126 13.050 16.736 17.501 20.872 20.334 18.928 21.869 24.450 23.522 23.482 26.975 28.198 26.834 28.429 31.622 31.887 34.125 32.267 30.761 27.616 28.510 26.432 23.367 23.740 21.765 24.026 27.081 26.335 24.804 26.071 29.292 32.308 30.580 30.947 28.130 29.575 28.154 24.701 26.142 28.671 28.596 26.810 28.641 28.736
10.792 10.566 14.245 16.141 18.943 21.802 20.058 19.670 23.188 24.625 23.061 24.344 27.687 28.021 27.595 30.324 28.730 30.567 33.323 32.837 35.076 35.736 32.199 31.419 28.198 27.147 27.139 24.658 22.220 22.635 22.077 18.801 17.596 18.444 17.690 14.113 13.349 13.865 11.019 12.884 10.756 11.375 13.652 15.796 18.680 21.996 24.841 27.062 24.886 23.723 20.182 19.022 17.172 15.672 16.022 19.303 18.595 21.569 23.063 24.083 27.300 28.968 27.145 25.296 25.664 22.997 25.692 25.137 26.601 30.349 32.573 30.060 31.789 29.404 31.244 29.067 29.871 26.376 23.878 20.976 18.566 20.103 18.724 15.088 16.165 15.387 19.158 19.978 23.541 23.402 21.825 24.456 27.318 26.573 26.189 29.629 31.121 29.640 30.910 34.259 34.668 36.681 34.590 32.959 29.613 30.456 28.736 25.420 25.480 23.099 25.371 28.437 27.289 25.417 26.831 30.278 33.010 30.926 31.105 28.561 29.864 27.995 24.767 26.284 28.395 28.027 26.616 28.601 29.191
9.890 8.391 11.792 13.265 15.730 18.848 17.568 17.093 20.385 22.179 20.984 22.032 25.287 26.042 25.761 28.197 26.334 27.878 30.544 30.338 32.546 32.914 29.279 28.355 25.190 23.851 23.943 21.723 19.069 19.255 19.009 15.873 14.226 15.190 14.951 11.450 10.020 10.924 8.766 11.546 10.288 10.204 13.046 14.957 18.253 21.184 24.148 26.492 24.762 23.352 19.732 17.997 16.317 14.436 14.004 17.159 16.854 20.172 21.981 23.576 26.646 28.095 26.275 24.912 25.814 23.503 26.516 25.862 26.809 30.585 32.497 29.831 31.358 29.016 30.476 28.296 29.571 26.267 24.168 20.994 19.041 20.202 18.191 14.856 16.059 14.889 18.467 18.724 22.457 22.557 20.509 22.775 25.938 25.250 24.363 27.748 29.492 27.827 28.709 32.208 32.773 34.517 32.229 30.454 26.963 27.822 26.455 22.953 22.910 20.202 22.328 25.443 24.176 22.051 23.423 26.967 29.545 27.320 27.441 25.011 26.344 24.352 21.224 22.936 24.958 24.755 23.568 25.847 26.516
13.331 11.157 14.035 14.709 16.671 20.044 19.431 19.034 21.952 24.108 23.360 24.159 27.275 28.439 28.278 30.401 28.229 29.448 31.901 31.979 33.994 34.038 30.296 29.303 26.333 24.482 24.577 22.870 20.047 19.581 19.655 17.014 14.650 15.116 15.598 12.626 10.669 12.587 11.263 14.520 13.435 12.491 14.988 16.080 19.237 21.821 24.439 27.190 25.828 24.752 21.327 19.653 18.585 16.962 16.213 18.933 18.532 22.098 23.707 25.574 28.330 29.957 28.461 27.414 28.409 26.062 28.997 27.939 28.658 32.346 34.291 31.808 33.496 31.433 32.823 30.880 32.393 29.243 27.183 23.812 22.201 23.492 21.198 18.095 19.563 18.372 21.813 21.717 25.486 25.576 23.187 25.266 28.561 27.707 26.439 29.842 31.602 29.601 30.225 33.869 34.327 35.725 33.124 31.473 27.837 28.341 27.338 23.679 23.066 20.148 22.485 25.326 23.528 21.324 23.113 26.732 29.039 26.644 26.903 24.921 26.437 24.071 21.343 23.471 25.114 25.013 24.391 27.038 27.998
15.608 12.843 15.092 15.217 16.363 19.977 20.051 19.418 21.852 24.459 24.072 24.412 27.398 29.040 28.868 30.569 28.038 28.964 31.100 31.410 33.162 32.905 29.113 28.155 25.484 23.187 23.152 21.972 19.155 18.016 18.310 16.279 13.378 13.286 14.472 12.235 9.960 12.762 12.344 15.927 15.266 13.507 15.777 16.138 19.243 21.271 23.663 26.643 25.799 24.816 21.597 19.756 19.264 17.806 16.637 18.774 18.414 22.151 23.674 25.944 28.337 29.956 28.744 28.171 29.457 27.309 30.297 28.948 29.218 32.791 34.553 32.157 33.836 32.042 33.198 31.495 33.367 30.481 28.654 25.082 23.990 25.226 22.512 19.836 21.605 20.462 23.610 22.945 26.681 26.736 23.935 25.737 29.136 28.112 26.397 29.754 31.530 29.205 29.505 33.256 33.638 34.652 31.774 30.230 26.505 26.694 26.098 22.348 21.268 18.174 20.592 23.149 20.951 18.701 20.814 24.419 26.498 24.053 24.533 22.939 24.729 22.198 19.843 22.427 23.867 24.138 23.971 26.992 27.984
19.161 16.248 18.181 17.724 18.602 22.132 22.643 22.290 24.417 27.101 27.091 27.412 30.182 32.024 32.055 33.571 30.936 31.545 33.550 34.142 35.794 35.239 31.429 30.327 27.818 25.182 25.299 24.570 21.639 20.128 20.809 19.203 15.950 15.630 17.357 15.577 13.097 16.039 16.017 19.666 19.073 17.220 19.289 19.253 22.109 23.858 25.883 29.105 28.514 27.809 24.786 23.058 22.847 21.487 20.169 22.081 21.754 25.520 26.920 29.285 31.467 33.172 32.147 31.727 33.024 30.841 33.734 32.181 32.375 35.848 37.645 35.397 37.162 35.527 36.632 35.043 37.013 34.196 32.381 28.772 27.755 29.026 26.267 23.640 25.377 24.103 27.221 26.520 30.258 30.407 27.515 29.147 32.608 31.582 29.668 32.947 34.772 32.304 32.380 36.174 36.533 37.274 34.206 32.732 28.971 28.926 28.676 24.910 23.439 20.266 22.665 24.908 22.288 19.976 22.320 25.887 27.561 24.930 25.403 24.332 26.097 23.219 21.384 24.120 25.057 25.250 25.617 28.800 30.126
22.517 19.433 21.027 20.258 20.566 24.097 25.083 24.617 26.335 29.267 29.518 29.522 32.137 34.294 34.318 35.505 32.636 32.994 34.683 35.463 36.841 36.026 32.252 31.211 29.042 26.074 26.073 25.857 23.054 21.008 21.846 20.850 17.400 16.559 18.720 17.626 15.225 18.490 18.896 22.574 22.113 19.868 21.626 21.033 23.622 24.879 26.520 29.917 29.755 29.271 26.535 24.859 25.112 23.978 22.523 23.961 23.583 27.337 28.544 31.099 32.930 34.684 33.956 33.858 35.270 33.183 36.012 34.200 34.107 37.416 39.118 37.042 38.853 37.490 38.467 37.121 39.295 36.681 34.981 31.278 30.592 31.895 28.943 26.583 28.509 27.317 30.265 29.250 32.914 32.997 29.885 31.337 34.798 33.624 31.437 34.639 36.406 33.695 33.536 37.349 37.586 37.969 34.686 33.398 29.655 29.248 29.369 25.660 23.728 20.600 23.019 24.802 21.781 19.602 22.257 25.641 26.964 24.352 25.065 24.530 26.493 23.498 22.189 25.220 25.856 26.323 27.136 30.537 31.915
22.909 19.505 20.476 19.045 19.029 22.317 23.745 23.629 24.970 27.864 28.591 28.669 30.931 33.252 33.638 34.641 31.816 31.756 33.465 34.634 36.141 34.987 31.227 29.816 27.665 24.525 24.978 25.079 22.030 20.008 21.492 20.668 16.964 16.632 19.344 18.377 15.429 18.403 19.473 23.270 23.401 21.369 23.548 23.227 26.087 27.228 29.080 32.328 32.295 31.477 28.625 26.535 26.561 25.001 23.023 24.440 24.643 28.416 30.011 32.822 34.697 36.107 35.169 35.272 36.995 35.178 38.221 36.630 36.386 39.744 41.196 38.906 40.417 38.901 39.556 38.026 40.400 37.854 36.454 32.796 32.119 33.011 29.935 27.695 29.285 27.682 30.419 29.337 32.979 33.459 30.311 31.337 34.947 34.103 31.668 34.615 36.704 34.116 33.566 37.373 37.942 38.163 34.868 33.282 29.521 29.373 29.873 26.132 24.390 20.969 22.844 24.727 21.763 19.108 21.360 24.802 25.709 22.743 23.014 22.759 24.371 21.099 20.185 23.101 23.269 23.587 24.796 28.259 29.922
26.500 23.164 24.195 22.663 22.641 25.807 27.344 27.360 28.607 31.478 32.322 32.411 34.588 36.956 37.404 38.344 35.484 35.305 36.906 38.177 39.576 38.293 34.574 33.155 31.147 27.888 28.349 28.664 25.659 23.488 25.010 24.371 20.660 20.118 22.852 22.021 19.187 22.206 23.182 26.968 26.920 24.835 26.814 26.256 28.876 29.901 31.427 34.841 34.921 34.391 31.696 29.818 30.030 28.634 26.760 28.102 28.154 31.914 33.320 36.083 37.821 39.383 38.618 38.735 40.355 38.420 41.335 39.560 39.340 42.612 44.166 42.046 43.699 42.324 43.046 41.632 43.994 41.456 39.959 36.274 35.594 36.632 33.592 31.299 32.941 31.360 34.165 33.133 36.782 37.225 34.064 35.111 38.706 37.791 35.326 38.272 40.302 37.614 37.027 40.829 41.297 41.364 37.969 36.528 32.801 32.427 33.062 29.379 27.370 24.077 26.018 27.595 24.398 21.935 24.349 27.619 28.243 25.300 25.640 25.783 27.376 23.998 23.459 26.375 26.223 26.460 27.972 31.436 33.280
25.624 22.558 24.015 22.727 23.338 26.495 27.578 27.814 29.487 32.100 32.709 33.158 35.505 37.551 38.021 39.315 36.658 36.725 38.616 39.707 41.322 40.278 36.498 35.045 32.728 29.707 30.244 30.123 26.988 25.205 26.539 25.387 21.800 21.517 23.855 22.461 19.650 22.464 22.912 26.643 26.243 24.491 26.532 26.261 28.893 30.348 31.958 35.394 35.086 34.647 31.805 30.126 30.067 28.639 27.048 28.818 28.715 32.499 33.887 36.373 38.364 40.082 39.177 38.922 40.270 38.074 40.895 39.193 39.339 42.710 44.520 42.401 44.194 42.667 43.652 42.097 44.191 41.419 39.659 36.050 35.010 36.202 33.428 30.794 32.309 30.702 33.776 33.144 36.891 37.323 34.390 35.713 39.293 38.425 36.257 39.349 41.354 38.809 38.514 42.327 42.790 43.164 39.894 38.406 34.636 34.423 34.694 30.947 29.135 25.865 27.993 29.854 26.814 24.359 26.729 30.161 31.086 28.134 28.352 28.112 29.569 26.197 25.250 27.932 27.943 27.807 29.017 32.278 34.211
22.246 19.151 20.533 19.189 20.071 23.148 24.053 24.483 26.300 28.728 29.321 30.003 32.332 34.215 34.813 36.264 33.791 33.900 36.028 37.107 38.969 38.012 34.212 32.595 30.030 27.208 27.975 27.581 24.278 22.894 24.338 22.831 19.299 19.558 21.817 20.052 16.985 19.441 19.917 23.652 23.470 22.063 24.487 24.695 27.647 29.360 31.374 34.607 34.073 33.284 30.191 28.263 27.800 26.034 24.301 26.358 26.543 30.330 32.028 34.512 36.762 38.270 37.059 36.689 38.121 36.021 39.001 37.598 37.837 41.347 43.077 40.722 42.322 40.535 41.450 39.648 41.695 38.832 37.159 33.643 32.419 33.376 30.669 27.951 29.189 27.357 30.420 29.950 33.718 34.357 31.560 32.818 36.447 35.820 33.740 36.776 38.948 36.632 36.352 40.144 40.831 41.414 38.305 36.558 32.768 32.931 33.067 29.264 27.865 24.438 26.356 28.613 25.899 23.163 25.170 28.779 29.877 26.802 26.708 26.092 27.300 23.953 22.688 25.115 25.249 24.880 25.842 28.973 30.932
24.053 21.013 22.124 20.378 21.418 24.086 25.064 26.027 27.736 29.863 30.749 31.752 33.814 35.592 36.548 38.046 35.777 35.649 37.927 39.239 41.295 40.178 36.411 34.480 31.817 29.031 30.210 29.873 26.379 25.253 27.047 25.458 21.917 22.593 24.965 23.064 19.771 21.804 22.407 26.090 26.091 25.054 27.704 28.172 31.215 33.030 35.121 38.314 37.697 36.817 33.626 31.599 30.884 28.861 26.973 29.211 29.677 33.443 35.340 37.820 40.194 41.579 40.187 39.752 41.214 39.138 42.167 40.923 41.272 44.838 46.559 44.105 45.599 43.654 44.498 42.510 44.528 41.593 39.974 36.562 35.129 35.892 33.304 30.485 31.358 29.196 32.232 32.013 35.774 36.721 34.078 35.158 38.851 38.508 36.430 39.322 41.699 39.556 39.139 42.900 43.809 44.398 41.340 39.397 35.615 35.989 36.239 32.429 31.193 27.658 29.299 31.653 29.015 26.065 27.779 31.404 32.247 28.955 28.453 27.978 28.753 25.224 24.201 26.268 25.955 25.105 26.308 29.250 31.596
25.553 22.834 24.439 23.108 24.452 27.240 27.897 28.753 30.745 32.835 33.429 34.490 36.768 38.389 39.170 40.849 38.588 38.709 41.013 42.111 44.118 43.188 39.391 37.643 34.940 32.225 33.178 32.660 29.261 28.111 29.568 27.843 24.416 24.811 26.867 24.814 21.827 23.994 24.073 27.655 27.153 26.123 28.492 28.841 31.635 33.602 35.473 38.793 38.017 37.462 34.357 32.699 32.080 30.332 28.844 31.184 31.256 35.010 36.628 38.857 41.234 42.907 41.649 40.985 42.138 39.777 42.588 41.190 41.774 45.300 47.287 45.022 46.779 44.921 46.052 44.162 45.971 42.922 41.008 37.605 36.030 37.126 34.727 31.709 32.727 30.797 34.063 34.038 37.842 38.554 36.002 37.404 41.008 40.475 38.604 41.679 43.858 41.649 41.503 45.280 45.974 46.675 43.607 41.857 38.066 38.260 38.279 34.476 33.089 29.725 31.712 33.982 31.235 28.546 30.546 34.158 35.182 32.038 31.784 31.234 32.202 28.747 27.558 29.697 29.577 28.742 29.764 32.631 34.895
22.924 20.430 22.483 21.687 23.278 26.305 26.587 27.127 29.436 31.566 31.753 32.764 35.332 36.810 37.298 39.143 36.879 37.349 39.691 40.470 42.444 41.810 37.994 36.498 33.716 31.180 31.838 31.003 27.750 26.686 27.720 25.772 22.555 22.807 24.454 22.199 19.521 21.756 21.379 24.853 24.007 22.965 25.177 25.558 28.276 30.423 32.323 35.605 34.645 34.159 31.052 29.584 28.962 27.399 26.237 28.667 28.449 32.156 33.618 35.656 38.090 39.900 38.678 37.843 38.812 36.321 39.038 37.616 38.330 41.859 43.965 41.759 43.634 41.795 43.115 41.281 42.936 39.828 37.748 34.355 32.732 34.037 31.744 28.640 29.832 28.171 31.573 31.601 35.413 35.874 33.385 35.071 38.568 37.861 36.201 39.433 41.420 39.207 39.347 43.111 43.639 44.533 41.549 39.919 36.147 36.304 36.005 32.227 30.900 27.692 29.937 32.288 29.658 27.173 29.301 32.940 34.345 31.411 31.403 30.494 31.706 28.480 26.859 29.088 29.457 28.816 29.404 32.252 34.195
20.373 18.304 20.706 20.337 22.457 25.390 25.144 25.752 28.421 30.266 30.132 31.416 34.121 35.250 35.684 37.830 35.808 36.552 39.120 39.666 41.822 41.466 37.671 36.210 33.199 31.010 31.674 30.404 27.175 26.559 27.352 24.967 22.090 22.650 23.825 21.112 18.627 20.425 19.540 22.758 21.686 21.118 23.433 24.262 27.050 29.570 31.702 34.793 33.463 32.857 29.600 28.213 27.227 25.580 24.689 27.459 27.202 30.795 32.322 34.096 36.783 38.577 37.148 35.998 36.779 34.187 36.868 35.678 36.681 40.292 42.497 40.209 42.066 40.035 41.508 39.512 40.913 37.647 35.432 32.202 30.268 31.589 29.588 26.269 27.260 25.612 29.154 29.540 33.338 33.792 31.587 33.469 36.870 36.260 34.919 38.196 40.150 38.164 38.562 42.253 42.824 44.029 41.256 39.547 35.823 36.219 35.578 31.838 30.862 27.741 29.992 32.619 30.309 27.844 29.776 33.479 35.193 32.337 32.240 30.902 32.007 28.981 26.934 28.893 29.580 28.762 28.884 31.464 33.277
18.834 17.207 20.122 20.445 22.717 25.820 25.185 25.378 28.324 30.195 29.593 30.763 33.756 34.722 34.789 37.082 35.063 36.188 38.730 38.912 40.972 40.941 37.179 36.040 33.027 31.053 31.350 29.780 26.820 26.274 26.541 23.991 21.477 21.783 22.397 19.535 17.623 19.446 17.940 20.880 19.277 18.702 20.684 21.517 24.106 26.832 28.928 31.954 30.398 29.940 26.741 25.680 24.737 23.420 23.030 25.827 25.155 28.620 29.879 31.366 34.081 36.068 34.733 33.370 33.876 31.098 33.609 32.358 33.542 37.123 39.493 37.326 39.354 37.389 39.112 37.231 38.420 35.105 32.661 29.465 27.483 29.120 27.295 23.898 25.146 23.933 27.596 28.036 31.783 31.881 29.779 32.007 35.222 34.373 33.308 36.744 38.422 36.427 37.166 40.802 41.142 42.540 39.874 38.359 34.711 35.013 34.019 30.380 29.450 26.613 29.137 31.752 29.590 27.451 29.513 33.142 35.208 32.640 32.834 31.208 32.575 29.842 27.455 29.491 30.640 30.069 29.796 32.319 33.754
17.443 16.535 19.747 20.550 23.284 26.158 24.978 25.255 28.503 30.007 29.065 30.525 33.602 34.158 34.168 36.767 35.051 36.444 39.184 39.128 41.355 41.605 37.917 36.820 33.627 32.037 32.351 30.384 27.522 27.442 27.475 24.557 22.496 23.100 23.205 19.976 18.407 19.632 17.565 20.004 18.101 18.194 20.174 21.518 24.060 27.148 29.422 32.177 30.217 29.664 26.375 25.480 24.133 22.784 22.773 25.874 25.157 28.387 29.670 30.791 33.753 35.711 34.169 32.434 32.672 29.778 32.179 31.218 32.767 36.387 38.870 36.654 38.657 36.499 38.401 36.362 37.216 33.739 31.132 28.198 25.833 27.502 26.113 22.503 23.467 22.336 26.108 27.004 30.655 30.730 29.023 31.451 34.492 33.764 33.093 36.525 38.135 36.421 37.434 40.940 41.317 43.028 40.615 39.041 35.501 36.038 34.712 31.189 30.632 27.959 30.419 33.238 31.415 29.337 31.166 34.783 37.080 34.607 34.696 32.730 33.950 31.435 28.737 30.450 31.840 31.086 30.392 32.579 33.874
17.964 17.788 21.301 22.663 25.533 28.365 26.807 26.843 30.292 31.657 30.298 31.755 35.005 35.288 35.010 37.791 36.207 37.937 40.681 40.288 42.459 43.028 39.428 38.586 35.393 34.067 34.127 31.888 29.306 29.376 28.977 25.933 24.312 24.755 24.308 21.009 20.065 21.095 18.463 20.328 17.857 18.217 19.704 21.137 23.296 26.623 28.788 31.369 29.072 28.729 25.581 25.158 23.778 22.813 23.409 26.524 25.423 28.362 29.335 29.993 33.002 35.145 33.671 31.602 31.409 28.276 30.356 29.429 31.338 34.871 37.581 35.539 37.716 35.600 37.810 35.863 36.356 32.807 29.911 27.190 24.641 26.644 25.679 22.002 23.049 22.403 26.215 27.346 30.826 30.574 29.160 31.914 34.675 33.786 33.511 37.022 38.342 36.728 38.106 41.482 41.655 43.595 41.359 39.966 36.567 37.055 35.374 32.036 31.588 29.255 31.877 34.656 33.017 31.245 33.114 36.615 39.165 36.933 37.199 35.026 36.366 34.098 31.185 32.844 34.527 33.864 32.862 34.879 35.900
19.063 19.582 23.151 24.820 27.931 30.527 28.591 28.695 32.298 33.339 31.713 33.376 36.644 36.560 36.215 39.224 37.917 39.857 42.715 42.114 44.373 45.178 41.677 40.899 37.620 36.590 36.642 34.149 31.704 32.077 31.498 28.276 27.015 27.594 26.795 23.373 22.744 23.353 20.398 21.694 18.993 19.897 21.160 22.877 24.780 28.306 30.463 32.778 30.149 29.853 26.788 26.654 25.034 24.187 25.164 28.394 27.210 29.837 30.709 30.946 34.076 36.229 34.658 32.244 31.689 28.441 30.240 29.567 31.863 35.316 38.165 36.195 38.388 36.178 38.591 36.581 36.688 33.045 29.974 27.618 24.758 26.835 26.402 22.664 23.430 22.991 26.765 28.313 31.586 31.256 30.267 33.180 35.693 34.881 34.995 38.461 39.649 38.284 39.913 43.130 43.278 45.462 43.452 42.077 38.814 39.428 37.489 34.313 34.107 31.969 34.548 37.397 35.983 34.310 36.045 39.489 42.178 40.037 40.253 37.890 39.129 37.018 33.948 35.370 37.181 36.382 35.113 36.839 37.750
18.182 19.197 22.913 25.084 28.109 30.735 28.577 28.267 31.946 32.992 30.990 32.456 35.884 35.670 34.963 38.015 36.747 38.988 41.748 40.823 42.951 44.042 40.660 40.186 36.997 36.203 35.943 33.252 31.155 31.611 30.601 27.364 26.551 26.950 25.652 22.295 22.284 22.760 19.438 20.201 17.100 18.110 18.889 20.677 22.273 25.918 28.063 30.116 27.260 27.017 24.089 24.295 22.689 22.227 23.712 26.810 25.308 27.622 28.229 28.113 31.241 33.478 31.984 29.378 28.536 25.178 26.768 26.148 28.631 32.010 34.943 33.077 35.352 33.206 35.813 33.933 33.805 30.183 26.942 24.737 21.869 24.228 24.063 20.427 21.418 21.547 25.227 26.750 29.822 29.122 28.306 31.462 33.697 32.683 33.095 36.600 37.497 36.194 38.112 41.185 41.139 43.485 41.651 40.454 37.363 37.930 35.703 32.747 32.684 30.892 33.544 36.327 35.159 33.791 35.505 38.779 41.702 39.851 40.272 37.714 39.122 37.322 34.067 35.504 37.653 37.110 35.563 37.228 37.759
20.943 22.318 25.962 28.183 31.367 33.798 31.440 31.288 35.025 35.812 33.704 35.359 38.735 38.249 37.563 40.766 39.724 42.057 44.902 43.877 46.072 47.293 43.982 43.506 40.258 39.626 39.419 36.612 34.559 35.186 34.144 30.831 30.160 30.651 29.242 25.857 25.917 26.171 22.777 23.221 20.106 21.433 22.049 23.914 25.246 28.933 30.954 32.827 29.773 29.659 26.896 27.345 25.635 25.258 26.925 30.065 28.547 30.624 31.131 30.684 33.831 36.081 34.555 31.706 30.542 27.126 28.367 27.946 30.744 33.965 37.020 35.289 37.584 35.411 38.171 36.272 35.808 32.158 28.809 26.983 23.920 26.281 26.572 22.979 23.670 23.891 27.459 29.318 32.190 31.477 31.015 34.224 36.259 35.337 36.026 39.457 40.261 39.152 41.221 44.164 44.102 46.597 44.915 43.740 40.745 41.377 39.018 36.178 36.225 34.537 37.158 39.958 38.875 37.542 39.196 42.448 45.408 43.569 43.926 41.304 42.609 40.840 37.544 38.813 40.952 40.243 38.591 40.041 40.585
23.504 24.402 28.071 30.000 33.063 35.696 33.630 33.515 37.172 38.197 36.301 37.851 41.239 41.005 40.377 43.452 42.185 44.375 47.136 46.255 48.349 49.401 45.980 45.475 42.289 41.355 41.129 38.550 36.365 36.658 35.733 32.591 31.563 31.798 30.664 27.418 27.269 27.977 24.766 25.651 22.525 23.356 23.878 25.284 26.486 30.019 31.729 33.916 31.052 31.283 28.646 29.195 27.846 27.588 29.101 32.130 30.482 32.784 33.136 32.842 35.795 38.260 36.975 34.294 33.164 29.644 30.810 29.996 32.678 35.828 39.000 37.457 39.954 37.995 40.778 39.046 38.746 35.154 31.772 29.712 26.874 29.381 29.382 25.794 26.755 26.883 30.545 32.178 35.210 34.474 33.722 36.911 39.098 38.020 38.473 42.005 42.811 41.444 43.412 46.492 46.316 48.622 46.721 45.656 42.540 42.925 40.722 37.763 37.448 35.681 38.497 41.137 39.730 38.415 40.349 43.652 46.490 44.569 45.036 42.651 44.083 42.085 38.968 40.478 42.429 41.743 40.388 42.069 42.813
22.486 23.141 26.894 28.909 31.692 34.581 32.703 32.224 35.801 37.146 35.216 36.417 39.927 39.947 39.096 41.988 40.462 42.693 45.250 44.306 46.179 47.231 43.800 43.498 40.480 39.417 38.922 36.456 34.422 34.436 33.317 30.373 29.335 29.205 28.001 24.975 25.062 26.126 22.914 23.920 20.622 20.943 21.134 22.160 23.185 26.616 28.168 30.484 27.745 28.164 25.646 26.345 25.358 25.409 27.017 29.793 27.873 30.221 30.338 30.117 32.888 35.522 34.487 31.975 30.890 27.309 28.484 27.323 29.822 32.949 36.150 34.722 37.373 35.635 38.441 36.940 36.809 33.329 29.919 27.604 25.092 27.843 27.552 24.098 25.552 25.946 29.604 30.833 33.914 32.923 31.884 35.150 37.345 35.975 36.294 39.931 40.587 38.979 40.967 44.094 43.720 45.901 43.892 43.018 39.906 40.049 37.851 34.921 34.397 32.770 35.762 38.215 36.724 35.626 37.752 40.957 43.844 42.082 42.808 40.492 42.189 40.259 37.174 38.953 41.021 40.653 39.368 41.289 41.875
22.692 22.783 26.424 27.994 30.714 33.684 32.116 31.873 35.334 36.816 35.241 36.485 39.888 40.149 39.564 42.338 40.663 42.604 45.176 44.542 46.465 47.217 43.658 43.126 40.089 38.732 38.443 36.225 33.904 33.716 32.957 30.107 28.615 28.520 27.803 24.791 24.355 25.699 22.843 24.413 21.430 21.481 22.093 22.966 24.335 27.606 29.174 31.812 29.386 29.732 27.057 27.389 26.478 26.216 27.346 30.169 28.485 31.190 31.538 31.750 34.488 37.063 36.005 33.762 33.037 29.569 31.049 29.757 31.954 35.191 38.270 36.719 39.306 37.548 40.137 38.560 38.757 35.279 32.042 29.453 27.035 29.577 28.889 25.352 26.774 26.721 30.484 31.572 34.887 34.172 32.838 35.891 38.386 37.117 37.069 40.711 41.625 39.860 41.545 44.848 44.616 46.578 44.340 43.340 40.044 40.154 38.268 35.109 34.365 32.417 35.393 37.849 36.071 34.731 36.953 40.295 42.955 40.958 41.580 39.498 41.134 38.922 36.046 37.928 39.706 39.233 38.262 40.350 41.236
21.064 20.582 24.098 25.363 27.880 30.989 29.740 29.502 32.808 34.515 33.205 34.323 37.661 38.213 37.751 40.335 38.464 40.182 42.686 42.274 44.171 44.686 41.047 40.403 37.421 35.827 35.612 33.618 31.148 30.747 30.211 27.502 25.689 25.556 25.200 22.278 21.499 23.140 20.628 22.678 20.001 19.667 20.608 21.326 23.056 26.150 27.835 30.698 28.592 28.756 25.923 25.864 25.069 24.581 25.295 28.053 26.556 29.551 30.103 30.755 33.441 35.911 34.848 32.927 32.609 29.318 31.154 29.747 31.557 34.919 37.795 36.080 38.558 36.800 39.138 37.534 38.101 34.687 31.672 28.779 26.581 28.936 27.787 24.290 25.832 25.502 29.277 30.055 33.544 32.994 31.319 34.169 36.904 35.660 35.251 38.889 39.992 38.060 39.469 42.910 42.782 44.531 42.107 41.016 37.594 37.666 36.048 32.725 31.824 29.641 32.584 35.026 33.072 31.574 33.850 37.259 39.768 37.651 38.251 36.329 37.991 35.641 32.913 34.943 36.580 36.184 35.439 37.734 38.734
22.397 21.475 24.720 25.447 27.938 30.977 30.009 30.145 33.300 35.004 34.077 35.340 38.482 39.173 39.043 41.548 39.649 41.054 43.616 43.526 45.528 45.754 42.036 41.101 38.076 36.259 36.353 34.594 31.828 31.337 31.248 28.618 26.403 26.455 26.616 23.720 22.360 24.086 22.018 24.463 22.207 21.848 23.205 23.914 25.909 28.839 30.551 33.570 31.690 31.741 28.805 28.413 27.572 26.734 26.979 29.800 28.646 31.861 32.674 33.631 36.317 38.654 37.503 35.760 35.702 32.543 34.567 33.187 34.830 38.249 41.006 39.176 41.535 39.705 41.842 40.114 40.885 37.467 34.623 31.644 29.442 31.526 30.181 26.649 27.965 27.178 30.962 31.736 35.355 35.137 33.334 35.924 38.883 37.841 37.165 40.724 42.093 40.130 41.246 44.790 44.860 46.441 43.872 42.608 39.058 39.187 37.876 34.389 33.381 30.887 33.684 36.159 33.991 32.193 34.448 37.980 40.207 37.816 38.200 36.518 37.995 35.352 32.874 34.882 36.145 35.523 35.100 37.459 38.814
23.504 21.989 24.933 25.189 27.324 30.473 29.970 30.142 33.020 34.976 34.400 35.486 38.499 39.526 39.529 41.778 39.658 40.774 43.194 43.371 45.275 45.210 41.434 40.391 37.504 35.363 35.530 34.135 31.242 30.403 30.606 28.284 25.675 25.572 26.232 23.634 21.904 24.019 22.474 25.345 23.445 22.643 24.138 24.505 26.625 29.220 30.826 34.066 32.569 32.617 29.710 29.073 28.491 27.558 27.392 30.001 29.002 32.429 33.318 34.643 37.149 39.438 38.400 36.997 37.242 34.237 36.432 34.871 36.167 39.579 42.183 40.333 42.647 40.927 42.848 41.191 42.283 38.990 36.341 33.144 31.223 33.175 31.447 28.066 29.506 28.517 32.219 32.659 36.377 36.281 34.157 36.512 39.657 38.597 37.554 41.074 42.576 40.410 41.228 44.883 44.993 46.287 43.502 42.228 38.582 38.563 37.596 33.999 32.708 30.025 32.792 35.110 32.656 30.745 33.135 36.679 38.640 36.120 36.517 35.166 36.686 33.830 31.671 33.885 34.866 34.328 34.295 36.902 38.437
24.804 23.048 25.647 25.404 27.545 30.477 30.182 30.779 33.496 35.324 35.102 36.393 39.163 40.230 40.582 42.789 40.747 41.571 44.085 44.556 46.612 46.305 42.503 41.148 38.199 35.949 36.482 35.254 32.109 31.332 31.973 29.675 26.824 27.045 28.099 25.485 23.283 25.244 24.086 27.139 25.635 25.009 26.883 27.420 29.784 32.317 34.046 37.297 35.898 35.753 32.718 31.780 31.022 29.733 29.186 31.893 31.276 34.807 35.985 37.509 40.085 42.186 40.980 39.671 40.118 37.247 39.608 38.188 39.415 42.897 45.382 43.377 45.523 43.664 45.398 43.566 44.778 41.462 38.976 35.791 33.785 35.446 33.651 30.240 31.365 29.963 33.614 34.140 37.911 38.160 36.033 38.126 41.426 40.634 39.426 42.812 44.578 42.491 43.054 46.748 47.101 48.301 45.468 43.976 40.264 40.407 39.687 35.994 34.755 31.814 34.323 36.728 34.209 31.983 34.198 37.829 39.513 36.728 36.811 35.647 36.873 33.784 31.866 33.917 34.511 33.667 33.906 36.464 38.342
26.766 24.573 26.805 26.098 27.845 30.780 30.947 31.610 34.002 36.015 36.147 37.282 39.871 41.230 41.729 43.680 41.472 41.991 44.356 45.098 47.061 46.461 42.644 41.169 38.382 35.848 36.487 35.638 32.406 31.328 32.281 30.316 27.156 27.270 28.785 26.500 24.008 26.223 25.572 28.897 27.721 26.784 28.738 29.009 31.434 33.653 35.272 38.659 37.593 37.439 34.463 33.328 32.779 31.415 30.517 33.000 32.554 36.210 37.453 39.271 41.677 43.706 42.594 41.581 42.277 39.554 42.035 40.490 41.434 44.888 47.225 45.212 47.294 45.532 47.063 45.293 46.767 43.575 41.271 37.946 36.172 37.702 35.624 32.378 33.566 32.006 35.532 35.781 39.588 39.960 37.594 39.440 42.873 42.095 40.576 43.877 45.763 43.528 43.800 47.559 47.967 48.891 45.886 44.379 40.618 40.641 40.266 36.521 35.054 31.973 34.372 36.597 33.844 31.513 33.790 37.382 38.743 35.832 35.881 35.092 36.299 33.014 31.488 33.678 33.926 33.135 33.797 36.544 38.610
28.915 26.617 28.524 27.413 29.127 31.784 32.132 33.168 35.382 37.236 37.678 38.988 41.330 42.697 43.499 45.406 43.297 43.555 45.986 46.980 49.064 48.258 44.455 42.715 39.903 37.312 38.271 37.573 34.175 33.179 34.485 32.561 29.276 29.660 31.440 29.163 26.379 28.397 28.034 31.416 30.524 29.760 31.951 32.363 34.929 37.118 38.816 42.191 41.173 40.889 37.832 36.505 35.813 34.201 33.046 35.588 35.436 39.128 40.578 42.512 44.974 46.856 45.613 44.655 45.480 42.851 45.432 44.004 44.924 48.423 50.680 48.558 50.512 48.641 50.033 48.127 49.671 46.465 44.282 40.995 39.143 40.453 38.365 35.111 36.033 34.173 37.620 37.961 41.768 42.418 40.088 41.714 45.240 44.691 43.066 46.232 48.321 46.174 46.245 50.006 50.614 51.464 48.442 46.763 42.980 43.142 42.965 39.179 37.778 34.535 36.689 38.960 36.192 33.635 35.720 39.334 40.428 37.315 37.067 36.473 37.381 33.926 32.667 34.656 34.515 33.430 34.357 37.005 39.377
32.055 29.534 31.167 29.733 31.133 33.705 34.400 35.511 37.446 39.388 40.111 41.319 43.482 45.045 45.977 47.685 45.481 45.484 47.783 49.000 51.003 49.957 46.176 44.336 41.682 38.891 39.948 39.567 36.137 34.928 36.469 34.824 31.365 31.659 33.745 31.733 28.808 30.956 30.923 34.428 33.726 32.782 34.976 35.194 37.741 39.701 41.266 44.730 43.943 43.701 40.720 39.307 38.771 37.140 35.778 38.143 38.097 41.841 43.306 45.411 47.735 49.581 48.424 47.661 48.625 46.077 48.701 47.175 47.928 51.381 53.558 51.462 53.388 51.601 52.863 51.013 52.721 49.602 47.528 44.168 42.459 43.699 41.456 38.314 39.264 37.314 40.660 40.837 44.642 45.378 42.911 44.355 47.952 47.420 45.588 48.670 50.835 48.591 48.445 52.231 52.874 53.502 50.361 48.689 44.900 44.957 45.051 41.263 39.687 36.388 38.432 40.517 37.580 34.985 37.091 40.617 41.395 38.205 37.908 37.677 38.524 34.935 34.066 36.109 35.624 34.549 35.850 38.586 41.125
33.476 31.018 32.910 31.745 33.062 35.889 36.552 37.337 39.346 41.495 42.021 43.014 45.370 47.009 47.679 49.358 46.987 47.150 49.301 50.356 52.158 51.208 47.411 45.824 43.292 40.425 41.161 40.806 37.543 36.082 37.345 35.827 32.396 32.268 34.222 32.370 29.727 32.187 31.957 35.442 34.436 33.217 35.052 34.928 37.174 39.016 40.263 43.840 43.134 43.213 40.444 39.323 39.091 37.801 36.683 38.885 38.490 42.210 43.360 45.362 47.506 49.588 48.693 47.932 48.732 46.046 48.480 46.701 47.450 50.774 53.078 51.216 53.359 51.796 53.215 51.593 53.258 50.183 47.957 44.529 42.953 44.481 42.224 39.113 40.378 38.734 42.160 42.212 46.025 46.468 43.908 45.550 49.070 48.254 46.455 49.674 51.613 49.184 49.180 52.984 53.361 53.937 50.716 49.305 45.533 45.294 45.316 41.582 39.743 36.639 38.963 40.814 37.716 35.421 37.843 41.272 42.142 39.145 39.203 39.027 40.200 36.686 35.779 38.094 37.807 37.026 38.277 41.161 43.508
36.253 33.609 35.359 34.058 35.033 37.917 38.868 39.519 41.300 43.646 44.312 45.073 47.362 49.228 49.863 51.323 48.777 48.795 50.729 51.894 53.502 52.388 48.626 47.099 44.793 41.731 42.372 42.317 39.141 37.373 38.694 37.508 33.971 33.567 35.720 34.210 31.593 34.292 34.289 37.865 36.934 35.418 37.105 36.658 38.766 40.306 41.308 44.977 44.554 44.772 42.179 41.076 41.129 39.970 38.760 40.693 40.255 43.988 45.018 47.150 49.067 51.185 50.491 49.947 50.837 48.212 50.624 48.658 49.199 52.413 54.649 52.906 55.086 53.711 55.047 53.593 55.412 52.469 50.314 46.786 45.443 47.007 44.577 41.623 43.066 41.488 44.833 44.638 48.436 48.815 46.075 47.624 51.159 50.222 48.240 51.428 53.321 50.720 50.574 54.390 54.673 55.008 51.656 50.382 46.637 46.165 46.410 42.728 40.628 37.589 39.913 41.471 38.182 36.020 38.582 41.851 42.486 39.555 39.763 39.923 41.219 37.674 37.077 39.575 39.128 38.557 40.073 43.116 45.462
38.872 36.300 38.208 37.086 37.991 41.016 41.954 42.389 44.197 46.675 47.216 47.818 50.222 52.144 52.596 54.017 51.353 51.470 53.269 54.323 55.755 54.698 50.951 49.621 47.438 44.324 44.724 44.720 41.694 39.738 40.848 39.797 36.313 35.581 37.621 36.275 33.905 36.800 36.662 40.185 39.034 37.322 38.693 37.951 39.754 41.145 41.814 45.558 45.235 45.757 43.391 42.553 42.870 41.999 40.985 42.763 42.053 45.730 46.481 48.513 50.244 52.553 52.099 51.570 52.316 49.591 51.813 49.631 50.159 53.222 55.557 54.045 56.404 55.240 56.697 55.447 57.226 54.339 52.071 48.514 47.288 49.074 46.652 43.745 45.413 44.069 47.453 47.171 50.953 51.111 48.313 49.998 53.455 52.299 50.345 53.616 55.319 52.574 52.527 56.335 56.395 56.658 53.247 52.208 48.508 47.774 47.987 44.389 42.065 39.230 41.748 43.064 39.655 37.780 40.572 43.708 44.368 41.621 42.104 42.353 43.875 40.403 39.825 42.498 42.159 41.786 43.291 46.421 48.644
37.280 34.576 36.429 35.356 35.997 39.165 40.237 40.401 42.093 44.774 45.290 45.632 48.072 50.155 50.453 51.714 48.898 49.020 50.640 51.657 52.913 51.841 48.126 46.952 44.935 41.742 41.944 42.073 39.195 37.021 38.035 37.211 33.727 32.733 34.825 33.750 31.497 34.597 34.589 38.146 37.054 35.062 36.298 35.312 37.045 38.205 38.774 42.540 42.429 42.970 40.722 39.866 40.409 39.670 38.625 40.159 39.379 43.035 43.691 45.827 47.387 49.688 49.380 49.037 49.884 47.263 49.509 47.218 47.529 50.523 52.748 51.285 53.631 52.608 53.983 52.879 54.782 52.031 49.857 46.222 45.241 47.042 44.460 41.736 43.604 42.396 45.685 45.143 48.884 48.919 45.973 47.619 51.044 49.750 47.687 50.949 52.563 49.695 49.597 53.394 53.351 53.485 50.018 49.102 45.442 44.545 44.842 41.304 38.833 36.086 38.647 39.782 36.300 34.573 37.491 40.516 41.166 38.553 39.252 39.582 41.311 37.932 37.406 40.274 40.048 39.976 41.492 44.772 46.814
34.192 31.675 33.758 32.924 33.864 37.083 37.857 38.018 39.968 42.538 42.835 43.322 45.907 47.793 48.024 49.494 46.792 47.127 48.922 49.763 51.153 50.292 46.530 45.384 43.168 40.151 40.333 40.150 37.239 35.289 36.138 35.010 31.639 30.774 32.614 31.241 29.062 32.052 31.753 35.222 33.954 32.134 33.396 32.611 34.402 35.843 36.585 40.306 39.921 40.414 38.041 37.253 37.616 36.863 35.991 37.738 36.878 40.524 41.200 43.181 44.922 47.264 46.832 46.274 46.987 44.262 46.483 44.294 44.805 47.885 50.219 48.698 51.075 49.928 51.438 50.237 51.979 49.111 46.819 43.248 42.092 43.956 41.525 38.662 40.481 39.324 42.715 42.353 46.114 46.105 43.297 45.108 48.494 47.219 45.351 48.699 50.284 47.525 47.628 51.425 51.393 51.769 48.412 47.434 43.742 42.996 43.023 39.436 37.151 34.390 37.061 38.447 35.115 33.338 36.221 39.401 40.356 37.735 38.397 38.367 40.092 36.772 35.888 38.675 38.702 38.532 39.749 42.932 44.892
36.602 34.303 36.619 36.035 37.076 40.376 40.991 41.022 43.104 45.687 45.790 46.242 48.965 50.780 50.845 52.389 49.666 50.175 51.933 52.604 53.899 53.181 49.430 48.460 46.268 43.302 43.289 43.015 40.229 38.246 38.841 37.695 34.459 33.386 34.975 33.612 31.719 34.765 34.184 37.510 35.934 34.078 35.019 34.059 35.515 36.946 37.385 41.135 40.699 41.519 39.348 38.903 39.422 38.950 38.374 40.086 38.930 42.479 42.874 44.632 46.269 48.829 48.578 47.902 48.365 45.473 47.443 45.093 45.732 48.671 51.182 49.898 52.480 51.488 53.199 52.152 53.740 50.865 48.389 44.861 43.705 45.817 43.524 40.631 42.594 41.671 45.142 44.841 48.575 48.351 45.601 47.614 50.889 49.435 47.715 51.163 52.549 49.728 50.027 53.796 53.554 53.976 50.631 49.857 46.216 45.295 45.163 41.665 39.267 36.730 39.605 40.857 37.501 35.993 39.038 42.135 43.211 40.759 41.620 41.544 43.420 40.186 39.202 42.054 42.228 42.125 43.228 46.400 48.261
35.316 33.158 35.663 35.412 36.425 39.889 40.366 40.072 42.250 44.942 44.788 45.058 47.957 49.757 49.547 51.094 48.300 49.029 50.690 51.125 52.271 51.745 48.026 47.323 45.202 42.316 41.997 41.617 39.049 36.992 37.240 36.131 33.083 31.718 33.027 31.771 30.243 33.416 32.623 35.804 34.002 31.966 32.567 31.372 32.556 33.912 34.151 37.906 37.482 38.506 36.520 36.326 37.059 36.892 36.580 38.146 36.695 40.133 40.264 41.880 43.384 46.092 46.026 45.333 45.655 42.707 44.520 42.024 42.647 45.472 48.049 46.932 49.643 48.815 50.647 49.781 51.295 48.490 45.931 42.406 41.392 43.700 41.438 38.642 40.846 40.231 43.693 43.286 46.954 46.461 43.699 45.882 49.019 47.344 45.732 49.265 50.422 47.522 48.008 51.731 51.272 51.739 48.427 47.861 44.292 43.202 42.893 39.501 37.018 34.724 37.808 38.941 35.620 34.409 37.618 40.620 41.926 39.715 40.857 40.628 42.756 39.719 38.540 41.528 42.018 42.162 43.046 46.263 47.853
34.324 32.481 35.265 35.414 36.603 40.149 40.327 39.830 42.221 44.875 44.401 44.650 47.739 49.375 48.932 50.616 47.871 48.889 50.575 50.728 51.836 51.582 47.888 47.399 45.229 42.533 41.990 41.350 38.950 37.007 36.890 35.630 32.850 31.366 32.253 30.897 29.752 32.877 31.699 34.635 32.500 30.496 30.775 29.527 30.429 31.914 32.023 35.721 35.098 36.334 34.475 34.615 35.403 35.511 35.571 37.156 35.402 38.690 38.577 39.907 41.401 44.282 44.308 43.426 43.479 40.383 41.973 39.410 40.211 42.953 45.698 44.738 47.606 46.853 48.903 48.138 49.439 46.614 43.878 40.444 39.403 41.938 39.869 37.055 39.390 39.073 42.582 42.260 45.857 45.119 42.487 44.915 47.886 46.054 44.690 48.323 49.261 46.389 47.162 50.821 50.183 50.833 47.637 47.218 43.721 42.585 41.965 38.673 36.252 34.197 37.478 38.635 35.464 34.487 37.757 40.731 42.344 40.326 41.629 41.119 43.386 40.538 39.058 42.046 42.863 43.087 43.659 46.805 48.172
30.624 28.882 31.765 32.058 33.423 36.954 36.945 36.461 38.991 41.542 40.956 41.314 44.454 45.957 45.513 47.323 44.687 45.806 47.632 47.710 48.959 48.817 45.102 44.573 42.255 39.708 39.218 38.360 35.916 34.189 34.018 32.520 29.829 28.539 29.276 27.667 26.525 29.511 28.178 31.067 28.895 27.045 27.470 26.487 27.614 29.380 29.832 33.463 32.608 33.612 31.527 31.559 32.115 32.098 32.199 33.964 32.267 35.578 35.617 36.919 38.632 41.431 41.256 40.247 40.314 37.208 38.917 36.528 37.439 40.346 43.088 41.940 44.725 43.783 45.844 44.921 46.164 43.245 40.498 37.090 35.906 38.386 36.379 33.471 35.719 35.373 38.917 38.705 42.313 41.622 39.082 41.557 44.532 42.794 41.531 45.181 46.181 43.437 44.286 47.945 47.419 48.249 45.153 44.584 41.055 40.136 39.362 36.004 33.819 31.670 34.928 36.350 33.353 32.231 35.364 38.470 40.267 38.195 39.379 38.603 40.793 38.006 36.290 39.163 40.137 40.285 40.645 43.695 44.997
28.927 27.447 30.518 31.219 32.603 36.215 35.986 35.187 37.835 40.409 39.519 39.735 43.038 44.449 43.726 45.580 42.945 44.327 46.094 45.895 47.041 47.148 43.495 43.228 40.948 38.585 37.813 36.758 34.566 32.895 32.328 30.785 28.410 26.922 27.232 25.653 24.983 27.956 26.324 28.946 26.509 24.560 24.602 23.473 24.323 26.145 26.504 30.076 29.099 30.254 28.307 28.624 29.318 29.619 30.064 31.724 29.723 32.865 32.653 33.741 35.395 38.324 38.271 37.173 37.062 33.885 35.438 32.959 33.925 36.761 39.589 38.562 41.458 40.621 42.827 42.044 43.157 40.285 37.440 34.079 32.995 35.670 33.763 30.950 33.409 33.412 36.916 36.650 40.147 39.183 36.706 39.372 42.166 40.239 39.164 42.882 43.649 40.901 41.990 45.568 44.857 45.815 42.828 42.424 38.998 38.005 36.965 33.741 31.607 29.736 33.158 34.546 31.726 30.886 34.063 37.071 39.150 37.331 38.718 37.699 40.065 37.539 35.573 38.477 39.795 40.139 40.205 43.213 44.214
25.657 24.457 27.707 28.732 30.324 33.901 33.374 32.494 35.329 37.766 36.641 36.941 40.343 41.556 40.736 42.748 40.254 41.837 43.728 43.349 44.607 44.922 41.291 41.073 38.660 36.544 35.740 34.382 32.254 30.868 30.099 28.277 26.167 24.853 24.798 22.936 22.492 25.233 23.278 25.688 23.068 21.311 21.344 20.509 21.479 23.665 24.364 27.779 26.471 27.435 25.302 25.643 26.103 26.401 27.061 28.893 26.835 29.903 29.751 30.684 32.560 35.451 35.224 33.925 33.724 30.488 32.086 29.776 30.925 33.898 36.768 35.601 38.453 37.451 39.742 38.841 39.813 36.847 33.930 30.638 29.403 32.113 30.354 27.457 29.888 30.009 33.537 33.405 36.859 35.839 33.517 36.317 39.028 37.141 36.273 40.023 40.760 38.169 39.438 42.966 42.303 43.500 40.679 40.185 36.790 36.009 34.704 31.493 29.664 27.831 31.245 32.883 30.350 29.477 32.477 35.547 37.882 36.112 37.426 36.070 38.384 36.029 33.760 36.513 38.089 38.400 38.148 41.007 41.840
24.906 23.858 27.123 28.473 29.854 33.504 32.918 31.624 34.418 36.974 35.620 35.616 39.129 40.372 39.236 41.148 38.568 40.346 42.049 41.427 42.466 42.970 39.441 39.545 37.304 35.310 34.150 32.737 30.961 29.493 28.312 26.648 24.873 23.204 22.759 21.182 21.316 24.130 22.054 24.186 21.413 19.327 18.804 17.557 18.132 20.188 20.699 24.105 22.840 23.998 22.109 22.749 23.558 24.294 25.255 26.765 24.363 27.230 26.741 27.550 29.225 32.251 32.264 31.034 30.749 27.528 28.995 26.481 27.495 30.356 33.236 32.225 35.188 34.400 36.763 36.107 37.062 34.253 31.328 28.018 27.101 29.990 28.199 25.576 28.339 28.869 32.232 31.851 35.146 33.805 31.437 34.353 36.866 34.714 33.933 37.718 38.181 35.497 36.937 40.375 39.472 40.683 37.922 37.669 34.414 33.447 31.963 28.941 27.059 25.591 29.156 30.611 28.224 27.740 30.814 33.676 36.215 34.772 36.365 34.893 37.441 35.386 33.006 35.855 37.722 38.347 37.910 40.785 41.283
22.665 22.023 25.401 27.186 28.642 32.224 31.343 29.805 32.722 35.169 33.498 33.437 37.064 38.117 36.748 38.757 36.294 38.342 40.063 39.162 40.197 40.983 37.550 37.845 35.581 33.896 32.560 30.851 29.329 28.120 26.570 24.736 23.434 21.807 20.796 19.111 19.791 22.317 19.884 21.576 18.544 16.536 15.632 14.501 14.921 17.325 18.089 21.257 19.632 20.704 18.770 19.647 20.389 21.383 22.749 24.248 21.619 24.251 23.627 24.166 25.962 29.023 28.987 27.570 27.116 23.824 25.240 22.792 23.957 26.890 29.832 28.776 31.761 30.921 33.420 32.777 33.559 30.737 27.721 24.494 23.584 26.616 24.997 22.452 25.341 26.216 29.488 29.132 32.273 30.712 28.507 31.607 33.915 31.676 31.167 34.978 35.266 32.709 34.413 37.733 36.759 38.205 35.655 35.439 32.315 31.469 29.648 26.777 25.204 23.995 27.557 29.135 27.130 26.809 29.693 32.471 35.291 34.053 35.677 33.881 36.448 34.696 32.041 34.751 36.939 37.651 36.867 39.580 39.784
20.814 19.984 23.143 24.989 26.106 29.731 28.985 27.138 29.880 32.495 30.820 30.458 34.084 35.303 33.800 35.612 33.010 35.060 36.620 35.681 36.587 37.371 33.979 34.418 32.306 30.633 29.099 27.453 26.137 24.809 23.070 21.432 20.282 18.407 17.254 15.882 16.891 19.555 17.328 19.014 16.217 13.688 12.599 11.056 11.684 13.948 15.011 18.259 16.883 17.655 15.616 16.251 17.275 18.388 19.667 20.850 18.143 20.827 20.214 21.060 22.774 25.736 25.746 24.620 24.501 21.460 23.179 20.693 21.411 24.452 27.131 25.899 28.755 27.954 30.254 29.679 30.727 28.059 25.280 21.858 21.339 24.235 22.276 20.039 23.170 24.144 27.195 26.454 29.536 27.901 25.464 28.465 30.779 28.431 27.745 31.545 31.811 29.133 30.759 34.099 33.105 34.466 31.871 31.681 28.572 27.671 25.872 23.007 21.407 20.283 23.875 25.402 23.499 23.314 26.180 28.853 31.760 30.686 32.439 30.593 33.293 31.745 29.080 31.874 34.209 35.189 34.357 37.133 37.123
20.515 20.063 23.100 25.325 26.269 29.786 28.876 26.636 29.320 31.906 29.929 29.287 32.986 34.112 32.251 33.996 31.424 33.746 35.135 33.857 34.564 35.651 32.446 33.246 31.305 29.937 28.053 26.238 25.410 24.205 21.956 20.436 19.931 17.876 16.042 15.011 16.846 19.216 16.847 17.895 15.002 12.309 10.277 8.230 8.118 10.523 11.685 14.698 13.114 13.958 12.151 13.298 14.704 16.455 18.235 19.016 15.883 18.118 17.057 17.613 19.191 22.294 22.511 21.374 21.109 18.103 19.699 17.060 17.648 20.654 23.342 22.195 25.152 24.524 26.947 26.615 27.564 25.071 22.290 18.923 18.807 21.876 20.001 18.200 21.622 23.118 25.858 24.910 27.688 25.670 23.316 26.462 28.443 25.827 25.383 29.177 29.093 26.425 28.345 31.503 30.266 31.769 29.374 29.417 26.556 25.583 23.432 20.903 19.511 18.957 22.546 23.943 22.475 22.726 25.431 27.803 30.964 30.283 32.217 30.160 32.979 31.850 29.041 31.755 34.403 35.624 34.515 37.163 36.764
21.185 20.588 23.205 25.421 25.865 29.346 28.653 26.034 28.382 31.158 29.187 28.080 31.716 33.056 30.957 32.364 29.606 31.938 32.983 31.589 31.962 33.094 30.035 31.163 29.566 28.231 25.976 24.349 23.973 22.536 19.952 18.947 18.781 16.273 14.200 14.018 16.367 18.796 16.863 17.700 15.277 12.089 9.520 6.336 5.490 7.011 8.197 11.392 10.417 11.199 9.800 10.995 13.236 15.438 17.166 17.202 13.829 15.809 14.365 15.210 16.309 19.430 20.022 19.391 19.451 16.885 18.575 15.740 15.548 18.419 20.764 19.655 22.563 22.261 24.465 24.473 25.715 23.605 21.179 17.723 18.358 21.247 19.057 17.933 21.590 23.292 25.610 24.150 26.682 24.457 21.864 24.843 26.659 23.770 23.143 26.865 26.550 23.647 25.537 28.625 27.158 28.479 26.038 26.352 23.652 22.382 20.214 17.927 16.358 16.308 19.941 20.980 19.691 20.425 23.141 25.160 28.404 28.103 30.323 28.313 31.353 30.547 27.849 30.669 33.450 35.039 33.930 36.634 35.950
22.043 20.792 23.183 24.894 25.026 28.667 28.441 25.942 28.033 31.086 29.541 28.340 31.828 33.539 31.699 32.858 29.843 31.785 32.715 31.712 32.024 32.732 29.531 30.473 28.992 27.207 25.042 23.889 23.257 21.320 19.127 18.511 17.698 14.837 13.587 13.791 15.527 18.538 17.213 18.757 16.809 13.294 11.558 8.387 8.520 9.031 9.837 13.445 13.355 13.982 12.559 12.915 15.207 16.861 17.824 17.737 14.791 17.272 16.233 17.770 18.653 21.511 22.120 21.953 22.482 20.194 22.113 19.330 18.783 21.544 23.574 22.406 25.092 24.830 26.641 26.602 28.249 26.226 24.090 20.469 21.137 23.691 21.094 19.917 23.454 24.675 27.046 25.369 28.117 26.231 23.276 25.892 28.047 25.293 24.112 27.770 27.761 24.611 25.991 29.290 27.967 28.855 26.033 26.271 23.334 21.829 20.259 17.650 15.460 14.964 18.749 19.581 17.686 18.305 21.397 23.518 26.480 26.005 28.331 26.697 29.858 28.785 26.407 29.514 32.009 33.694 32.980 35.953 35.508
24.371 23.173 25.838 27.458 27.842 31.551 31.293 29.035 31.270 34.272 32.763 31.776 35.287 36.929 35.187 36.475 33.507 35.416 36.421 35.477 35.821 36.482 33.246 34.088 32.532 30.626 28.605 27.499 26.654 24.682 22.710 21.977 20.876 18.137 17.161 17.030 18.380 21.478 19.937 21.619 19.318 16.082 14.392 11.505 11.177 11.876 11.852 15.563 15.296 16.612 15.469 16.299 18.423 20.071 21.152 21.359 18.410 20.854 19.661 20.817 21.637 24.734 25.464 25.045 25.183 22.565 24.102 21.105 20.949 23.508 25.887 25.077 28.024 27.883 29.937 29.962 31.370 29.241 26.824 23.315 23.691 26.507 24.170 22.681 26.147 27.328 29.957 28.563 31.407 29.521 26.714 29.454 31.609 28.867 27.822 31.508 31.454 28.339 29.782 33.052 31.644 32.511 29.682 30.022 27.098 25.494 23.982 21.424 19.104 18.554 22.351 23.070 20.910 21.470 24.730 26.907 29.695 29.090 31.401 29.950 33.074 31.746 29.465 32.618 34.932 36.441 35.873 38.892 38.667
25.032 23.885 26.835 28.362 29.127 32.860 32.489 30.582 33.049 35.911 34.451 33.829 37.366 38.869 37.337 38.867 36.026 37.893 39.151 38.324 38.908 39.508 36.154 36.730 34.922 32.947 31.235 30.030 28.818 26.991 25.321 24.236 22.830 20.449 19.704 18.992 19.869 22.936 21.147 23.027 20.453 17.611 16.298 14.011 13.940 15.228 15.261 18.860 18.163 19.581 18.213 19.087 20.732 22.090 23.175 23.894 21.100 23.708 22.719 23.669 24.786 27.927 28.439 27.675 27.568 24.643 26.064 23.160 23.519 26.142 28.795 28.003 31.031 30.697 32.928 32.738 33.937 31.544 28.870 25.434 25.308 28.239 26.131 24.178 27.432 28.410 31.356 30.352 33.382 31.661 29.018 31.867 34.151 31.594 30.668 34.413 34.521 31.549 33.015 36.346 35.085 36.069 33.256 33.417 30.370 28.959 27.462 24.736 22.533 21.634 25.382 26.340 24.027 24.207 27.465 29.903 32.576 31.653 33.731 32.312 35.253 33.617 31.315 34.400 36.536 37.726 37.235 40.235 40.294
26.965 26.267 29.381 31.213 32.131 35.800 35.170 33.159 35.752 38.486 36.749 36.127 39.760 41.054 39.301 40.938 38.215 40.334 41.560 40.450 40.932 41.808 38.583 39.383 37.605 35.856 33.974 32.578 31.603 29.940 27.971 26.816 25.781 23.401 22.211 21.479 22.760 25.567 23.427 24.850 21.928 19.327 17.456 15.135 14.227 15.544 15.033 18.360 17.358 19.360 18.478 20.057 21.809 23.609 25.194 25.855 22.739 24.924 23.477 23.848 24.793 28.200 28.953 27.933 27.332 24.204 25.093 21.993 22.646 24.968 27.918 27.536 30.832 30.728 33.275 33.320 34.165 31.829 28.925 25.745 25.639 28.879 27.152 25.288 28.618 29.981 32.887 32.030 34.862 32.836 30.458 33.541 35.519 32.783 32.226 35.984 35.753 32.869 34.676 37.815 36.288 37.440 34.837 35.257 32.432 30.934 29.117 26.707 24.637 24.182 27.955 28.794 26.729 27.219 30.415 32.671 35.497 34.805 36.983 35.433 38.414 36.953 34.522 37.518 39.821 41.017 40.329 43.202 43.100
27.868 27.282 30.605 32.376 33.639 37.280 36.513 34.818 37.611 40.182 38.469 38.181 41.826 42.962 41.393 43.256 40.672 42.772 44.231 43.204 43.912 44.757 41.436 42.010 40.005 38.238 36.619 35.110 33.845 32.348 30.608 29.151 27.920 25.860 24.816 23.634 24.559 27.257 24.915 26.437 23.330 21.147 19.630 17.845 17.240 18.981 18.667 21.858 20.523 22.462 21.349 22.879 24.198 25.724 27.306 28.389 25.427 27.731 26.495 26.716 27.942 31.332 31.854 30.535 29.738 26.391 27.187 24.279 25.382 27.763 30.897 30.483 33.795 33.486 36.165 35.996 36.642 34.077 30.974 27.907 27.344 30.634 29.147 26.907 29.988 31.170 34.319 33.832 36.794 34.925 32.728 35.892 37.964 35.412 34.975 38.772 38.688 35.952 37.785 40.972 39.592 40.871 38.296 38.539 35.609 34.303 32.477 29.919 27.973 27.239 30.966 32.033 29.884 30.064 33.223 35.698 38.459 37.507 39.470 37.907 40.712 39.019 36.546 39.441 41.609 42.509 41.851 44.661 44.791
28.923 28.021 31.307 32.715 34.025 37.697 37.124 35.728 38.487 41.090 39.656 39.534 43.084 44.332 43.043 44.904 42.273 44.129 45.679 44.938 45.771 46.353 42.903 43.205 41.116 39.103 37.748 36.419 34.828 33.214 31.868 30.403 28.735 26.802 26.250 24.947 25.318 28.182 26.061 28.001 25.073 22.936 21.943 20.329 20.208 21.926 21.741 25.118 23.965 25.711 24.348 25.488 26.635 27.763 28.964 30.241 27.570 30.190 29.268 29.788 31.120 34.394 34.767 33.527 32.937 29.619 30.630 27.831 28.894 31.386 34.440 33.877 37.086 36.638 39.179 38.831 39.632 36.959 33.913 30.736 29.984 33.105 31.475 29.007 31.901 32.688 35.999 35.593 38.762 37.183 34.872 37.889 40.218 37.849 37.181 40.974 41.164 38.385 39.966 43.301 42.111 43.250 40.499 40.564 37.452 36.187 34.650 31.854 29.758 28.640 32.322 33.447 30.992 30.865 34.109 36.763 39.281 38.042 39.860 38.520 41.219 39.216 36.931 39.877 41.749 42.475 42.088 44.998 45.440
30.116 29.300 32.687 33.986 35.585 39.176 38.501 37.426 40.322 42.752 41.378 41.560 45.081 46.188 45.097 47.139 44.645 46.455 48.210 47.564 48.604 49.142 45.618 45.701 43.419 41.403 40.307 38.894 37.055 35.609 34.487 32.784 30.967 29.351 28.929 27.286 27.338 30.044 27.822 29.831 26.849 25.095 24.428 23.232 23.343 25.338 25.331 28.629 27.251 28.897 27.342 28.398 29.195 30.057 31.205 32.815 30.319 33.025 32.304 32.746 34.305 37.532 37.695 36.242 35.548 32.108 33.095 30.492 31.853 34.417 37.575 36.939 40.123 39.484 42.093 41.545 42.208 39.354 36.196 33.120 32.007 35.093 33.650 30.902 33.523 34.096 37.576 37.491 40.755 39.357 37.201 40.241 42.656 40.478 39.890 43.691 44.032 41.388 42.963 46.339 45.302 46.543 43.815 43.706 40.507 39.427 37.895 34.979 33.010 31.666 35.267 36.591 34.100 33.698 36.860 39.690 42.134 40.664 42.256 40.912 43.415 41.215 38.920 41.736 43.452 43.884 43.539 46.365 47.034
33.699 32.747 36.065 37.168 38.695 42.305 41.786 40.802 43.615 46.108 44.870 45.041 48.511 49.715 48.691 50.667 48.101 49.796 51.489 50.948 51.921 52.339 48.798 48.848 46.634 44.462 43.395 42.161 40.264 38.652 37.660 36.106 34.117 32.411 32.208 30.702 30.598 33.431 31.363 33.500 30.588 28.770 28.116 26.766 26.764 28.520 28.218 31.577 30.404 32.241 30.852 31.944 32.872 33.742 34.785 36.324 33.847 36.584 35.794 36.275 37.674 40.957 41.254 39.887 39.181 35.749 36.627 33.915 35.212 37.621 40.790 40.318 43.565 43.059 45.658 45.202 45.901 43.096 39.942 36.862 35.802 38.895 37.415 34.683 37.294 37.790 41.290 41.181 44.479 43.108 40.889 43.875 46.330 44.124 43.440 47.232 47.570 44.834 46.324 49.723 48.628 49.724 46.899 46.876 43.666 42.434 41.054 38.146 35.976 34.629 38.245 39.395 36.713 36.349 39.634 42.419 44.692 43.191 44.830 43.710 46.240 43.907 41.805 44.706 46.242 46.655 46.516 49.424 50.232
32.641 31.382 34.560 35.328 36.842 40.417 40.085 39.349 42.078 44.574 43.606 43.901 47.242 48.549 47.790 49.731 47.148 48.606 50.386 50.111 51.227 51.410 47.777 47.561 45.273 42.941 42.140 41.043 38.884 37.242 36.605 35.034 32.734 31.223 31.412 29.809 29.249 32.138 30.334 32.797 30.155 28.362 28.185 27.022 27.518 29.329 29.360 32.861 31.789 33.279 31.563 32.213 32.951 33.428 34.089 35.775 33.620 36.624 36.196 37.013 38.580 41.676 41.752 40.498 40.097 36.764 37.997 35.430 36.609 39.253 42.272 41.505 44.571 43.856 46.252 45.574 46.483 43.592 40.576 37.355 36.185 39.037 37.358 34.495 36.933 37.055 40.616 40.514 43.967 42.896 40.557 43.351 46.042 44.046 43.131 46.882 47.514 44.781 46.012 49.537 48.691 49.692 46.745 46.478 43.113 42.023 40.887 37.765 35.587 33.879 37.362 38.649 35.816 35.115 38.346 41.293 43.367 41.602 43.034 42.054 44.426 41.877 39.926 42.804 44.092 44.353 44.423 47.379 48.425
33.871 32.547 35.666 36.187 37.861 41.317 41.013 40.618 43.364 45.724 44.933 45.478 48.712 49.967 49.463 51.490 49.004 50.314 52.252 52.160 53.463 53.511 49.812 49.340 46.912 44.524 44.013 42.936 40.527 38.993 38.657 36.953 34.459 33.246 33.669 31.854 30.922 33.686 31.971 34.577 32.060 30.525 30.714 29.852 30.637 32.601 32.839 36.342 35.190 36.498 34.568 35.004 35.470 35.635 36.097 38.021 36.119 39.254 39.083 39.981 41.732 44.720 44.589 43.264 42.926 39.582 40.931 38.538 39.828 42.593 45.607 44.687 47.663 46.757 49.103 48.218 49.129 46.110 43.101 39.904 38.493 41.198 39.562 36.510 38.679 38.500 42.153 42.256 45.807 44.987 42.709 45.412 48.240 46.460 45.501 49.218 50.063 47.424 48.538 52.125 51.478 52.497 49.524 49.052 45.587 44.673 43.646 40.385 38.294 36.327 39.675 41.127 38.235 37.237 40.359 43.456 45.380 43.365 44.544 43.638 45.789 43.030 41.170 43.920 44.966 44.948 45.154 48.049 49.361
36.162 34.538 37.443 37.617 39.111 42.542 42.526 42.271 44.828 47.272 46.756 47.274 50.370 51.805 51.470 53.355 50.774 51.842 53.715 53.855 55.132 54.940 51.213 50.603 48.256 45.657 45.279 44.469 41.939 40.224 40.162 38.650 35.900 34.675 35.466 33.811 32.588 35.485 34.100 36.943 34.672 33.014 33.385 32.425 33.338 35.093 35.276 38.891 37.992 39.254 37.313 37.546 38.084 38.100 38.269 40.118 38.394 41.660 41.601 42.737 44.407 47.323 47.215 46.083 45.945 42.701 44.180 41.741 42.843 45.612 48.513 47.556 50.469 49.588 51.779 50.885 51.987 49.012 46.128 42.826 41.497 44.069 42.242 39.224 41.353 40.960 44.587 44.579 48.200 47.537 45.105 47.626 50.591 48.874 47.683 51.342 52.324 49.592 50.473 54.126 53.555 54.369 51.253 50.740 47.216 46.235 45.487 42.158 39.901 37.788 41.040 42.376 39.284 38.177 41.340 44.425 46.074 43.937 45.061 44.450 46.546 43.614 42.045 44.858 45.616 45.565 46.078 49.076 50.586
35.602 33.787 36.502 36.352 37.877 41.171 41.284 41.333 43.805 46.155 45.889 46.584 49.514 50.972 50.913 52.794 50.280 51.132 53.119 53.494 54.942 54.562 50.788 49.904 47.465 44.794 44.721 43.993 41.231 39.598 39.883 38.311 35.355 34.432 35.523 33.741 32.118 34.909 33.761 36.796 34.800 33.297 34.089 33.393 34.696 36.542 37.037 40.670 39.775 40.723 38.516 38.395 38.688 38.337 38.189 40.199 38.811 42.233 42.508 43.859 45.703 48.423 48.078 46.993 47.075 43.930 45.665 43.414 44.479 47.429 50.213 49.001 51.732 50.638 52.660 51.542 52.767 49.715 46.958 43.617 42.152 44.475 42.562 39.446 41.329 40.588 44.223 44.293 48.000 47.636 45.187 47.516 50.648 49.176 47.846 51.422 52.670 50.022 50.693 54.410 54.096 54.877 51.723 50.957 47.336 46.561 45.993 42.518 40.368 37.958 41.004 42.511 39.389 37.944 40.942 44.161 45.625 43.234 44.075 43.558 45.413 42.300 40.869 43.554 44.048 43.771 44.456 47.416 49.168
38.611 36.614 39.136 38.702 40.091 43.306 43.643 43.841 46.147 48.522 48.486 49.185 51.977 53.553 53.649 55.424 52.865 53.512 55.451 56.020 57.455 56.879 53.102 52.092 49.722 46.902 46.963 46.450 43.600 41.854 42.371 40.948 37.824 36.925 38.282 36.622 34.792 37.628 36.728 39.897 38.081 36.533 37.440 36.690 38.050 39.751 40.185 43.874 43.143 44.080 41.885 41.643 41.975 41.519 41.167 43.124 41.879 45.370 45.720 47.216 48.998 51.666 51.337 50.377 50.577 47.495 49.292 47.013 47.973 50.909 53.626 52.405 55.094 54.020 55.937 54.811 56.153 53.131 50.456 47.067 45.642 47.869 45.853 42.762 44.585 43.682 47.284 47.301 51.042 50.808 48.275 50.459 53.680 52.273 50.786 54.300 55.653 52.955 53.448 57.199 56.950 57.575 54.327 53.526 49.879 49.064 48.713 45.209 42.953 40.450 43.388 44.796 41.542 40.015 43.004 46.190 47.402 44.913 45.673 45.417 47.185 43.935 42.774 45.463 45.681 45.337 46.289 49.292 51.227
38.428 36.239 38.508 37.737 39.081 42.128 42.637 43.108 45.271 47.560 47.793 48.619 51.215 52.838 53.195 54.918 52.418 52.829 54.837 55.643 57.210 56.436 52.645 51.384 48.973 46.085 46.431 46.041 43.008 41.325 42.177 40.757 37.466 36.837 38.482 36.774 34.599 37.321 36.700 40.021 38.508 37.075 38.334 37.787 39.465 41.193 41.880 45.568 44.879 45.536 43.138 42.574 42.716 41.943 41.279 43.325 42.405 46.007 46.652 48.355 50.257 52.725 52.203 51.328 51.751 48.796 50.823 48.702 49.586 52.661 55.242 53.801 56.307 55.063 56.795 55.487 56.964 53.912 51.391 47.973 46.478 48.453 46.339 43.219 44.822 43.609 47.162 47.206 50.993 51.037 48.478 50.444 53.803 52.623 50.987 54.390 55.982 53.359 53.631 57.420 57.407 57.969 54.692 53.669 49.961 49.327 49.172 45.568 43.409 40.664 43.370 44.898 41.636 39.817 42.621 45.885 46.886 44.180 44.667 44.541 46.067 42.668 41.694 44.249 44.182 43.642 44.796 47.757 49.916
41.970 39.767 41.958 41.055 42.381 45.333 45.918 46.522 48.617 50.860 51.208 52.091 54.603 56.239 56.700 58.404 55.919 56.228 58.233 59.140 60.720 59.851 56.066 54.723 52.333 49.392 49.833 49.534 46.452 44.752 45.719 44.346 41.000 40.408 42.146 40.464 38.212 40.903 40.351 43.691 42.216 40.825 42.109 41.557 43.208 44.898 45.510 49.217 48.564 49.274 46.903 46.344 46.485 45.678 44.963 47.016 46.145 49.759 50.414 52.127 54.009 56.484 55.972 55.104 55.521 52.550 54.549 52.414 53.316 56.363 58.962 57.555 60.074 58.841 60.565 59.248 60.731 57.668 55.143 51.736 50.208 52.165 50.067 46.925 48.462 47.172 50.725 50.816 54.611 54.723 52.173 54.090 57.478 56.342 54.670 58.045 59.681 57.054 57.263 61.059 61.073 61.575 58.263 57.230 53.518 52.866 52.799 49.193 46.992 44.224 46.876 48.350 45.033 43.188 45.972 49.206 50.060 47.303 47.720 47.741 49.179 45.706 44.889 47.394 47.143 46.502 47.803 50.732 53.024
43.926 41.724 43.783 42.692 44.095 46.854 47.464 48.336 50.386 52.467 52.968 54.034 56.406 57.978 58.649 60.392 58.022 58.200 60.309 61.357 63.074 62.107 58.320 56.783 54.317 51.391 52.066 51.782 48.566 47.001 48.173 46.723 43.323 42.973 44.819 43.022 40.580 43.095 42.630 45.989 44.645 43.449 44.938 44.583 46.388 48.174 48.928 52.610 51.891 52.471 49.975 49.284 49.240 48.232 47.389 49.574 48.894 52.547 53.375 55.128 57.129 59.508 58.845 57.936 58.403 55.454 57.531 55.526 56.492 59.618 62.200 60.679 63.114 61.743 63.413 61.948 63.428 60.300 57.813 54.451 52.783 54.602 52.553 49.335 50.655 49.160 52.703 52.936 56.745 57.053 54.578 56.393 59.845 58.890 57.203 60.509 62.297 59.772 59.891 63.695 63.871 64.392 61.098 59.909 56.165 55.669 55.669 52.008 49.919 47.017 49.519 51.109 47.828 45.796 48.420 51.715 52.446 49.538 49.720 49.791 50.998 47.430 46.714 49.036 48.570 47.686 49.089 51.892 54.381
26.103 22.714 23.178 22.108 20.713 24.089 26.058 24.790 25.301 28.858 29.525 28.398 30.572 33.514 33.275 33.436 30.017 29.849 30.555 31.632 32.215 30.873 27.372 26.741 25.642 22.176 21.564 22.607 20.596 17.363 18.340 19.115 15.803 13.811 16.836 17.760 15.932 19.451 21.125 24.506 24.921 21.895 23.152 21.671 23.920 23.751 25.006 28.155 29.167 28.482 26.393 24.323 25.474 24.676 22.673 22.614 22.535 25.943 27.004 30.221 31.174 32.475 32.274 33.261 35.343 34.055 36.981 34.995 33.846 36.726 37.655 35.688 37.097 36.282 36.529 35.721 38.566 36.721 35.776 32.013 32.421 33.329 29.800 28.567 30.833 29.933 32.013 29.915 33.102 33.048 29.416 30.131 33.422 32.003 29.083 31.823 33.462 30.324 29.416 33.104 33.200 32.681 29.057 28.091 24.585 23.511 24.668 21.330 18.708 15.799 17.718 18.363 14.804 12.988 16.045 18.710 19.344 17.142 18.715 19.194 21.855 19.314 19.047 22.705 23.221 24.933 26.244 29.995 30.832
27.701 24.558 25.255 24.621 23.199 26.658 28.449 26.778 27.328 30.986 31.346 29.912 32.249 35.197 34.578 34.638 31.086 31.170 31.574 32.337 32.537 31.401 28.042 27.915 27.114 23.778 22.584 23.637 22.133 18.710 19.022 20.109 17.229 14.532 17.054 18.442 17.352 21.021 22.389 25.501 25.614 22.260 22.898 20.844 22.571 21.948 22.712 25.930 27.270 26.935 25.274 23.580 25.266 25.024 23.419 22.941 22.347 25.532 26.078 29.192 29.751 31.277 31.510 32.634 34.577 33.281 35.970 33.698 32.351 34.981 35.912 34.257 35.858 35.416 35.767 35.344 38.165 36.511 35.505 31.728 32.457 33.636 30.116 29.113 31.733 31.272 33.293 31.017 34.052 33.592 29.904 30.809 33.855 32.049 29.205 32.020 33.256 29.885 29.168 32.765 32.437 31.779 28.085 27.611 24.283 22.662 23.735 20.659 17.570 15.268 17.603 17.623 13.876 13.047 16.562 18.747 19.591 18.062 20.275 20.745 23.798 21.692 21.331 25.089 25.925 27.927 29.027 32.748 33.257
30.916 27.814 28.704 28.033 26.755 30.216 32.014 30.461 31.064 34.697 35.080 33.705 36.045 38.985 38.373 38.447 34.886 34.949 35.285 36.060 36.147 34.977 31.689 31.600 30.878 27.499 26.320 27.438 25.934 22.510 22.804 23.861 20.969 18.269 20.631 21.902 20.836 24.564 25.718 28.866 28.706 25.325 25.748 23.475 24.861 24.150 24.433 27.819 29.258 29.343 27.909 26.563 28.417 28.376 26.967 26.540 25.712 28.847 29.115 32.059 32.453 34.210 34.670 35.737 37.482 36.013 38.499 35.995 34.709 37.190 38.275 36.889 38.700 38.454 38.951 38.689 41.426 39.769 38.601 34.811 35.512 36.909 33.470 32.355 35.063 34.659 36.823 34.641 37.713 37.159 33.496 34.517 37.517 35.598 32.824 35.672 36.774 33.327 32.685 36.226 35.716 34.948 31.223 30.989 27.773 25.914 26.990 24.068 20.795 18.795 21.209 20.930 17.139 16.646 20.168 22.116 22.715 21.308 23.550 24.302 27.301 25.094 24.937 28.678 29.306 31.202 32.487 36.233 36.885
32.488 29.650 30.848 30.556 29.433 32.995 34.545 32.756 33.537 37.184 37.259 35.772 38.307 41.148 40.241 40.368 36.776 37.127 37.348 37.806 37.672 36.771 33.581 33.850 33.218 30.008 28.466 29.407 28.196 24.788 24.563 25.616 23.046 20.008 21.828 23.192 22.653 26.444 27.198 30.119 29.575 26.039 25.924 23.245 24.072 23.112 22.836 26.306 27.895 28.445 27.405 26.553 28.772 29.212 28.246 27.664 26.339 29.267 29.039 31.718 31.829 33.889 34.710 35.730 37.203 35.606 37.789 35.010 33.700 35.940 37.162 36.130 38.206 38.272 38.991 39.039 41.624 40.053 38.714 34.954 35.807 37.519 34.201 33.157 36.130 36.093 38.305 36.114 39.100 38.193 34.576 35.866 38.651 36.418 33.848 36.812 37.548 33.976 33.639 37.082 36.188 35.441 31.753 31.938 28.891 26.676 27.476 24.798 21.304 19.869 22.637 22.038 18.333 18.533 22.241 23.916 24.789 23.833 26.392 26.976 30.178 28.214 27.842 31.609 32.507 34.492 35.556 39.259 39.710
36.278 33.431 34.604 34.219 33.018 36.525 38.195 36.436 37.097 40.771 40.933 39.375 41.824 44.745 43.839 43.839 40.201 40.446 40.490 41.009 40.690 39.684 36.622 36.955 36.523 33.249 31.682 32.830 31.711 28.214 28.040 29.269 26.720 23.660 25.491 26.962 26.438 30.222 31.001 33.906 33.317 29.760 29.506 26.687 27.239 26.063 25.384 28.803 30.601 31.412 30.642 29.975 32.345 32.911 31.985 31.287 29.912 32.716 32.308 34.913 34.782 36.896 37.935 39.052 40.462 38.873 40.895 37.972 36.585 38.605 39.806 39.011 41.149 41.432 42.137 42.368 44.962 43.506 42.170 38.439 39.384 41.163 37.860 36.874 39.891 39.892 42.089 39.857 42.797 41.840 38.209 39.455 42.173 39.870 37.269 40.151 40.781 37.145 36.741 40.082 39.056 38.089 34.383 34.783 31.902 29.473 30.436 27.979 24.371 23.187 25.822 24.875 21.185 21.625 25.271 26.638 27.200 26.417 29.054 29.961 33.154 31.202 31.106 34.882 35.598 37.628 38.880 42.616 43.117
38.070 35.456 36.915 36.816 35.816 39.411 40.851 38.973 39.838 43.487 43.398 41.833 44.456 47.252 46.142 46.254 42.632 43.125 43.156 43.420 42.994 42.230 39.219 39.776 39.328 36.194 34.422 35.361 34.385 30.966 30.445 31.550 29.207 26.002 27.417 28.814 28.623 32.425 32.838 35.572 34.630 31.037 30.387 27.341 27.420 26.160 24.992 28.432 30.242 31.503 31.050 30.847 33.421 34.342 33.798 33.087 31.329 33.968 33.169 35.464 35.152 37.546 38.847 39.832 40.938 39.184 40.896 37.756 36.452 38.248 39.633 39.176 41.568 42.085 43.036 43.489 45.887 44.455 42.923 39.252 40.239 42.301 39.160 38.160 41.348 41.622 43.906 41.749 44.645 43.421 39.879 41.381 43.934 41.409 39.034 42.028 42.375 38.691 38.586 41.842 40.524 39.649 36.029 36.726 33.968 31.351 32.012 29.734 26.067 25.262 28.150 27.097 23.548 24.349 28.080 29.345 30.148 29.601 32.377 33.100 36.396 34.552 34.245 38.023 38.932 40.953 42.030 45.728 46.125
41.734 39.147 40.560 40.454 39.341 42.894 44.411 42.464 43.208 46.895 46.827 45.129 47.691 50.554 49.370 49.340 45.670 46.119 45.942 46.193 45.542 44.744 41.890 42.592 42.364 39.228 37.345 38.443 37.643 34.144 33.571 34.876 32.639 29.351 30.713 32.291 32.217 36.000 36.444 39.093 38.139 34.501 33.673 30.484 30.285 28.758 27.230 30.504 32.548 34.017 33.875 33.839 36.590 37.675 37.192 36.292 34.469 36.928 35.928 38.142 37.544 39.954 41.496 42.612 43.668 41.989 43.525 40.270 38.835 40.359 41.660 41.458 43.875 44.644 45.557 46.233 48.638 47.376 45.892 42.281 43.429 45.535 42.410 41.551 44.808 45.183 47.391 45.143 47.941 46.618 43.068 44.524 46.958 44.331 41.947 44.844 45.033 41.293 41.152 44.269 42.782 41.704 38.111 39.060 36.510 33.677 34.450 32.438 28.694 28.185 30.959 29.571 26.111 27.198 30.871 31.814 32.427 32.135 35.039 35.966 39.306 37.577 37.448 41.240 42.090 44.222 45.384 49.096 49.439
44.051 41.506 43.034 42.934 41.932 45.509 46.987 45.105 45.927 49.593 49.506 47.877 50.476 53.304 52.127 52.158 48.503 48.977 48.834 49.071 48.428 47.649 44.790 45.478 45.210 42.063 40.215 41.272 40.417 36.947 36.378 37.592 35.318 32.065 33.382 34.836 34.739 38.539 38.863 41.527 40.431 36.834 35.947 32.750 32.427 30.975 29.288 32.568 34.540 36.205 36.133 36.263 39.014 40.157 39.769 38.960 37.050 39.506 38.414 40.497 39.883 42.406 44.008 45.028 45.941 44.147 45.551 42.215 40.891 42.333 43.753 43.692 46.222 47.050 48.076 48.794 51.110 49.809 48.213 44.621 45.699 47.920 44.871 43.918 47.193 47.591 49.893 47.732 50.567 49.205 45.694 47.237 49.663 47.000 44.688 47.628 47.770 44.030 43.965 47.069 45.521 44.467 40.900 41.905 39.369 36.519 37.225 35.230 31.492 31.004 33.828 32.460 29.009 30.075 33.755 34.721 35.309 34.987 37.850 38.805 42.113 40.309 40.186 43.973 44.769 46.820 48.022 51.741 52.158
43.150 40.560 42.220 42.015 41.251 44.863 46.288 44.655 45.652 49.240 49.211 47.854 50.498 53.243 52.248 52.487 48.903 49.357 49.488 49.829 49.470 48.653 45.606 46.027 45.477 42.259 40.674 41.589 40.403 37.041 36.677 37.581 35.059 32.025 33.474 34.552 34.158 37.985 38.210 41.058 39.865 36.409 35.763 32.787 32.721 31.692 30.278 33.762 35.387 36.994 36.595 36.650 39.141 40.070 39.632 39.181 37.341 40.044 39.156 41.236 40.959 43.552 44.902 45.680 46.532 44.522 46.021 42.749 41.713 43.409 45.047 44.812 47.409 47.979 49.131 49.595 51.839 50.280 48.518 44.863 45.631 47.888 44.886 43.624 46.781 46.991 49.504 47.567 50.590 49.379 45.907 47.541 50.146 47.623 45.343 48.411 48.756 45.087 45.059 48.326 46.965 46.110 42.506 43.235 40.464 37.860 38.473 36.171 32.528 31.655 34.569 33.586 30.005 30.642 34.348 35.692 36.317 35.607 38.212 39.095 42.248 40.156 39.961 43.707 44.375 46.157 47.422 51.142 51.799
45.750 43.329 45.177 45.142 44.521 48.182 49.458 47.775 48.906 52.468 52.285 50.943 53.694 56.350 55.235 55.557 51.993 52.599 52.729 52.914 52.493 51.825 48.812 49.360 48.794 45.657 43.964 44.753 43.641 40.333 39.781 40.596 38.193 35.102 36.309 37.313 37.102 40.917 40.902 43.630 42.196 38.767 37.879 34.811 34.427 33.391 31.662 35.079 36.654 38.582 38.408 38.789 41.374 42.523 42.337 41.903 39.835 42.415 41.277 43.106 42.713 45.488 47.006 47.667 48.274 46.141 47.378 43.974 43.046 44.545 46.326 46.360 49.132 49.864 51.198 51.810 53.889 52.345 50.434 46.854 47.619 50.072 47.215 45.926 49.171 49.555 52.135 50.276 53.269 51.889 48.500 50.303 52.795 50.139 48.025 51.158 51.317 47.638 47.806 51.005 49.456 48.666 45.139 46.052 43.369 40.664 41.090 38.911 35.266 34.607 37.647 36.612 33.123 33.941 37.685 38.972 39.720 39.135 41.813 42.602 45.808 43.763 43.452 47.197 47.965 49.726 50.896 54.591 55.203
48.196 45.914 47.804 47.945 47.276 50.949 52.159 50.292 51.410 55.000 54.676 53.184 55.980 58.623 57.316 57.571 53.983 54.707 54.676 54.691 54.061 53.522 50.647 51.437 51.024 47.986 46.069 46.852 45.983 42.653 41.858 42.791 40.612 37.363 38.333 39.503 39.586 43.375 43.261 45.797 44.264 40.775 39.582 36.334 35.582 34.296 32.196 35.416 37.155 39.334 39.516 40.165 42.960 44.382 44.396 43.763 41.505 43.848 42.419 44.067 43.391 46.242 48.026 48.748 49.217 47.136 48.125 44.601 43.575 44.770 46.513 46.848 49.694 50.698 52.080 52.950 54.951 53.578 51.670 48.189 49.140 51.700 48.919 47.803 51.174 51.789 54.283 52.344 55.200 53.613 50.264 52.127 54.429 51.601 49.589 52.684 52.592 48.874 49.159 52.206 50.419 49.562 46.126 47.325 44.846 41.943 42.286 40.378 36.694 36.399 39.463 38.183 34.844 36.012 39.759 40.797 41.609 41.323 44.191 44.954 48.283 46.436 46.088 49.855 50.768 52.674 53.742 57.422 57.859
50.877 48.751 50.796 51.081 50.541 54.248 55.325 53.423 54.660 58.217 57.758 56.291 59.177 61.731 60.324 60.660 57.103 57.961 57.942 57.821 57.151 56.749 53.903 54.790 54.351 51.389 49.396 50.058 49.243 45.976 45.034 45.874 43.796 40.526 41.296 42.383 42.609 46.369 46.052 48.473 46.742 43.305 41.921 38.638 37.629 36.371 34.040 37.148 38.803 41.240 41.609 42.535 45.377 46.973 47.202 46.600 44.165 46.391 44.763 46.171 45.410 48.401 50.313 50.916 51.156 48.974 49.715 46.105 45.197 46.201 48.067 48.644 51.629 52.767 54.310 55.301 57.138 55.778 53.744 50.354 51.288 54.008 51.375 50.236 53.662 54.425 56.971 55.114 57.937 56.208 52.952 54.959 57.155 54.225 52.374 55.517 55.267 51.563 52.024 55.003 53.065 52.285 48.937 50.277 47.876 44.918 45.090 43.286 39.635 39.499 42.652 41.360 38.113 39.394 43.157 44.168 45.089 44.885 47.795 48.466 51.828 50.015 49.561 53.319 54.318 56.197 57.178 60.831 61.230
51.660 49.725 51.837 52.360 51.822 55.543 56.480 54.381 55.658 59.208 58.548 56.960 59.922 62.402 60.782 61.105 57.566 58.605 58.482 58.134 57.308 57.108 54.384 55.515 55.165 52.362 50.145 50.704 50.130 46.909 45.679 46.558 44.749 41.355 41.820 43.015 43.569 47.262 46.795 48.978 47.130 43.673 41.981 38.566 37.202 35.759 33.123 35.999 37.735 40.393 41.092 42.298 45.303 47.174 47.644 46.881 44.244 46.213 44.305 45.484 44.489 47.555 49.690 50.297 50.369 48.236 48.719 45.031 44.066 44.781 46.629 47.486 50.542 51.913 53.535 54.754 56.464 55.257 53.214 49.957 51.054 53.877 51.363 50.395 53.930 54.948 57.400 55.496 58.164 56.216 53.046 55.146 57.128 54.040 52.352 55.473 54.963 51.267 51.909 54.731 52.569 51.821 48.611 50.196 47.987 44.902 44.893 43.341 39.727 39.939 43.142 41.710 38.665 40.251 43.999 44.831 45.930 45.993 49.063 49.585 53.061 51.463 50.868 54.620 55.838 57.840 58.632 62.236 62.424
53.807 52.067 54.319 55.029 54.611 58.354 59.128 56.958 58.353 61.856 61.023 59.441 62.496 64.863 63.109 63.513 60.026 61.232 61.116 60.589 59.715 59.695 57.021 58.282 57.911 55.227 52.906 53.314 52.838 49.706 48.287 49.074 47.423 44.009 44.228 45.357 46.106 49.734 49.055 51.067 49.032 45.644 43.735 40.301 38.659 37.234 34.387 37.076 38.712 41.607 42.525 44.019 47.067 49.134 49.846 49.087 46.269 48.070 45.947 46.851 45.755 48.939 51.206 51.691 51.517 49.318 49.521 45.777 44.923 45.407 47.355 48.473 51.647 53.165 54.947 56.305 57.822 56.660 54.511 51.389 52.496 55.463 53.126 52.181 55.767 56.971 59.433 57.604 60.195 58.082 55.034 57.279 59.111 55.917 54.425 57.576 56.876 53.223 54.069 56.791 54.467 53.825 50.746 52.479 50.376 47.256 47.038 45.624 42.087 42.490 45.769 44.336 41.431 43.148 46.890 47.683 48.936 49.108 52.230 52.611 56.129 54.612 53.872 57.601 58.956 60.954 61.607 65.163 65.261
52.958 51.461 53.869 54.830 54.572 58.333 58.874 56.615 58.175 61.597 60.537 58.989 62.166 64.366 62.464 63.001 59.603 61.033 60.986 60.237 59.382 59.602 56.945 58.328 57.868 55.361 52.934 53.100 52.718 49.740 48.083 48.706 47.262 43.852 43.753 44.771 45.762 49.286 48.350 50.147 47.915 44.620 42.487 39.064 37.163 35.814 32.826 35.363 36.822 39.914 40.995 42.772 45.826 48.084 49.071 48.350 45.340 46.974 44.660 45.276 44.155 47.465 49.800 50.110 49.689 47.408 47.370 43.599 42.891 43.226 45.311 46.611 49.906 51.495 53.464 54.901 56.203 55.045 52.777 49.792 50.884 53.988 51.847 50.919 54.544 55.950 58.414 56.684 59.191 56.912 54.017 56.434 58.114 54.832 53.579 56.786 55.913 52.336 53.438 56.083 53.636 53.201 50.269 52.084 50.045 46.960 46.445 45.124 41.717 42.289 45.681 44.349 41.618 43.431 47.159 47.987 49.509 49.756 52.906 53.025 56.579 55.165 54.178 57.853 59.422 61.400 61.823 65.293 65.265
53.089 51.671 53.984 55.064 54.661 58.377 58.907 56.453 57.909 61.349 60.200 58.461 61.610 63.820 61.752 62.156 58.752 60.248 60.016 59.127 58.068 58.392 55.909 57.513 57.239 54.854 52.232 52.429 52.317 49.334 47.484 48.281 47.081 43.558 43.287 44.542 45.788 49.239 48.341 49.942 47.780 44.421 42.084 38.536 36.403 34.743 31.535 33.785 35.482 38.631 40.020 41.902 45.128 47.571 48.644 47.664 44.588 45.964 43.462 43.996 42.590 45.837 48.380 48.848 48.428 46.346 46.177 42.387 41.451 41.508 43.404 44.901 48.137 49.959 51.849 53.511 54.810 53.885 51.758 48.882 50.227 53.294 51.168 50.509 54.206 55.789 58.062 56.182 58.501 56.080 53.212 55.577 57.061 53.673 52.469 55.560 54.482 50.907 52.048 54.513 51.897 51.379 48.567 50.605 48.796 45.581 45.036 44.003 40.628 41.526 44.835 43.287 40.764 42.865 46.513 47.081 48.652 49.182 52.476 52.559 56.198 55.025 54.028 57.690 59.397 61.552 61.870 65.303 65.062
52.106 50.471 52.585 53.474 52.853 56.536 57.283 54.831 56.086 59.614 58.651 56.806 59.830 62.207 60.228 60.456 56.961 58.265 57.912 57.193 56.062 56.191 53.733 55.293 55.158 52.654 50.058 50.489 50.384 47.253 45.553 46.572 45.267 41.692 41.663 43.123 44.237 47.763 47.143 48.887 46.965 43.476 41.300 37.690 35.767 33.917 30.813 33.178 35.148 38.070 39.356 40.948 44.229 46.531 47.345 46.230 43.331 44.803 42.455 43.296 41.849 44.938 47.451 48.161 48.036 46.112 46.210 42.449 41.268 41.458 43.143 44.446 47.525 49.308 50.965 52.589 54.135 53.267 51.322 48.318 49.769 52.665 50.321 49.744 53.428 54.863 57.058 55.012 57.354 55.063 52.037 54.204 55.789 52.461 51.019 54.023 53.072 49.415 50.307 52.811 50.287 49.548 46.609 48.614 46.793 43.509 43.245 42.191 38.691 39.528 42.711 41.004 38.380 40.494 44.134 44.592 45.956 46.512 49.836 50.125 53.766 52.596 51.805 55.513 57.090 59.339 59.814 63.311 63.101
49.153 47.483 49.477 50.373 49.632 53.277 54.062 51.526 52.689 56.235 55.284 53.342 56.323 58.739 56.733 56.875 53.362 54.648 54.229 53.502 52.324 52.448 50.029 51.642 51.580 49.112 46.452 46.925 46.922 43.772 42.025 43.155 41.935 38.310 38.267 39.882 41.072 44.570 44.061 45.765 43.982 40.424 38.250 34.584 32.699 30.676 27.598 29.965 32.115 34.898 36.191 37.664 41.009 43.303 44.048 42.798 39.948 41.380 39.061 40.029 38.527 41.524 44.041 44.889 44.921 43.134 43.370 39.643 38.276 38.525 40.067 41.257 44.238 46.013 47.547 49.175 50.833 50.036 48.220 45.184 46.758 49.545 47.109 46.662 50.357 51.792 53.873 51.712 53.996 51.720 48.645 50.723 52.290 48.967 47.455 50.405 49.462 45.784 46.613 49.104 46.596 45.806 42.848 44.861 43.072 39.760 39.543 38.540 35.027 35.944 39.076 37.298 34.730 36.942 40.544 40.920 42.315 42.964 46.336 46.595 50.266 49.208 48.416 52.114 53.749 56.090 56.520 60.000 59.695
46.824 44.954 46.867 47.566 46.778 50.433 51.355 48.946 50.058 53.644 52.868 50.997 53.920 56.430 54.602 54.738 51.178 52.303 51.967 51.446 50.408 50.340 47.787 49.196 49.063 46.440 43.941 44.520 44.319 41.090 39.571 40.707 39.251 35.671 35.909 37.493 38.422 42.014 41.673 43.605 41.959 38.356 36.456 32.850 31.323 29.419 26.648 29.338 31.464 33.991 34.936 36.096 39.333 41.377 41.874 40.727 38.056 39.759 37.717 38.978 37.709 40.629 42.923 43.807 44.062 42.245 42.800 39.140 37.778 38.378 39.920 40.765 43.665 45.190 46.620 48.015 49.846 48.900 47.116 43.908 45.365 48.039 45.436 44.857 48.481 49.686 51.836 49.669 52.102 50.028 46.829 48.809 50.597 47.411 45.703 48.689 48.007 44.287 44.924 47.598 45.313 44.482 41.344 43.116 41.114 37.891 37.862 36.589 32.981 33.583 36.708 35.032 32.234 34.219 37.884 38.421 39.692 40.123 43.406 43.778 47.394 46.171 45.485 49.218 50.701 52.981 53.556 57.095 56.944
44.064 42.073 43.811 44.422 43.472 47.083 48.116 45.674 46.649 50.274 49.593 47.641 50.482 53.079 51.297 51.325 47.726 48.751 48.361 47.926 46.879 46.714 44.161 45.546 45.481 42.825 40.323 41.015 40.849 37.555 36.096 37.377 35.910 32.298 32.660 34.414 35.303 38.898 38.763 40.744 39.317 35.638 33.870 30.256 28.941 26.906 24.337 27.111 29.403 31.644 32.453 33.338 36.583 38.505 38.812 37.553 35.032 36.792 34.908 36.422 35.181 37.943 40.148 41.200 41.708 40.043 40.850 37.283 35.736 36.509 37.875 38.476 41.215 42.639 43.882 45.196 47.208 46.293 44.672 41.386 42.924 45.424 42.667 42.182 45.774 46.882 48.930 46.637 49.059 47.087 43.793 45.622 47.473 44.354 42.488 45.413 44.843 41.090 41.564 44.284 42.107 41.183 37.958 39.646 37.606 34.383 34.513 33.196 29.534 30.088 33.129 31.393 28.553 30.556 34.201 34.693 35.917 36.368 39.674 40.089 43.715 42.546 41.928 45.667 47.136 49.497 50.099 53.647 53.461
41.381 39.229 40.953 41.399 40.499 44.139 45.240 42.967 43.979 47.606 47.060 45.261 48.088 50.715 49.127 49.242 45.639 46.553 46.348 46.097 45.287 44.977 42.233 43.360 43.114 40.321 38.032 38.728 38.286 34.974 33.751 34.909 33.174 29.663 30.287 31.879 32.474 36.155 36.110 38.325 36.975 33.308 31.848 28.374 27.469 25.723 23.577 26.683 28.769 30.746 31.123 31.713 34.760 36.400 36.499 35.456 33.103 35.176 33.609 35.350 34.455 37.171 39.075 40.044 40.703 38.937 40.035 36.570 35.155 36.316 37.768 38.010 40.699 41.802 43.017 44.032 46.140 45.004 43.348 39.912 41.238 43.656 40.792 40.094 43.587 44.458 46.628 44.413 47.016 45.253 41.885 43.678 45.766 42.812 40.817 43.827 43.545 39.801 40.153 43.086 41.173 40.332 36.963 38.322 36.002 32.974 33.193 31.515 27.825 27.949 31.042 29.573 26.484 28.125 31.852 32.650 33.834 33.952 37.100 37.536 41.078 39.684 39.083 42.841 44.184 46.412 47.115 50.705 50.701
39.484 37.152 38.602 38.880 37.727 41.291 42.586 40.290 41.076 44.762 44.384 42.470 45.152 47.919 46.414 46.353 42.692 43.426 43.117 43.020 42.176 41.691 38.968 40.046 39.929 37.060 34.792 35.705 35.302 31.874 30.796 32.195 30.415 26.881 27.754 29.595 30.079 33.753 34.037 36.328 35.307 31.573 30.336 26.912 26.330 24.439 22.629 25.726 27.997 29.564 29.767 29.960 32.980 34.419 34.222 33.020 30.929 33.066 31.743 33.812 32.942 35.396 37.178 38.385 39.371 37.834 39.220 35.912 34.274 35.593 36.783 36.744 39.184 40.173 41.114 42.034 44.374 43.309 41.891 38.388 39.817 41.980 38.925 38.364 41.782 42.502 44.521 42.137 44.713 43.108 39.620 41.172 43.339 40.498 38.275 41.163 41.039 37.268 37.354 40.323 38.569 37.558 34.083 35.325 32.976 29.951 30.462 28.742 24.986 25.006 27.914 26.328 23.152 24.786 28.472 29.177 30.205 30.344 33.524 34.100 37.646 36.311 35.875 39.649 40.920 43.266 44.059 47.675 47.644
36.132 33.668 35.043 35.208 34.054 37.627 38.966 36.767 37.563 41.245 40.963 39.149 41.813 44.596 43.237 43.239 39.588 40.247 40.103 40.137 39.512 38.936 36.052 36.921 36.641 33.696 31.588 32.476 31.872 28.447 27.543 28.854 26.892 23.439 24.534 26.289 26.553 30.265 30.679 33.129 32.259 28.543 27.611 24.362 24.224 22.579 21.295 24.577 26.655 27.853 27.642 27.485 30.300 31.461 31.046 29.991 28.098 30.484 29.494 31.795 31.245 33.579 35.052 36.216 37.387 35.844 37.525 34.388 32.821 34.486 35.677 35.267 37.587 38.263 39.130 39.768 42.205 40.979 39.596 35.991 37.272 39.291 36.131 35.452 38.761 39.282 41.339 38.985 41.677 40.264 36.719 38.204 40.558 37.883 35.547 38.482 38.618 34.886 34.861 38.004 36.512 35.612 32.044 32.953 30.359 27.562 28.131 26.087 22.361 21.973 24.908 23.612 20.250 21.543 25.285 26.287 27.364 27.213 30.258 30.763 34.249 32.777 32.295 36.073 37.307 39.577 40.387 44.016 44.079
35.733 33.039 34.022 33.897 32.391 35.822 37.467 35.294 35.745 39.493 39.486 37.536 39.958 42.940 41.728 41.471 37.755 38.112 37.802 38.095 37.405 36.538 33.713 34.481 34.414 31.329 29.304 30.563 29.991 26.399 25.796 27.463 25.407 22.007 23.522 25.579 25.613 29.268 30.148 32.693 32.262 28.542 27.934 24.847 25.093 23.325 22.435 25.547 27.793 28.531 28.153 27.520 30.236 31.105 30.281 29.036 27.558 29.985 29.326 31.977 31.434 33.401 34.727 36.182 37.719 36.468 38.421 35.492 33.699 35.457 36.325 35.649 37.644 38.210 38.721 39.257 41.957 40.846 39.769 36.139 37.524 39.212 35.856 35.347 38.510 38.811 40.667 38.123 40.763 39.578 35.914 37.045 39.488 36.992 34.364 37.086 37.433 33.703 33.283 36.428 35.160 33.989 30.314 31.064 28.475 25.706 26.745 24.695 20.947 20.374 22.922 21.432 17.947 19.150 22.779 23.608 24.321 24.173 27.242 28.063 31.522 30.095 29.947 33.739 34.785 37.205 38.214 41.885 41.957
32.438 29.622 30.442 30.209 28.628 32.039 33.742 31.622 32.030 35.779 35.866 33.972 36.352 39.358 38.275 38.045 34.343 34.621 34.453 34.868 34.389 33.439 30.468 31.043 30.837 27.696 25.809 27.062 26.335 22.737 22.317 23.958 21.765 18.456 20.238 22.288 22.116 25.748 26.839 29.489 29.304 25.640 25.373 22.546 23.273 21.739 21.451 24.573 26.619 26.906 26.134 25.087 27.556 28.112 27.023 25.864 24.669 27.291 27.014 29.901 29.660 31.421 32.416 33.867 35.621 34.448 36.687 33.993 32.238 34.289 35.085 34.039 35.843 36.099 36.483 36.741 39.545 38.324 37.351 33.669 34.948 36.421 32.964 32.416 35.436 35.543 37.361 34.808 37.512 36.529 32.821 33.828 36.431 34.124 31.374 34.096 34.705 31.048 30.486 33.777 32.796 31.738 28.011 28.396 25.581 23.091 24.212 21.861 18.217 17.188 19.676 18.505 14.856 15.655 19.318 20.454 21.250 20.811 23.762 24.470 27.891 26.387 26.177 29.971 31.028 33.426 34.412 38.084 38.191
32.531 29.443 29.858 29.180 27.302 30.532 32.599 30.696 30.765 34.528 35.008 33.131 35.211 38.401 37.621 37.198 33.490 33.360 33.149 33.966 33.582 32.239 29.262 29.508 29.402 26.037 24.487 26.135 25.219 21.512 21.689 23.543 21.078 18.099 20.480 22.576 21.907 25.424 27.003 29.841 30.089 26.569 26.786 24.311 25.494 24.100 24.234 27.220 29.219 29.102 28.049 26.537 28.703 28.811 27.243 26.113 25.468 28.214 28.399 31.561 31.486 32.894 33.605 35.203 37.258 36.274 38.772 36.316 34.516 36.712 37.308 35.978 37.482 37.514 37.596 37.622 40.626 39.411 38.674 34.986 36.190 37.325 33.731 33.198 35.956 35.707 37.403 34.788 37.514 36.889 33.116 33.751 36.531 34.537 31.516 34.017 34.975 31.422 30.430 33.754 33.147 31.899 28.112 28.139 25.253 23.031 24.633 22.166 18.720 17.216 19.135 18.040 14.290 14.485 17.883 19.048 19.275 18.500 21.248 22.404 25.646 23.976 24.223 28.000 28.682 31.104 32.423 36.152 36.438
30.238 27.255 27.488 27.001 24.937 28.106 30.103 27.929 27.888 31.680 32.034 29.943 32.028 35.229 34.288 33.760 30.019 29.987 29.670 30.347 29.879 28.644 25.697 26.149 26.155 22.931 21.098 22.744 22.132 18.391 18.309 20.421 18.284 15.140 17.400 19.868 19.516 22.863 24.572 27.172 27.638 24.104 24.280 21.859 23.125 21.575 21.992 24.716 26.779 26.334 25.280 23.556 25.750 25.873 24.256 22.829 22.286 24.877 25.144 28.435 28.319 29.504 30.166 31.933 34.162 33.423 36.018 33.728 31.752 33.957 34.330 32.849 34.151 34.151 34.064 34.099 37.195 36.115 35.582 31.958 33.353 34.315 30.669 30.416 33.173 33.038 34.494 31.699 34.260 33.583 29.791 30.313 32.996 30.982 27.907 30.331 31.254 27.700 26.654 29.960 29.373 28.133 24.347 24.344 21.472 19.235 20.889 18.475 15.053 13.643 15.462 14.250 10.510 10.996 14.456 15.498 16.060 15.568 18.589 19.452 22.895 21.597 21.634 25.404 26.421 29.074 30.110 33.761 33.740
29.445 26.779 27.103 27.084 25.050 28.216 29.913 27.352 27.392 31.169 31.148 28.809 31.058 34.146 32.824 32.269 28.506 28.833 28.348 28.597 27.873 27.014 24.205 25.160 25.309 22.434 20.065 21.466 21.384 17.747 16.916 19.187 17.675 14.175 15.739 18.594 18.968 22.167 23.640 25.824 26.190 22.547 22.267 19.593 20.506 18.558 18.843 21.330 23.619 23.173 22.442 20.892 23.417 23.948 22.666 20.838 19.959 22.205 22.128 25.346 24.945 26.149 27.073 28.981 31.175 30.589 33.054 30.724 28.531 30.559 30.794 29.431 30.741 30.962 30.887 31.189 34.256 33.378 32.910 29.373 31.077 32.113 28.521 28.592 31.542 31.794 33.068 30.124 32.455 31.444 27.684 28.333 30.733 28.439 25.498 27.953 28.518 24.850 24.045 27.242 26.327 25.124 21.369 21.739 19.051 16.449 17.853 15.736 12.092 11.446 13.551 11.914 8.413 10.072 13.597 14.237 15.463 15.675 19.034 19.396 23.070 22.291 21.921 25.613 27.119 29.945 30.549 34.055 33.632
27.094 24.628 25.420 25.781 24.214 27.616 28.894 26.292 26.852 30.552 30.169 28.062 30.681 33.495 32.034 31.899 28.234 28.985 28.884 28.811 28.361 27.909 24.899 25.861 25.542 22.856 20.468 21.207 20.940 17.566 16.305 17.948 16.465 12.785 13.831 16.324 16.984 20.358 21.305 23.469 23.400 19.662 19.153 16.310 17.158 15.468 15.823 18.658 20.629 20.371 19.496 18.211 20.797 21.550 20.664 19.149 17.767 20.206 19.927 22.938 22.781 24.392 25.278 26.793 28.695 27.762 30.160 27.706 25.780 27.985 28.595 27.251 28.893 29.017 29.361 29.590 32.406 31.258 30.432 26.806 28.332 29.687 26.215 26.021 29.147 29.586 31.135 28.412 30.906 29.687 26.004 27.126 29.546 27.088 24.465 27.304 27.752 24.091 23.821 27.159 26.110 25.432 21.800 22.143 19.245 16.824 17.431 14.985 11.342 10.607 13.584 12.675 9.371 10.771 14.506 15.749 17.641 17.582 20.698 20.445 24.086 23.160 22.193 25.861 27.666 30.233 30.519 33.970 33.556
27.453 25.365 26.134 26.902 25.298 28.555 29.587 26.634 27.156 30.777 30.067 27.674 30.350 33.049 31.205 30.955 27.315 28.374 28.014 27.514 26.724 26.646 23.909 25.400 25.337 23.068 20.202 20.756 21.133 17.976 16.017 17.866 17.183 13.405 13.562 16.462 17.902 20.912 21.656 23.256 23.148 19.398 18.326 15.228 15.511 13.161 13.268 15.675 18.048 17.774 17.427 16.400 19.406 20.661 20.166 18.132 16.405 18.259 17.497 20.398 19.782 21.374 22.638 24.395 26.281 25.617 27.834 25.349 23.076 24.998 25.362 24.187 25.795 26.245 26.543 27.142 29.941 29.109 28.434 24.970 26.920 28.300 24.924 25.196 28.478 29.339 30.592 27.690 29.835 28.260 24.662 25.840 27.867 25.110 22.658 25.423 25.423 21.665 21.648 24.760 23.316 22.631 19.106 19.936 17.404 14.586 14.862 12.985 9.227 9.791 12.774 11.356 8.879 11.361 14.707 15.334 17.653 18.302 21.632 21.060 24.804 24.432 23.252 26.742 28.910 31.660 31.597 34.859 34.036
28.664 26.823 28.060 29.095 27.879 31.281 32.032 29.106 29.988 33.523 32.552 30.334 33.233 35.713 33.727 33.743 30.207 31.542 31.319 30.576 29.804 30.001 27.291 28.855 28.615 26.460 23.610 23.820 24.109 21.145 18.996 20.372 19.709 15.948 15.645 18.062 19.718 22.840 23.012 24.519 23.821 20.024 18.426 14.924 14.474 12.013 11.229 14.073 16.474 16.990 17.040 16.821 20.078 21.800 21.869 20.107 17.783 19.525 18.170 20.534 19.767 21.941 23.531 24.936 26.311 25.266 27.092 24.228 22.137 23.875 24.651 23.927 26.026 26.737 27.508 28.331 30.785 29.859 28.790 25.350 27.229 29.072 25.950 26.021 29.518 30.663 32.163 29.496 31.687 29.814 26.385 27.995 29.868 26.875 24.828 27.796 27.479 23.744 24.223 27.224 25.445 25.011 21.695 22.826 20.442 17.593 17.296 15.609 12.056 12.861 16.139 14.920 12.646 14.966 18.358 19.093 21.469 22.067 25.334 24.666 28.372 27.862 26.495 29.974 32.203 34.781 34.623 37.863 37.087
25.701 23.844 25.384 26.489 25.641 29.200 29.753 27.017 28.271 31.733 30.695 28.836 31.924 34.246 32.420 32.811 29.378 30.814 31.049 30.361 30.061 30.299 27.285 28.492 27.757 25.565 23.027 22.850 22.657 19.885 17.854 18.602 17.631 14.011 13.683 15.497 16.980 20.268 20.153 21.903 20.959 17.156 15.776 12.390 12.457 10.892 10.858 14.211 15.803 16.190 15.531 15.188 18.101 19.597 19.707 18.527 16.122 18.391 17.365 19.708 19.631 21.980 23.097 24.024 25.274 23.829 25.854 23.063 21.467 23.695 24.881 23.846 26.088 26.335 27.383 27.775 30.078 28.708 27.323 23.714 25.143 27.122 24.025 23.616 27.089 28.086 29.920 27.535 30.036 28.295 24.896 26.771 28.918 26.083 24.155 27.411 27.385 23.797 24.446 27.704 26.233 26.237 22.968 23.594 20.806 18.502 17.883 15.554 12.301 12.237 15.894 15.567 13.127 14.600 18.090 19.547 22.109 22.122 25.034 24.076 27.623 26.774 25.096 28.553 30.802 33.073 32.831 36.071 35.508
28.286 26.359 28.119 29.071 28.378 32.036 32.655 30.135 31.476 34.950 34.012 32.314 35.404 37.736 36.024 36.483 33.047 34.386 34.651 34.084 33.781 33.899 30.861 31.945 31.181 28.800 26.430 26.378 25.942 23.070 21.332 21.977 20.643 17.120 17.108 18.566 19.675 23.160 22.903 24.878 23.643 19.905 18.522 15.129 14.891 13.546 12.783 16.369 17.904 18.912 18.438 18.498 21.342 22.850 23.031 22.128 19.682 22.012 20.844 22.907 22.759 25.351 26.607 27.353 28.314 26.586 28.344 25.308 23.953 26.008 27.471 26.770 29.259 29.649 30.888 31.357 33.509 32.055 30.438 26.842 28.068 30.281 27.313 26.623 30.101 31.035 33.111 30.913 33.544 31.815 28.473 30.444 32.637 29.801 27.937 31.219 31.174 27.584 28.240 31.473 29.924 29.828 26.530 27.270 24.508 22.096 21.614 19.341 16.005 15.805 19.401 18.930 16.169 17.502 21.167 22.651 24.897 24.762 27.673 27.022 30.540 29.399 27.914 31.468 33.474 35.620 35.611 38.955 38.630
29.263 27.575 29.740 30.868 30.583 34.314 34.672 32.290 33.957 37.301 36.187 34.745 37.994 40.109 38.376 39.117 35.811 37.332 37.802 37.109 36.943 37.230 34.145 35.177 34.186 31.887 29.627 29.290 28.689 26.035 24.259 24.470 23.111 19.800 19.532 20.429 21.539 24.996 24.245 26.171 24.433 20.868 19.259 15.908 15.272 14.427 13.269 17.013 18.077 19.657 19.267 19.891 22.615 24.300 24.871 24.353 21.628 23.932 22.535 24.115 24.097 27.044 28.334 28.654 29.151 27.016 28.451 25.220 24.306 26.304 28.214 27.782 30.607 31.021 32.653 33.130 34.945 33.298 31.304 27.776 28.722 31.288 28.611 27.606 31.128 32.189 34.533 32.654 35.370 33.515 30.373 32.668 34.807 31.917 30.376 33.811 33.652 30.170 31.144 34.347 32.697 32.855 29.705 30.484 27.730 25.431 24.615 22.352 19.235 19.026 22.731 22.495 19.830 20.985 24.622 26.277 28.593 28.320 31.095 30.326 33.748 32.448 30.792 34.281 36.299 38.210 38.121 41.416 41.201
32.558 30.853 33.118 34.131 33.915 37.678 38.097 35.846 37.529 40.883 39.839 38.466 41.698 43.833 42.153 42.902 39.581 41.034 41.473 40.846 40.622 40.833 37.764 38.761 37.806 35.391 33.198 32.980 32.287 29.552 27.928 28.159 26.632 23.363 23.269 24.064 24.973 28.497 27.697 29.713 27.830 24.361 22.749 19.455 18.610 17.795 16.199 19.832 20.909 22.872 22.697 23.554 26.261 27.973 28.580 28.150 25.415 27.687 26.172 27.569 27.419 30.484 31.920 32.173 32.471 30.204 31.382 28.008 27.235 28.997 31.045 30.910 33.875 34.448 36.182 36.767 38.481 36.836 34.722 31.256 32.112 34.812 32.242 31.119 34.623 35.662 38.124 36.349 39.109 37.240 34.142 36.472 38.604 35.688 34.180 37.603 37.390 33.888 34.855 38.015 36.270 36.320 33.152 34.062 31.365 28.939 28.233 26.060 22.848 22.655 26.306 25.898 23.082 24.247 27.962 29.552 31.649 31.350 34.151 33.614 37.029 35.576 34.086 37.632 39.476 41.324 41.406 44.764 44.694
33.408 31.806 34.343 35.364 35.492 39.294 39.559 37.545 39.474 42.709 41.630 40.550 43.863 45.847 44.281 45.276 42.064 43.568 44.246 43.642 43.635 43.874 40.691 41.503 40.299 37.874 35.896 35.496 34.530 31.956 30.468 30.337 28.642 25.628 25.542 25.847 26.535 30.031 28.946 31.048 28.875 25.646 24.148 21.139 20.360 20.116 18.647 22.286 22.867 24.990 24.626 25.648 28.062 29.673 30.407 30.386 27.626 30.026 28.580 29.742 29.870 33.076 34.351 34.254 34.282 31.701 32.746 29.378 29.056 30.900 33.265 33.166 36.284 36.705 38.677 39.105 40.599 38.714 36.327 32.901 33.389 36.261 33.893 32.414 35.822 36.788 39.509 38.048 40.954 39.139 36.182 38.692 40.902 38.074 36.731 40.269 40.136 36.746 37.843 41.064 39.400 39.644 36.526 37.291 34.479 32.246 31.401 29.066 26.011 25.564 29.267 29.152 26.292 27.133 30.836 32.686 34.785 34.221 36.820 36.223 39.499 37.810 36.227 39.710 41.468 43.046 43.138 46.466 46.598
36.772 35.219 37.845 38.823 39.039 42.848 43.110 41.192 43.161 46.377 45.312 44.300 47.619 49.580 48.035 49.066 45.863 47.356 48.030 47.438 47.398 47.622 44.453 45.255 44.058 41.584 39.643 39.282 38.268 35.675 34.251 34.103 32.343 29.370 29.330 29.556 30.159 33.654 32.490 34.600 32.299 29.181 27.647 24.694 23.744 23.521 21.794 25.297 25.841 28.222 28.026 29.242 31.640 33.300 34.108 34.154 31.354 33.699 32.144 33.130 33.172 36.474 37.854 37.671 37.510 34.824 35.631 32.185 32.005 33.651 36.134 36.274 39.506 40.044 42.125 42.638 44.013 42.125 39.626 36.282 36.690 39.678 37.434 35.873 39.258 40.237 43.044 41.690 44.611 42.762 39.870 42.437 44.617 41.759 40.483 44.026 43.827 40.438 41.576 44.757 43.007 43.214 40.110 40.977 38.213 35.903 35.077 32.816 29.724 29.325 33.009 32.800 29.885 30.751 34.485 36.291 38.275 37.705 40.309 39.837 43.097 41.315 39.817 43.315 44.969 46.476 46.660 50.008 50.237
37.587 35.984 38.715 39.537 39.972 43.779 44.027 42.394 44.483 47.615 46.657 45.907 49.216 51.121 49.784 50.969 47.832 49.240 50.118 49.676 49.854 49.975 46.676 47.223 45.825 43.260 41.588 41.184 39.864 37.351 36.191 35.813 33.794 31.071 31.237 31.117 31.359 34.849 33.627 35.931 33.563 30.650 29.429 26.785 26.151 26.331 24.910 28.476 28.728 30.994 30.487 31.576 33.673 35.067 35.776 36.159 33.507 36.068 34.749 35.748 36.077 39.369 40.516 40.142 39.937 37.081 37.959 34.628 34.732 36.561 39.183 39.183 42.417 42.733 44.877 45.162 46.480 44.376 41.749 38.382 38.462 41.450 39.271 37.402 40.618 41.371 44.381 43.261 46.350 44.686 41.842 44.439 46.785 44.093 42.816 46.419 46.423 43.108 44.200 47.495 45.927 46.215 43.068 43.712 40.783 38.660 37.877 35.389 32.373 31.626 35.287 35.323 32.278 32.780 36.498 38.553 40.434 39.558 41.939 41.511 44.609 42.562 41.089 44.537 46.002 47.255 47.555 50.901 51.388
40.925 39.412 42.226 43.053 43.584 47.385 47.590 46.025 48.170 51.264 50.283 49.597 52.926 54.783 53.444 54.681 51.569 53.002 53.891 53.426 53.586 53.731 50.444 50.999 49.592 47.021 45.364 44.950 43.610 41.115 39.962 39.546 37.523 34.835 34.972 34.784 35.014 38.469 37.148 39.410 36.921 34.117 32.832 30.231 29.437 29.640 28.035 31.483 31.675 34.139 33.770 35.039 37.123 38.582 39.391 39.829 37.117 39.611 38.185 39.012 39.282 42.661 43.889 43.420 43.033 40.086 40.750 37.374 37.615 39.280 42.009 42.205 45.538 45.943 48.199 48.553 49.744 47.632 44.901 41.622 41.634 44.724 42.677 40.749 43.942 44.734 47.807 46.794 49.879 48.167 45.402 48.069 50.369 47.645 46.457 50.074 50.005 46.704 47.866 51.122 49.475 49.769 46.652 47.381 44.495 42.323 41.507 39.085 36.062 35.382 39.046 39.029 35.979 36.520 40.248 42.271 44.105 43.238 45.620 45.247 48.330 46.232 44.790 48.229 49.640 50.825 51.162 54.499 55.047
42.622 40.993 43.798 44.407 45.030 48.800 49.084 47.767 49.923 52.976 52.161 51.648 54.914 56.786 55.651 56.943 53.852 55.142 56.144 55.861 56.159 56.150 52.775 53.111 51.602 48.909 47.480 47.129 45.552 43.064 42.181 41.678 39.415 36.905 37.297 36.935 36.831 40.296 39.047 41.503 39.067 36.387 35.395 32.994 32.477 32.861 31.462 34.980 35.084 37.414 36.823 37.912 39.802 41.016 41.653 42.291 39.755 42.429 41.216 42.145 42.584 45.910 46.978 46.452 46.120 43.109 43.885 40.602 40.958 42.758 45.517 45.583 48.876 49.127 51.358 51.546 52.768 50.525 47.762 44.440 44.249 47.275 45.213 43.090 46.134 46.690 49.886 49.003 52.220 50.696 47.921 50.535 52.992 50.413 49.144 52.771 52.892 49.616 50.659 54.009 52.519 52.792 49.600 50.162 47.152 45.085 44.401 41.814 38.793 37.843 41.440 41.540 38.351 38.623 42.335 44.504 46.169 45.068 47.277 47.035 49.980 47.659 46.338 49.747 50.932 51.929 52.441 55.796 56.583
41.153 39.646 42.593 43.228 44.145 47.870 47.974 46.866 49.215 52.102 51.247 51.003 54.305 56.003 54.990 56.501 53.556 54.898 56.147 55.872 56.418 56.462 52.988 53.148 51.391 48.774 47.543 46.976 45.195 42.936 42.141 41.311 38.999 36.769 37.116 36.370 36.113 39.433 37.995 40.463 37.912 35.504 34.714 32.649 32.358 33.175 32.112 35.649 35.374 37.561 36.680 37.719 39.287 40.317 40.993 41.964 39.502 42.280 41.251 42.094 42.856 46.177 46.983 46.198 45.771 42.602 43.431 40.315 40.981 42.992 45.902 45.791 49.081 49.074 51.414 51.364 52.450 49.993 47.095 43.817 43.306 46.337 44.428 42.050 44.919 45.356 48.697 48.086 51.391 49.985 47.351 50.055 52.586 50.159 49.016 52.707 52.965 49.834 50.960 54.376 53.048 53.543 50.407 50.745 47.613 45.807 44.978 42.220 39.409 38.231 41.834 42.273 39.138 39.120 42.735 45.154 46.923 45.597 47.578 47.153 49.931 47.488 46.003 49.272 50.447 51.189 51.612 54.861 55.774
38.428 37.111 40.158 41.054 42.027 45.771 45.694 44.419 46.863 49.716 48.656 48.364 51.762 53.355 52.182 53.752 50.857 52.382 53.640 53.175 53.707 53.941 50.507 50.806 49.026 46.576 45.204 44.453 42.816 40.668 39.628 38.710 36.625 34.349 34.398 33.621 33.644 36.888 35.257 37.528 34.841 32.436 31.437 29.344 28.891 29.787 28.720 32.196 31.780 34.024 33.202 34.407 36.003 37.198 38.088 39.031 36.413 39.064 37.914 38.601 39.373 42.750 43.578 42.704 42.164 38.963 39.708 36.580 37.308 39.306 42.275 42.195 45.530 45.538 47.969 47.963 48.943 46.503 43.556 40.337 39.864 42.981 41.165 38.849 41.799 42.434 45.731 45.121 48.339 46.788 44.237 47.054 49.460 46.956 45.966 49.688 49.818 46.737 48.034 51.389 49.985 50.624 47.597 47.986 44.916 43.141 42.096 39.414 36.716 35.692 39.372 39.875 36.914 37.018 40.602 43.003 45.004 43.805 45.853 45.194 48.036 45.766 44.064 47.299 48.716 49.536 49.722 52.904 53.623
34.702 33.390 36.443 37.420 38.404 42.151 42.014 40.684 43.159 45.994 44.886 44.592 48.009 49.573 48.385 49.980 47.114 48.681 49.991 49.494 50.095 50.373 46.923 47.211 45.374 42.997 41.626 40.777 39.144 37.078 35.989 34.986 32.957 30.726 30.696 29.849 29.920 33.134 31.471 33.729 31.065 28.638 27.689 25.655 25.364 26.404 25.599 29.136 28.619 30.668 29.663 30.751 32.272 33.410 34.290 35.274 32.681 35.380 34.337 35.096 36.005 39.319 40.018 39.133 38.690 35.514 36.432 33.381 34.092 36.273 39.201 38.925 42.186 42.061 44.449 44.341 45.365 42.883 39.975 36.704 36.216 39.278 37.412 35.091 38.047 38.677 41.953 41.318 44.541 43.016 40.456 43.271 45.698 43.238 42.250 45.981 46.168 43.131 44.437 47.816 46.498 47.222 44.224 44.503 41.393 39.741 38.627 35.877 33.288 32.194 35.878 36.533 33.657 33.683 37.205 39.683 41.803 40.580 42.581 41.768 44.593 42.387 40.561 43.756 45.281 46.119 46.187 49.334 49.977
33.596 32.152 35.036 36.033 36.708 40.500 40.512 38.925 41.215 44.211 43.113 42.534 45.927 47.652 46.329 47.714 44.713 46.259 47.356 46.826 47.224 47.485 44.113 44.576 42.950 40.544 38.961 38.263 36.848 34.593 33.365 32.652 30.717 28.199 28.157 27.695 27.976 31.329 29.866 32.101 29.600 26.845 25.706 23.310 22.881 23.526 22.537 26.150 25.984 28.048 27.224 28.273 30.109 31.409 32.231 32.874 30.215 32.846 31.678 32.600 33.265 36.548 37.432 36.821 36.561 33.579 34.577 31.398 31.747 33.851 36.593 36.350 39.564 39.612 41.853 41.917 43.125 40.838 38.109 34.749 34.606 37.611 35.536 33.498 36.641 37.389 40.481 39.536 42.667 41.041 38.318 41.032 43.404 40.812 39.685 43.364 43.454 40.286 41.515 44.858 43.432 43.996 40.947 41.375 38.347 36.506 35.482 32.844 30.094 29.187 32.898 33.315 30.431 30.709 34.308 36.596 38.720 37.706 39.915 39.167 42.159 40.124 38.369 41.684 43.302 44.412 44.487 47.715 48.174
33.520 32.369 35.313 36.647 37.294 41.073 40.901 39.034 41.362 44.339 42.971 42.227 45.717 47.340 45.736 47.113 44.143 45.930 46.911 46.092 46.325 46.848 43.611 44.372 42.849 40.664 38.797 37.947 36.860 34.684 33.060 32.390 30.859 28.176 27.673 27.368 28.166 31.392 29.720 31.578 28.906 26.104 24.460 21.832 20.840 21.312 19.942 23.388 23.200 25.595 25.162 26.639 28.712 30.423 31.608 32.031 29.066 31.364 29.817 30.428 30.867 34.302 35.428 34.777 34.286 31.303 31.999 28.668 28.996 30.854 33.671 33.703 37.055 37.336 39.722 40.034 41.078 38.942 36.163 32.941 33.015 36.187 34.266 32.462 35.779 36.902 39.850 38.832 41.757 39.832 37.219 40.076 42.178 39.376 38.472 42.151 41.928 38.771 40.256 43.434 41.757 42.419 39.532 40.213 37.390 35.429 34.131 31.773 29.094 28.629 32.416 32.698 30.084 30.740 34.301 36.379 38.739 38.044 40.438 39.495 42.619 40.879 38.951 42.239 44.139 45.419 45.243 48.389 48.558
31.643 30.515 33.321 34.791 35.228 38.988 38.828 36.703 38.916 41.955 40.501 39.526 43.016 44.688 42.915 44.158 41.140 42.998 43.829 42.887 42.973 43.588 40.449 41.406 40.032 37.952 35.871 35.024 34.201 31.994 30.131 29.636 28.360 25.488 24.768 24.765 25.905 29.107 27.517 29.199 26.644 23.628 21.721 18.798 17.583 17.733 16.231 19.722 19.755 22.142 21.882 23.399 25.732 27.649 28.893 29.018 25.941 28.082 26.383 27.055 27.315 30.731 31.991 31.524 31.155 28.352 29.114 25.712 25.736 27.563 30.228 30.249 33.559 33.957 36.252 36.701 37.847 35.878 33.250 29.999 30.382 33.502 31.469 29.957 33.421 34.719 37.459 36.206 38.988 36.932 34.251 37.065 39.047 36.125 35.201 38.834 38.481 35.269 36.783 39.891 38.114 38.747 35.897 36.697 33.985 31.932 30.567 28.356 25.670 25.468 29.269 29.425 26.979 27.892 31.415 33.319 35.810 35.348 37.885 36.847 40.082 38.592 36.610 39.910 41.991 43.484 43.183 46.310 46.243
34.145 32.986 35.595 37.069 37.201 40.938 40.923 38.568 40.552 43.711 42.257 40.975 44.402 46.208 44.257 45.247 42.116 43.961 44.478 43.450 43.200 43.833 40.879 42.113 41.058 38.981 36.629 36.000 35.509 33.105 31.070 30.982 29.895 26.736 25.968 26.471 27.862 31.096 29.710 31.241 28.847 25.643 23.444 20.166 18.489 17.876 15.673 18.968 19.606 22.282 22.608 24.296 27.040 29.238 30.500 30.169 26.995 28.834 26.800 27.451 27.177 30.605 32.278 32.129 31.795 29.253 29.805 26.222 25.825 27.214 29.667 30.045 33.369 34.181 36.363 37.186 38.416 36.780 34.341 31.169 31.976 35.065 32.963 31.839 35.441 36.924 39.425 37.900 40.479 38.244 35.491 38.193 39.979 36.859 35.874 39.378 38.764 35.418 36.903 39.843 37.790 38.180 35.339 36.506 34.044 31.643 30.378 28.526 25.635 25.898 29.640 29.320 26.936 28.324 31.893 33.405 35.824 35.725 38.540 37.665 41.075 39.805 37.986 41.379 43.503 45.266 45.009 48.187 47.934
32.476 31.261 33.632 35.136 35.001 38.680 38.752 36.186 37.978 41.207 39.751 38.229 41.593 43.496 41.436 42.236 39.038 40.876 41.216 40.133 39.727 40.379 37.526 38.925 38.053 36.045 33.510 32.968 32.732 30.263 28.064 28.237 27.366 24.039 23.166 24.061 25.698 28.892 27.724 29.135 27.005 23.608 21.293 17.767 16.011 14.859 12.533 15.894 16.991 19.480 19.956 21.500 24.500 26.797 27.977 27.297 24.126 25.828 23.727 24.591 24.100 27.408 29.195 29.347 29.280 27.033 27.768 24.205 23.368 24.757 26.913 27.186 30.366 31.272 33.246 34.179 35.608 34.170 31.983 28.766 29.906 32.822 30.540 29.743 33.422 34.975 37.233 35.439 37.878 35.595 32.731 35.288 36.996 33.805 32.703 36.116 35.433 32.008 33.420 36.307 34.198 34.481 31.626 32.891 30.531 28.017 26.788 25.082 22.136 22.660 26.350 25.850 23.614 25.265 28.771 30.077 32.566 32.694 35.635 34.726 38.223 37.191 35.393 38.789 41.028 42.999 42.678 45.842 45.392
29.015 27.784 30.053 31.623 31.437 35.077 35.109 32.466 34.247 37.459 35.975 34.422 37.793 39.686 37.625 38.433 35.249 37.121 37.529 36.430 36.131 36.818 33.915 35.285 34.343 32.423 29.882 29.225 29.020 26.644 24.353 24.470 23.724 20.411 19.391 20.339 22.119 25.241 24.133 25.499 23.524 20.034 17.765 14.176 12.671 11.523 9.746 13.413 14.457 16.471 16.614 17.872 20.870 23.094 24.204 23.485 20.344 22.143 20.217 21.332 21.061 24.252 25.824 26.030 26.215 24.072 25.169 21.773 20.804 22.566 24.591 24.448 27.474 28.138 30.000 30.752 32.320 30.822 28.747 25.410 26.598 29.364 26.938 26.209 29.888 31.405 33.578 31.698 34.142 31.920 28.990 31.506 33.279 30.146 28.979 32.425 31.863 28.453 29.844 32.822 30.867 31.268 28.398 29.461 26.992 24.651 23.326 21.462 18.629 19.072 22.800 22.528 20.427 21.983 25.388 26.806 29.473 29.557 32.416 31.303 34.768 33.832 31.895 35.225 37.583 39.573 39.122 42.231 41.692
28.011 26.684 28.586 30.127 29.584 33.113 33.291 30.425 31.922 35.215 33.779 31.929 35.185 37.220 35.061 35.607 32.330 34.148 34.326 33.200 32.706 33.378 30.593 32.148 31.452 29.598 26.844 26.343 26.459 23.988 21.526 22.036 21.560 18.064 16.969 18.501 20.526 23.547 22.805 24.033 22.499 18.848 16.587 12.835 11.463 9.470 7.880 11.438 13.156 14.625 14.882 15.744 19.023 21.269 22.173 20.969 17.933 19.565 17.647 19.158 18.622 21.540 23.210 23.862 24.468 22.781 24.148 20.918 19.387 21.148 22.689 22.332 25.071 25.809 27.327 28.183 30.046 28.807 27.113 23.748 25.334 27.790 25.126 24.827 28.519 30.053 31.897 29.684 31.948 29.724 26.643 28.910 30.611 27.429 26.051 29.358 28.755 25.231 26.462 29.399 27.412 27.640 24.709 25.866 23.500 21.005 19.784 18.086 15.137 15.938 19.562 19.036 17.138 19.042 22.334 23.474 26.209 26.573 29.573 28.446 32.002 31.356 29.488 32.809 35.266 37.498 37.005 40.093 39.339
31.468 29.922 31.659 32.932 32.134 35.664 36.139 33.297 34.536 37.964 36.751 34.745 37.841 40.091 37.984 38.270 34.858 36.439 36.338 35.379 34.611 35.051 32.385 34.005 33.609 31.540 28.733 28.665 28.845 26.056 23.809 24.744 24.060 20.408 19.772 21.612 23.371 26.555 26.120 27.520 26.153 22.448 20.329 16.588 15.214 12.914 10.816 13.959 16.198 17.859 18.452 19.244 22.607 24.778 25.438 24.021 21.189 22.749 20.801 22.397 21.455 24.238 26.177 27.128 27.813 26.301 27.517 24.202 22.460 23.825 25.145 25.095 27.754 28.797 30.112 31.198 33.192 32.180 30.645 27.333 29.058 31.433 28.689 28.501 32.168 33.604 35.384 33.029 35.250 33.080 29.900 31.940 33.625 30.426 28.837 31.960 31.308 27.660 28.610 31.445 29.333 29.122 26.059 27.490 25.287 22.420 21.678 20.222 16.919 17.853 21.282 20.178 17.999 20.197 23.639 24.443 26.803 27.354 30.577 29.886 33.551 32.879 31.385 34.854 37.094 39.482 39.271 42.493 41.800
33.667 32.454 34.338 35.879 35.209 38.694 38.949 35.989 37.326 40.648 39.185 37.136 40.305 42.380 40.038 40.372 37.069 38.885 38.700 37.444 36.506 37.238 34.770 36.647 36.324 34.497 31.524 31.276 31.707 29.101 26.574 27.426 27.086 23.488 22.421 24.182 26.279 29.266 28.527 29.562 27.932 24.369 21.790 17.992 15.864 13.356 10.355 13.003 15.367 17.679 18.957 20.410 23.926 26.513 27.607 26.106 22.982 24.068 21.609 22.636 21.298 24.320 26.644 27.480 27.757 26.219 26.918 23.396 21.643 22.484 23.919 24.436 27.333 28.773 30.324 31.768 33.465 32.640 30.999 27.945 29.825 32.420 29.977 29.953 33.710 35.490 37.194 34.908 36.910 34.435 31.484 33.704 35.049 31.647 30.411 33.489 32.434 28.870 30.162 32.716 30.259 30.161 27.388 29.181 27.318 24.357 23.271 22.280 19.231 20.657 24.015 22.792 21.013 23.461 26.739 27.312 29.790 30.604 33.889 33.071 36.748 36.266 34.651 38.026 40.424 42.833 42.441 45.553 44.688
32.263 31.406 33.599 35.451 35.158 38.654 38.544 35.616 37.292 40.428 38.681 36.860 40.216 41.994 39.564 40.224 37.113 39.219 39.310 37.829 37.125 38.147 35.610 37.453 36.830 35.228 32.323 31.628 31.978 29.713 27.003 27.364 27.206 23.824 22.312 23.595 25.907 28.709 27.487 28.275 26.245 22.896 20.020 16.318 13.754 11.744 8.545 11.309 12.954 15.737 17.063 19.057 22.430 25.236 26.774 25.594 22.182 23.169 20.517 21.027 19.955 23.311 25.535 25.881 25.712 23.823 24.256 20.615 19.292 20.208 22.136 22.759 25.964 27.294 29.265 30.627 31.955 30.920 28.943 25.998 27.668 30.547 28.418 28.215 32.002 33.997 35.837 33.835 35.838 33.201 30.503 33.064 34.304 30.864 30.030 33.280 32.124 28.753 30.458 32.999 30.533 30.904 28.367 30.028 28.115 25.472 23.865 22.792 20.141 21.494 25.001 24.256 22.705 24.899 28.072 28.927 31.698 32.348 35.441 34.264 37.831 37.321 35.363 38.593 41.170 43.373 42.719 45.691 44.800
34.158 33.372 35.827 37.682 37.639 41.221 41.021 38.265 40.137 43.226 41.455 39.848 43.285 44.970 42.616 43.461 40.405 42.537 42.783 41.335 40.757 41.770 39.142 40.852 40.067 38.387 35.627 34.854 34.969 32.733 30.156 30.275 29.899 26.615 25.201 26.113 28.226 31.111 29.646 30.542 28.199 25.000 22.161 18.634 16.072 14.700 11.652 14.317 15.354 18.454 19.660 21.878 25.023 27.786 29.449 28.605 25.142 26.266 23.642 23.875 23.007 26.514 28.657 28.671 28.159 25.932 26.080 22.350 21.535 22.364 24.658 25.494 28.888 30.173 32.394 33.687 34.772 33.557 31.291 28.412 29.762 32.870 30.944 30.420 34.173 36.151 38.236 36.492 38.625 35.993 33.412 36.145 37.439 34.040 33.347 36.691 35.567 32.273 34.069 36.643 34.200 34.665 32.151 33.752 31.752 29.184 27.553 26.336 23.692 24.782 28.388 27.782 26.028 28.009 31.305 32.349 35.052 35.507 38.529 37.397 40.919 40.186 38.204 41.462 43.951 45.984 45.386 48.386 47.666
32.416 31.807 34.549 36.517 36.847 40.460 40.021 37.456 39.632 42.570 40.695 39.412 42.972 44.450 42.199 43.363 40.455 42.694 43.272 41.820 41.575 42.659 39.858 41.344 40.216 38.588 36.053 34.979 34.805 32.810 30.309 29.958 29.483 26.468 24.955 25.311 27.310 30.116 28.297 29.211 26.544 23.583 20.819 17.603 15.197 14.740 12.303 15.154 15.269 18.344 19.073 21.404 24.165 26.809 28.648 28.283 24.777 26.111 23.677 23.703 23.388 27.018 28.792 28.335 27.566 24.931 25.074 21.410 21.223 22.431 25.145 25.759 29.276 30.190 32.685 33.655 34.506 32.931 30.340 27.453 28.354 31.647 29.927 29.004 32.673 34.611 36.954 35.548 37.845 35.279 32.857 35.820 37.230 33.964 33.469 36.984 36.025 32.897 34.855 37.562 35.323 36.118 33.656 34.940 32.720 30.494 28.644 27.108 24.704 25.406 29.127 29.004 27.215 28.780 32.051 33.478 36.308 36.436 39.213 37.874 41.244 40.316 38.114 41.272 43.775 45.536 44.830 47.755 47.180
33.931 33.689 36.615 38.812 39.392 42.946 42.235 39.695 42.057 44.818 42.720 41.572 45.212 46.441 44.084 45.433 42.705 45.151 45.826 44.170 43.974 45.290 42.558 44.108 42.880 41.456 38.920 37.602 37.478 35.725 33.095 32.505 32.235 29.399 27.605 27.695 29.840 32.410 30.258 30.867 27.920 25.299 22.340 19.428 16.722 16.626 14.184 16.428 15.983 19.359 20.318 23.082 25.647 28.462 30.655 30.450 26.816 27.873 25.251 24.722 24.438 28.189 29.992 29.181 27.925 25.101 24.727 21.062 21.337 22.244 25.263 26.212 29.895 30.881 33.674 34.719 35.168 33.570 30.757 28.181 28.927 32.424 31.113 30.144 33.748 35.912 38.277 37.122 39.291 36.559 34.448 37.611 38.800 35.505 35.383 38.899 37.745 34.818 37.065 39.611 37.270 38.311 36.098 37.443 35.360 33.256 31.122 29.751 27.626 28.450 32.134 32.134 30.561 32.118 35.270 36.706 39.661 39.821 42.534 41.020 44.323 43.452 41.080 44.107 46.724 48.372 47.482 50.269 49.630
37.396 37.076 40.044 42.129 42.711 46.319 45.691 43.224 45.570 48.382 46.358 45.225 48.850 50.135 47.817 49.138 46.361 48.737 49.361 47.768 47.500 48.736 46.004 47.545 46.368 44.818 42.295 41.109 40.922 39.037 36.510 36.004 35.565 32.662 31.062 31.179 33.159 35.856 33.747 34.490 31.515 28.899 26.034 23.122 20.484 20.271 17.642 19.808 19.575 23.034 24.091 26.837 29.416 32.185 34.309 34.115 30.512 31.611 28.966 28.433 28.008 31.757 33.674 32.900 31.574 28.752 28.203 24.540 24.844 25.484 28.472 29.659 33.363 34.492 37.285 38.426 38.840 37.290 34.455 31.935 32.637 36.163 34.883 33.850 37.427 39.534 41.972 40.853 43.060 40.343 38.220 41.363 42.568 39.259 39.092 42.590 41.409 38.432 40.619 43.148 40.731 41.635 39.371 40.830 38.767 36.518 34.526 33.184 30.883 31.692 35.398 35.233 33.483 35.086 38.366 39.756 42.571 42.729 45.511 44.174 47.521 46.540 44.294 47.410 49.911 51.550 50.799 53.662 53.124
37.898 37.217 39.991 41.820 42.115 45.782 45.466 42.964 45.081 48.091 46.302 44.990 48.515 50.071 47.829 48.913 45.938 48.091 48.534 47.136 46.717 47.714 44.975 46.511 45.520 43.744 41.180 40.319 40.133 37.947 35.559 35.384 34.735 31.614 30.343 30.797 32.615 35.565 33.813 34.840 32.134 29.201 26.489 23.281 20.828 20.140 17.319 19.811 20.225 23.549 24.593 27.010 29.831 32.491 34.281 33.860 30.378 31.652 29.090 29.004 28.376 32.019 34.050 33.664 32.732 30.124 29.900 26.171 26.004 26.697 29.376 30.458 34.035 35.256 37.766 38.967 39.736 38.301 35.692 32.942 33.855 37.213 35.577 34.645 38.296 40.221 42.615 41.230 43.517 40.914 38.503 41.433 42.790 39.461 38.943 42.391 41.311 38.120 40.016 42.628 40.213 40.786 38.298 39.830 37.728 35.248 33.597 32.222 29.589 30.380 34.076 33.628 31.644 33.360 36.782 38.049 40.651 40.861 43.775 42.717 46.164 45.136 43.143 46.421 48.771 50.561 50.048 53.073 52.594
41.445 40.715 43.378 45.160 45.275 48.932 48.735 46.131 48.094 51.181 49.425 47.935 51.397 53.049 50.716 51.623 48.579 50.689 50.907 49.479 48.814 49.793 47.203 48.906 48.144 46.341 43.635 42.959 42.956 40.627 38.197 38.290 37.698 34.429 33.212 33.947 35.826 38.817 37.208 38.192 35.590 32.576 29.772 26.431 23.809 22.692 19.521 21.673 22.504 25.947 27.367 29.840 32.857 35.637 37.398 36.720 33.233 34.314 31.572 31.452 30.435 34.020 36.340 36.172 35.241 32.839 32.413 28.634 28.208 28.469 30.933 32.356 35.895 37.443 39.854 41.333 42.128 40.948 38.479 35.833 36.984 40.303 38.650 37.938 41.637 43.642 45.906 44.372 46.533 43.837 41.399 44.231 45.453 42.017 41.459 44.784 43.523 40.268 42.111 44.566 41.955 42.311 39.861 41.669 39.778 37.059 35.539 34.439 31.684 32.740 36.342 35.549 33.591 35.582 39.021 40.007 42.479 42.921 46.004 45.119 48.663 47.740 45.905 49.249 51.572 53.517 53.085 56.158 55.601
42.013 41.231 43.665 45.442 45.278 48.867 48.793 45.994 47.727 50.885 49.149 47.392 50.754 52.516 50.054 50.716 47.607 49.682 49.631 48.141 47.205 48.198 45.804 47.727 47.241 45.496 42.592 42.085 42.379 39.952 37.398 37.817 37.425 34.003 32.741 33.874 35.942 38.897 37.509 38.368 36.003 32.845 29.915 26.388 23.602 21.914 18.443 20.265 21.656 25.067 26.857 29.291 32.564 35.477 37.176 36.116 32.652 33.478 30.574 30.532 29.098 32.545 35.138 35.311 34.553 32.496 32.059 28.264 27.363 27.314 29.417 31.015 34.421 36.261 38.457 40.203 41.140 40.273 38.077 35.486 37.009 40.180 38.414 38.064 41.830 43.932 45.940 44.143 46.110 43.326 40.821 43.482 44.541 41.003 40.364 43.518 42.080 38.761 40.527 42.804 40.025 40.169 37.777 39.843 38.201 35.276 33.859 33.088 30.285 31.700 35.148 34.018 32.236 34.558 37.912 38.556 40.978 41.732 44.982 44.179 47.814 47.134 45.413 48.773 51.153 53.324 52.889 55.964 55.216
43.988 42.925 45.272 46.786 46.481 50.123 50.297 47.588 49.186 52.475 50.969 49.179 52.455 54.414 52.097 52.631 49.387 51.236 51.103 49.845 48.857 49.589 47.149 48.966 48.574 46.586 43.757 43.529 43.695 41.034 38.720 39.327 38.642 35.135 34.252 35.502 37.285 40.449 39.298 40.454 38.225 34.927 32.234 28.641 26.147 24.383 21.017 23.105 24.729 27.964 29.562 31.704 35.003 37.722 39.136 38.054 34.751 35.814 33.091 33.373 31.947 35.289 37.850 38.206 37.679 35.660 35.439 31.650 30.641 30.716 32.679 34.143 37.445 39.249 41.269 42.962 44.115 43.233 41.116 38.362 39.864 42.948 40.972 40.541 44.298 46.187 48.264 46.377 48.479 45.850 43.158 45.673 46.917 43.437 42.527 45.657 44.383 40.934 42.427 44.806 42.106 41.979 39.384 41.428 39.700 36.643 35.577 34.687 31.621 32.857 36.272 34.963 32.888 35.172 38.658 39.268 41.411 42.103 45.401 44.903 48.567 47.735 46.268 49.755 51.917 54.122 53.949 57.164 56.574
40.691 39.475 41.772 43.178 42.846 46.510 46.759 44.117 45.701 49.024 47.626 45.885 49.145 51.170 48.978 49.526 46.239 47.995 47.955 46.835 45.986 46.594 44.020 45.685 45.205 43.120 40.392 40.194 40.214 37.509 35.315 35.897 35.061 31.562 30.831 32.060 33.701 36.946 35.902 37.232 35.105 31.723 29.219 25.610 23.401 21.711 18.587 21.109 22.739 25.737 26.997 28.869 32.115 34.651 35.883 34.878 31.678 32.990 30.494 31.069 29.875 33.179 35.531 35.920 35.625 33.569 33.705 29.958 28.918 29.406 31.375 32.453 35.694 37.242 39.175 40.641 41.972 40.937 38.844 35.893 37.311 40.304 38.152 37.613 41.345 43.060 45.195 43.284 45.522 43.049 40.231 42.689 44.130 40.748 39.671 42.868 41.820 38.316 39.678 42.244 39.736 39.616 36.855 38.680 36.740 33.767 32.794 31.644 28.495 29.493 32.966 31.789 29.554 31.675 35.221 35.999 38.137 38.659 41.887 41.392 45.028 44.093 42.636 46.147 48.249 50.413 50.297 53.550 53.050
39.297 37.998 40.046 41.421 40.825 44.411 44.781 41.985 43.351 46.733 45.385 43.426 46.582 48.718 46.462 46.798 43.450 45.142 44.906 43.780 42.759 43.336 40.885 42.688 42.417 40.374 37.505 37.455 37.703 34.921 32.648 33.516 32.839 29.228 28.493 30.083 31.859 35.056 34.261 35.516 33.671 30.158 27.641 23.905 21.720 19.557 16.375 18.784 20.904 23.659 25.052 26.720 30.143 32.698 33.790 32.466 29.357 30.533 28.028 28.828 27.401 30.519 32.979 33.692 33.681 31.938 32.258 28.573 27.114 27.570 29.190 30.172 33.219 34.866 36.543 38.116 39.658 38.829 37.010 34.035 35.739 38.528 36.207 35.960 39.716 41.442 43.348 41.195 43.300 40.829 37.910 40.175 41.550 38.140 36.917 39.978 38.885 35.314 36.540 39.030 36.480 36.182 33.398 35.337 33.530 30.425 29.584 28.621 25.414 26.655 29.990 28.571 26.467 28.840 32.299 32.828 34.948 35.699 39.042 38.584 42.280 41.556 40.184 43.690 45.845 48.196 48.066 51.309 50.653
36.757 35.237 37.092 38.298 37.526 41.093 41.634 38.850 40.070 43.526 42.344 40.328 43.395 45.672 43.533 43.760 40.330 41.861 41.605 40.650 39.672 40.071 37.547 39.250 39.013 36.857 34.035 34.139 34.336 31.437 29.294 30.316 29.522 25.859 25.356 27.128 28.767 32.035 31.516 32.938 31.367 27.728 25.464 21.710 19.931 17.647 14.852 17.574 19.889 22.180 23.244 24.461 27.875 30.202 30.990 29.585 26.681 28.064 25.840 27.072 25.783 28.705 30.980 31.896 32.260 30.657 31.396 27.849 26.197 27.010 28.429 28.986 31.825 33.257 34.692 36.082 37.901 37.032 35.388 32.234 33.969 36.540 33.968 33.748 37.457 38.983 40.836 38.545 40.723 38.436 35.342 37.424 38.975 35.674 34.186 37.224 36.357 32.704 33.681 36.319 33.961 33.541 30.565 32.330 30.372 27.274 26.668 25.521 22.163 23.242 26.543 25.100 22.844 25.172 28.668 29.230 31.283 31.970 35.311 34.930 38.631 37.887 36.612 40.157 42.241 44.647 44.609 47.901 47.281
37.036 35.363 36.863 37.921 36.787 40.228 41.001 38.098 38.978 42.516 41.490 39.211 42.083 44.545 42.393 42.303 38.779 40.130 39.578 38.709 37.478 37.731 35.384 37.223 37.312 35.136 32.183 32.606 33.057 30.002 27.891 29.357 28.676 24.917 24.583 26.820 28.477 31.685 31.559 32.953 31.783 28.054 25.917 22.153 20.570 17.826 15.214 17.602 20.427 22.287 23.438 24.279 27.810 30.043 30.551 28.760 26.106 27.345 25.222 26.782 25.220 27.786 30.156 31.509 32.246 31.053 31.991 28.601 26.514 27.240 28.171 28.609 31.119 32.661 33.705 35.209 37.309 36.711 35.436 32.292 34.317 36.589 33.819 33.928 37.591 39.050 40.628 38.057 40.079 37.867 34.646 36.406 37.903 34.626 32.890 35.691 34.820 31.087 31.764 34.293 31.921 31.146 28.096 30.011 28.242 24.928 24.689 23.803 20.323 21.660 24.660 22.781 20.621 23.275 26.647 26.812 28.678 29.669 33.167 32.984 36.746 36.227 35.190 38.742 40.782 43.420 43.468 46.772 46.021
36.051 34.117 35.284 36.077 34.636 37.986 39.036 36.150 36.735 40.361 39.592 37.185 39.859 42.528 40.520 40.197 36.573 37.651 36.953 36.330 35.040 35.012 32.678 34.440 34.710 32.390 29.472 30.230 30.703 27.464 25.581 27.391 26.597 22.816 22.870 25.421 26.860 30.080 30.389 31.940 31.184 27.392 25.617 21.978 20.914 18.085 16.070 18.431 21.405 22.672 23.511 23.770 27.219 29.132 29.211 27.240 24.969 26.344 24.602 26.636 25.150 27.334 29.513 31.178 32.351 31.422 32.737 29.575 27.276 28.230 28.830 28.876 31.038 32.401 33.069 34.422 36.842 36.306 35.323 32.079 34.174 36.120 33.098 33.323 36.865 38.078 39.509 36.745 38.771 36.798 33.404 34.835 36.477 33.365 31.284 33.927 33.300 29.504 29.771 32.374 30.226 29.156 25.901 27.673 25.847 22.475 22.721 21.763 18.118 19.320 22.061 19.939 17.619 20.333 23.669 23.670 25.295 26.339 29.897 29.948 33.720 33.245 32.462 36.049 37.946 40.714 40.930 44.287 43.555
33.722 31.692 32.563 33.266 31.598 34.827 35.991 33.042 33.418 37.064 36.399 33.866 36.414 39.180 37.218 36.740 33.077 34.039 33.260 32.724 31.422 31.289 28.959 30.726 31.105 28.799 25.833 26.733 27.330 24.051 22.195 24.259 23.572 19.802 19.980 22.827 24.256 27.345 27.964 29.491 29.107 25.326 23.803 20.340 19.704 16.808 15.446 17.648 20.669 21.314 21.884 21.635 24.992 26.674 26.463 24.286 22.320 23.708 22.285 24.695 23.310 25.130 27.100 29.009 30.554 29.900 31.547 28.656 26.175 27.359 27.660 27.297 29.128 30.286 30.643 31.844 34.503 34.028 33.319 30.044 32.230 33.866 30.675 31.080 34.504 35.584 36.817 33.890 35.848 34.032 30.544 31.721 33.422 30.438 28.134 30.656 30.198 26.385 26.392 29.060 27.104 25.922 22.535 24.147 22.263 18.896 19.408 18.412 14.715 15.941 18.469 16.209 13.938 16.816 20.033 19.907 21.575 22.727 26.324 26.341 30.128 29.819 29.080 32.623 34.558 37.440 37.627 40.948 40.121
32.468 30.139 30.679 31.033 29.098 32.242 33.708 30.888 30.996 34.718 34.379 31.831 34.173 37.142 35.441 34.803 31.062 31.680 30.883 30.714 29.526 29.014 26.572 28.075 28.519 25.973 23.190 24.448 24.884 21.406 19.976 22.306 21.341 17.663 18.441 21.445 22.455 25.556 26.637 28.419 28.449 24.704 23.715 20.567 20.610 18.002 17.386 19.629 22.446 22.531 22.584 21.695 24.746 25.933 25.202 23.031 21.595 23.278 22.445 25.293 24.236 25.674 27.239 29.292 31.216 30.703 32.733 30.110 27.645 29.153 29.295 28.481 29.988 30.792 30.835 31.704 34.626 34.074 33.575 30.198 32.268 33.575 30.164 30.530 33.745 34.467 35.631 32.611 34.665 33.204 29.565 30.408 32.373 29.681 27.019 29.415 29.377 25.586 25.118 27.963 26.434 25.064 21.456 22.632 20.504 17.303 18.403 17.069 13.297 13.941 16.142 13.830 11.123 13.793 17.035 16.949 18.309 19.289 22.881 23.164 26.925 26.527 26.064 29.657 31.377 34.320 34.726 38.122 37.419
33.467 30.885 31.516 31.563 29.708 32.964 34.611 32.090 32.256 36.028 35.929 33.619 35.934 38.978 37.556 37.026 33.267 33.666 33.059 33.201 32.249 31.465 28.834 29.941 30.198 27.330 24.928 26.312 26.262 22.644 21.714 23.847 22.307 18.738 20.038 22.696 23.170 26.543 27.681 29.868 29.815 26.062 25.361 22.282 22.561 20.343 19.730 22.386 24.954 25.214 24.978 24.053 26.906 27.839 26.925 25.147 23.824 25.912 25.288 28.156 27.380 28.967 30.346 32.185 34.036 33.246 35.333 32.626 30.430 32.108 32.518 31.676 33.321 33.955 34.121 34.778 37.672 36.872 36.183 32.668 34.431 35.820 32.367 32.357 35.509 35.962 37.399 34.542 36.871 35.619 31.922 32.796 35.035 32.500 29.757 32.254 32.488 28.731 28.156 31.164 29.855 28.510 24.832 25.713 23.329 20.374 21.606 19.870 16.093 15.994 18.266 16.317 13.084 14.980 18.447 18.785 19.714 20.137 23.534 24.173 27.816 26.943 26.721 30.441 31.805 34.571 35.311 38.862 38.520
36.183 33.761 34.654 34.874 33.198 36.531 38.034 35.469 35.796 39.543 39.279 36.980 39.411 42.362 40.789 40.331 36.594 37.162 36.509 36.460 35.365 34.760 32.239 33.521 33.799 31.024 28.514 29.756 29.790 26.243 25.092 27.086 25.650 22.003 22.973 25.502 26.186 29.621 30.439 32.525 32.130 28.329 27.250 23.905 23.655 21.266 19.984 22.664 25.377 26.178 26.347 25.936 29.022 30.307 29.745 27.982 26.285 28.197 27.134 29.670 28.620 30.507 32.225 33.968 35.510 34.569 36.320 33.348 31.176 32.553 33.114 32.695 34.608 35.557 35.950 36.885 39.595 38.857 37.986 34.529 36.352 38.025 34.723 34.689 38.006 38.687 40.223 37.440 39.734 38.239 34.627 35.726 37.797 35.048 32.522 35.087 35.022 31.222 30.917 33.782 32.147 30.813 27.256 28.505 26.330 23.170 24.127 22.658 18.855 19.157 21.619 19.557 16.549 18.662 22.131 22.337 23.311 23.905 27.339 27.958 31.621 30.759 30.471 34.191 35.599 38.323 39.023 42.566 42.201
35.821 33.645 34.930 35.464 34.150 37.631 38.805 36.203 36.901 40.574 40.009 37.861 40.558 43.286 41.558 41.393 37.738 38.641 38.202 37.871 36.890 36.615 34.004 35.367 35.378 32.757 30.179 30.991 30.973 27.617 26.148 27.737 26.404 22.705 23.225 25.439 26.380 29.864 30.204 32.174 31.340 27.539 26.114 22.591 21.934 19.641 17.939 20.827 23.376 24.645 24.987 25.069 28.262 29.857 29.725 28.166 26.028 27.902 26.493 28.661 27.624 29.913 31.767 33.188 34.350 33.109 34.595 31.414 29.462 30.768 31.677 31.510 33.776 34.816 35.598 36.618 39.046 38.175 36.984 33.550 35.275 37.282 34.183 33.984 37.453 38.369 40.101 37.515 39.862 38.127 34.645 36.126 38.108 35.177 32.973 35.781 35.506 31.719 31.862 34.742 32.893 31.913 28.489 29.855 27.638 24.512 24.902 23.394 19.647 20.096 23.001 21.251 18.370 20.477 24.074 24.554 25.957 26.463 29.834 30.079 33.761 32.835 32.166 35.869 37.494 40.056 40.527 44.023 43.639
38.321 36.293 37.833 38.492 37.391 40.944 41.976 39.405 40.286 43.917 43.221 41.165 43.975 46.594 44.790 44.757 41.149 42.188 41.801 41.345 40.348 40.208 37.618 39.034 38.972 36.398 33.813 34.474 34.422 31.147 29.583 30.971 29.651 25.975 26.294 28.273 29.292 32.807 32.849 34.763 33.603 29.847 28.177 24.560 23.508 21.300 19.106 21.992 24.438 26.211 26.810 27.341 30.598 32.416 32.572 31.150 28.752 30.537 28.839 30.655 29.515 32.079 34.119 35.336 36.161 34.705 35.865 32.479 30.706 31.778 32.930 33.125 35.652 36.878 37.922 39.092 41.295 40.397 38.981 35.619 37.276 39.547 36.631 36.314 39.872 40.940 42.814 40.373 42.736 40.839 37.468 39.167 41.053 37.998 36.011 38.907 38.448 34.682 35.065 37.867 35.827 34.950 31.647 33.186 31.056 27.892 28.040 26.636 22.957 23.527 26.563 24.869 22.075 24.172 27.793 28.304 29.746 30.248 33.595 33.806 37.477 36.479 35.732 39.435 41.074 43.540 43.984 47.476 47.133
38.792 36.990 38.863 39.742 38.975 42.620 43.384 40.854 42.044 45.581 44.669 42.797 45.797 48.214 46.334 46.565 43.056 44.330 44.147 43.509 42.648 42.734 40.065 41.481 41.183 38.716 36.152 36.487 36.334 33.243 31.522 32.540 31.262 27.656 27.673 29.285 30.421 33.926 33.557 35.380 33.830 30.177 28.279 24.649 23.278 21.359 18.877 21.856 23.956 26.165 26.863 27.833 31.053 33.065 33.570 32.407 29.716 31.475 29.555 30.987 29.941 32.823 34.904 35.771 36.209 34.446 35.321 31.784 30.338 31.335 32.856 33.284 36.108 37.363 38.761 39.952 41.863 40.814 39.091 35.794 37.273 39.833 37.151 36.631 40.255 41.481 43.547 41.341 43.760 41.707 38.494 40.501 42.326 39.180 37.484 40.558 39.971 36.275 37.000 39.808 37.656 37.083 33.913 35.471 33.298 30.243 29.985 28.527 24.991 25.564 28.847 27.443 24.734 26.711 30.379 31.123 32.811 33.188 36.441 36.408 40.048 38.954 37.946 41.611 43.366 45.657 45.950 49.392 49.084
42.188 40.515 42.428 43.401 42.629 46.253 46.975 44.364 45.538 49.064 48.064 46.109 49.114 51.500 49.489 49.667 46.172 47.516 47.194 46.431 45.383 45.567 43.054 44.646 44.485 42.099 39.411 39.760 39.781 36.703 34.855 35.945 34.825 31.183 31.042 32.718 34.016 37.459 36.998 38.660 37.008 33.391 31.264 27.573 25.846 23.760 20.886 23.508 25.721 28.231 29.317 30.584 33.925 36.154 36.837 35.554 32.737 34.240 32.050 33.224 31.885 34.829 37.174 38.063 38.308 36.586 37.139 33.500 32.012 32.612 34.108 34.922 37.822 39.372 40.831 42.283 44.067 43.190 41.457 38.313 39.919 42.580 40.030 39.636 43.319 44.723 46.729 44.507 46.794 44.577 41.452 43.501 45.133 41.862 40.296 43.297 42.470 38.786 39.616 42.232 39.856 39.209 36.177 38.012 36.079 32.875 32.560 31.407 27.914 28.794 32.006 30.391 27.859 30.062 33.663 34.171 35.820 36.421 39.771 39.785 43.467 42.493 41.517 45.171 46.965 49.325 49.590 53.011 52.611
43.943 42.429 44.583 45.672 45.150 48.833 49.383 46.848 48.236 51.689 50.565 48.768 51.893 54.138 52.103 52.474 49.054 50.533 50.358 49.502 48.556 48.864 46.293 47.852 47.526 45.183 42.547 42.702 42.614 39.652 37.758 38.590 37.451 33.892 33.608 34.992 36.302 39.733 38.988 40.608 38.668 35.179 32.941 29.320 27.409 25.622 22.625 25.220 27.086 29.905 31.040 32.612 35.865 38.191 39.103 38.041 35.060 36.556 34.244 35.114 33.865 37.014 39.367 39.972 39.899 37.934 38.223 34.500 33.330 33.830 35.615 36.636 39.741 41.308 43.031 44.488 46.029 45.035 43.062 39.999 41.426 44.300 41.954 41.378 45.073 46.564 48.729 46.712 49.050 46.743 43.752 46.012 47.609 44.299 42.942 46.056 45.156 41.541 42.587 45.201 42.766 42.314 39.376 41.208 39.241 36.123 35.577 34.375 30.984 31.810 35.155 33.730 31.210 33.291 36.928 37.599 39.351 39.837 43.112 43.015 46.661 45.579 44.467 48.099 49.923 52.138 52.341 55.738 55.404
47.012 45.631 47.776 48.978 48.410 52.055 52.559 49.903 51.248 54.687 53.463 51.549 54.666 56.879 54.692 54.986 51.588 53.148 52.818 51.815 50.673 51.100 48.704 50.464 50.291 48.061 45.274 45.435 45.565 42.626 40.574 41.506 40.573 36.964 36.506 38.010 39.521 42.865 42.069 43.491 41.513 38.053 35.600 31.930 29.719 27.730 24.456 26.638 28.630 31.635 33.141 34.941 38.311 40.842 41.910 40.679 37.601 38.814 36.261 36.905 35.360 38.505 41.102 41.767 41.544 39.694 39.689 35.927 34.666 34.762 36.446 37.818 40.936 42.789 44.528 46.245 47.674 46.891 44.966 42.079 43.675 46.595 44.369 43.982 47.724 49.403 51.451 49.383 51.550 49.079 46.179 48.449 49.829 46.403 45.173 48.186 47.040 43.456 44.598 47.001 44.354 43.839 41.065 43.159 41.447 38.202 37.594 36.707 33.383 34.526 37.785 36.159 33.848 36.172 39.722 40.148 41.903 42.638 46.019 45.925 49.622 48.712 47.606 51.216 53.123 55.439 55.574 58.932 58.457
49.887 48.561 50.841 52.053 51.620 55.305 55.753 53.179 54.631 58.044 56.792 54.982 58.149 60.308 58.141 58.533 55.162 56.755 56.497 55.488 54.396 54.841 52.408 54.120 53.867 51.611 48.883 48.990 49.020 46.107 44.095 44.904 43.892 40.336 39.881 41.215 42.657 46.023 45.095 46.544 44.408 41.033 38.571 34.973 32.718 30.933 27.648 29.805 31.576 34.728 36.229 38.166 41.459 44.003 45.159 44.074 40.940 42.184 39.598 40.085 38.603 41.842 44.433 44.937 44.527 42.529 42.354 38.566 37.525 37.542 39.384 40.890 44.109 45.973 47.851 49.566 50.856 50.002 47.933 45.099 46.559 49.599 47.491 46.966 50.696 52.387 54.551 52.614 54.833 52.338 49.505 51.877 53.262 49.831 48.692 51.759 50.595 47.044 48.265 50.673 48.005 47.554 44.811 46.900 45.160 41.949 41.281 40.349 37.047 38.108 41.422 39.872 37.505 39.732 43.323 43.835 45.568 46.214 49.552 49.476 53.147 52.129 51.010 54.628 56.489 58.713 58.877 62.248 61.858
48.634 47.217 49.600 50.699 50.418 54.160 54.613 52.234 53.804 57.202 56.038 54.429 57.635 59.784 57.791 58.331 54.963 56.493 56.446 55.584 54.727 55.064 52.430 53.902 53.438 51.051 48.528 48.589 48.326 45.420 43.602 44.216 42.944 39.495 39.218 40.298 41.479 44.934 43.962 45.626 43.418 40.091 37.846 34.366 32.377 30.938 27.912 30.438 31.940 35.015 36.149 37.958 41.068 43.410 44.471 43.667 40.598 42.141 39.772 40.372 39.227 42.536 44.879 45.211 44.821 42.602 42.605 38.836 38.038 38.406 40.461 41.708 44.990 46.573 48.533 49.983 51.291 50.171 47.952 44.978 46.165 49.242 47.099 46.283 49.944 51.447 53.816 52.031 54.459 52.119 49.246 51.678 53.286 49.972 48.771 51.975 51.048 47.491 48.669 51.290 48.820 48.474 45.590 47.415 45.406 42.345 41.700 40.430 37.087 37.782 41.206 39.909 37.309 39.221 42.912 43.725 45.432 45.765 48.953 48.890 52.480 51.207 50.077 53.713 55.449 57.491 57.749 61.160 60.986
48.971 47.739 50.341 51.570 51.562 55.334 55.579 53.292 55.092 58.381 57.082 55.667 58.990 60.965 58.971 59.737 56.474 58.150 58.303 57.348 56.660 57.132 54.407 55.814 55.135 52.824 50.376 50.197 49.810 47.070 45.205 45.524 44.259 40.938 40.506 41.272 42.461 45.848 44.597 46.199 43.743 40.596 38.309 34.983 32.929 31.847 28.883 31.412 32.510 35.731 36.791 38.805 41.752 44.123 45.384 44.833 41.651 43.214 40.814 41.163 40.214 43.673 45.918 45.944 45.283 42.832 42.658 38.899 38.456 38.852 41.185 42.489 45.921 47.405 49.606 50.967 52.042 50.757 48.312 45.422 46.378 49.614 47.681 46.668 50.286 51.842 54.358 52.809 55.288 52.905 50.185 52.813 54.411 51.110 50.116 53.439 52.499 49.040 50.423 53.082 50.625 50.529 47.721 49.456 47.361 44.450 43.563 42.185 38.978 39.575 43.124 42.087 39.514 41.270 44.972 45.997 47.870 48.054 51.134 50.885 54.416 53.049 51.726 55.303 57.101 58.970 59.114 62.463 62.348
49.733 48.446 51.149 52.262 52.418 56.218 56.461 54.383 56.290 59.542 58.326 57.112 60.453 62.402 60.573 61.473 58.232 59.845 60.175 59.349 58.851 59.228 56.356 57.552 56.697 54.280 52.031 51.819 51.172 48.457 46.788 46.927 45.432 42.250 41.982 42.494 43.421 46.855 45.552 47.331 44.799 41.756 39.684 36.526 34.711 33.958 31.236 33.973 34.822 37.969 38.736 40.651 43.399 45.580 46.766 46.482 43.378 45.169 42.954 43.355 42.675 46.172 48.216 48.078 47.393 44.758 44.677 40.971 40.772 41.398 43.894 45.034 48.505 49.777 52.052 53.206 54.256 52.757 50.177 47.216 47.905 51.174 49.260 47.978 51.501 52.884 55.588 54.210 56.860 54.615 51.897 54.575 56.343 53.156 52.134 55.551 54.795 51.357 52.705 55.510 53.207 53.186 50.289 51.824 49.537 46.758 45.901 44.275 41.066 41.356 44.957 44.124 41.377 42.851 46.605 47.864 49.675 49.595 52.523 52.313 55.746 54.147 52.839 56.411 58.066 59.746 59.991 63.363 63.459
46.272 45.077 47.881 49.083 49.401 53.203 53.304 51.279 53.325 56.494 55.201 54.118 57.522 59.356 57.554 58.603 55.443 57.141 57.639 56.774 56.447 56.902 53.942 55.057 54.027 51.682 49.506 49.108 48.366 45.793 44.099 44.022 42.542 39.471 39.100 39.400 40.330 43.699 42.248 44.001 41.373 38.427 36.392 33.355 31.619 31.140 28.608 31.469 32.042 35.138 35.714 37.639 40.242 42.371 43.629 43.524 40.398 42.261 40.128 40.478 40.030 43.574 45.448 45.133 44.392 41.628 41.612 37.959 37.949 38.785 41.431 42.408 45.917 46.999 49.373 50.365 51.341 49.689 47.007 44.033 44.561 47.865 46.021 44.607 48.084 49.454 52.230 50.982 53.681 51.468 48.819 51.589 53.399 50.273 49.342 52.839 52.159 48.794 50.238 53.117 50.915 51.092 48.217 49.590 47.190 44.582 43.565 41.794 38.706 38.868 42.545 41.966 39.253 40.570 44.301 45.756 47.729 47.514 50.333 49.928 53.300 51.663 50.181 53.685 55.417 56.984 57.107 60.415 60.527
44.628 43.231 45.844 46.918 46.994 50.791 51.085 48.983 50.838 54.117 52.955 51.713 55.025 57.025 55.244 56.109 52.845 54.408 54.767 54.003 53.573 53.896 50.971 52.107 51.227 48.795 46.573 46.371 45.697 42.969 41.331 41.490 39.964 36.770 36.562 37.122 38.020 41.485 40.293 42.147 39.748 36.604 34.635 31.437 29.810 29.047 26.504 29.481 30.392 33.332 33.897 35.598 38.342 40.416 41.468 41.165 38.142 40.055 37.991 38.618 38.058 41.484 43.397 43.346 42.885 40.306 40.524 36.850 36.523 37.430 39.856 40.703 44.086 45.197 47.356 48.374 49.589 48.041 45.553 42.452 43.170 46.325 44.250 42.984 46.510 47.802 50.468 49.003 51.694 49.544 46.728 49.328 51.195 48.071 46.928 50.352 49.732 46.268 47.522 50.420 48.248 48.234 45.257 46.648 44.258 41.550 40.740 38.984 35.759 35.936 39.546 38.798 36.015 37.414 41.167 42.505 44.360 44.217 47.114 46.850 50.276 48.690 47.356 50.927 52.606 54.317 54.543 57.919 57.995
45.717 44.087 46.630 47.430 47.473 51.276 51.756 49.846 51.633 54.955 54.021 52.867 56.094 58.209 56.636 57.471 54.152 55.505 55.909 55.388 55.047 55.135 52.114 53.037 52.126 49.493 47.467 47.439 46.538 43.701 42.367 42.555 40.725 37.609 37.759 38.265 38.807 42.386 41.378 43.510 41.235 38.081 36.425 33.322 32.045 31.386 29.084 32.255 33.190 35.929 36.221 37.636 40.262 42.071 42.854 42.669 39.851 42.015 40.204 41.081 40.669 44.007 45.768 45.771 45.490 42.892 43.338 39.724 39.401 40.513 42.900 43.543 46.845 47.801 49.850 50.704 52.069 50.414 47.955 44.720 45.309 48.364 46.148 44.725 48.158 49.188 51.955 50.508 53.356 51.415 48.485 50.970 53.047 50.055 48.713 52.139 51.750 48.241 49.277 52.308 50.311 50.175 47.043 48.267 45.726 43.060 42.500 40.541 37.212 37.082 40.631 39.918 36.897 38.054 41.855 43.303 44.917 44.559 47.349 47.310 50.654 48.846 47.713 51.328 52.756 54.372 54.839 58.300 58.600
43.059 41.305 43.845 44.503 44.628 48.431 48.946 47.213 49.042 52.331 51.514 50.518 53.719 55.836 54.444 55.361 52.067 53.324 53.894 53.527 53.393 53.368 50.210 50.906 49.831 47.116 45.299 45.249 44.110 41.311 40.187 40.231 38.190 35.227 35.574 35.885 36.154 39.765 38.812 41.139 38.927 35.827 34.468 31.541 30.643 30.264 28.351 31.758 32.519 34.997 34.905 36.056 38.470 40.012 40.618 40.650 37.998 40.413 38.890 39.953 39.841 43.113 44.603 44.535 44.395 41.725 42.443 38.946 38.730 40.181 42.610 42.929 46.160 46.832 48.840 49.429 50.874 49.033 46.555 43.203 43.589 46.554 44.259 42.639 45.958 46.763 49.638 48.283 51.280 49.539 46.566 49.013 51.283 48.455 47.018 50.496 50.354 46.879 47.812 50.997 49.231 49.166 45.942 46.891 44.146 41.673 41.176 38.945 35.654 35.175 38.725 38.263 35.109 35.939 39.740 41.436 43.016 42.383 44.991 44.944 48.172 46.182 45.049 48.636 49.950 51.414 51.952 55.421 55.886
40.254 38.301 40.697 41.192 41.201 44.992 45.647 43.964 45.690 49.022 48.354 47.350 50.470 52.684 51.412 52.260 48.930 50.046 50.633 50.417 50.353 50.183 46.970 47.539 46.457 43.651 41.935 41.990 40.752 37.891 36.936 37.039 34.850 31.916 32.494 32.853 32.933 36.609 35.869 38.363 36.363 33.187 32.073 29.189 28.632 28.264 26.657 30.225 31.062 33.228 32.877 33.694 36.040 37.365 37.721 37.758 35.299 37.886 36.609 37.956 37.973 41.094 42.419 42.471 42.596 40.026 41.052 37.656 37.312 39.005 41.300 41.328 44.405 44.908 46.743 47.176 48.810 46.931 44.585 41.108 41.491 44.281 41.805 40.177 43.440 44.060 46.907 45.469 48.533 46.958 43.871 46.172 48.584 45.874 44.255 47.702 47.753 44.260 45.007 48.288 46.700 46.571 43.249 44.019 41.161 38.773 38.443 36.055 32.733 32.029 35.516 35.125 31.859 32.515 36.313 38.096 39.589 38.827 41.365 41.384 44.569 42.514 41.464 45.068 46.293 47.765 48.395 51.903 52.427
37.801 35.844 38.129 38.721 38.560 42.349 43.019 41.136 42.768 46.158 45.431 44.251 47.365 49.625 48.235 48.976 45.604 46.762 47.235 46.940 46.771 46.655 43.506 44.217 43.247 40.508 38.627 38.701 37.653 34.745 33.629 33.882 31.854 28.761 29.238 29.836 30.129 33.811 33.160 35.554 33.671 30.344 29.109 26.059 25.447 24.839 23.206 26.781 27.814 29.888 29.618 30.377 32.879 34.300 34.651 34.468 31.974 34.474 33.142 34.585 34.485 37.541 38.933 39.143 39.398 36.988 38.097 34.699 34.128 35.814 37.956 37.934 40.934 41.495 43.224 43.734 45.464 43.709 41.501 38.004 38.598 41.314 38.742 37.322 40.672 41.395 44.085 42.467 45.429 43.784 40.640 42.881 45.220 42.445 40.783 44.184 44.165 40.634 41.366 44.605 42.968 42.799 39.485 40.325 37.532 35.072 34.737 32.436 29.076 28.528 32.026 31.529 28.337 29.186 32.991 34.655 36.254 35.664 38.334 38.275 41.565 39.700 38.599 42.229 43.610 45.263 45.784 49.285 49.619
34.492 32.380 34.552 35.036 34.817 38.600 39.341 37.504 39.093 42.494 41.867 40.719 43.786 46.091 44.814 45.546 42.171 43.241 43.796 43.615 43.580 43.372 40.138 40.705 39.657 36.870 35.102 35.190 34.020 31.111 30.132 30.357 28.200 25.168 25.829 26.404 26.524 30.245 29.758 32.297 30.607 27.242 26.284 23.349 23.160 22.679 21.515 25.226 26.210 27.890 27.274 27.669 30.029 31.205 31.329 31.210 28.912 31.604 30.566 32.271 32.391 35.282 36.434 36.698 37.196 34.866 36.294 33.061 32.433 34.411 36.444 36.077 38.910 39.231 40.816 41.114 42.989 41.155 39.055 35.454 35.993 38.530 35.811 34.353 37.623 38.169 40.841 39.183 42.217 40.743 37.519 39.650 42.132 39.499 37.700 41.096 41.288 37.782 38.375 41.724 40.301 40.160 36.779 37.375 34.432 32.142 31.897 29.383 26.062 25.222 28.694 28.392 25.120 25.720 29.513 31.352 32.962 32.198 34.760 34.654 37.890 35.966 34.847 38.471 39.827 41.458 41.993 45.506 45.880
32.267 30.103 32.073 32.609 32.149 35.903 36.709 34.667 36.103 39.575 38.935 37.581 40.608 42.994 41.624 42.207 38.774 39.841 40.267 40.046 39.908 39.712 36.534 37.226 36.312 33.573 31.643 31.799 30.826 27.839 26.727 27.170 25.165 21.950 22.578 23.487 23.801 27.523 27.232 29.686 28.229 24.697 23.700 20.622 20.515 19.737 18.714 22.406 23.638 25.056 24.449 24.635 27.138 28.341 28.363 27.972 25.720 28.354 27.350 29.262 29.286 32.023 33.193 33.682 34.413 32.321 33.919 30.757 29.838 31.855 33.647 33.138 35.810 36.145 37.543 37.880 39.917 38.224 36.335 32.701 33.478 35.853 32.983 31.779 35.102 35.702 38.170 36.287 39.213 37.717 34.400 36.403 38.841 36.178 34.268 37.592 37.767 34.213 34.720 38.049 36.630 36.415 33.011 33.626 30.722 28.373 28.192 25.727 22.344 21.610 25.067 24.656 21.430 22.209 26.009 27.729 29.434 28.836 31.531 31.361 34.702 32.986 31.845 35.497 36.995 38.832 39.276 42.783 42.963
28.519 26.292 28.266 28.813 28.450 32.224 32.951 30.970 32.510 35.931 35.287 34.065 37.127 39.450 38.179 38.888 35.522 36.609 37.251 37.070 37.186 37.004 33.690 34.205 33.062 30.361 28.581 28.551 27.390 24.540 23.499 23.692 21.587 18.513 19.195 19.874 20.048 23.778 23.496 26.064 24.703 21.203 20.513 17.681 18.111 17.737 17.415 21.176 22.093 23.060 21.973 21.805 24.031 24.960 24.842 24.673 22.575 25.447 24.790 26.870 27.277 29.878 30.695 31.075 31.956 29.856 31.751 28.821 28.014 30.383 32.166 31.273 33.807 33.800 35.155 35.193 37.270 35.401 33.531 29.820 30.420 32.660 29.726 28.383 31.605 32.050 34.566 32.750 35.781 34.443 31.119 33.117 35.704 33.207 31.273 34.662 35.062 31.611 32.100 35.560 34.396 34.387 30.995 31.271 28.162 26.144 25.868 23.099 19.920 18.776 22.287 22.335 19.137 19.505 23.245 25.308 27.196 26.335 28.821 28.394 31.634 29.849 28.499 32.089 33.664 35.389 35.716 39.181 39.393
26.195 23.873 25.556 26.113 25.469 29.196 30.009 27.835 29.196 32.689 32.068 30.651 33.654 36.072 34.756 35.316 31.892 32.946 33.502 33.326 33.410 33.207 29.906 30.481 29.428 26.765 24.865 24.893 23.886 20.961 19.827 20.237 18.253 14.997 15.737 16.801 17.118 20.833 20.860 23.374 22.386 18.746 18.190 15.362 16.152 15.565 15.739 19.344 20.428 20.879 19.632 19.018 21.278 22.087 21.735 21.300 19.381 22.278 21.838 24.244 24.669 26.991 27.689 28.315 29.530 27.733 29.902 27.174 26.086 28.572 30.047 28.874 31.140 31.031 32.127 32.099 34.387 32.631 31.035 27.286 28.092 30.060 26.929 25.847 29.054 29.472 31.752 29.696 32.638 31.360 27.919 29.726 32.331 29.880 27.773 31.084 31.568 28.097 28.433 31.923 30.874 30.821 27.394 27.551 24.403 22.443 22.265 19.421 16.234 14.995 18.491 18.580 15.423 15.815 19.541 21.594 23.619 22.844 25.397 24.843 28.164 26.583 25.179 28.781 30.507 32.425 32.648 36.099 36.126
22.572 20.414 22.216 23.092 22.655 26.391 26.897 24.620 26.220 29.601 28.742 27.426 30.585 32.811 31.421 32.195 28.893 30.188 30.985 30.625 30.947 30.984 27.603 28.158 26.833 24.431 22.536 22.111 21.080 18.492 17.083 17.063 15.308 12.157 12.432 13.208 13.824 17.435 17.224 19.621 18.594 14.939 14.465 11.830 13.105 13.013 13.977 17.467 18.105 18.120 16.432 15.581 17.612 18.337 18.097 17.859 15.865 18.906 18.682 21.108 21.924 24.179 24.559 24.983 26.234 24.409 26.783 24.287 23.343 26.121 27.629 26.144 28.329 27.918 29.083 28.817 31.033 29.116 27.479 23.701 24.387 26.312 23.194 22.042 25.250 25.728 28.023 26.038 29.011 27.719 24.341 26.302 28.931 26.537 24.582 28.023 28.579 25.252 25.794 29.348 28.443 28.758 25.491 25.391 22.127 20.557 19.974 16.910 14.150 12.700 16.356 17.052 14.318 14.430 17.908 20.250 22.704 21.844 24.181 23.095 26.320 24.875 23.018 26.455 28.491 30.311 30.173 33.476 33.362
22.247 19.821 21.015 21.628 20.620 24.239 25.097 22.652 23.803 27.352 26.737 25.100 28.042 30.545 29.202 29.625 26.164 27.209 27.777 27.604 27.802 27.608 24.247 24.821 23.752 21.218 19.201 19.154 18.304 15.390 14.082 14.687 12.926 9.438 10.276 11.922 12.457 16.021 16.564 18.965 18.663 14.971 14.866 12.448 14.102 13.520 14.844 17.911 18.949 18.367 16.649 15.105 17.133 17.543 16.720 15.975 14.513 17.551 17.720 20.657 21.339 23.092 23.370 24.278 26.041 24.720 27.370 25.139 23.773 26.523 27.538 25.792 27.545 27.086 27.769 27.463 30.046 28.374 27.209 23.444 24.435 25.883 22.473 21.742 24.805 25.103 27.020 24.655 27.495 26.402 22.810 24.314 27.017 24.749 22.384 25.605 26.350 22.946 23.048 26.647 25.938 25.971 22.556 22.298 18.970 17.386 17.271 14.110 11.179 9.399 12.904 13.486 10.594 10.670 14.222 16.491 18.899 18.120 20.596 19.609 22.969 21.719 20.057 23.593 25.628 27.754 27.710 31.075 30.821
20.429 17.596 18.680 18.860 17.951 21.655 22.677 20.647 21.867 25.384 25.088 23.825 26.667 29.192 28.283 28.864 25.504 26.271 27.207 27.415 28.060 27.591 24.010 23.998 22.547 19.778 18.391 18.330 16.769 13.946 13.453 13.599 11.018 8.162 10.006 10.891 10.281 14.051 14.938 17.894 17.885 14.506 15.333 13.730 16.114 16.233 18.015 21.033 21.649 20.754 18.485 16.487 17.760 17.392 16.012 15.921 15.135 18.585 19.435 22.473 23.653 25.168 24.923 25.621 27.508 26.115 29.028 27.099 26.047 29.073 30.142 28.082 29.649 28.752 29.346 28.570 31.172 29.221 28.062 24.268 24.786 25.973 22.520 21.374 24.062 23.806 25.923 23.782 26.913 26.305 22.731 24.064 27.132 25.316 22.832 26.017 27.268 24.115 23.961 27.705 27.491 27.633 24.249 23.424 19.835 18.861 18.958 15.429 13.044 10.280 13.289 14.606 11.672 10.439 13.725 16.638 18.773 17.248 19.161 18.172 21.209 19.458 17.782 21.319 23.085 24.913 25.056 28.511 28.632
19.738 16.702 18.041 17.902 17.491 21.256 22.227 20.764 22.273 25.596 25.477 24.749 27.564 29.931 29.393 30.276 27.122 27.764 29.089 29.514 30.539 29.962 26.256 25.778 23.929 21.086 20.315 20.080 17.892 15.439 15.555 15.031 11.924 10.079 12.132 11.914 10.323 14.096 14.808 18.201 18.041 15.074 16.457 15.407 18.060 18.807 20.680 23.839 24.034 23.211 20.621 18.664 19.385 18.585 17.107 17.793 17.240 20.906 22.013 24.861 26.419 28.001 27.459 27.779 29.497 27.815 30.764 28.941 28.316 31.528 32.858 30.717 32.353 31.182 31.937 30.850 33.274 31.002 29.619 25.834 25.812 27.020 23.732 22.032 24.421 23.759 26.249 24.554 27.962 27.661 24.260 25.669 28.950 27.435 25.086 28.312 29.827 26.903 26.770 30.565 30.596 30.916 27.616 26.512 22.821 22.214 22.258 18.596 16.559 13.532 16.237 17.941 15.061 13.231 16.165 19.413 21.281 19.217 20.568 19.623 22.223 19.937 18.245 21.625 23.053 24.365 24.679 28.144 28.727
22.054 19.038 20.520 20.204 19.924 23.648 24.697 23.465 24.973 28.253 28.245 27.628 30.387 32.759 32.313 33.206 30.054 30.599 31.890 32.408 33.378 32.700 29.011 28.479 26.687 23.718 23.043 22.972 20.719 18.196 18.456 18.005 14.828 13.015 15.062 14.790 13.141 16.859 17.406 20.848 20.435 17.527 18.741 17.502 19.865 20.579 22.073 25.452 25.696 25.232 22.794 21.139 21.984 21.323 19.989 20.738 20.032 23.666 24.563 27.283 28.738 30.515 30.131 30.385 31.933 30.069 32.861 30.849 30.325 33.460 34.954 33.002 34.818 33.770 34.645 33.651 36.004 33.696 32.160 28.366 28.252 29.640 26.448 24.596 26.993 26.303 28.943 27.391 30.846 30.531 27.172 28.639 31.913 30.355 28.038 31.273 32.734 29.749 29.622 33.405 33.337 33.551 30.175 29.210 25.553 24.747 24.882 21.294 19.008 16.142 18.888 20.301 17.160 15.488 18.577 21.707 23.307 21.189 22.561 21.964 24.511 22.008 20.610 24.004 25.129 26.299 26.880 30.392 31.201
23.123 20.507 22.329 22.557 22.344 26.134 26.906 25.285 26.930 30.251 29.854 29.008 31.991 34.275 33.428 34.336 31.114 32.001 33.102 33.242 33.929 33.553 29.970 29.899 28.284 25.506 24.313 24.091 22.299 19.708 19.261 18.930 16.269 13.826 15.133 15.148 14.423 18.210 18.242 21.315 20.407 17.172 17.613 15.744 17.536 18.029 19.085 22.640 22.988 22.965 20.886 19.764 21.121 21.116 20.365 20.813 19.438 22.862 23.179 25.657 26.837 28.965 28.972 29.191 30.465 28.449 30.957 28.623 28.054 31.009 32.661 31.027 33.140 32.412 33.536 32.887 35.101 32.893 31.165 27.359 27.481 29.257 26.163 24.453 27.247 27.081 29.722 28.086 31.403 30.626 27.282 29.070 32.079 30.117 28.009 31.395 32.428 29.267 29.486 33.186 32.692 32.943 29.580 29.057 25.553 24.332 24.153 20.781 18.185 15.923 19.159 20.190 17.057 16.190 19.602 22.405 24.316 22.719 24.563 23.846 26.714 24.574 23.011 26.466 27.930 29.323 29.646 33.094 33.583
26.725 23.991 25.691 25.604 25.231 28.964 30.015 28.542 29.976 33.364 33.202 32.310 35.141 37.580 36.838 37.582 34.271 34.928 35.855 36.187 36.713 36.108 32.579 32.469 31.060 28.053 26.919 27.075 25.273 22.431 22.244 22.246 19.419 16.926 18.544 18.804 17.894 21.699 21.922 25.068 24.185 20.964 21.308 19.240 20.699 20.867 21.413 25.075 25.714 26.007 24.213 23.257 24.804 24.871 24.038 24.339 23.003 26.352 26.516 28.998 29.918 32.111 32.338 32.698 33.946 31.923 34.289 31.772 31.118 33.884 35.538 34.122 36.309 35.788 36.869 36.377 38.652 36.540 34.826 31.022 31.215 33.033 29.924 28.248 31.030 30.792 33.433 31.763 35.072 34.329 30.930 32.597 35.612 33.620 31.383 34.676 35.686 32.411 32.456 36.126 35.549 35.515 32.019 31.658 28.224 26.731 26.873 23.633 20.728 18.597 21.699 22.292 18.849 18.131 21.682 24.269 25.758 24.157 26.101 25.886 28.768 26.457 25.343 28.901 30.014 31.428 32.123 35.686 36.359
29.819 27.291 29.179 29.261 28.948 32.697 33.666 32.095 33.573 36.974 36.678 35.702 38.606 41.018 40.107 40.836 37.486 38.260 39.040 39.222 39.536 39.034 35.602 35.721 34.460 31.492 30.140 30.319 28.730 25.827 25.381 25.493 22.876 20.162 21.459 21.845 21.292 25.090 25.049 28.009 26.805 23.512 23.373 20.941 21.798 21.725 21.630 25.394 26.180 27.000 25.619 25.160 27.031 27.505 27.015 27.168 25.466 28.608 28.327 30.554 31.182 33.653 34.227 34.559 35.541 33.378 35.419 32.612 31.970 34.476 36.284 35.243 37.683 37.470 38.735 38.529 40.677 38.651 36.778 33.018 33.322 35.421 32.438 30.810 33.777 33.803 36.485 34.828 38.061 37.064 33.709 35.544 38.389 36.160 34.055 37.394 38.121 34.734 34.952 38.526 37.642 37.532 34.036 34.031 30.758 28.932 28.979 25.985 22.854 21.193 24.450 24.658 21.195 20.992 24.678 26.973 28.444 27.137 29.323 29.229 32.241 30.032 28.983 32.578 33.718 35.196 35.895 39.456 40.065
33.250 30.641 32.323 32.263 31.643 35.331 36.546 34.885 36.088 39.606 39.446 38.240 41.011 43.608 42.655 43.123 39.646 40.261 40.743 41.009 41.038 40.382 37.092 37.346 36.411 33.320 31.833 32.371 30.987 27.828 27.420 27.968 25.394 22.472 23.910 24.733 24.261 28.087 28.286 31.199 30.131 26.710 26.397 23.705 24.264 23.692 23.153 26.839 28.058 29.059 28.037 27.653 29.811 30.436 29.873 29.677 27.985 30.961 30.497 32.790 33.046 35.487 36.344 36.953 38.007 36.003 37.931 34.979 34.067 36.307 37.952 37.130 39.553 39.621 40.749 40.790 43.064 41.264 39.532 35.788 36.359 38.431 35.361 33.972 37.016 37.100 39.631 37.767 40.888 39.832 36.377 38.054 40.817 38.485 36.231 39.433 40.044 36.520 36.568 40.045 39.011 38.571 34.986 35.235 32.131 29.980 30.327 27.578 24.181 22.806 25.914 25.605 22.018 22.173 25.923 27.835 28.987 27.925 30.342 30.643 33.767 31.645 30.956 34.652 35.637 37.326 38.243 41.887 42.458
36.114 33.434 35.140 34.873 34.335 37.984 39.293 37.866 39.062 42.542 42.535 41.470 44.170 46.787 45.994 46.488 43.028 43.506 44.033 44.454 44.537 43.740 40.430 40.520 39.555 36.347 35.063 35.700 34.136 30.978 30.819 31.311 28.547 25.809 27.423 28.077 27.334 31.151 31.364 34.412 33.301 30.000 29.816 27.236 27.805 27.352 26.718 30.424 31.581 32.704 31.664 31.322 33.377 33.895 33.269 33.233 31.623 34.669 34.250 36.500 36.792 39.274 40.112 40.653 41.640 39.530 41.404 38.418 37.633 39.850 41.589 40.832 43.310 43.367 44.533 44.534 46.778 44.906 43.096 39.349 39.771 41.876 38.847 37.297 40.251 40.188 42.838 41.098 44.309 43.358 39.922 41.581 44.425 42.168 39.891 43.083 43.777 40.268 40.247 43.742 42.759 42.257 38.640 38.851 35.726 33.600 34.058 31.281 27.888 26.403 29.404 29.094 25.433 25.418 29.106 31.043 31.934 30.711 32.975 33.508 36.491 34.155 33.671 37.338 38.049 39.570 40.716 44.390 45.195
37.517 35.108 37.067 37.127 36.743 40.464 41.534 39.934 41.304 44.765 44.484 43.370 46.239 48.732 47.705 48.288 44.842 45.579 46.067 46.216 46.175 45.629 42.382 42.726 41.776 38.726 37.195 37.637 36.273 33.181 32.644 33.062 30.565 27.652 28.832 29.474 29.134 32.933 32.795 35.612 34.169 30.836 30.224 27.421 27.505 26.965 25.884 29.569 30.713 32.253 31.537 31.650 33.912 34.803 34.567 34.467 32.485 35.330 34.525 36.463 36.574 39.307 40.397 40.818 41.508 39.260 40.818 37.636 36.931 38.922 40.829 40.394 43.101 43.386 44.782 45.007 47.055 45.229 43.245 39.580 40.070 42.443 39.585 38.068 41.198 41.444 44.136 42.443 45.572 44.339 41.000 42.898 45.552 43.071 41.021 44.306 44.709 41.161 41.430 44.831 43.564 43.158 39.634 40.129 37.136 34.828 34.999 32.414 28.978 27.881 31.103 30.666 27.148 27.518 31.290 33.094 34.234 33.282 35.736 36.079 39.199 37.035 36.335 40.008 40.961 42.535 43.465 47.088 47.727
40.769 38.457 40.424 40.585 40.107 43.825 44.902 43.151 44.455 47.965 47.610 46.333 49.211 51.738 50.555 51.031 47.532 48.319 48.610 48.651 48.375 47.886 44.777 45.340 44.590 41.578 39.842 40.370 39.239 36.064 35.346 35.954 33.637 30.547 31.562 32.426 32.339 36.131 35.949 38.608 37.085 33.673 32.755 29.726 29.406 28.549 27.004 30.542 31.921 33.763 33.436 33.821 36.334 37.497 37.422 37.094 34.938 37.560 36.454 38.244 38.034 40.857 42.245 42.764 43.335 41.132 42.443 39.097 38.271 39.949 41.824 41.707 44.505 45.086 46.514 47.011 49.018 47.368 45.389 41.799 42.488 44.971 42.161 40.817 44.074 44.522 47.132 45.342 48.349 46.930 43.598 45.524 48.013 45.359 43.359 46.596 46.766 43.142 43.471 46.735 45.229 44.685 41.199 41.997 39.205 36.640 36.816 34.506 30.956 30.233 33.450 32.676 29.238 29.991 33.786 35.288 36.379 35.725 38.385 38.829 42.069 40.066 39.442 43.158 44.163 45.886 46.810 50.445 50.960
43.322 41.134 43.285 43.510 43.235 46.978 47.935 46.272 47.727 51.174 50.746 49.596 52.548 54.977 53.789 54.398 50.949 51.820 52.200 52.183 51.955 51.542 48.408 48.955 48.106 45.121 43.426 43.834 42.631 39.544 38.795 39.230 36.907 33.894 34.794 35.447 35.361 39.124 38.726 41.355 39.610 36.314 35.314 32.336 31.854 31.166 29.468 32.978 34.173 36.257 35.999 36.622 39.085 40.325 40.421 40.251 37.970 40.570 39.351 40.921 40.738 43.717 45.144 45.477 45.815 43.432 44.542 41.127 40.518 42.106 44.176 44.230 47.183 47.805 49.418 49.941 51.779 50.049 47.891 44.359 44.910 47.556 44.901 43.412 46.667 47.164 49.908 48.283 51.332 49.851 46.616 48.692 51.155 48.464 46.608 49.920 50.024 46.431 46.907 50.161 48.584 48.139 44.705 45.550 42.760 40.208 40.240 37.938 34.437 33.742 37.036 36.337 32.932 33.656 37.456 39.021 40.154 39.455 42.059 42.458 45.656 43.572 42.881 46.566 47.554 49.145 50.054 53.665 54.259
45.454 43.444 45.663 46.101 45.802 49.562 50.418 48.560 50.031 53.495 52.891 51.601 54.621 57.009 55.610 56.181 52.721 53.744 53.984 53.766 53.343 53.095 50.089 50.889 50.170 47.304 45.375 45.736 44.783 41.694 40.670 41.193 39.120 35.948 36.564 37.365 37.610 41.333 40.795 43.199 41.319 37.976 36.630 33.467 32.566 31.643 29.539 32.849 34.171 36.553 36.674 37.619 40.295 41.841 42.183 41.824 39.318 41.661 40.120 41.462 41.001 44.088 45.787 46.144 46.299 43.943 44.766 41.216 40.543 41.814 43.887 44.267 47.327 48.224 49.925 50.710 52.435 50.865 48.681 45.266 45.995 48.776 46.230 44.910 48.299 49.060 51.722 50.036 52.940 51.227 48.054 50.223 52.478 49.603 47.886 51.179 51.011 47.388 48.025 51.128 49.297 48.830 45.501 46.633 44.043 41.302 41.199 39.167 35.642 35.327 38.673 37.754 34.511 35.592 39.402 40.738 41.980 41.575 44.371 44.705 48.032 46.151 45.385 49.088 50.250 51.980 52.755 56.339 56.744
48.722 46.748 49.046 49.456 49.253 53.017 53.854 52.086 53.613 57.049 56.455 55.245 58.279 60.638 59.273 59.898 56.455 57.474 57.749 57.547 57.142 56.884 53.867 54.628 53.874 50.980 49.108 49.460 48.438 45.368 44.394 44.850 42.722 39.609 40.238 40.929 41.107 44.824 44.208 46.632 44.652 41.390 40.043 36.937 35.979 35.150 32.976 36.235 37.462 39.970 40.128 41.179 43.810 45.364 45.757 45.492 42.958 45.305 43.724 44.957 44.501 47.655 49.379 49.644 49.672 47.221 47.916 44.338 43.794 44.984 47.153 47.651 50.786 51.716 53.506 54.308 55.946 54.336 52.057 48.681 49.319 52.180 49.716 48.302 51.666 52.417 55.164 53.576 56.516 54.796 51.669 53.895 56.154 53.275 51.610 54.928 54.743 51.133 51.808 54.904 53.044 52.586 49.273 50.429 47.843 45.099 44.980 42.951 39.436 39.102 42.452 41.545 38.284 39.318 43.127 44.484 45.664 45.211 47.962 48.353 51.638 49.672 48.943 52.636 53.718 55.361 56.197 59.785 60.283
51.690 49.854 52.221 52.769 52.584 56.358 57.114 55.242 56.799 60.232 59.517 58.240 61.323 63.638 62.135 62.753 59.317 60.444 60.636 60.295 59.763 59.624 56.698 57.619 56.940 54.127 52.117 52.427 51.554 48.498 47.355 47.843 45.872 42.681 43.122 43.870 44.247 47.925 47.191 49.460 47.362 44.108 42.536 39.345 38.096 37.151 34.708 37.769 39.034 41.767 42.198 43.497 46.242 48.001 48.579 48.219 45.533 47.694 45.887 46.913 46.270 49.505 51.417 51.663 51.516 49.064 49.503 45.846 45.309 46.232 48.423 49.194 52.414 53.547 55.424 56.414 57.931 56.428 54.106 50.843 51.571 54.542 52.194 50.871 54.309 55.239 57.950 56.357 59.200 57.319 54.262 56.567 58.675 55.673 54.133 57.438 57.055 53.443 54.247 57.224 55.182 54.719 51.502 52.860 50.422 47.563 47.340 45.504 41.998 41.909 45.283 44.244 41.102 42.347 46.152 47.364 48.604 48.332 51.190 51.546 54.901 53.049 52.274 55.972 57.151 58.860 59.617 63.186 63.579
54.914 52.963 55.201 55.621 55.270 59.014 59.934 58.052 59.450 62.950 62.356 60.974 63.962 66.399 64.920 65.385 61.879 62.876 62.917 62.670 62.005 61.738 58.895 59.839 59.324 56.429 54.405 54.919 54.101 50.922 49.867 50.554 48.541 45.296 45.881 46.805 47.126 50.847 50.286 52.608 50.636 47.308 45.764 42.506 41.264 40.125 37.608 40.593 42.070 44.776 45.299 46.520 49.352 51.096 51.555 51.055 48.447 50.581 48.772 49.898 49.103 52.254 54.261 54.677 54.633 52.300 52.753 49.076 48.376 49.191 51.234 52.066 55.213 56.457 58.207 59.289 60.912 59.523 57.312 54.034 54.881 57.785 55.344 54.121 57.572 58.462 61.106 59.396 62.211 60.355 57.221 59.403 61.509 58.498 56.837 60.050 59.658 55.992 56.651 59.575 57.505 56.840 53.589 55.035 52.683 49.711 49.688 47.951 44.358 44.325 47.576 46.331 43.157 44.482 48.262 49.301 50.326 50.142 53.051 53.628 56.994 55.161 54.594 58.331 59.387 61.181 62.089 65.710 66.121
