47.943 49.847 51.081 54.396 54.401 56.000 54.234 50.824 52.159 53.252 49.935 47.982 50.439 50.017 46.242 46.774 46.098 49.507 48.962 45.302 43.922 47.341 47.424 50.597 50.687 52.083 48.913 46.826 49.379 49.644 45.879 45.805 48.768 47.243 43.679 44.600 48.402 48.131 46.323 43.593 42.258 41.813 38.569 37.901 35.138 34.113 33.479 29.822 29.235 29.522 32.518 35.019 36.332 39.528 42.569 40.778 38.352 35.143 32.183 29.002 26.938 27.029 29.182 28.768 26.510 28.004 24.989 25.561 24.822 21.497 20.522 22.889 22.901 25.523 27.027 29.970 27.876 29.904 29.868 31.853 34.398 35.559 36.927 39.376 41.350 45.071 44.192 42.972 41.452 37.794 38.602 40.531 37.956 35.240 37.759 38.414 34.783 34.877 38.162 36.916 33.919 35.993 37.717 39.998 41.395 40.605 37.389 39.695 40.882 43.973 45.016 44.649 46.690 49.215 49.606 48.946 52.285 54.391 56.686 54.029 56.488 58.216 55.456 56.612 60.299 62.534 59.968 60.835 58.016
45.258 47.173 48.222 51.508 51.444 52.896 51.128 47.718 48.948 49.946 46.642 44.657 47.007 46.536 42.756 43.227 42.656 46.059 45.505 41.811 40.469 43.946 44.121 47.281 47.395 48.933 45.820 43.698 46.336 46.745 43.017 42.951 46.046 44.680 41.110 42.054 45.843 45.393 43.712 40.876 39.773 39.432 36.343 35.864 33.344 32.353 32.064 28.338 27.732 27.567 30.395 32.620 33.767 36.818 39.755 37.906 35.690 32.338 29.574 26.461 24.474 24.173 26.138 25.836 23.808 25.674 22.931 23.837 22.908 19.759 18.335 20.332 19.898 22.402 23.672 26.593 24.505 26.752 27.033 29.145 31.790 32.668 34.032 36.670 38.510 42.181 41.103 39.817 38.135 34.533 35.434 37.205 34.504 31.901 34.484 34.968 31.327 31.624 34.890 33.508 30.635 32.833 34.732 36.871 38.367 37.790 34.563 36.953 38.387 41.449 42.280 42.017 44.245 46.667 46.843 46.149 49.486 51.586 53.755 51.029 53.370 55.207 52.445 53.461 57.165 59.383 56.760 57.526 54.628
46.836 48.770 49.564 52.791 52.596 53.819 52.074 48.670 49.685 50.524 47.268 45.209 47.308 46.748 42.972 43.246 42.886 46.209 45.493 41.760 40.312 43.848 44.341 47.558 47.848 49.601 46.531 44.473 47.292 47.843 44.180 44.230 47.479 46.261 42.738 43.781 47.537 46.894 45.402 42.452 41.637 41.411 38.499 38.167 35.860 34.804 34.702 30.928 30.462 29.962 32.660 34.573 35.571 38.424 41.188 39.217 37.297 33.784 31.266 28.331 26.347 25.532 27.302 27.251 25.571 27.828 25.367 26.566 25.466 22.461 20.587 22.257 21.208 23.563 24.304 27.197 25.148 27.761 28.516 30.821 33.526 34.008 35.406 38.273 39.883 43.468 42.078 40.732 38.745 35.286 36.362 37.806 34.855 32.503 35.122 35.196 31.515 32.148 35.239 33.474 30.751 32.879 35.127 37.222 39.030 38.633 35.541 38.161 39.819 42.927 43.445 43.142 45.610 48.012 47.920 47.027 50.261 52.486 54.550 51.822 54.012 56.067 53.384 54.204 57.907 60.146 57.466 58.058 55.002
46.031 47.924 48.437 51.570 51.224 52.230 50.544 47.145 47.938 48.654 45.478 43.330 45.196 44.603 40.846 40.922 40.718 43.951 43.106 39.361 37.851 41.421 42.163 45.401 45.837 47.773 44.766 42.771 45.742 46.430 42.856 43.016 46.401 45.351 41.897 43.041 46.737 45.908 44.648 41.622 41.142 40.999 38.308 38.134 36.113 35.012 35.198 31.417 31.074 30.140 32.640 34.167 35.007 37.631 40.173 38.077 36.481 32.836 30.612 27.919 25.981 24.631 26.164 26.408 25.176 27.848 25.808 27.268 25.922 23.164 20.813 22.039 20.364 22.525 22.717 25.560 23.665 26.621 27.867 30.256 33.061 33.131 34.460 37.558 38.972 42.430 40.751 39.285 37.052 33.749 34.919 36.029 32.893 30.769 33.370 33.080 29.401 30.330 33.242 31.172 28.635 30.745 33.284 35.259 37.309 37.133 34.169 36.962 38.867 41.968 42.163 41.876 44.576 46.901 46.528 45.486 48.627 50.922 52.852 50.114 52.146 54.390 51.787 52.423 56.109 58.364 55.652 56.105 52.921
48.777 50.656 50.964 54.017 53.546 54.362 52.729 49.354 49.939 50.530 47.438 45.228 46.842 46.198 42.488 42.352 42.325 45.426 44.401 40.677 39.041 42.600 43.652 46.929 47.557 49.645 46.683 44.801 47.911 48.676 45.187 45.477 48.943 47.985 44.612 45.855 49.498 48.553 47.461 44.391 44.126 44.040 41.480 41.366 39.468 38.286 38.521 34.737 34.540 33.470 35.901 37.219 37.985 40.450 42.824 40.631 39.269 35.560 33.522 31.016 29.060 27.412 28.820 29.277 28.313 31.167 29.300 30.861 29.421 26.725 24.185 25.274 23.280 25.313 25.077 27.838 26.062 29.225 30.784 33.248 36.061 35.855 37.175 40.404 41.642 44.996 43.088 41.577 39.122 35.993 37.265 38.072 34.778 32.900 35.447 34.794 31.145 32.314 34.986 32.592 30.216 32.143 34.941 36.900 39.220 39.146 36.373 39.341 41.356 44.493 44.438 44.065 46.923 49.253 48.682 47.443 50.445 52.865 54.720 52.032 53.937 56.364 53.870 54.353 58.004 60.287 57.559 57.872 54.563
48.761 50.608 50.640 53.581 52.981 53.553 51.972 48.650 49.008 49.434 46.447 44.194 45.530 44.822 41.185 40.850 41.033 44.001 42.860 39.166 37.502 41.059 42.385 45.635 46.401 48.682 45.834 44.022 47.247 48.168 44.813 45.188 48.757 47.994 44.720 46.021 49.565 48.426 47.555 44.430 44.482 44.506 42.189 42.247 40.634 39.456 39.951 36.216 36.094 34.672 36.872 37.825 38.402 40.599 42.735 40.474 39.458 35.685 33.981 31.735 29.903 27.818 28.922 29.609 29.055 32.190 30.699 32.474 30.905 28.481 25.666 26.333 23.875 25.605 24.849 27.418 25.819 29.203 31.183 33.705 36.523 35.923 37.192 40.582 41.583 44.769 42.586 41.010 38.318 35.420 36.806 37.253 33.808 32.247 34.748 33.702 30.152 31.647 34.069 31.376 29.295 31.162 34.230 36.005 38.545 38.722 36.123 39.204 41.446 44.522 44.146 43.811 46.870 49.085 48.229 46.859 49.735 52.197 53.882 51.196 52.904 55.510 53.108 53.376 56.985 59.251 56.493 56.633 53.209
51.679 53.407 53.259 56.074 55.287 55.747 54.316 50.984 51.107 51.526 48.688 46.304 47.417 46.797 43.222 42.609 42.821 45.593 44.201 40.596 38.717 42.166 43.777 47.092 48.113 50.434 47.580 45.981 49.336 50.207 46.936 47.530 51.109 50.330 47.183 48.665 52.153 51.023 50.356 47.288 47.518 47.460 45.209 45.185 43.616 42.254 42.682 38.951 39.077 37.630 39.863 40.670 41.324 43.439 45.387 42.967 42.106 38.329 36.705 34.687 32.707 30.468 31.627 32.605 32.306 35.539 34.186 35.867 34.106 31.636 28.657 29.379 26.776 28.566 27.477 30.074 28.756 32.268 34.435 36.855 39.761 39.016 40.130 43.616 44.582 47.657 45.342 43.626 40.842 38.089 39.393 39.568 36.091 34.651 36.949 35.629 32.122 33.652 35.778 32.851 30.839 32.368 35.577 37.432 40.218 40.359 38.015 41.268 43.492 46.642 46.067 45.541 48.692 50.979 50.002 48.393 51.086 53.711 55.396 52.847 54.498 57.259 55.032 55.241 58.775 61.131 58.446 58.544 55.035
52.360 54.034 53.627 56.308 55.390 55.612 54.258 50.999 50.888 51.152 48.455 46.041 46.857 46.197 42.740 41.911 42.320 44.908 43.388 39.871 37.963 41.347 43.236 46.497 47.668 50.150 47.427 45.935 49.376 50.373 47.262 47.949 51.587 50.985 47.965 49.502 52.870 51.580 51.131 48.048 48.564 48.592 46.570 46.682 45.364 44.004 44.634 40.976 41.174 39.462 41.488 41.976 42.472 44.331 46.036 43.567 43.028 39.246 37.931 36.172 34.309 31.750 32.643 33.815 33.867 37.280 36.241 38.061 36.210 33.970 30.822 31.221 28.310 29.826 28.314 30.685 29.577 33.203 35.691 38.113 40.994 39.918 40.958 44.549 45.300 48.188 45.642 43.873 40.905 38.412 39.786 39.610 36.051 34.934 37.125 35.442 32.102 33.895 35.720 32.544 30.860 32.256 35.668 37.332 40.305 40.667 38.539 41.863 44.256 47.327 46.454 45.948 49.255 51.429 50.190 48.451 50.983 53.644 55.160 52.647 54.096 57.021 54.914 54.918 58.378 60.716 58.028 57.960 54.359
54.811 56.509 55.928 58.529 57.564 57.572 56.225 53.069 52.806 52.880 50.276 47.911 48.473 47.699 44.374 43.429 44.073 46.513 44.933 41.508 39.635 42.950 45.065 48.240 49.497 52.130 49.550 48.111 51.585 52.717 49.741 50.445 54.126 53.684 50.742 52.262 55.539 54.097 53.761 50.634 51.320 51.475 49.614 49.860 48.692 47.382 48.129 44.510 44.697 42.856 44.742 45.056 45.396 47.064 48.628 46.188 45.874 42.100 41.002 39.354 37.618 34.901 35.577 36.774 36.965 40.446 39.530 41.488 39.678 37.563 34.390 34.610 31.567 32.854 31.146 33.282 32.208 35.847 38.507 41.008 43.790 42.487 43.575 47.198 47.731 50.486 47.763 46.050 42.919 40.653 42.164 41.750 38.123 37.309 39.474 37.525 34.362 36.385 37.995 34.655 33.266 34.572 38.111 39.603 42.689 43.232 41.255 44.595 47.110 50.104 49.027 48.560 51.967 54.040 52.607 50.791 53.191 55.860 57.219 54.727 55.981 59.027 57.002 56.806 60.204 62.480 59.763 59.506 55.837
55.909 57.814 57.286 59.981 59.206 59.120 57.575 54.533 54.402 54.264 51.551 49.401 49.959 48.917 45.643 44.913 45.801 48.337 46.972 43.506 41.886 45.285 47.337 50.381 51.446 54.206 51.753 50.117 53.497 54.825 51.858 52.332 56.060 55.774 52.739 54.037 57.314 55.708 55.216 51.950 52.568 52.963 51.149 51.600 50.468 49.390 50.246 46.620 46.540 44.679 46.453 46.822 46.937 48.540 50.215 47.985 47.687 43.902 42.880 41.042 39.545 36.873 37.327 38.203 38.187 41.596 40.559 42.748 41.227 39.197 36.207 36.298 33.317 34.361 32.842 34.736 33.323 36.836 39.440 42.192 44.750 43.394 44.774 48.315 48.647 51.422 48.655 47.205 43.973 41.764 43.562 43.229 39.524 38.888 41.294 39.370 36.291 38.519 40.269 36.978 35.748 37.312 40.864 42.170 45.140 45.860 43.733 46.945 49.580 52.464 51.429 51.173 54.582 56.526 55.056 53.403 55.890 58.424 59.657 57.026 58.165 61.172 59.018 58.684 62.123 64.236 61.379 60.952 57.289
56.891 58.741 57.981 60.537 59.657 59.343 57.870 54.931 54.590 54.292 51.733 49.593 49.862 48.773 45.659 44.750 45.833 48.169 46.719 43.385 41.788 45.079 47.357 50.301 51.479 54.371 52.075 50.539 53.956 55.401 52.607 53.145 56.898 56.782 53.878 55.203 58.348 56.602 56.304 53.046 53.911 54.386 52.786 53.358 52.447 51.384 52.407 48.860 48.831 46.765 48.354 48.453 48.426 49.789 51.237 48.997 48.984 45.233 44.485 42.873 41.491 38.597 38.824 39.838 40.106 43.626 42.854 45.136 43.553 41.717 38.618 38.461 35.282 36.093 34.269 35.932 34.712 38.254 41.090 43.812 46.319 44.689 45.997 49.591 49.721 52.299 49.346 47.876 44.512 42.575 44.424 43.784 40.058 39.732 42.019 39.803 36.938 39.367 40.835 37.390 36.484 37.925 41.589 42.692 45.774 46.694 44.768 47.995 50.759 53.543 52.255 52.035 55.554 57.371 55.675 53.934 56.259 58.791 59.847 57.262 58.191 61.325 59.291 58.755 62.102 64.168 61.319 60.723 57.002
55.624 57.320 56.342 58.734 57.685 57.234 55.913 53.010 52.444 52.121 49.740 47.512 47.560 46.567 43.560 42.413 43.535 45.670 44.079 40.869 39.209 42.381 44.841 47.742 49.074 52.012 49.801 48.421 51.893 53.356 50.711 51.388 55.131 55.103 52.358 53.788 56.808 55.017 54.955 51.779 52.890 53.325 51.907 52.505 51.798 50.673 51.831 48.384 48.494 46.233 47.672 47.491 47.425 48.595 49.791 47.462 47.694 43.995 43.476 42.161 40.812 37.707 37.799 39.066 39.692 43.332 42.882 45.145 43.386 41.735 38.478 38.108 34.734 35.407 33.237 34.777 33.895 37.500 40.556 43.116 45.673 43.833 44.926 48.590 48.648 51.040 47.967 46.349 42.939 41.208 42.952 42.020 38.333 38.188 40.261 37.804 35.104 37.615 38.786 35.219 34.550 35.815 39.548 40.512 43.704 44.744 43.042 46.303 49.136 51.848 50.334 50.090 53.690 55.424 53.554 51.702 53.871 56.427 57.375 54.874 55.678 58.915 57.026 56.390 59.643 61.738 58.961 58.319 54.559
56.660 58.312 57.113 59.357 58.234 57.543 56.281 53.520 52.761 52.252 50.040 47.869 47.620 46.558 43.757 42.464 43.804 45.720 44.090 41.053 39.482 42.509 45.161 47.906 49.312 52.375 50.364 49.071 52.533 54.129 51.684 52.386 56.128 56.293 53.688 55.102 57.967 56.029 56.142 52.983 54.322 54.860 53.671 54.408 53.926 52.857 54.186 50.840 50.958 48.518 49.750 49.318 49.084 50.000 50.974 48.685 49.198 45.573 45.335 44.227 43.036 39.770 39.613 40.952 41.813 45.506 45.296 47.652 45.887 44.444 41.146 40.535 37.036 37.450 35.058 36.316 35.597 39.154 42.380 44.908 47.362 45.273 46.313 49.981 49.818 51.994 48.761 47.167 43.655 42.226 44.029 42.812 39.150 39.339 41.292 38.585 36.161 38.855 39.747 36.096 35.791 36.956 40.740 41.451 44.693 45.950 44.442 47.658 50.609 53.177 51.433 51.264 54.941 56.511 54.424 52.527 54.530 57.039 57.779 55.319 55.886 59.221 57.449 56.594 59.733 61.745 58.977 58.146 54.354
54.296 55.945 54.597 56.756 55.645 54.776 53.495 50.866 50.032 49.346 47.211 45.147 44.725 43.547 40.891 39.588 41.138 42.968 41.443 38.489 37.131 40.123 42.804 45.371 46.702 49.887 48.072 46.734 50.131 51.902 49.612 50.226 53.972 54.353 51.831 53.139 55.868 53.766 53.974 50.810 52.327 53.009 52.052 52.985 52.756 51.839 53.409 50.196 50.218 47.565 48.522 47.848 47.388 48.049 48.859 46.683 47.440 43.896 43.957 43.008 42.077 38.672 38.185 39.502 40.570 44.289 44.349 46.837 45.130 43.990 40.711 39.756 36.152 36.211 33.660 34.572 33.952 37.415 40.783 43.291 45.601 43.281 44.306 47.945 47.566 49.558 46.209 44.681 41.092 39.915 41.813 40.405 36.766 37.263 39.190 36.329 34.165 37.074 37.824 34.179 34.239 35.511 39.306 39.693 42.862 44.391 42.943 46.025 49.132 51.504 49.613 49.643 53.364 54.715 52.459 50.659 52.622 54.984 55.514 52.994 53.361 56.713 54.944 53.902 56.992 58.882 56.068 55.083 51.289
52.637 54.071 52.565 54.560 53.247 52.344 51.271 48.614 47.568 46.986 45.036 42.805 42.241 41.285 38.685 37.107 38.545 40.177 38.451 35.620 34.107 36.958 39.788 42.374 43.897 47.041 45.233 44.102 47.563 49.246 47.068 47.878 51.573 51.943 49.586 51.056 53.685 51.643 52.082 49.061 50.761 51.296 50.447 51.299 51.197 50.155 51.765 48.659 48.875 46.122 47.008 46.124 45.738 46.293 46.873 44.555 45.470 42.004 42.197 41.548 40.564 37.041 36.546 38.157 39.545 43.324 43.647 45.994 44.075 43.048 39.647 38.600 34.901 34.951 32.122 33.023 32.810 36.313 39.804 42.056 44.479 42.075 42.800 46.493 46.175 48.023 44.647 42.891 39.358 38.302 39.963 38.323 34.789 35.328 36.963 33.941 31.897 34.746 35.198 31.481 31.680 32.705 36.503 36.836 40.103 41.647 40.435 43.559 46.646 48.989 46.933 46.866 50.620 51.953 49.602 47.670 49.481 51.902 52.411 50.015 50.352 53.780 52.172 51.137 54.139 56.129 53.441 52.527 48.713
53.094 54.468 53.123 55.198 53.829 53.178 52.173 49.321 48.349 48.047 46.018 43.601 43.278 42.538 39.728 38.128 39.233 40.978 39.102 36.151 34.342 37.252 40.021 42.853 44.480 47.444 45.370 44.313 47.867 49.306 46.940 47.893 51.574 51.667 49.236 50.872 53.653 51.839 52.210 49.237 50.763 51.073 49.969 50.567 50.210 48.960 50.321 47.098 47.475 44.919 46.094 45.429 45.339 46.179 46.907 44.410 45.057 41.509 41.378 40.631 39.333 35.923 35.811 37.545 38.804 42.584 42.701 44.849 42.782 41.467 37.993 37.282 33.654 34.110 31.371 32.698 32.498 36.140 39.509 41.691 44.337 42.192 42.833 46.582 46.569 48.618 45.396 43.478 40.072 38.704 40.166 38.728 35.191 35.323 36.927 34.083 31.713 34.278 34.872 31.140 30.896 31.778 35.571 36.291 39.651 40.868 39.606 42.896 45.799 48.372 46.474 46.163 49.870 51.461 49.313 47.261 49.132 51.730 52.512 50.191 50.805 54.203 52.596 51.829 54.897 57.071 54.465 53.801 49.997
50.440 51.778 50.579 52.739 51.382 50.948 49.946 46.949 46.101 46.012 43.874 41.349 41.283 40.680 37.680 36.147 36.997 38.916 37.040 33.936 32.011 35.051 37.651 40.638 42.227 45.064 42.804 41.705 45.287 46.588 44.067 45.046 48.721 48.649 46.138 47.834 50.721 49.049 49.341 46.398 47.798 47.970 46.720 47.186 46.710 45.384 46.657 43.398 43.823 41.339 42.633 42.081 42.146 43.161 44.003 41.422 41.883 38.291 37.982 37.183 35.752 32.400 32.469 34.267 35.485 39.259 39.323 41.350 39.197 37.802 34.296 33.689 30.092 30.733 28.042 29.607 29.446 33.156 36.445 38.545 41.327 39.355 39.918 43.691 43.895 46.083 42.996 40.969 37.679 36.071 37.392 36.136 32.606 32.440 34.061 31.396 28.793 31.188 31.961 28.276 27.739 28.689 32.460 33.374 36.713 37.765 36.374 39.716 42.537 45.218 43.473 43.096 46.757 48.471 46.484 44.459 46.469 49.107 50.069 47.718 48.549 51.866 50.177 49.619 52.779 55.054 52.468 52.013 48.240
49.424 50.912 49.979 52.348 51.177 50.960 49.786 46.698 46.140 46.144 43.764 41.299 41.570 40.897 37.702 36.469 37.203 39.428 37.744 34.430 32.578 35.822 38.128 41.201 42.577 45.333 42.925 41.611 45.141 46.400 43.659 44.478 48.179 47.977 45.257 46.854 49.913 48.317 48.337 45.304 46.426 46.602 45.126 45.547 44.847 43.572 44.728 41.343 41.628 39.306 40.773 40.518 40.655 41.920 43.066 40.550 40.703 37.013 36.424 35.296 33.800 30.627 30.868 32.438 33.314 37.025 36.796 38.835 36.798 35.219 31.802 31.383 27.916 28.739 26.377 28.165 27.655 31.383 34.477 36.728 39.533 37.800 38.557 42.295 42.644 45.077 42.143 40.219 36.997 35.075 36.474 35.591 31.994 31.530 33.425 31.082 28.195 30.482 31.685 28.154 27.253 28.504 32.205 33.309 36.501 37.401 35.684 39.003 41.760 44.543 43.088 42.754 46.324 48.146 46.389 44.523 46.776 49.374 50.495 48.018 49.049 52.219 50.326 49.938 53.240 55.507 52.840 52.500 48.779
48.937 50.338 49.595 52.027 50.828 50.888 49.785 46.532 46.084 46.381 43.941 41.331 41.875 41.429 38.072 36.870 37.240 39.570 37.815 34.427 32.359 35.622 37.754 41.015 42.425 44.953 42.303 41.047 44.604 45.601 42.686 43.615 47.254 46.768 43.987 45.723 48.911 47.570 47.510 44.569 45.492 45.420 43.695 43.842 42.887 41.414 42.312 38.838 39.283 37.186 38.937 38.919 39.371 40.926 42.217 39.559 39.411 35.695 34.760 33.542 31.729 28.745 29.414 31.089 31.823 35.468 35.050 36.825 34.633 32.778 29.317 29.267 25.951 27.227 25.041 27.269 26.814 30.586 33.470 35.571 38.579 37.161 37.789 41.523 42.204 44.808 42.091 40.023 37.013 34.795 35.937 35.307 31.805 30.896 32.721 30.667 27.501 29.401 30.781 27.375 25.987 27.133 30.713 32.197 35.374 35.920 34.121 37.538 40.069 43.048 41.812 41.265 44.730 46.786 45.280 43.366 45.703 48.414 49.802 47.395 48.708 51.784 49.879 49.779 53.127 55.545 52.974 52.902 49.244
48.200 49.769 49.306 51.939 50.959 51.214 49.925 46.628 46.486 46.837 44.173 41.682 42.541 41.994 38.502 37.632 37.926 40.530 39.014 35.476 33.562 36.975 38.789 42.063 43.220 45.667 42.928 41.442 44.892 45.871 42.772 43.493 47.128 46.543 43.561 45.143 48.479 47.202 46.845 43.819 44.438 44.402 42.461 42.586 41.405 40.034 40.815 37.229 37.474 35.575 37.483 37.798 38.290 40.084 41.691 39.161 38.697 34.926 33.712 32.120 30.290 27.570 28.393 29.740 30.048 33.566 32.802 34.598 32.592 30.549 27.253 27.418 24.326 25.771 24.046 26.439 25.567 29.264 31.875 34.140 37.112 35.966 36.823 40.466 41.268 44.099 41.560 39.654 36.740 34.245 35.486 35.255 31.739 30.568 32.674 30.989 27.630 29.404 31.215 28.054 26.373 27.846 31.268 32.868 35.818 36.238 34.107 37.423 39.876 42.905 41.983 41.527 44.862 46.980 45.708 44.002 46.568 49.186 50.689 48.156 49.627 52.531 50.422 50.462 53.926 56.293 53.639 53.651 50.070
47.869 49.357 49.111 51.804 50.831 51.366 50.134 46.709 46.704 47.328 44.614 42.031 43.163 42.819 39.212 38.416 38.367 41.061 39.529 35.961 33.909 37.299 38.886 42.287 43.430 45.630 42.685 41.241 44.663 45.381 42.126 42.916 46.454 45.587 42.548 44.229 47.678 46.669 46.201 43.288 43.669 43.391 41.191 41.033 39.568 38.019 38.505 34.838 35.218 33.611 35.821 36.425 37.238 39.330 41.098 38.479 37.681 33.931 32.342 30.626 28.483 26.068 27.350 28.730 28.822 32.192 31.191 32.676 30.551 28.194 24.923 25.544 22.735 24.668 23.257 26.053 25.212 28.845 31.151 33.237 36.368 35.588 36.327 39.905 41.038 44.025 41.743 39.739 37.082 34.318 35.297 35.358 31.999 30.397 32.426 31.097 27.535 28.870 30.872 27.946 25.803 27.190 30.382 32.330 35.175 35.229 32.997 36.340 38.526 41.720 41.067 40.428 43.604 45.935 44.950 43.249 45.901 48.585 50.338 47.875 49.614 52.384 50.255 50.579 54.072 56.555 54.001 54.266 50.779
46.095 47.712 47.737 50.596 49.840 50.568 49.176 45.733 46.027 46.715 43.818 41.367 42.804 42.394 38.698 38.228 38.083 41.009 39.741 36.077 34.224 37.712 38.947 42.308 43.177 45.271 42.278 40.615 43.886 44.586 41.188 41.755 45.254 44.310 41.104 42.611 46.167 45.228 44.485 41.528 41.617 41.365 38.984 38.815 37.166 35.755 36.169 32.441 32.588 31.158 33.475 34.382 35.221 37.518 39.567 37.105 36.011 32.265 30.435 28.379 26.273 24.171 25.572 26.604 26.285 29.481 28.179 29.657 27.725 25.242 22.180 22.976 20.464 22.531 21.643 24.540 23.349 26.812 28.792 30.965 34.040 33.551 34.462 37.907 39.172 42.341 40.275 38.422 35.924 32.924 33.944 34.399 31.109 29.259 31.510 30.585 26.921 28.092 30.483 27.882 25.533 27.252 30.208 32.182 34.728 34.695 32.151 35.315 37.420 40.598 40.259 39.758 42.775 45.110 44.353 42.904 45.770 48.307 50.139 47.556 49.426 51.997 49.677 50.137 53.718 56.131 53.518 53.879 50.503
47.675 49.204 49.427 52.311 51.549 52.515 51.200 47.671 48.057 48.976 46.078 43.558 45.181 44.952 41.208 40.763 40.341 43.276 41.955 38.328 36.333 39.727 40.812 44.266 45.166 47.021 43.864 42.298 45.526 45.960 42.457 43.115 46.479 45.253 42.037 43.645 47.278 46.617 45.781 42.966 42.813 42.318 39.683 39.196 37.223 35.612 35.626 31.835 32.154 31.145 33.799 35.036 36.213 38.785 40.964 38.436 37.024 33.363 31.161 29.002 26.573 24.904 26.777 27.809 27.230 30.165 28.559 29.641 27.637 24.760 21.853 23.264 21.218 23.762 23.239 26.423 25.288 28.584 30.200 32.167 35.336 35.224 36.025 39.351 40.911 44.190 42.372 40.459 38.205 35.028 35.799 36.488 33.383 31.207 33.320 32.694 28.939 29.677 32.145 29.768 27.066 28.570 31.257 33.560 36.011 35.593 33.039 36.205 37.979 41.309 41.229 40.502 43.327 45.882 45.410 43.931 46.812 49.431 51.496 49.034 51.131 53.587 51.297 52.008 55.578 58.097 55.599 56.172 52.883
45.884 47.469 47.962 50.963 50.379 51.562 50.151 46.610 47.262 48.294 45.277 42.865 44.775 44.555 40.765 40.593 40.015 43.111 42.014 38.360 36.530 39.944 40.678 44.078 44.740 46.432 43.229 41.513 44.569 44.922 41.309 41.791 45.058 43.715 40.385 41.854 45.562 45.036 43.960 41.181 40.731 40.188 37.366 36.795 34.615 33.096 32.976 29.159 29.298 28.548 31.338 32.895 34.169 36.953 39.367 36.981 35.260 31.679 29.214 26.780 24.346 23.111 25.168 25.892 24.918 27.578 25.677 26.604 24.756 21.710 19.088 20.799 19.227 21.957 22.002 25.262 23.923 26.940 28.143 30.055 33.174 33.414 34.284 37.429 39.176 42.593 41.045 39.240 37.227 33.854 34.554 35.619 32.683 30.244 32.454 32.256 28.475 28.946 31.712 29.714 26.830 28.550 30.921 33.256 35.383 34.826 32.031 34.984 36.601 39.903 40.150 39.518 42.138 44.705 44.490 43.249 46.298 48.772 50.931 48.404 50.646 52.886 50.455 51.334 54.951 57.421 54.921 55.629 52.479
47.099 48.667 49.417 52.477 51.992 53.404 51.987 48.423 49.252 50.446 47.386 45.016 47.137 47.001 43.196 43.164 42.393 45.541 44.520 40.902 39.081 42.423 42.932 46.332 46.902 48.379 45.089 43.373 46.296 46.457 42.763 43.202 46.310 44.751 41.388 42.823 46.583 46.292 45.035 42.376 41.617 40.921 37.868 37.057 34.561 32.992 32.495 28.682 28.823 28.565 31.611 33.549 35.057 38.081 40.675 38.360 36.312 32.882 30.098 27.489 24.920 24.248 26.611 27.130 25.783 28.036 25.767 26.319 24.608 21.249 19.072 21.333 20.409 23.391 23.929 27.269 25.862 28.570 29.317 31.071 34.140 34.785 35.647 38.577 40.556 44.078 42.815 41.071 39.313 35.797 36.344 37.702 34.967 32.289 34.448 34.596 30.815 30.943 33.833 32.136 29.046 30.696 32.744 35.250 37.155 36.312 33.447 36.252 37.560 40.903 41.470 40.748 43.116 45.808 45.895 44.755 47.860 50.304 52.632 50.164 52.587 54.649 52.184 53.276 56.888 59.379 56.950 57.826 54.800
45.846 47.456 48.483 51.633 51.336 52.954 51.455 47.916 49.001 50.294 47.150 44.916 47.289 47.162 43.361 43.588 42.681 45.941 45.142 41.547 39.904 43.218 43.395 46.702 47.039 48.340 45.044 43.204 45.917 45.993 42.235 42.488 45.453 43.788 40.351 41.618 45.412 45.270 43.773 41.190 40.115 39.371 36.147 35.243 32.532 31.095 30.420 26.656 26.576 26.680 29.832 32.111 33.706 36.911 39.715 37.587 35.243 31.977 28.969 26.122 23.628 23.504 25.982 26.146 24.385 26.214 23.624 23.928 22.478 18.983 17.350 19.923 19.655 22.692 23.810 27.091 25.530 27.844 28.104 29.742 32.681 33.709 34.628 37.302 39.453 43.071 42.108 40.502 39.016 35.370 35.832 37.542 35.026 32.155 34.357 34.914 31.199 31.068 34.172 32.864 29.689 31.492 33.198 35.681 37.238 36.273 33.228 35.755 36.869 40.128 41.029 40.412 42.532 45.205 45.555 44.666 47.899 50.175 52.573 50.066 52.608 54.439 51.855 53.105 56.732 59.156 56.743 57.745 54.879
42.512 43.995 44.964 48.057 47.681 49.337 47.925 44.349 45.396 46.788 43.704 41.397 43.809 43.814 40.018 40.207 39.160 42.397 41.605 38.048 36.412 39.682 39.754 43.052 43.382 44.612 41.293 39.485 42.196 42.218 38.458 38.767 41.720 40.033 36.621 37.970 41.755 41.655 40.258 37.744 36.766 35.908 32.716 31.767 29.140 27.612 27.071 23.272 23.297 23.203 26.352 28.515 30.193 33.397 36.120 33.905 31.572 28.306 25.284 22.554 19.942 19.776 22.371 22.720 21.171 23.122 20.801 21.005 19.221 15.753 13.786 16.370 16.063 19.267 20.356 23.743 22.445 24.760 25.068 26.482 29.583 30.592 31.283 34.013 36.264 39.829 38.893 37.139 35.755 32.099 32.367 34.068 31.667 28.678 30.752 31.405 27.704 27.409 30.522 29.352 26.121 27.953 29.543 32.009 33.487 32.507 29.437 31.951 33.076 36.336 37.224 36.625 38.757 41.408 41.752 40.888 44.145 46.389 48.790 46.289 48.861 50.666 48.101 49.400 53.011 55.469 53.110 54.192 51.360
41.223 42.439 43.220 46.147 45.514 47.179 46.005 42.343 43.170 44.728 41.819 39.287 41.613 41.880 38.098 38.021 36.765 39.849 38.841 35.368 33.509 36.662 36.803 40.202 40.743 41.877 38.461 36.884 39.719 39.571 35.841 36.442 39.375 37.580 34.308 35.958 39.700 39.712 38.603 36.248 35.515 34.408 31.292 30.153 27.639 25.759 25.224 21.410 21.931 21.623 24.824 26.712 28.619 31.773 34.242 31.744 29.521 26.251 23.243 20.930 17.954 17.549 20.422 21.352 20.362 22.548 20.740 20.700 18.317 14.922 12.320 14.939 14.328 17.835 18.482 22.107 21.392 23.878 24.440 25.483 28.854 29.721 29.989 32.868 35.236 38.659 37.666 35.599 34.274 30.687 30.626 32.106 29.808 26.714 28.445 29.014 25.287 24.750 27.660 26.465 23.077 24.632 26.176 28.823 30.432 29.292 26.398 29.106 30.163 33.556 34.304 33.485 35.687 38.455 38.756 37.695 40.854 43.238 45.720 43.355 45.991 47.876 45.471 46.848 50.393 53.001 50.783 51.977 49.123
39.636 40.833 41.323 44.174 43.404 44.844 43.705 40.040 40.660 42.093 39.239 36.616 38.740 38.973 35.188 34.934 33.814 36.851 35.741 32.216 30.310 33.549 33.909 37.341 37.998 39.343 35.986 34.423 37.427 37.463 33.803 34.487 37.602 36.027 32.796 34.524 38.213 37.985 37.105 34.639 34.272 33.297 30.449 29.565 27.445 25.606 25.544 21.769 22.316 21.370 24.245 25.643 27.314 30.203 32.448 29.820 27.966 24.505 21.856 19.807 16.945 15.767 18.358 19.648 19.191 21.884 20.584 20.958 18.376 15.464 12.245 14.065 12.531 15.856 15.855 19.518 19.017 21.875 22.973 24.118 27.598 28.015 28.212 31.354 33.508 36.807 35.517 33.322 31.750 28.296 28.325 29.479 26.984 24.073 25.813 26.028 22.245 22.011 24.809 23.297 20.037 21.687 23.593 26.096 27.966 27.123 24.291 27.210 28.630 32.000 32.377 31.642 34.146 36.789 36.753 35.567 38.680 41.113 43.432 41.002 43.472 45.552 43.188 44.362 47.919 50.532 48.253 49.304 46.319
37.327 38.279 38.827 41.586 40.730 42.370 41.398 37.678 38.313 40.010 37.267 34.552 36.826 37.341 33.599 33.328 31.857 34.829 33.730 30.338 28.402 31.467 31.549 34.977 35.614 36.684 33.227 31.782 34.703 34.484 30.792 31.602 34.560 32.778 29.619 31.506 35.180 35.205 34.407 32.186 31.791 30.508 27.598 26.435 24.268 22.182 22.028 18.294 19.166 18.254 21.252 22.645 24.645 27.641 29.804 27.056 25.036 21.741 18.891 17.112 13.909 13.019 16.064 17.659 17.459 19.964 18.987 18.866 15.869 13.040 9.620 11.681 10.527 14.195 14.312 18.094 18.129 20.688 21.561 22.147 25.770 26.395 26.173 29.212 31.643 34.862 33.806 31.423 30.196 26.720 26.296 27.559 25.431 22.232 23.609 24.170 20.480 19.674 22.460 21.378 17.888 19.395 20.845 23.495 25.121 23.992 21.149 23.990 25.163 28.594 29.145 28.299 30.649 33.384 33.547 32.412 35.561 37.963 40.423 38.087 40.731 42.668 40.353 41.753 45.255 47.951 45.829 47.111 44.263
35.840 37.038 37.904 40.873 40.356 42.118 40.882 37.241 38.247 39.866 36.911 34.482 37.018 37.317 33.564 33.725 32.340 35.539 34.833 31.392 29.855 32.999 32.744 35.973 36.216 37.264 33.916 32.133 34.790 34.700 30.933 31.315 34.229 32.509 29.135 30.634 34.396 34.387 33.193 30.856 30.084 28.973 25.879 24.853 22.483 20.800 20.691 16.886 17.112 16.416 19.478 21.327 23.187 26.378 28.921 26.539 24.209 20.972 17.912 15.493 12.603 12.375 15.292 16.102 15.159 17.335 15.862 15.788 13.168 10.074 7.050 9.510 9.190 12.821 13.916 17.472 16.920 19.066 19.417 20.181 23.614 24.598 24.714 27.518 30.003 33.415 32.591 30.525 29.446 25.793 25.565 27.294 25.249 21.969 23.713 24.695 21.106 20.338 23.518 22.813 19.499 21.476 22.677 25.017 26.195 25.210 22.016 24.415 25.588 28.802 29.702 29.221 31.356 33.911 34.256 33.528 36.875 38.984 41.371 38.852 41.492 43.197 40.636 42.055 45.633 48.139 45.893 47.157 44.438
35.288 36.792 37.539 40.625 40.252 41.746 40.264 36.710 37.746 39.023 35.910 33.643 36.060 36.001 32.208 32.502 31.526 34.866 34.309 30.706 29.397 32.774 32.681 35.822 35.940 37.344 34.182 32.136 34.840 35.165 31.449 31.572 34.724 33.389 29.900 31.127 34.882 34.455 33.183 30.506 29.874 29.227 26.360 25.877 23.847 22.633 23.047 19.330 19.019 17.817 20.401 21.992 23.267 26.209 28.815 26.624 24.598 21.120 18.487 15.822 13.596 12.684 14.829 15.272 14.220 16.846 15.353 16.190 14.073 11.520 8.596 9.807 8.564 11.585 12.564 15.910 14.758 17.228 17.950 19.382 22.660 23.264 23.845 26.820 28.915 32.385 31.262 29.416 27.956 24.329 24.639 26.278 23.849 20.890 23.125 23.811 20.175 20.090 23.409 22.382 19.432 21.858 23.505 25.452 26.759 26.305 22.993 25.388 27.050 30.069 30.707 30.574 32.955 35.234 35.250 34.607 37.998 40.001 42.111 39.371 41.743 43.576 40.878 41.975 45.643 47.980 45.501 46.471 43.623
34.470 36.060 36.489 39.531 39.086 40.267 38.728 35.222 36.071 37.089 33.975 31.696 33.863 33.621 29.815 29.998 29.334 32.675 32.089 28.387 27.147 30.678 30.850 33.965 34.141 35.868 32.851 30.733 33.594 34.235 30.635 30.740 34.115 33.121 29.670 30.864 34.531 33.741 32.665 29.784 29.554 29.202 26.702 26.626 25.080 24.049 24.955 21.385 21.006 19.189 21.260 22.275 23.098 25.645 28.029 25.812 24.276 20.595 18.535 16.143 14.364 12.500 13.910 14.558 14.090 17.288 16.357 17.815 15.782 13.945 10.827 10.800 8.303 10.537 10.652 13.849 12.635 15.661 17.127 18.909 22.159 22.141 22.838 26.100 27.807 31.152 29.626 27.759 25.898 22.436 23.074 24.336 21.551 18.953 21.399 21.601 17.926 18.464 21.693 20.249 17.653 20.332 22.437 24.056 25.627 25.644 22.405 24.943 27.063 29.959 30.170 30.227 32.920 34.985 34.594 33.871 37.205 39.205 41.064 38.208 40.321 42.369 39.673 40.463 44.160 46.434 43.821 44.544 41.530
37.219 38.938 39.191 42.215 41.744 42.671 41.070 37.639 38.334 39.095 35.984 33.740 35.627 35.165 31.384 31.438 31.128 34.404 33.697 29.938 28.636 32.259 32.803 35.937 36.251 38.237 35.321 33.229 36.214 37.048 33.549 33.680 37.169 36.354 32.952 34.120 37.724 36.720 35.719 32.695 32.630 32.503 30.158 30.260 28.817 27.837 28.753 25.168 24.790 22.966 24.930 25.804 26.393 28.720 30.997 28.808 27.553 23.809 22.027 19.716 18.092 15.984 17.038 17.657 17.238 20.519 19.495 21.248 19.451 17.571 14.562 14.542 11.889 13.625 13.243 16.099 14.627 17.922 19.738 21.903 24.964 24.608 25.570 28.924 30.296 33.578 31.756 30.008 27.778 24.513 25.522 26.467 23.358 21.198 23.777 23.478 19.819 20.880 23.876 21.941 19.611 22.188 24.719 26.268 28.169 28.388 25.327 28.029 30.316 33.204 33.154 33.189 36.059 38.085 37.460 36.572 39.788 41.886 43.615 40.746 42.668 44.911 42.268 42.820 46.514 48.745 46.033 46.518 43.349
36.851 38.778 38.848 41.888 41.522 42.143 40.360 37.089 37.749 38.144 34.974 32.928 34.599 33.786 30.075 30.223 30.369 33.673 33.127 29.326 28.317 32.048 32.743 35.695 35.891 38.189 35.532 33.264 36.229 37.437 34.093 34.012 37.635 37.199 33.807 34.739 38.226 36.850 35.869 32.630 32.785 33.063 31.042 31.586 30.506 29.866 31.162 27.728 27.069 24.912 26.414 26.959 27.028 28.976 31.151 29.183 28.311 24.540 23.274 21.034 19.996 17.548 17.810 18.160 17.905 21.339 20.574 22.859 21.418 20.045 17.226 16.504 13.564 14.318 13.602 15.742 13.891 17.304 19.535 22.122 24.873 24.037 25.335 28.748 29.650 32.822 30.691 29.177 26.589 23.564 25.071 25.783 22.397 20.788 23.666 23.011 19.571 21.287 24.187 22.034 20.287 23.119 25.898 26.981 28.915 29.619 26.593 29.179 31.813 34.451 34.145 34.489 37.512 39.246 38.318 37.524 40.709 42.663 44.090 41.067 42.685 45.026 42.312 42.529 46.241 48.282 45.388 45.564 42.303
39.438 41.404 41.243 44.191 43.747 44.094 42.316 39.144 39.589 39.741 36.660 34.634 35.966 34.988 31.382 31.335 31.813 34.963 34.280 30.509 29.454 33.187 34.248 37.173 37.530 40.055 37.530 35.345 38.416 39.787 36.589 36.581 40.280 40.021 36.732 37.686 41.068 39.504 38.681 35.378 35.763 36.194 34.367 35.039 34.108 33.462 34.810 31.390 30.808 28.572 29.963 30.299 30.204 31.902 33.878 31.903 31.339 27.562 26.568 24.521 23.545 20.879 20.925 21.400 21.357 24.842 24.173 26.581 25.182 23.832 20.962 20.212 17.127 17.656 16.506 18.322 16.573 20.055 22.571 25.284 27.888 26.715 28.095 31.572 32.165 35.172 32.760 31.308 28.424 25.708 27.441 27.766 24.188 23.039 25.877 24.742 21.453 23.556 26.128 23.582 22.166 24.818 27.910 28.873 31.084 31.983 29.181 31.894 34.671 37.277 36.688 37.009 40.195 41.865 40.689 39.730 42.760 44.792 46.065 43.063 44.466 46.999 44.385 44.357 48.022 50.021 47.070 47.011 43.615
40.096 42.327 42.179 45.208 44.997 45.163 43.141 40.167 40.741 40.566 37.381 35.675 36.925 35.568 32.086 32.307 33.172 36.376 35.966 32.215 31.515 35.279 36.313 39.012 39.139 41.845 39.554 37.157 40.077 41.730 38.631 38.326 42.058 42.060 38.725 39.367 42.676 40.859 39.879 36.406 36.765 37.564 35.896 36.895 36.105 35.799 37.325 33.984 33.063 30.776 31.910 32.226 31.749 33.247 35.291 33.644 33.204 29.492 28.731 26.531 25.987 23.402 23.015 23.006 22.731 26.070 25.327 28.095 27.146 26.029 23.487 22.486 19.564 19.563 18.660 19.886 17.656 20.845 23.322 26.399 28.595 27.252 29.057 32.392 32.615 35.585 33.067 32.007 28.952 26.422 28.601 28.954 25.297 24.552 27.660 26.486 23.475 25.898 28.498 26.016 24.971 27.818 30.904 31.554 33.617 34.791 31.921 34.416 37.342 39.736 39.132 39.729 42.908 44.359 43.083 42.316 45.375 47.221 48.279 45.136 46.327 48.823 46.087 45.830 49.507 51.275 48.154 47.839 44.454
43.058 45.348 45.052 48.016 47.792 47.737 45.689 42.840 43.280 42.879 39.770 38.149 39.131 37.604 34.268 34.388 35.539 38.603 38.135 34.455 33.773 37.496 38.778 41.406 41.617 44.487 42.331 39.983 42.934 44.723 41.745 41.453 45.221 45.365 42.098 42.715 45.937 43.975 43.074 39.555 40.044 40.983 39.448 40.550 39.843 39.561 41.112 37.770 36.864 34.557 35.626 35.843 35.241 36.568 38.491 36.890 36.645 32.953 32.353 30.237 29.737 27.067 26.570 26.588 26.381 29.699 28.967 31.811 30.934 29.807 27.263 26.283 23.320 23.229 22.156 23.179 21.007 24.133 26.705 29.862 31.903 30.364 32.262 35.581 35.555 38.385 35.692 34.755 31.519 29.258 31.608 31.718 27.985 27.584 30.653 29.190 26.350 28.990 31.364 28.671 27.867 30.572 33.826 34.380 36.595 37.902 35.178 37.725 40.736 43.090 42.311 42.912 46.185 47.574 46.131 45.275 48.218 50.093 51.016 47.886 48.892 51.508 48.838 48.376 52.001 53.692 50.519 49.986 46.526
44.964 47.455 47.210 50.231 50.202 50.032 47.803 45.123 45.677 45.042 41.873 40.513 41.442 39.645 36.444 36.770 38.172 41.252 40.975 37.337 36.881 40.597 41.848 44.318 44.368 47.333 45.335 42.852 45.675 47.633 44.716 44.217 47.979 48.276 44.971 45.364 48.538 46.428 45.383 41.767 42.177 43.366 41.905 43.197 42.526 42.465 44.071 40.761 39.629 37.369 38.324 38.601 37.784 39.012 41.010 39.653 39.437 35.810 35.295 33.037 32.765 30.223 29.549 29.236 28.793 31.924 31.052 34.079 33.532 32.483 30.188 29.164 26.383 26.080 25.248 25.979 23.523 26.358 28.771 32.136 33.860 32.290 34.489 37.643 37.371 40.167 37.458 36.850 33.557 31.440 34.060 34.233 30.512 30.339 33.555 32.121 29.461 32.223 34.629 32.008 31.367 34.163 37.391 37.802 39.911 41.343 38.563 40.971 44.036 46.271 45.525 46.284 49.528 50.797 49.324 48.598 51.562 53.318 54.114 50.900 51.771 54.341 51.590 50.981 54.602 56.113 52.828 52.108 48.685
47.454 49.936 49.486 52.393 52.300 51.891 49.689 47.135 47.505 46.663 43.623 42.317 42.948 41.034 38.008 38.186 39.840 42.737 42.392 38.864 38.433 42.069 43.559 45.938 46.087 49.205 47.357 44.954 47.813 49.898 47.133 46.681 50.471 50.925 47.726 48.130 51.189 48.935 48.041 44.416 45.030 46.319 45.037 46.428 45.906 45.843 47.531 44.252 43.182 40.814 41.659 41.745 40.811 41.829 43.636 42.287 42.317 38.717 38.415 36.330 36.105 33.399 32.585 32.396 32.164 35.350 34.636 37.709 37.126 36.147 33.766 32.654 29.736 29.313 28.212 28.761 26.484 29.320 31.908 35.259 36.893 35.083 37.259 40.431 39.930 42.531 39.635 39.075 35.627 33.807 36.519 36.396 32.638 32.793 35.910 34.180 31.713 34.673 36.821 34.017 33.646 36.304 39.672 39.943 42.189 43.780 41.175 43.628 46.797 48.969 48.006 48.777 52.125 53.306 51.634 50.814 53.639 55.410 56.046 52.862 53.529 56.225 53.571 52.749 56.290 57.731 54.423 53.491 50.003
50.675 53.265 52.918 55.885 55.894 55.496 53.211 50.705 51.162 50.265 47.182 45.974 46.631 44.632 41.644 41.911 43.606 46.522 46.214 42.689 42.266 45.903 47.386 49.758 49.869 52.985 51.138 48.695 51.514 53.607 50.807 50.290 54.067 54.499 51.243 51.574 54.667 52.416 51.396 47.734 48.204 49.556 48.192 49.580 48.934 48.916 50.497 47.160 46.008 43.800 44.739 45.002 44.076 45.174 47.100 45.831 45.749 42.152 41.729 39.478 39.225 36.676 35.963 35.617 35.132 38.174 37.208 40.289 39.871 38.749 36.508 35.587 32.838 32.526 31.644 32.251 29.803 32.521 34.909 38.358 39.886 38.209 40.542 43.614 43.091 45.747 42.922 42.516 39.100 37.252 40.034 40.030 36.292 36.409 39.591 37.944 35.449 38.356 40.576 37.794 37.332 39.975 43.334 43.688 45.923 47.448 44.788 47.237 50.354 52.560 51.685 52.443 55.756 56.978 55.368 54.567 57.417 59.195 59.853 56.656 57.330 59.999 57.308 56.482 60.031 61.420 58.077 57.097 53.636
50.153 52.938 52.736 55.799 56.066 55.663 53.170 50.811 51.497 50.454 47.256 46.329 47.098 44.878 41.971 42.567 44.384 47.415 47.403 43.882 43.749 47.413 48.674 50.879 50.713 53.840 52.120 49.471 52.093 54.322 51.541 50.746 54.482 55.039 51.715 51.770 54.826 52.474 51.241 47.508 47.828 49.409 48.105 49.688 49.092 49.355 51.034 47.787 46.346 44.170 44.943 45.284 44.140 45.173 47.229 46.249 46.120 42.622 42.261 39.849 39.891 37.520 36.605 35.871 35.135 37.945 36.892 40.135 40.074 39.138 37.200 36.139 33.613 33.037 32.480 32.805 30.058 32.434 34.587 38.186 39.389 37.765 40.376 43.231 42.537 45.195 42.469 42.395 39.038 37.236 40.227 40.429 36.772 36.984 40.346 38.905 36.548 39.489 41.871 39.315 38.940 41.808 45.032 45.227 47.219 48.848 46.034 48.254 51.403 53.449 52.711 53.694 56.911 57.987 56.434 55.876 58.833 60.415 60.982 57.663 58.279 60.797 57.955 57.073 60.646 61.845 58.399 57.330 53.981
46.497 49.274 49.015 52.057 52.343 51.902 49.388 47.066 47.766 46.682 43.477 42.605 43.378 41.115 38.228 38.902 40.769 43.822 43.930 40.427 40.451 44.112 45.276 47.384 47.116 50.263 48.627 45.917 48.478 50.784 48.065 47.195 50.926 51.589 48.301 48.287 51.277 48.850 47.656 43.917 44.335 45.986 44.820 46.523 46.106 46.467 48.325 45.188 43.691 41.343 41.914 42.086 40.799 41.687 43.669 42.763 42.752 39.308 39.133 36.828 37.067 34.613 33.461 32.685 32.104 34.956 34.151 37.487 37.433 36.759 34.822 33.470 30.872 30.012 29.388 29.465 26.735 29.041 31.305 34.893 36.026 34.250 36.852 39.706 38.914 41.503 38.725 38.673 35.292 33.571 36.623 36.785 33.150 33.489 36.876 35.441 33.217 36.245 38.614 36.155 35.949 38.935 42.095 42.103 43.980 45.747 42.931 45.031 48.257 50.173 49.394 50.513 53.722 54.667 53.061 52.604 55.574 57.044 57.525 54.159 54.716 57.193 54.321 53.393 56.962 58.109 54.644 53.560 50.232
43.031 45.833 45.709 48.834 49.200 48.912 46.349 43.968 44.830 43.861 40.549 39.693 40.695 38.477 35.481 36.333 38.055 41.255 41.496 37.934 38.049 41.754 42.682 44.785 44.372 47.419 45.733 42.920 45.402 47.668 44.879 43.909 47.610 48.229 44.880 44.792 47.824 45.452 44.145 40.400 40.705 42.348 41.134 42.855 42.431 42.882 44.784 41.703 40.098 37.746 38.262 38.489 37.180 38.133 40.229 39.390 39.262 35.846 35.631 33.245 33.603 31.256 30.044 29.097 28.411 31.205 30.410 33.785 33.817 33.268 31.451 29.985 27.499 26.519 26.102 26.116 23.226 25.423 27.582 31.200 32.310 30.633 33.289 36.102 35.403 38.103 35.445 35.408 32.134 30.244 33.290 33.669 30.087 30.276 33.760 32.564 30.304 33.235 35.782 33.535 33.249 36.395 39.399 39.388 41.081 42.815 39.871 41.845 45.036 46.907 46.274 47.473 50.590 51.515 50.028 49.711 52.787 54.172 54.712 51.297 51.962 54.315 51.348 50.545 54.167 55.323 51.859 50.913 47.654
40.864 43.519 43.430 46.566 46.790 46.683 44.253 41.668 42.503 41.799 38.473 37.370 38.524 36.560 33.367 34.102 35.543 38.808 38.913 35.264 35.188 38.937 39.818 42.091 41.780 44.708 42.831 40.090 42.678 44.767 41.860 41.038 44.752 45.186 41.810 41.902 45.038 42.833 41.579 37.890 38.177 39.583 38.219 39.752 39.226 39.501 41.325 38.184 36.721 34.370 35.034 35.303 34.208 35.341 37.471 36.424 36.171 32.663 32.289 29.911 30.078 27.692 26.659 25.889 25.272 28.227 27.447 30.701 30.495 29.841 27.867 26.463 23.887 23.093 22.625 22.921 20.101 22.566 24.811 28.330 29.755 28.188 30.643 33.617 33.215 36.051 33.454 33.119 29.917 27.765 30.591 31.040 27.424 27.307 30.750 29.635 27.150 29.932 32.567 30.324 29.817 32.952 35.929 36.082 37.814 39.395 36.419 38.494 41.613 43.614 43.035 44.102 47.211 48.275 46.881 46.486 49.598 51.084 51.789 48.426 49.276 51.635 48.696 48.086 51.752 53.092 49.718 48.999 45.714
38.995 41.460 41.117 44.110 44.115 43.898 41.629 38.992 39.588 38.905 35.705 34.423 35.403 33.551 30.343 30.830 32.291 35.451 35.418 31.788 31.651 35.381 36.409 38.701 38.539 41.538 39.682 37.060 39.772 41.877 39.060 38.407 42.172 42.668 39.416 39.677 42.738 40.489 39.514 35.883 36.485 37.793 36.596 38.121 37.804 37.944 39.909 36.835 35.587 32.981 33.519 33.452 32.351 33.306 35.168 33.942 33.951 30.416 30.279 28.245 28.391 25.671 24.479 24.093 24.009 27.240 26.908 30.092 29.552 29.067 26.800 25.143 22.211 21.269 20.267 20.465 18.049 20.803 23.488 26.808 28.430 26.560 28.710 31.889 31.461 34.142 31.344 30.732 27.396 25.382 28.107 28.220 24.515 24.559 27.855 26.453 24.029 26.980 29.397 26.994 26.695 29.770 32.849 32.873 34.733 36.444 33.636 35.796 39.025 41.003 40.188 41.227 44.454 45.469 43.900 43.386 46.396 47.930 48.568 45.252 46.028 48.512 45.685 45.007 48.636 50.059 46.736 46.012 42.634
36.417 38.717 38.419 41.416 41.299 41.281 39.143 36.314 36.912 36.513 33.302 31.789 32.966 31.393 27.997 28.406 29.534 32.780 32.660 28.949 28.667 32.437 33.337 35.774 35.664 38.517 36.482 33.906 36.691 38.622 35.692 35.160 38.923 39.250 35.977 36.396 39.541 37.460 36.537 32.985 33.578 34.650 33.340 34.702 34.337 34.334 36.276 33.198 32.077 29.423 30.039 29.958 29.047 30.150 32.030 30.614 30.510 26.907 26.657 24.685 24.701 21.911 20.826 20.643 20.725 24.116 23.921 26.955 26.164 25.689 23.276 21.562 18.507 17.653 16.540 16.984 14.712 17.748 20.543 23.685 25.616 23.850 25.741 29.062 28.939 31.726 29.030 28.111 24.904 22.620 25.078 25.286 21.588 21.285 24.537 23.274 20.627 23.414 25.954 23.628 23.119 26.250 29.248 29.388 31.222 32.805 29.941 32.154 35.324 37.393 36.644 37.597 40.799 41.916 40.449 39.907 42.975 44.565 45.355 42.076 43.041 45.493 42.674 42.203 45.873 47.458 44.233 43.756 40.390
37.356 39.353 38.807 41.607 41.139 41.071 39.235 36.275 36.513 36.273 33.288 31.416 32.364 31.099 27.673 27.571 28.552 31.586 31.050 27.351 26.668 30.405 31.644 34.285 34.564 37.422 35.262 32.995 36.038 37.810 34.918 34.781 38.574 38.786 35.670 36.459 39.577 37.609 37.035 33.642 34.502 35.277 33.987 35.106 34.760 34.391 36.243 33.120 32.423 29.695 30.454 30.163 29.526 30.612 32.201 30.400 30.461 26.787 26.556 24.961 24.586 21.478 20.638 21.153 21.750 25.375 25.413 28.141 26.852 26.213 23.382 21.809 18.400 17.910 16.106 16.937 15.432 18.868 21.961 24.718 27.015 25.147 26.543 30.085 30.127 32.770 29.954 28.597 25.348 23.159 25.244 25.040 21.287 20.936 23.811 22.150 19.354 22.149 24.358 21.639 21.093 23.916 27.163 27.456 29.661 31.169 28.572 31.103 34.265 36.505 35.501 36.173 39.531 40.792 39.192 38.319 41.222 43.053 43.914 40.798 41.790 44.452 41.858 41.415 45.022 46.825 43.744 43.346 39.853
35.114 36.918 36.457 39.254 38.669 38.851 37.165 34.013 34.277 34.377 31.400 29.292 30.487 29.563 25.971 25.799 26.340 29.455 28.828 25.062 24.188 27.949 28.999 31.808 32.136 34.783 32.405 30.202 33.306 34.845 31.814 31.821 35.582 35.574 32.435 33.408 36.617 34.873 34.341 31.076 31.887 32.371 30.938 31.836 31.411 30.864 32.660 29.537 29.005 26.260 27.134 26.856 26.483 27.765 29.377 27.359 27.250 23.520 23.110 21.606 21.023 17.849 17.229 18.058 18.858 22.584 22.762 25.234 23.650 23.006 20.016 18.430 14.894 14.629 12.645 13.931 12.784 16.452 19.542 21.987 24.611 22.945 23.999 27.636 28.046 30.783 28.154 26.482 23.474 20.995 22.681 22.624 18.974 18.128 20.881 19.449 16.345 18.841 21.220 18.625 17.724 20.619 23.751 24.234 26.398 27.707 25.028 27.632 30.696 33.057 32.164 32.718 36.030 37.426 35.978 35.082 38.064 39.958 41.015 37.949 39.180 41.775 39.189 39.008 42.648 44.621 41.665 41.558 38.122
34.705 36.370 36.165 39.023 38.398 38.942 37.374 34.032 34.431 34.925 31.925 29.641 31.176 30.591 26.868 26.716 26.734 29.925 29.205 25.417 24.275 27.994 28.794 31.808 32.177 34.498 31.822 29.705 32.819 34.000 30.741 30.887 34.554 34.168 30.933 32.090 35.478 34.087 33.447 30.328 30.853 30.979 29.185 29.710 28.938 28.138 29.653 26.377 26.008 23.490 24.766 24.829 24.916 26.638 28.464 26.246 25.686 21.893 20.942 19.254 18.198 15.221 15.283 16.297 16.883 20.583 20.510 22.629 20.770 19.775 16.623 15.433 11.949 12.476 10.805 13.013 12.002 15.724 18.429 20.603 23.576 22.424 23.242 26.858 27.775 30.728 28.451 26.576 23.956 21.072 22.297 22.637 19.238 17.653 20.262 19.330 15.841 17.663 20.350 18.022 16.393 19.231 22.140 23.098 25.185 26.030 23.178 25.894 28.675 31.291 30.707 31.017 34.189 35.868 34.749 33.822 36.919 38.927 40.305 37.334 38.913 41.372 38.783 38.973 42.642 44.793 41.987 42.217 38.896
34.905 36.248 36.087 38.832 37.973 38.766 37.489 33.972 34.261 35.153 32.315 29.731 31.379 31.249 27.490 27.076 26.579 29.643 28.630 24.916 23.345 26.926 27.677 30.931 31.548 33.565 30.608 28.785 32.007 32.783 29.413 29.921 33.470 32.717 29.561 31.087 34.538 33.515 33.027 30.185 30.661 30.321 28.315 28.380 27.388 26.144 27.366 24.011 24.107 21.755 23.396 23.551 24.186 26.176 27.923 25.350 24.559 20.789 19.455 18.002 16.296 13.357 14.222 15.879 16.678 20.309 20.273 21.807 19.424 18.118 14.620 13.912 10.431 11.915 10.105 13.135 12.917 16.551 19.001 20.586 23.924 23.107 23.399 27.022 28.383 31.330 29.291 27.054 24.781 21.767 22.357 22.735 19.648 17.532 19.633 18.911 15.178 16.290 18.918 16.673 14.387 16.872 19.663 21.132 23.341 23.717 20.945 23.921 26.414 29.315 28.826 28.751 31.871 33.854 32.934 31.792 34.859 37.083 38.754 35.985 37.850 40.291 37.857 38.362 41.980 44.376 41.800 42.345 39.084
32.762 34.020 34.148 36.971 36.206 37.336 36.076 32.475 33.020 34.204 31.309 28.738 30.770 30.843 27.049 26.876 25.975 29.157 28.332 24.680 23.211 26.680 26.941 30.174 30.583 32.275 29.174 27.282 30.330 30.863 27.322 27.758 31.169 30.160 26.890 28.417 31.989 31.241 30.573 27.870 28.052 27.462 25.196 25.025 23.814 22.501 23.628 20.235 20.319 18.070 19.923 20.362 21.314 23.646 25.618 23.043 21.810 18.088 16.299 14.654 12.678 10.047 11.507 13.163 13.787 17.244 17.175 18.357 15.770 14.432 10.876 10.258 6.939 9.175 8.067 11.635 11.579 14.824 16.756 17.961 21.481 21.146 21.230 24.703 26.469 29.556 27.908 25.618 23.794 20.493 20.696 21.567 18.874 16.176 18.182 18.177 14.403 14.775 17.798 16.240 13.513 16.128 18.327 19.974 21.742 21.790 18.721 21.510 23.756 26.720 26.633 26.562 29.439 31.521 30.951 30.027 33.273 35.388 37.255 34.489 36.616 38.795 36.262 37.076 40.716 43.146 40.664 41.484 38.420
34.279 35.352 35.718 38.513 37.698 39.135 38.036 34.354 34.969 36.468 33.654 30.995 33.204 33.552 29.785 29.579 28.308 31.393 30.447 26.938 25.232 28.481 28.576 31.914 32.416 33.744 30.432 28.759 31.731 31.846 28.192 28.823 31.999 30.562 27.322 29.054 32.705 32.385 31.646 29.211 29.081 28.086 25.458 24.751 23.050 21.324 21.870 18.275 18.751 17.080 19.551 20.484 22.041 24.770 26.858 24.164 22.465 18.941 16.512 14.782 12.039 10.274 12.794 14.498 14.716 17.701 17.223 17.694 14.772 12.715 8.993 9.692 7.441 10.774 10.461 14.237 14.329 17.126 18.428 19.207 22.847 23.070 22.922 26.166 28.347 31.510 30.219 27.848 26.410 22.987 22.768 23.902 21.583 18.521 20.144 20.546 16.812 16.405 19.369 18.166 14.933 17.010 18.752 20.952 22.593 21.998 18.965 21.789 23.491 26.719 26.997 26.543 29.153 31.575 31.408 30.406 33.645 35.891 38.082 35.523 37.952 39.979 37.540 38.696 42.273 44.849 42.565 43.663 40.736
33.226 33.930 34.063 36.613 35.486 36.942 36.159 32.406 32.743 34.471 31.919 28.998 31.102 31.821 28.134 27.592 25.997 28.852 27.653 24.294 22.314 25.375 25.489 28.942 29.694 30.863 27.431 26.072 29.175 29.059 25.468 26.489 29.599 28.046 25.038 27.143 30.674 30.508 30.158 27.998 28.188 26.889 24.458 23.548 22.117 20.045 20.689 17.343 18.378 16.444 18.733 19.164 20.962 23.509 25.178 22.143 20.661 17.258 15.020 14.157 11.179 8.997 11.728 14.301 15.380 18.348 18.560 18.689 15.365 13.822 10.063 10.325 7.969 11.040 9.924 13.684 14.786 17.482 18.980 19.142 22.923 22.977 22.226 25.528 27.811 30.701 29.406 26.671 25.405 22.188 21.453 22.257 20.220 17.069 18.047 18.377 14.723 13.814 16.426 15.301 11.792 13.491 15.101 17.534 19.318 18.528 15.731 18.825 20.472 23.830 23.894 23.187 25.906 28.432 28.193 26.965 30.105 32.496 34.778 32.378 34.893 36.994 34.755 36.020 39.502 42.251 40.158 41.415 38.502
34.958 35.718 35.513 37.965 36.688 37.795 37.037 33.332 33.358 34.832 32.360 29.351 31.061 31.651 27.971 27.112 25.848 28.573 27.106 23.659 21.466 24.667 25.334 28.875 29.905 31.416 28.099 26.845 30.188 30.321 26.908 28.051 31.339 30.071 27.196 29.334 32.738 32.272 32.157 29.846 30.394 29.345 27.212 26.592 25.459 23.501 24.331 21.072 22.052 19.903 21.889 21.938 23.360 25.536 26.942 23.847 22.887 19.365 17.686 17.013 14.439 11.665 13.612 16.297 17.654 20.971 21.280 21.862 18.730 17.282 13.502 13.399 10.378 12.781 10.762 14.298 15.393 18.594 20.696 21.242 24.936 24.468 23.865 27.398 29.299 32.050 30.339 27.571 25.854 22.887 22.475 22.740 20.292 17.630 18.681 18.228 14.490 14.346 16.544 14.576 11.373 12.950 15.401 17.677 20.055 19.670 17.236 20.600 22.595 25.874 25.422 24.702 27.746 30.153 29.483 27.969 30.903 33.451 35.530 33.135 35.386 37.800 35.686 36.639 40.101 42.857 40.686 41.689 38.557
32.071 32.901 32.497 34.944 33.703 34.603 33.741 30.093 30.082 31.365 28.850 25.891 27.525 27.974 24.282 23.466 22.389 25.228 23.946 20.374 18.476 21.883 22.518 25.930 26.794 28.563 25.429 23.941 27.309 27.788 24.469 25.421 28.883 27.989 25.101 27.059 30.368 29.569 29.551 27.094 27.941 27.167 25.394 25.213 24.575 23.000 24.408 21.413 22.044 19.362 20.732 20.269 21.198 22.987 24.220 21.214 20.676 17.065 16.013 15.606 13.734 10.321 11.294 14.108 16.013 19.551 20.396 21.381 18.464 17.753 14.155 12.995 9.479 10.808 7.972 11.116 12.583 15.870 18.398 18.996 22.571 21.664 21.043 24.709 26.323 28.929 26.998 24.217 22.314 19.499 19.240 19.267 16.654 14.223 15.433 14.720 10.950 11.374 13.686 11.557 8.821 11.224 13.932 15.511 17.834 18.108 15.558 18.769 21.275 24.235 23.503 23.239 26.472 28.498 27.500 26.178 29.186 31.510 33.287 30.668 32.683 35.159 32.924 33.628 37.152 39.776 37.455 38.288 35.093
32.699 33.843 33.303 35.835 34.756 35.319 34.197 30.705 30.688 31.521 28.869 26.129 27.519 27.503 23.802 23.085 22.630 25.563 24.440 20.727 19.151 22.778 23.697 26.922 27.663 29.848 27.013 25.277 28.634 29.568 26.399 27.046 30.678 30.189 27.248 28.876 32.116 30.900 30.799 28.028 29.003 28.707 27.152 27.431 26.984 25.801 27.444 24.438 24.649 21.826 22.911 22.359 22.724 24.219 25.484 22.781 22.567 18.864 18.232 17.522 16.226 12.703 12.815 15.035 16.772 20.528 21.284 22.866 20.385 19.781 16.323 14.836 11.057 11.589 8.595 11.047 11.821 15.485 18.458 19.711 23.003 21.662 21.562 25.330 26.459 29.059 26.765 24.271 21.863 19.208 19.655 19.463 16.326 14.552 16.358 15.111 11.475 13.039 15.286 12.705 10.931 13.608 16.674 17.673 20.059 20.894 18.381 21.390 24.223 26.911 25.971 26.049 29.394 31.125 29.834 28.618 31.573 33.755 35.203 32.407 34.072 36.675 34.341 34.653 38.225 40.637 38.076 38.538 35.190
31.137 32.580 31.958 34.595 33.763 34.061 32.633 29.323 29.436 29.853 27.021 24.599 25.903 25.411 21.724 21.331 21.425 24.542 23.839 20.046 19.097 22.862 23.712 26.603 26.987 29.497 27.008 24.901 28.099 29.503 26.481 26.691 30.443 30.394 27.390 28.592 31.730 30.098 29.873 26.828 27.928 28.124 26.874 27.678 27.563 26.884 28.912 26.067 25.791 22.723 23.312 22.551 22.275 23.396 24.683 22.385 22.487 18.804 18.703 17.853 17.343 13.785 12.882 14.455 16.189 20.003 20.943 23.061 21.074 20.941 17.838 15.741 11.976 11.351 8.389 9.661 9.874 13.598 16.945 18.665 21.572 19.784 20.121 23.900 24.547 27.093 24.528 22.356 19.576 17.088 18.188 17.913 14.419 13.282 15.682 14.227 10.958 13.416 15.751 13.268 12.444 15.574 18.566 18.848 20.935 22.353 19.739 22.333 25.496 27.787 26.752 27.339 30.697 32.025 30.516 29.622 32.626 34.489 35.581 32.539 33.878 36.459 33.932 33.901 37.533 39.663 36.852 36.999 33.603
33.285 34.884 34.058 36.632 35.838 35.782 34.251 31.150 31.107 31.117 28.337 26.106 27.000 26.146 22.634 22.159 22.836 25.790 25.081 21.360 20.563 24.311 25.540 28.257 28.694 31.506 29.292 27.191 30.381 32.067 29.268 29.395 33.193 33.425 30.518 31.573 34.560 32.652 32.489 29.320 30.587 31.093 30.062 31.107 31.124 30.590 32.680 29.835 29.453 26.374 26.832 25.981 25.402 26.228 27.379 25.279 25.690 22.090 22.265 21.387 21.070 17.544 16.401 17.661 19.232 23.015 23.853 26.259 24.519 24.355 21.317 19.264 15.551 14.722 11.952 12.586 12.335 15.926 19.431 21.508 24.080 21.951 22.620 26.352 26.539 28.916 26.037 24.134 20.973 18.915 20.496 19.858 16.158 15.804 18.269 16.310 13.526 16.462 18.381 15.570 15.337 18.220 21.459 21.486 23.740 25.435 23.051 25.609 28.898 31.043 29.767 30.444 33.902 35.065 33.299 32.346 35.179 37.016 37.850 34.788 35.802 38.539 36.070 35.688 39.260 41.235 38.301 38.095 34.571
33.651 35.534 34.655 37.283 36.736 36.407 34.604 31.767 31.826 31.391 28.518 26.689 27.402 26.043 22.717 22.554 23.809 26.774 26.413 22.785 22.491 26.198 27.416 29.795 29.959 33.007 31.132 28.806 31.794 33.835 31.211 30.994 34.812 35.382 32.467 33.161 36.020 33.792 33.500 30.144 31.453 32.390 31.590 33.011 33.211 33.037 35.316 32.554 31.835 28.697 28.870 27.968 26.937 27.472 28.641 26.947 27.556 24.072 24.540 23.507 23.648 20.251 18.654 19.331 20.665 24.314 25.125 27.905 26.598 26.647 23.891 21.628 18.091 16.746 14.366 14.230 13.355 16.586 20.121 22.597 24.696 22.275 23.417 26.996 26.691 28.960 25.874 24.431 20.991 19.265 21.439 20.752 16.957 17.261 20.026 17.996 15.735 19.015 20.882 18.227 18.490 21.476 24.639 24.286 26.331 28.341 25.938 28.208 31.641 33.511 32.194 33.187 36.617 37.503 35.600 34.865 37.679 39.282 39.828 36.627 37.337 40.041 37.463 36.762 40.320 42.006 38.875 38.324 34.791
33.039 34.746 33.482 35.849 35.127 34.466 32.797 30.119 29.839 29.179 26.561 24.724 24.983 23.572 20.476 19.998 21.598 24.284 23.886 20.432 20.341 23.912 25.366 27.527 27.782 31.038 29.446 27.249 30.245 32.481 30.181 30.044 33.840 34.699 32.060 32.775 35.350 32.931 32.996 29.756 31.495 32.506 32.117 33.689 34.277 34.139 36.634 34.120 33.517 30.166 29.988 28.617 27.373 27.429 28.120 26.451 27.582 24.324 25.322 24.811 25.170 21.611 19.650 20.589 22.443 26.032 27.310 30.025 28.645 29.022 26.263 23.741 20.177 18.499 15.714 14.986 14.821 17.734 21.464 23.610 25.536 22.714 23.548 27.098 26.481 28.310 24.965 23.423 19.826 18.732 20.856 19.535 15.820 16.837 19.215 16.655 15.034 18.626 19.895 17.134 18.150 20.936 24.106 23.278 25.357 27.736 25.699 27.849 31.436 33.045 31.357 32.476 36.000 36.620 34.391 33.614 36.212 37.720 37.973 34.800 35.193 38.040 35.611 34.615 38.054 39.670 36.542 35.784 32.157
36.153 38.004 36.702 39.047 38.407 37.548 35.795 33.306 32.985 32.052 29.495 27.876 27.886 26.219 23.374 22.917 24.835 27.340 26.937 23.643 23.580 27.030 28.697 30.740 31.030 34.397 32.958 30.795 33.737 36.080 33.878 33.686 37.470 38.427 35.803 36.424 38.948 36.417 36.432 33.121 34.828 36.013 35.643 37.298 37.833 37.748 40.192 37.582 36.903 33.630 33.517 32.258 30.933 30.956 31.683 30.147 31.295 28.041 28.988 28.297 28.631 25.127 23.252 23.991 25.562 29.116 30.150 33.026 31.799 32.013 29.263 26.896 23.347 21.785 19.202 18.551 17.984 20.832 24.465 26.879 28.622 25.771 26.891 30.342 29.499 31.273 27.841 26.593 22.893 21.995 24.358 23.019 19.338 20.537 22.958 20.341 18.829 22.422 23.602 20.730 21.743 24.361 27.652 26.870 29.049 31.436 29.462 31.649 35.233 36.840 35.104 36.205 39.755 40.353 38.050 37.223 39.717 41.237 41.374 38.232 38.446 41.353 38.976 37.787 41.148 42.628 39.444 38.431 34.784
38.338 40.031 38.799 41.135 40.284 39.624 38.085 35.368 34.933 34.333 31.842 29.878 29.970 28.684 25.675 24.888 26.391 28.834 27.990 24.614 23.959 27.440 29.336 31.740 32.390 35.601 33.844 31.932 35.108 37.136 34.761 34.906 38.703 39.329 36.677 37.629 40.317 38.057 38.128 34.907 36.503 37.356 36.687 37.992 38.232 37.794 39.955 37.138 36.747 33.634 33.926 32.865 31.963 32.333 33.138 31.241 32.150 28.722 29.283 28.541 28.366 24.807 23.467 24.577 26.097 29.801 30.589 33.243 31.707 31.499 28.476 26.511 22.828 21.876 19.141 19.236 18.818 22.080 25.679 28.003 30.145 27.579 28.499 32.109 31.662 33.629 30.330 28.767 25.206 23.959 25.963 24.694 20.980 21.640 23.886 21.244 19.232 22.552 23.728 20.531 21.056 23.387 26.902 26.596 29.130 31.167 29.253 31.810 35.234 37.182 35.468 36.181 39.796 40.728 38.533 37.392 39.845 41.683 42.099 39.123 39.586 42.603 40.364 39.420 42.785 44.536 41.512 40.736 37.042
36.528 37.934 36.607 38.814 37.716 37.170 35.886 33.006 32.391 32.084 29.736 27.447 27.560 26.675 23.563 22.440 23.586 25.952 24.843 21.430 20.478 23.970 25.931 28.514 29.382 32.479 30.568 28.856 32.177 34.014 31.635 32.048 35.816 36.313 33.781 34.990 37.654 35.561 35.863 32.829 34.566 35.132 34.482 35.593 35.897 35.249 37.398 34.679 34.553 31.373 31.663 30.414 29.722 30.090 30.689 28.519 29.505 26.113 26.726 26.342 26.007 22.317 21.070 22.653 24.581 28.339 29.402 31.773 29.924 29.793 26.626 24.622 20.853 20.007 16.876 17.128 17.398 20.753 24.434 26.335 28.734 26.202 26.653 30.363 30.167 32.059 28.830 26.866 23.465 22.181 23.735 22.271 18.661 19.132 21.007 18.216 16.124 19.333 20.277 16.938 17.493 19.673 23.222 22.943 25.613 27.597 25.851 28.523 31.911 33.916 32.089 32.654 36.313 37.316 35.100 33.812 36.213 38.162 38.685 35.807 36.398 39.473 37.352 36.564 39.912 41.868 38.997 38.455 34.745
39.142 40.346 38.748 40.694 39.344 38.575 37.545 34.763 33.767 33.396 31.389 28.991 28.658 27.925 25.093 23.501 24.736 26.637 25.161 22.048 20.844 24.038 26.468 29.013 30.249 33.402 31.613 30.258 33.668 35.461 33.323 34.013 37.709 38.256 35.981 37.374 39.861 37.772 38.380 35.504 37.474 37.952 37.450 38.483 38.885 38.071 40.175 37.514 37.629 34.438 34.726 33.294 32.676 32.873 33.154 30.859 32.095 28.830 29.579 29.491 29.018 25.264 24.119 25.976 28.100 31.858 33.021 35.272 33.264 33.077 29.789 27.900 24.103 23.401 20.083 20.351 20.959 24.253 27.974 29.688 32.098 29.458 29.682 33.381 33.107 34.742 31.409 29.323 25.926 24.997 26.357 24.489 21.065 21.779 23.201 20.060 18.301 21.418 21.769 18.201 19.038 20.627 24.283 23.956 26.895 28.906 27.600 30.385 33.729 35.714 33.585 33.961 37.707 38.692 36.260 34.693 36.773 38.858 39.264 36.596 36.995 40.273 38.445 37.501 40.662 42.678 39.944 39.290 35.507
41.935 43.259 41.861 43.951 42.673 42.053 40.953 38.087 37.236 36.947 34.806 32.411 32.261 31.503 28.556 27.106 28.220 30.237 28.707 25.519 24.110 27.340 29.750 32.461 33.731 36.785 34.812 33.447 36.900 38.557 36.226 36.936 40.657 40.997 38.564 40.004 42.677 40.707 41.121 38.160 39.878 40.299 39.506 40.389 40.471 39.537 41.395 38.492 38.631 35.653 36.285 35.200 34.778 35.298 35.864 33.508 34.420 30.983 31.332 30.898 30.131 26.483 25.725 27.487 29.238 33.041 33.795 36.049 34.035 33.449 30.078 28.568 24.778 24.503 21.420 22.173 22.368 25.873 29.465 31.412 33.946 31.543 31.981 35.720 35.604 37.499 34.257 32.250 28.862 27.609 29.045 27.492 23.959 24.310 25.947 23.041 20.869 23.785 24.444 20.832 21.096 22.625 26.372 26.494 29.544 31.237 29.776 32.751 35.956 38.193 36.256 36.432 40.153 41.386 39.140 37.481 39.625 41.868 42.478 39.852 40.428 43.682 41.823 41.026 44.235 46.309 43.577 42.989 39.220
40.360 41.732 40.616 42.898 41.719 41.424 40.249 37.191 36.610 36.588 34.223 31.749 32.038 31.393 28.164 26.951 27.714 30.053 28.609 25.184 23.667 27.100 29.183 32.101 33.243 36.108 33.862 32.362 35.826 37.306 34.695 35.366 39.104 39.197 36.565 38.033 40.919 39.135 39.329 36.338 37.783 38.063 36.987 37.708 37.543 36.539 38.251 35.220 35.345 32.503 33.363 32.550 32.335 33.187 34.043 31.612 32.160 28.588 28.587 27.912 26.955 23.405 22.933 24.671 26.215 30.028 30.575 32.735 30.670 29.901 26.505 25.171 21.411 21.427 18.508 19.695 19.733 23.391 26.834 28.803 31.522 29.416 29.888 33.661 33.852 36.035 33.007 30.940 27.706 26.002 27.335 26.191 22.610 22.435 24.263 21.735 19.087 21.764 22.880 19.388 19.078 20.856 24.560 25.022 27.992 29.413 27.644 30.694 33.787 36.214 34.576 34.678 38.317 39.751 37.785 36.205 38.589 40.876 41.754 39.066 39.962 43.066 41.046 40.548 43.898 46.071 43.339 43.010 39.313
40.243 41.410 40.424 42.693 41.365 41.364 40.385 37.123 36.543 36.916 34.592 31.855 32.377 32.126 28.758 27.418 27.657 29.997 28.313 24.864 22.917 26.307 28.307 31.503 32.832 35.408 32.853 31.554 35.120 36.236 33.461 34.400 38.061 37.805 35.177 36.925 39.926 38.468 38.696 35.880 37.191 37.105 35.783 36.139 35.739 34.415 35.862 32.755 33.187 30.519 31.691 31.032 31.247 32.398 33.304 30.592 30.868 27.266 26.910 26.303 24.899 21.428 21.503 23.599 25.169 28.966 29.429 31.223 28.842 27.808 24.241 23.266 19.554 20.148 17.205 19.026 19.395 23.151 26.411 28.072 31.107 29.331 29.494 33.304 33.914 36.225 33.436 31.087 28.141 26.142 27.021 26.052 22.650 21.904 23.462 21.178 18.172 20.311 21.475 17.996 17.056 18.544 22.234 23.195 26.300 27.292 25.551 28.830 31.675 34.367 32.865 32.629 36.217 37.948 36.201 34.442 36.847 39.346 40.538 38.001 39.218 42.282 40.345 40.183 43.538 45.945 43.393 43.395 39.761
39.590 40.812 40.158 42.613 41.421 41.754 40.695 37.293 37.015 37.632 35.114 32.374 33.323 33.157 29.602 28.552 28.465 31.065 29.523 25.951 23.983 27.450 29.059 32.379 33.540 35.875 33.084 31.663 35.162 36.068 33.025 33.896 37.514 36.975 34.147 35.898 39.108 37.880 37.840 35.025 35.981 35.735 34.070 34.210 33.469 32.054 33.262 29.982 30.405 27.980 29.483 29.222 29.712 31.264 32.513 29.776 29.585 25.888 25.045 24.096 22.402 19.179 19.734 21.727 22.930 26.657 26.786 28.415 25.985 24.636 21.047 20.436 16.868 17.988 15.458 17.861 17.973 21.764 24.703 26.367 29.567 28.209 28.432 32.196 33.143 35.743 33.240 30.903 28.193 25.758 26.510 26.049 22.723 21.395 23.126 21.392 17.991 19.681 21.364 18.223 16.572 18.260 21.719 23.097 26.008 26.618 24.538 27.842 30.473 33.368 32.258 31.926 35.352 37.307 35.914 34.271 36.901 39.414 40.880 38.314 39.842 42.707 40.624 40.767 44.224 46.691 44.158 44.399 40.882
40.599 41.591 41.056 43.448 42.104 42.701 41.864 38.321 38.015 38.987 36.574 33.629 34.732 34.930 31.344 30.161 29.618 32.117 30.347 26.878 24.539 27.819 29.344 32.864 34.221 36.232 33.182 32.030 35.573 36.080 32.931 34.094 37.562 36.653 33.890 35.929 39.205 38.339 38.352 35.768 36.581 35.948 34.043 33.757 32.740 30.944 31.777 28.429 29.250 27.119 28.993 28.934 29.907 31.744 33.006 30.025 29.549 25.922 24.679 23.832 21.606 18.643 19.890 22.200 23.363 26.942 26.942 28.093 25.336 23.634 19.914 19.875 16.573 18.403 16.050 18.990 19.432 23.121 25.756 27.045 30.488 29.493 29.399 33.110 34.446 37.107 34.859 32.299 29.910 27.301 27.589 27.281 24.242 22.449 23.807 22.367 18.815 19.809 21.432 18.471 16.192 17.359 20.616 22.568 25.548 25.619 23.657 27.152 29.412 32.575 31.629 30.890 34.197 36.474 35.341 33.501 36.082 38.808 40.588 38.240 40.062 42.868 40.922 41.387 44.789 47.467 45.147 45.684 42.254
41.984 42.968 42.715 45.204 43.934 44.812 43.975 40.347 40.237 41.423 38.930 35.986 37.359 37.662 34.005 32.983 32.185 34.770 33.041 29.591 27.192 30.388 31.662 35.255 36.554 38.306 35.077 33.945 37.402 37.645 34.328 35.508 38.849 37.626 34.772 36.864 40.278 39.694 39.508 37.011 37.484 36.638 34.395 33.792 32.365 30.375 30.783 27.268 28.224 26.532 28.837 29.234 30.565 32.776 34.295 31.295 30.376 26.785 25.026 23.896 21.271 18.815 20.672 22.844 23.564 26.911 26.484 27.305 24.480 22.282 18.616 19.293 16.457 18.938 17.194 20.535 20.765 24.303 26.506 27.712 31.256 30.709 30.632 34.215 35.864 38.725 36.758 34.224 32.082 29.198 29.323 29.406 26.534 24.333 25.694 24.714 21.021 21.506 23.386 20.794 18.022 19.043 21.912 24.289 27.082 26.680 24.581 28.064 29.955 33.319 32.744 31.787 34.865 37.404 36.635 34.821 37.482 40.271 42.320 40.059 42.145 44.784 42.809 43.552 46.970 49.721 47.483 48.227 44.906
44.345 45.169 45.039 47.475 46.116 47.192 46.514 42.817 42.699 44.121 41.714 38.667 40.129 40.658 37.013 35.916 34.844 37.321 35.443 32.124 29.507 32.491 33.705 37.390 38.827 40.311 36.926 36.022 39.457 39.374 36.016 37.398 40.566 39.033 36.264 38.546 41.984 41.708 41.531 39.232 39.540 38.406 35.955 34.979 33.260 30.959 30.909 27.367 28.671 27.405 30.051 30.702 32.417 34.850 36.396 33.279 32.107 28.658 26.566 25.473 22.464 20.454 22.810 25.062 25.617 28.715 28.073 28.456 25.473 22.902 19.339 20.663 18.314 21.245 19.805 23.353 23.694 27.067 28.967 29.924 33.563 33.327 33.079 36.552 38.467 41.370 39.610 36.979 35.068 32.094 31.937 32.148 29.496 27.048 28.152 27.397 23.714 23.716 25.493 23.120 20.044 20.572 23.101 25.889 28.647 27.766 25.834 29.364 30.838 34.384 34.000 32.684 35.566 38.378 37.875 35.916 38.479 41.427 43.729 41.689 43.990 46.555 44.713 45.702 49.047 51.941 49.878 50.830 47.589
43.097 43.931 44.100 46.649 45.446 46.799 46.057 42.319 42.476 44.073 41.553 38.587 40.376 40.958 37.257 36.434 35.139 37.780 36.121 32.788 30.319 33.294 34.094 37.745 38.950 40.202 36.718 35.695 38.954 38.705 35.197 36.451 39.488 37.741 34.855 37.066 40.608 40.553 40.140 37.925 37.906 36.624 33.919 32.731 30.713 28.362 28.039 24.414 25.717 24.800 27.717 28.750 30.704 33.427 35.221 32.191 30.619 27.261 24.775 23.435 20.225 18.752 21.510 23.546 23.740 26.541 25.635 25.699 22.708 19.861 16.467 18.306 16.509 19.831 18.998 22.731 22.940 26.029 27.482 28.279 31.935 32.113 31.858 35.145 37.328 40.382 38.933 36.369 34.749 31.545 31.234 31.865 29.426 26.627 27.777 27.541 23.804 23.391 25.511 23.621 20.243 20.960 23.026 25.960 28.336 27.171 24.970 28.306 29.507 33.106 33.135 31.829 34.448 37.363 37.212 35.479 38.226 41.056 43.527 41.458 43.973 46.292 44.320 45.549 48.937 51.816 49.784 50.924 47.839
46.501 47.227 47.442 49.925 48.635 50.075 49.460 45.697 45.793 47.510 45.077 42.038 43.802 44.515 40.842 39.908 38.500 41.011 39.191 35.972 33.321 36.124 36.993 40.700 42.064 43.163 39.603 38.790 42.049 41.584 38.103 39.527 42.429 40.485 37.713 40.061 43.579 43.725 43.349 41.274 41.169 39.711 36.896 35.453 33.236 30.669 29.946 26.372 27.944 27.410 30.531 31.723 33.903 36.724 38.495 35.396 33.715 30.489 27.853 26.574 23.188 22.026 24.982 27.037 27.119 29.725 28.641 28.420 25.416 22.325 19.175 21.419 19.961 23.413 22.690 26.449 26.692 29.712 31.019 31.707 35.373 35.707 35.376 38.586 40.890 43.945 42.586 39.972 38.440 35.236 34.798 35.427 33.082 30.234 31.211 30.997 27.308 26.702 28.638 26.784 23.342 23.643 25.529 28.693 31.108 29.638 27.674 31.031 31.914 35.610 35.720 34.120 36.584 39.691 39.699 37.806 40.396 43.370 46.003 44.140 46.764 49.069 47.245 48.606 51.913 54.896 52.997 54.243 51.185
48.302 49.248 49.403 51.978 50.776 52.028 51.248 47.536 47.630 49.099 46.562 43.616 45.254 45.706 42.006 41.106 40.018 42.599 40.810 37.473 34.905 37.875 38.957 42.640 43.980 45.344 41.889 40.925 44.248 44.046 40.576 41.852 44.920 43.188 40.312 42.504 46.054 45.948 45.497 43.192 43.129 41.945 39.189 38.014 35.865 33.529 32.995 29.331 30.585 29.907 32.921 34.096 35.992 38.725 40.573 37.578 36.033 32.635 30.150 28.638 25.484 24.073 26.718 28.558 28.496 31.273 30.020 30.196 27.446 24.347 21.196 23.230 21.487 24.713 23.913 27.555 27.430 30.643 32.136 33.233 36.798 36.941 36.933 40.242 42.307 45.420 43.854 41.398 39.579 36.406 36.337 36.883 34.245 31.638 32.925 32.450 28.706 28.568 30.570 28.400 25.190 25.734 27.992 30.942 33.511 32.358 30.308 33.703 34.871 38.498 38.463 37.046 39.672 42.651 42.456 40.575 43.178 46.131 48.599 46.605 49.051 51.481 49.580 50.719 54.089 56.977 54.915 55.938 52.757
45.745 46.907 47.204 49.948 48.983 50.247 49.230 45.561 45.893 47.238 44.508 41.748 43.547 43.779 40.022 39.423 38.467 41.283 39.795 36.313 34.049 37.217 38.086 41.666 42.706 44.170 40.789 39.506 42.720 42.718 39.161 40.123 43.272 41.674 38.600 40.525 44.155 43.906 43.216 40.745 40.536 39.558 36.765 35.802 33.648 31.604 31.269 27.513 28.358 27.598 30.544 31.854 33.550 36.329 38.400 35.614 33.971 30.485 27.969 26.115 23.173 21.809 24.308 25.791 25.442 28.208 26.784 27.195 24.680 21.596 18.518 20.450 18.735 21.883 21.398 24.987 24.489 27.635 29.015 30.342 33.798 34.000 34.255 37.515 39.514 42.747 41.219 38.967 37.122 33.835 33.990 34.772 32.053 29.426 31.052 30.754 26.954 26.979 29.348 27.304 24.141 25.230 27.501 30.221 32.572 31.644 29.230 32.452 33.809 37.321 37.427 36.346 38.973 41.787 41.604 40.014 42.847 45.585 47.943 45.712 48.109 50.438 48.301 49.373 52.855 55.587 53.358 54.299 51.149
45.702 46.938 46.980 49.677 48.651 49.637 48.585 44.977 45.133 46.244 43.546 40.790 42.327 42.404 38.685 37.948 37.280 40.036 38.477 34.953 32.702 35.961 37.127 40.682 41.810 43.549 40.305 38.997 42.336 42.589 39.145 40.103 43.418 42.095 39.053 40.947 44.504 43.969 43.428 40.804 40.886 40.138 37.600 36.939 35.105 33.209 33.253 29.538 30.260 29.068 31.703 32.654 34.029 36.526 38.428 35.636 34.360 30.742 28.613 26.896 24.222 22.314 24.363 25.946 25.900 28.993 27.844 28.676 26.208 23.465 20.170 21.494 19.191 21.912 20.922 24.299 23.795 27.212 29.031 30.596 34.002 33.782 34.136 37.575 39.267 42.387 40.549 38.309 36.156 33.062 33.464 33.919 30.954 28.677 30.401 29.672 25.912 26.415 28.615 26.182 23.348 24.519 27.206 29.669 32.275 31.722 29.404 32.742 34.451 37.866 37.622 36.681 39.568 42.208 41.681 40.001 42.757 45.508 47.646 45.338 47.497 50.023 47.913 48.712 52.197 54.872 52.540 53.251 49.959
43.079 44.397 44.279 46.971 45.974 46.769 45.629 42.089 42.198 43.120 40.399 37.708 39.130 39.053 35.353 34.634 34.183 36.980 35.521 31.929 29.852 33.239 34.470 37.934 38.978 40.930 37.832 36.384 39.746 40.258 36.890 37.723 41.170 40.120 37.062 38.834 42.330 41.534 41.058 38.301 38.596 38.074 35.773 35.430 33.921 32.258 32.735 29.097 29.597 27.967 30.250 30.882 31.925 34.172 35.972 33.253 32.257 28.551 26.776 25.147 22.815 20.470 22.049 23.639 23.860 27.204 26.378 27.582 25.185 22.873 19.439 20.098 17.316 19.577 18.232 21.378 20.865 24.435 26.583 28.304 31.638 31.087 31.518 35.064 36.511 39.539 37.502 35.305 32.959 29.994 30.598 30.878 27.755 25.726 27.598 26.644 22.933 23.832 26.035 23.431 20.902 22.402 25.338 27.447 30.091 29.939 27.557 30.860 32.915 36.163 35.703 35.038 38.102 40.501 39.718 38.129 40.924 43.552 45.464 43.002 44.965 47.566 45.386 45.968 49.487 52.052 49.601 50.142 46.787
44.240 45.536 45.120 47.678 46.545 47.051 45.972 42.514 42.356 43.073 40.488 37.763 38.833 38.675 35.083 34.109 33.926 36.533 34.907 31.372 29.233 32.597 34.205 37.632 38.864 41.042 38.094 36.754 40.237 40.926 37.742 38.670 42.207 41.383 38.464 40.275 43.635 42.626 42.384 39.577 40.194 39.816 37.790 37.640 36.423 34.806 35.511 31.977 32.512 30.603 32.616 32.881 33.693 35.622 37.151 34.394 33.798 30.077 28.705 27.358 25.237 22.506 23.677 25.440 26.030 29.563 29.041 30.467 28.073 26.043 22.525 22.769 19.642 21.451 19.570 22.372 22.034 25.763 28.305 30.110 33.367 32.410 32.824 36.494 37.651 40.480 38.149 35.918 33.306 30.643 31.396 31.245 27.961 26.362 28.155 26.700 23.162 24.476 26.303 23.303 21.210 22.550 25.824 27.692 30.613 30.760 28.647 32.048 34.330 37.477 36.646 36.011 39.279 41.540 40.431 38.675 41.286 43.970 45.681 43.246 44.965 47.778 45.725 46.050 49.505 52.049 49.569 49.902 46.414
43.496 44.946 44.362 46.918 45.867 46.098 44.875 41.563 41.357 41.753 39.143 36.582 37.440 36.992 33.485 32.556 32.778 35.389 33.906 30.342 28.481 31.944 33.687 36.935 38.058 40.518 37.814 36.311 39.771 40.797 37.753 38.488 42.142 41.657 38.740 40.344 43.602 42.273 42.060 39.086 39.900 39.846 38.088 38.307 37.393 36.071 37.133 33.697 33.954 31.738 33.385 33.386 33.779 35.398 36.830 34.255 33.980 30.232 29.269 27.955 26.283 23.275 23.850 25.427 26.155 29.817 29.503 31.329 29.173 27.520 24.077 23.771 20.389 21.560 19.448 21.734 21.220 24.993 27.830 29.902 32.934 31.604 32.235 35.947 36.731 39.437 36.855 34.796 31.906 29.483 30.600 30.226 26.741 25.608 27.614 25.846 22.518 24.385 26.136 22.957 21.415 23.056 26.531 27.925 30.845 31.455 29.334 32.608 35.214 38.127 37.079 36.758 40.161 42.137 40.753 39.112 41.710 44.236 45.655 43.067 44.499 47.398 45.279 45.297 48.763 51.131 48.494 48.548 44.979
44.858 46.183 45.297 47.650 46.405 46.379 45.309 42.086 41.562 41.825 39.442 36.811 37.288 36.869 33.536 32.273 32.675 34.991 33.281 29.880 27.909 31.225 33.344 36.538 37.905 40.506 37.948 36.657 40.213 41.319 38.498 39.404 43.069 42.743 40.034 41.743 44.828 43.380 43.456 40.541 41.670 41.649 40.145 40.443 39.777 38.409 39.602 36.290 36.692 34.293 35.744 35.408 35.690 37.017 38.121 35.472 35.563 31.891 31.266 30.310 28.729 25.487 25.822 27.645 28.754 32.501 32.494 34.350 32.102 30.646 27.119 26.596 23.049 23.957 21.419 23.401 23.244 27.030 30.133 32.101 35.086 33.444 33.914 37.690 38.269 40.719 37.919 35.765 32.727 30.656 31.757 30.935 27.442 26.697 28.443 26.232 23.186 25.274 26.537 23.070 21.962 23.270 26.932 28.125 31.280 32.088 30.324 33.667 36.383 39.203 37.808 37.440 40.983 42.852 41.190 39.352 41.703 44.300 45.548 43.068 44.280 47.371 45.452 45.263 48.606 50.987 48.400 48.301 44.637
44.949 46.384 45.308 47.604 46.418 46.094 44.924 41.890 41.275 41.203 38.866 36.420 36.615 35.918 32.759 31.501 32.328 34.553 32.972 29.643 27.971 31.277 33.545 36.506 37.790 40.645 38.369 36.981 40.479 41.890 39.261 40.008 43.733 43.729 41.081 42.603 45.542 43.807 43.948 40.927 42.259 42.526 41.299 41.911 41.523 40.401 41.874 38.673 38.871 36.248 37.373 36.793 36.709 37.711 38.670 36.212 36.627 33.004 32.766 31.887 30.691 27.289 27.126 28.776 30.011 33.795 33.983 36.129 34.087 32.941 29.513 28.593 24.938 25.313 22.640 24.073 23.820 27.516 30.827 32.967 35.697 33.714 34.348 38.106 38.309 40.573 37.542 35.572 32.300 30.562 31.972 30.891 27.294 27.069 28.918 26.412 23.711 26.245 27.335 23.781 23.256 24.725 28.467 29.203 32.316 33.528 31.832 35.018 37.975 40.553 38.948 38.846 42.478 44.070 42.151 40.409 42.687 45.125 46.072 43.496 44.395 47.565 45.634 45.128 48.429 50.625 47.918 47.524 43.799
46.982 48.292 46.955 49.043 47.685 47.121 46.110 43.194 42.284 42.082 39.997 37.521 37.341 36.680 33.754 32.193 33.185 35.071 33.293 30.206 28.470 31.541 34.140 36.993 38.500 41.449 39.343 38.180 41.719 43.181 40.785 41.683 45.374 45.504 43.065 44.671 47.435 45.618 46.012 43.076 44.660 44.943 43.926 44.580 44.377 43.207 44.751 41.653 41.980 39.254 40.244 39.417 39.263 40.026 40.697 38.200 38.908 35.393 35.406 34.809 33.661 30.142 29.844 31.666 33.157 36.965 37.360 39.494 37.379 36.346 32.865 31.848 28.130 28.369 25.457 26.664 26.692 30.325 33.777 35.802 38.475 36.277 36.765 40.529 40.565 42.584 39.400 37.372 34.025 32.629 33.991 32.541 29.023 29.129 30.706 27.876 25.502 28.130 28.770 25.070 24.924 26.043 29.840 30.396 33.658 35.008 33.653 36.856 39.855 42.334 40.447 40.291 44.003 45.494 43.346 41.437 43.451 45.936 46.712 44.272 44.948 48.274 46.558 45.857 49.004 51.192 48.560 48.014 44.231
48.544 49.934 48.439 50.448 49.138 48.303 47.229 44.517 43.512 43.007 41.013 38.733 38.268 37.369 34.679 33.120 34.482 36.211 34.541 31.613 30.141 33.100 35.822 38.433 39.884 43.014 41.175 39.978 43.435 45.123 42.919 43.699 47.401 47.782 45.417 46.875 49.499 47.467 47.917 44.922 46.652 47.160 46.356 47.232 47.216 46.217 47.927 44.901 45.092 42.246 43.026 42.049 41.634 42.148 42.696 40.372 41.318 37.874 38.149 37.593 36.696 33.118 32.515 34.180 35.708 39.500 39.990 42.317 40.365 39.504 36.105 34.883 31.141 31.063 28.134 28.958 28.888 32.384 35.926 38.074 40.521 38.090 38.715 42.420 42.145 43.983 40.634 38.797 35.300 34.218 35.812 34.166 30.640 31.161 32.778 29.765 27.721 30.606 31.086 27.394 27.657 28.821 32.612 32.848 36.052 37.669 36.401 39.469 42.605 44.895 42.853 42.875 46.626 47.906 45.566 43.719 45.624 47.981 48.500 46.030 46.420 49.802 48.122 47.142 50.204 52.215 49.511 48.687 44.880
49.241 50.876 49.598 51.820 50.749 50.003 48.683 45.971 45.246 44.667 42.426 40.319 40.083 38.949 36.144 34.934 36.377 38.385 36.963 33.858 32.560 35.710 38.209 40.823 42.029 45.180 43.296 41.841 45.223 46.989 44.621 45.169 48.929 49.294 46.718 47.993 50.755 48.678 48.842 45.680 47.174 47.828 46.872 47.823 47.644 46.784 48.445 45.289 45.255 42.524 43.400 42.684 42.203 42.876 43.721 41.550 42.274 38.725 38.816 37.894 37.047 33.608 33.032 34.355 35.506 39.243 39.430 41.911 40.188 39.196 35.925 34.804 31.163 31.111 28.516 29.389 28.827 32.308 35.708 38.153 40.500 38.192 39.158 42.814 42.512 44.553 41.258 39.662 36.116 34.832 36.689 35.360 31.700 32.112 34.096 31.318 29.081 32.014 32.897 29.314 29.356 30.848 34.620 34.948 38.017 39.591 38.010 41.029 44.177 46.515 44.701 44.834 48.532 49.851 47.656 45.981 48.094 50.379 50.957 48.334 48.805 52.075 50.186 49.243 52.428 54.343 51.496 50.638 46.861
49.943 51.767 50.469 52.727 51.845 50.922 49.410 46.892 46.257 45.381 43.090 41.268 40.934 39.476 36.828 35.843 37.622 39.656 38.504 35.444 34.498 37.659 40.085 42.470 43.454 46.754 45.091 43.451 46.691 48.700 46.424 46.724 50.505 51.098 48.488 49.514 52.204 49.913 49.976 46.697 48.202 49.136 48.324 49.530 49.476 48.869 50.692 47.580 47.295 44.490 45.173 44.421 43.653 44.156 45.028 43.116 43.947 40.444 40.710 39.680 39.130 35.714 34.842 35.853 36.885 40.546 40.729 43.447 41.996 41.173 38.070 36.751 33.159 32.782 30.337 30.849 30.006 33.293 36.677 39.331 41.394 38.942 40.176 43.720 43.122 45.080 41.696 40.406 36.744 35.653 37.822 36.497 32.809 33.528 35.710 32.928 30.911 34.069 35.019 31.542 31.841 33.567 37.300 37.363 40.268 42.072 40.397 43.233 46.515 48.675 46.855 47.238 50.930 52.051 49.772 48.284 50.434 52.532 52.908 50.159 50.428 53.653 51.665 50.508 53.685 55.375 52.390 51.285 47.533
51.931 53.951 52.816 55.217 54.527 53.644 51.949 49.472 49.037 48.076 45.631 43.977 43.777 42.133 39.461 38.732 40.585 42.772 41.791 38.654 37.828 41.076 43.369 45.731 46.550 49.862 48.195 46.391 49.554 51.623 49.255 49.381 53.185 53.777 51.029 51.903 54.673 52.344 52.186 48.792 50.104 51.172 50.256 51.526 51.343 50.856 52.622 49.423 48.958 46.274 47.028 46.491 45.665 46.273 47.361 45.593 46.262 42.712 42.841 41.529 41.026 37.761 36.921 37.640 38.337 41.900 41.810 44.645 43.417 42.483 39.527 38.322 34.867 34.518 32.381 32.911 31.681 34.878 38.091 40.975 42.907 40.569 42.088 45.547 44.897 46.983 43.658 42.602 38.927 37.727 40.096 39.008 35.269 35.928 38.349 35.749 33.640 36.799 37.999 34.614 34.769 36.666 40.370 40.500 43.311 45.075 43.207 45.996 49.268 51.451 49.792 50.246 53.889 55.033 52.853 51.478 53.746 55.796 56.196 53.357 53.656 56.802 54.683 53.530 56.769 58.364 55.282 54.120 50.408
48.788 50.947 49.917 52.424 51.924 51.073 49.200 46.776 46.545 45.504 42.908 41.427 41.381 39.562 36.855 36.416 38.355 40.732 40.032 36.805 36.252 39.618 41.663 43.922 44.473 47.809 46.205 44.175 47.209 49.400 47.002 46.893 50.704 51.394 48.558 49.227 51.999 49.582 49.268 45.793 47.026 48.253 47.385 48.817 48.705 48.433 50.333 47.198 46.508 43.771 44.369 43.846 42.837 43.395 44.589 43.015 43.657 40.139 40.343 38.920 38.666 35.463 34.405 34.855 35.447 38.929 38.865 41.847 40.824 40.083 37.292 35.882 32.500 31.885 29.922 30.214 28.752 31.795 34.950 37.952 39.709 37.349 39.049 42.419 41.663 43.783 40.491 39.621 35.941 34.721 37.272 36.344 32.590 33.315 35.945 33.504 31.448 34.703 36.112 32.910 33.135 35.349 38.956 38.927 41.515 43.401 41.339 43.944 47.288 49.346 47.805 48.483 52.067 53.086 50.957 49.816 52.240 54.112 54.459 51.467 51.761 54.777 52.484 51.316 54.630 56.103 52.911 51.725 48.071
47.560 49.603 48.674 51.226 50.612 49.992 48.234 45.590 45.372 44.630 41.989 40.257 40.413 38.863 35.926 35.379 36.986 39.454 38.575 35.222 34.385 37.825 39.843 42.339 43.019 46.206 44.353 42.407 45.562 47.529 44.969 45.027 48.841 49.287 46.402 47.261 50.168 47.960 47.646 44.233 45.369 46.347 45.270 46.467 46.172 45.696 47.427 44.204 43.677 41.042 41.868 41.471 40.734 41.532 42.810 41.019 41.465 37.855 37.814 36.364 35.837 32.652 31.892 32.535 33.121 36.681 36.523 39.322 38.094 37.147 34.228 33.029 29.620 29.329 27.332 28.012 26.652 29.919 33.056 35.948 37.987 35.823 37.355 40.839 40.404 42.697 39.521 38.394 34.817 33.300 35.612 34.802 31.019 31.372 33.945 31.600 29.241 32.293 33.802 30.547 30.440 32.579 36.206 36.456 39.141 40.788 38.690 41.450 44.671 46.921 45.477 45.957 49.524 50.752 48.767 47.514 49.991 52.015 52.593 49.664 50.203 53.219 50.942 50.020 53.398 55.077 51.977 51.053 47.381
50.258 52.418 51.669 54.340 53.835 53.323 51.475 48.802 48.731 48.025 45.274 43.593 43.895 42.302 39.305 38.895 40.440 43.010 42.161 38.748 37.862 41.345 43.293 45.858 46.494 49.624 47.678 45.673 48.810 50.719 48.037 48.040 51.853 52.186 49.184 50.002 53.020 50.880 50.382 46.914 47.826 48.808 47.542 48.669 48.150 47.670 49.226 45.878 45.283 42.860 43.885 43.767 43.121 44.121 45.614 43.859 44.074 40.408 40.115 38.398 37.756 34.767 34.223 34.685 34.919 38.374 37.864 40.659 39.560 38.362 35.549 34.636 31.404 31.345 29.660 30.547 28.897 32.126 35.038 38.076 40.096 38.153 39.867 43.292 42.943 45.402 42.340 41.330 37.809 36.107 38.473 37.904 34.109 34.263 36.967 34.812 32.284 35.202 36.910 33.708 33.336 35.490 39.089 39.546 42.215 43.693 41.464 44.259 47.382 49.743 48.472 48.886 52.397 53.748 51.908 50.668 53.222 55.292 55.985 53.043 53.691 56.655 54.311 53.480 56.906 58.588 55.461 54.573 50.930
48.638 50.917 50.428 53.272 52.940 52.646 50.662 47.918 48.121 47.528 44.580 42.963 43.587 41.975 38.824 38.691 40.084 42.899 42.224 38.672 37.859 41.469 43.130 45.744 46.182 49.200 47.141 44.963 48.014 49.866 47.018 46.866 50.662 50.884 47.723 48.428 51.571 49.518 48.770 45.251 45.894 46.881 45.431 46.530 45.838 45.450 46.923 43.525 42.763 40.493 41.618 41.760 41.156 42.363 44.122 42.461 42.399 38.705 38.190 36.193 35.567 32.801 32.362 32.554 32.445 35.775 35.006 37.822 36.894 35.609 32.973 32.173 29.145 29.169 27.866 28.871 26.887 30.032 32.697 35.856 37.845 36.154 38.041 41.383 41.174 43.845 40.972 40.069 36.671 34.691 37.098 36.892 33.109 32.990 35.902 34.085 31.377 34.149 36.200 33.209 32.571 34.955 38.418 38.992 41.477 42.827 40.343 43.051 46.092 48.492 47.491 47.961 51.355 52.768 51.143 50.068 52.815 54.822 55.647 52.614 53.441 56.245 53.734 53.075 56.606 58.279 55.109 54.360 50.798
48.449 50.739 50.499 53.468 53.194 53.169 51.172 48.288 48.673 48.314 45.244 43.553 44.477 43.004 39.682 39.664 40.769 43.744 43.073 39.415 38.481 42.154 43.622 46.380 46.777 49.612 47.350 45.138 48.178 49.839 46.802 46.652 50.406 50.390 47.108 47.847 51.142 49.295 48.368 44.875 45.240 46.072 44.348 45.250 44.276 43.810 45.052 41.549 40.781 38.766 40.155 40.618 40.245 41.760 43.758 42.048 41.649 37.912 37.043 34.804 33.976 31.468 31.367 31.461 31.025 34.242 33.136 35.806 34.901 33.339 30.795 30.336 27.537 27.918 26.960 28.324 26.170 29.314 31.695 34.849 36.961 35.625 37.535 40.836 40.921 43.822 41.180 40.232 37.022 34.710 36.975 37.101 33.372 32.840 35.814 34.317 31.346 33.821 36.136 33.295 32.251 34.669 38.005 38.864 41.272 42.343 39.690 42.424 45.281 47.832 47.094 47.449 50.724 52.320 50.950 49.906 52.781 54.843 55.894 52.870 53.948 56.638 54.052 53.646 57.251 59.024 55.896 55.370 51.871
45.933 48.064 47.829 50.767 50.367 50.481 48.618 45.597 45.941 45.803 42.762 40.882 41.912 40.671 37.234 37.107 37.959 40.950 40.169 36.475 35.382 39.059 40.472 43.351 43.832 46.546 44.146 42.021 45.128 46.630 43.528 43.518 47.253 47.094 43.831 44.728 48.067 46.366 45.520 42.120 42.504 43.126 41.326 42.067 41.050 40.424 41.617 38.101 37.496 35.460 36.942 37.386 37.198 38.818 40.785 38.904 38.435 34.668 33.698 31.551 30.545 27.986 28.056 28.380 28.092 31.419 30.414 32.920 31.764 30.149 27.431 27.019 24.123 24.702 23.629 25.250 23.310 26.628 29.067 32.032 34.384 33.126 34.796 38.194 38.506 41.450 38.876 37.683 34.577 32.116 34.139 34.284 30.594 29.819 32.677 31.245 28.121 30.430 32.767 29.943 28.712 31.085 34.387 35.379 37.813 38.752 36.109 38.920 41.705 44.344 43.633 43.875 47.135 48.828 47.528 46.423 49.311 51.441 52.615 49.651 50.871 53.550 51.006 50.758 54.373 56.284 53.251 52.915 49.422
44.154 46.319 46.352 49.420 49.144 49.520 47.599 44.492 45.081 45.137 41.963 40.099 41.460 40.308 36.746 36.842 37.437 40.612 39.965 36.200 35.140 38.862 39.960 42.885 43.204 45.729 43.196 40.965 43.972 45.336 42.077 41.967 45.633 45.301 41.914 42.751 46.207 44.674 43.612 40.237 40.334 40.860 38.837 39.460 38.229 37.632 38.690 35.127 34.409 32.574 34.217 34.956 34.912 36.791 39.005 37.174 36.379 32.622 31.357 28.948 27.876 25.620 25.917 26.022 25.377 28.549 27.262 29.678 28.618 26.856 24.305 24.101 21.490 22.295 21.690 23.545 21.374 24.573 26.675 29.634 32.033 31.128 32.850 36.146 36.710 39.853 37.543 36.375 33.501 30.742 32.654 33.187 29.617 28.465 31.422 30.406 27.118 29.126 31.780 29.254 27.699 30.227 33.293 34.444 36.655 37.389 34.524 37.231 39.859 42.549 42.139 42.387 45.484 47.265 46.225 45.271 48.321 50.395 51.733 48.733 50.164 52.662 49.998 49.976 53.659 55.596 52.585 52.451 49.072
42.165 44.161 44.292 47.350 46.984 47.584 45.797 42.544 43.160 43.503 40.349 38.310 39.867 38.992 35.321 35.366 35.607 38.817 38.092 34.311 33.089 36.784 37.722 40.772 41.137 43.453 40.740 38.592 41.621 42.753 39.385 39.403 43.003 42.447 39.051 40.044 43.577 42.273 41.228 37.986 37.993 38.247 36.055 36.433 35.054 34.269 35.186 31.578 31.023 29.278 31.119 31.969 32.212 34.303 36.561 34.566 33.566 29.801 28.288 25.886 24.542 22.386 23.032 23.330 22.701 25.894 24.593 26.735 25.412 23.482 20.788 20.802 18.236 19.449 18.932 21.202 19.248 22.526 24.505 27.201 29.867 29.204 30.660 33.988 34.884 38.112 35.987 34.586 31.939 28.959 30.533 31.220 27.790 26.240 29.054 28.276 24.800 26.453 29.217 26.846 24.951 27.428 30.338 31.715 33.871 34.356 31.441 34.197 36.658 39.471 39.204 39.308 42.320 44.247 43.384 42.405 45.503 47.637 49.161 46.236 47.880 50.301 47.662 47.879 51.570 53.649 50.762 50.877 47.560
39.941 42.052 42.467 45.670 45.531 46.333 44.404 41.161 42.086 42.508 39.204 37.327 39.195 38.286 34.577 34.967 35.077 38.471 38.030 34.229 33.237 36.947 37.502 40.457 40.532 42.701 39.980 37.632 40.455 41.559 38.094 37.865 41.381 40.770 37.241 38.021 41.623 40.398 39.072 35.815 35.514 35.806 33.465 33.870 32.359 31.786 32.695 29.111 28.246 26.647 28.502 29.636 29.859 32.129 34.659 32.875 31.587 27.897 26.190 23.454 22.282 20.520 21.188 21.018 19.907 22.859 21.265 23.462 22.432 20.527 18.188 18.220 16.084 17.275 17.451 19.690 17.350 20.297 21.840 24.612 27.167 26.839 28.469 31.604 32.640 36.034 34.180 32.953 30.544 27.346 28.926 30.045 26.787 24.994 27.981 27.676 24.214 25.638 28.733 26.789 24.772 27.512 30.096 31.432 33.218 33.634 30.459 32.944 35.305 38.029 38.079 38.351 41.164 43.044 42.409 41.713 44.986 46.934 48.510 45.492 47.250 49.439 46.631 46.988 50.732 52.726 49.810 50.040 46.876
38.062 40.054 40.688 43.925 43.806 44.890 43.034 39.695 40.771 41.474 38.160 36.221 38.368 37.693 33.929 34.411 34.158 37.611 37.223 33.457 32.433 36.065 36.315 39.307 39.301 41.199 38.336 36.004 38.726 39.590 36.008 35.790 39.174 38.323 34.746 35.572 39.257 38.296 36.861 33.754 33.213 33.253 30.677 30.834 29.091 28.429 29.163 25.545 24.687 23.302 25.388 26.802 27.318 29.874 32.555 30.735 29.109 25.495 23.434 20.540 19.160 17.800 18.877 18.652 17.279 20.046 18.252 20.131 18.980 16.860 14.600 14.969 13.257 14.923 15.629 18.205 15.987 18.705 19.820 22.293 25.022 25.124 26.552 29.573 30.984 34.492 32.958 31.618 29.565 26.131 27.361 28.807 25.828 23.592 26.454 26.598 23.059 23.986 27.274 25.713 23.368 26.104 28.335 29.852 31.392 31.524 28.218 30.590 32.707 35.493 35.834 36.038 38.652 40.643 40.286 39.695 43.063 44.975 46.735 43.768 45.753 47.761 44.922 45.551 49.297 51.368 48.567 49.057 46.033
34.329 36.384 37.103 40.402 40.425 41.563 39.606 36.311 37.564 38.263 34.873 33.073 35.390 34.672 30.925 31.661 31.373 34.936 34.825 31.085 30.363 33.985 33.937 36.759 36.489 38.346 35.582 33.060 35.611 36.572 33.000 32.545 35.910 35.177 31.538 32.156 35.826 34.793 33.243 30.090 29.495 29.652 27.148 27.516 25.956 25.588 26.651 23.192 22.009 20.354 22.138 23.480 23.776 26.289 29.065 27.436 25.785 22.222 20.282 17.262 16.326 15.020 15.728 15.114 13.606 16.421 14.818 16.989 16.019 14.439 12.382 12.047 10.407 11.575 12.745 15.042 12.581 15.053 16.029 18.565 21.230 21.375 22.876 25.830 27.246 30.791 29.365 28.116 26.201 22.687 23.949 25.627 22.789 20.490 23.498 23.942 20.559 21.452 24.932 23.731 21.557 24.599 26.586 27.808 29.008 29.316 25.844 27.916 30.131 32.701 33.140 33.632 36.165 37.950 37.615 37.297 40.771 42.452 44.112 41.029 42.984 44.841 41.874 42.503 46.272 48.231 45.388 45.903 42.986
32.791 34.869 35.947 39.345 39.575 40.997 38.982 35.708 37.269 38.143 34.692 33.042 35.678 35.048 31.346 32.369 31.834 35.473 35.595 31.955 31.404 34.902 34.449 37.153 36.631 38.213 35.432 32.811 35.085 35.891 32.249 31.587 34.750 33.859 30.135 30.559 34.282 33.470 31.621 28.584 27.559 27.617 24.861 25.115 23.296 23.131 24.074 20.691 19.148 17.828 19.721 21.529 21.961 24.761 27.825 26.426 24.354 21.029 18.752 15.354 14.580 14.124 15.031 13.839 11.563 13.770 11.616 13.635 13.040 11.448 10.164 10.041 9.613 10.866 13.086 15.251 12.728 14.384 14.459 16.771 19.318 20.096 21.617 24.214 25.940 29.625 28.647 27.542 26.078 22.395 23.432 25.602 23.174 20.572 23.518 24.553 21.333 21.746 25.416 24.768 22.472 25.543 27.044 28.276 29.030 29.132 25.494 27.196 29.134 31.597 32.452 33.042 35.258 37.027 37.025 36.990 40.583 42.079 43.842 40.756 42.873 44.441 41.364 42.220 45.982 47.884 45.103 45.813 43.117
29.350 31.569 32.813 36.304 36.779 38.255 36.077 32.921 34.745 35.564 32.026 30.642 33.466 32.732 29.128 30.508 29.986 33.710 34.198 30.657 30.508 33.930 33.135 35.569 34.698 36.223 33.627 30.774 32.760 33.706 30.130 29.105 32.193 31.484 27.703 27.762 31.433 30.515 28.442 25.342 24.151 24.442 21.787 22.389 20.823 21.183 22.544 19.499 17.425 15.837 17.192 18.962 19.007 21.726 24.958 23.937 21.823 18.697 16.649 13.070 13.172 13.029 13.283 11.275 8.464 10.393 8.325 10.985 11.044 10.532 10.043 8.847 9.030 9.165 12.107 13.529 10.739 11.539 11.027 13.471 15.731 16.708 18.447 20.805 22.506 26.246 25.479 24.619 23.394 19.687 20.804 23.312 21.163 18.608 21.684 23.103 20.247 20.616 24.391 24.200 22.225 25.523 26.710 27.547 27.856 28.182 24.428 25.658 27.668 29.781 30.780 31.747 33.808 35.281 35.319 35.645 39.324 40.508 42.117 38.907 40.947 42.302 39.070 39.901 43.665 45.382 42.544 43.252 40.719
28.928 31.384 32.363 35.869 36.413 37.536 35.170 32.155 33.909 34.341 30.720 29.512 32.111 31.013 27.442 28.921 28.858 32.624 33.242 29.637 29.734 33.280 32.675 34.969 34.020 35.894 33.538 30.524 32.552 33.902 30.486 29.298 32.579 32.291 28.548 28.421 31.957 30.593 28.608 25.226 24.394 25.175 22.981 24.105 23.056 23.660 25.419 22.526 20.428 18.380 19.165 20.351 19.765 21.961 25.019 24.172 22.582 19.351 17.985 14.709 15.323 14.421 13.799 11.684 9.467 11.862 10.589 13.832 14.058 14.045 13.216 11.358 10.524 9.582 11.860 12.573 9.134 10.210 10.503 13.698 15.596 15.790 18.002 20.547 21.634 25.279 24.081 23.457 21.767 18.259 20.006 22.235 19.728 17.738 21.177 22.184 19.486 20.543 24.221 23.743 22.253 25.774 27.298 27.749 28.199 29.009 25.327 26.575 28.997 30.912 31.546 32.768 35.066 36.276 35.941 36.279 39.909 41.010 42.322 38.962 40.690 42.196 38.909 39.377 43.171 44.719 41.684 42.065 39.404
32.622 35.144 36.101 39.605 40.132 41.170 38.784 35.794 37.460 37.786 34.168 32.944 35.386 34.178 30.599 31.950 32.051 35.781 36.236 32.552 32.463 36.097 35.754 38.168 37.378 39.356 36.953 34.017 36.168 37.514 34.079 33.005 36.317 35.975 32.237 32.193 35.745 34.386 32.405 29.009 28.144 28.933 26.654 27.642 26.356 26.789 28.235 25.131 23.159 21.450 22.578 23.957 23.524 25.762 28.801 27.874 26.283 22.985 21.459 18.138 18.306 17.378 17.144 15.343 13.116 15.338 13.518 16.532 16.779 16.071 15.120 14.027 13.075 12.828 14.704 15.777 12.373 13.843 14.265 17.487 19.286 19.455 21.771 24.295 25.258 28.877 27.568 27.032 25.135 21.738 23.625 25.662 22.929 21.080 24.525 25.228 22.343 23.563 27.171 26.324 24.698 28.100 29.901 30.576 31.320 32.033 28.404 29.908 32.285 34.378 34.962 35.999 38.374 39.735 39.380 39.539 43.125 44.386 45.746 42.423 44.137 45.760 42.523 42.931 46.730 48.299 45.229 45.504 42.749
35.926 38.334 39.101 42.515 42.818 43.754 41.505 38.427 39.830 40.157 36.627 35.178 37.399 36.250 32.608 33.619 33.773 37.405 37.534 33.772 33.352 37.054 37.065 39.693 39.218 41.298 38.773 36.032 38.446 39.723 36.258 35.485 38.892 38.450 34.764 35.016 38.604 37.280 35.516 32.145 31.470 32.096 29.768 30.531 29.107 29.158 30.356 27.017 25.440 23.831 25.300 26.644 26.466 28.736 31.611 30.369 28.875 25.397 23.762 20.597 20.202 18.961 19.111 17.924 16.078 18.583 16.733 19.414 19.196 17.889 16.401 15.855 14.425 14.821 16.055 17.626 14.528 16.665 17.556 20.659 22.730 22.703 24.817 27.574 28.532 32.081 30.543 29.788 27.646 24.320 26.157 27.848 24.854 23.045 26.380 26.677 23.530 24.879 28.338 27.038 25.247 28.445 30.578 31.518 32.675 33.279 29.784 31.682 34.062 36.416 36.812 37.563 40.112 41.683 41.227 41.065 44.553 46.080 47.522 44.293 46.020 47.864 44.767 45.140 48.934 50.648 47.609 47.837 44.913
38.130 40.536 41.569 45.042 45.431 46.579 44.334 41.231 42.777 43.256 39.704 38.270 40.652 39.597 35.947 37.017 36.987 40.637 40.747 37.005 36.478 40.131 40.030 42.721 42.234 44.126 41.484 38.784 41.116 42.190 38.628 37.858 41.124 40.446 36.713 36.959 40.620 39.539 37.584 34.332 33.306 33.772 31.157 31.654 29.841 29.831 30.629 27.216 25.595 24.527 26.347 28.157 28.268 30.831 33.903 32.696 30.849 27.490 25.457 22.059 21.408 20.732 21.357 20.043 17.714 19.709 17.225 19.522 19.520 17.731 16.677 16.874 16.130 17.059 18.734 20.569 17.540 19.354 19.665 22.577 24.593 25.067 27.173 29.691 30.901 34.564 33.325 32.633 30.744 27.294 28.942 30.886 28.073 26.010 29.238 29.796 26.575 27.572 31.114 29.965 27.878 30.926 32.879 34.089 35.159 35.447 31.896 33.756 35.838 38.299 38.984 39.586 41.941 43.681 43.501 43.365 46.898 48.460 50.086 46.927 48.833 50.551 47.441 48.014 51.805 53.558 50.588 50.962 48.134
41.321 43.597 44.470 47.855 48.025 49.113 47.018 43.821 45.133 45.656 42.199 40.546 42.753 41.801 38.100 38.860 38.820 42.360 42.165 38.386 37.543 41.211 41.407 44.289 44.097 46.036 43.272 40.775 43.331 44.303 40.717 40.236 43.562 42.766 39.097 39.625 43.316 42.300 40.546 37.339 36.475 36.765 34.104 34.381 32.457 32.088 32.648 29.066 27.847 26.871 28.964 30.725 31.076 33.675 36.600 35.107 33.330 29.843 27.718 24.499 23.383 22.478 23.430 22.624 20.626 22.859 20.451 22.457 22.021 19.796 18.296 18.936 17.853 19.256 20.430 22.639 19.914 22.177 22.831 25.623 27.891 28.221 30.122 32.840 34.091 37.703 36.294 35.381 33.330 29.922 31.471 33.141 30.163 28.096 31.175 31.426 28.012 29.041 32.415 30.919 28.670 31.457 33.647 35.119 36.535 36.680 33.286 35.476 37.516 40.209 40.741 41.057 43.540 45.484 45.239 44.807 48.232 50.042 51.767 48.723 50.665 52.567 49.602 50.177 53.952 55.859 52.944 53.314 50.351
43.013 45.300 45.897 49.202 49.245 50.077 48.005 44.840 45.922 46.255 42.861 41.155 43.074 42.006 38.337 38.894 39.110 42.553 42.209 38.405 37.486 41.205 41.729 44.641 44.619 46.787 44.095 41.665 44.389 45.518 42.025 41.654 45.122 44.492 40.893 41.511 45.141 43.923 42.377 39.071 38.521 38.931 36.478 36.895 35.191 34.750 35.464 31.856 30.802 29.541 31.497 32.929 33.123 35.483 38.197 36.598 35.151 31.537 29.695 26.708 25.599 24.200 24.927 24.404 22.832 25.416 23.353 25.554 24.932 22.830 20.938 21.307 19.641 20.847 21.409 23.515 20.875 23.504 24.681 27.622 29.913 29.799 31.718 34.646 35.625 39.105 37.363 36.407 34.028 30.824 32.568 33.862 30.629 28.887 31.986 31.786 28.377 29.783 32.945 31.057 29.021 31.739 34.273 35.662 37.380 37.727 34.489 36.887 39.145 41.860 42.070 42.360 45.071 46.975 46.454 45.834 49.145 51.061 52.658 49.611 51.376 53.495 50.614 50.970 54.732 56.640 53.664 53.835 50.713
46.064 48.220 48.654 51.857 51.692 52.450 50.531 47.302 48.151 48.515 45.240 43.346 45.075 44.114 40.438 40.694 40.905 44.203 43.572 39.781 38.579 42.264 43.078 46.134 46.392 48.600 45.828 43.607 46.516 47.558 44.083 43.974 47.480 46.770 43.259 44.120 47.747 46.577 45.231 41.980 41.592 41.858 39.400 39.652 37.902 37.176 37.728 34.030 33.314 32.090 34.214 35.557 35.927 38.281 40.835 39.000 37.652 33.965 32.100 29.317 27.885 26.298 27.240 27.131 25.848 28.592 26.628 28.629 27.687 25.347 23.149 23.774 21.876 23.368 23.504 25.836 23.522 26.432 27.856 30.670 33.147 32.908 34.632 37.713 38.715 42.123 40.238 39.085 36.587 33.464 35.099 36.125 32.792 31.089 34.003 33.516 30.012 31.438 34.375 32.185 30.075 32.491 35.224 36.807 38.831 39.073 36.034 38.698 40.919 43.802 43.845 43.884 46.707 48.764 48.160 47.266 50.441 52.571 54.231 51.309 53.079 55.369 52.644 52.984 56.707 58.747 55.836 55.996 52.760
49.067 51.342 51.721 54.934 54.822 55.434 53.431 50.292 51.112 51.289 48.004 46.212 47.799 46.659 43.054 43.316 43.757 47.020 46.397 42.613 41.464 45.166 46.128 49.134 49.401 51.747 49.070 46.819 49.737 50.913 47.495 47.331 50.884 50.293 46.784 47.565 51.156 49.852 48.489 45.151 44.801 45.234 42.857 43.237 41.539 40.903 41.486 37.798 37.008 35.779 37.823 39.129 39.348 41.589 44.125 42.375 41.141 37.446 35.705 32.910 31.598 29.950 30.725 30.525 29.219 31.930 29.928 32.070 31.301 29.013 26.906 27.460 25.527 26.825 26.877 29.004 26.570 29.446 30.933 33.917 36.222 35.849 37.752 40.809 41.602 44.963 42.961 41.964 39.312 36.329 38.178 39.097 35.661 34.200 37.194 36.530 33.113 34.756 37.609 35.272 33.337 35.734 38.602 40.098 42.209 42.573 39.582 42.261 44.569 47.413 47.363 47.447 50.333 52.337 51.627 50.706 53.837 55.972 57.535 54.582 56.225 58.586 55.858 56.048 59.766 61.727 58.738 58.728 55.439
48.360 50.567 50.673 53.767 53.507 53.904 51.975 48.870 49.463 49.514 46.339 44.482 45.817 44.647 41.103 41.165 41.773 44.909 44.173 40.423 39.245 42.937 44.133 47.117 47.517 50.024 47.441 45.269 48.300 49.598 46.303 46.242 49.884 49.456 46.050 46.917 50.416 48.952 47.824 44.455 44.426 44.920 42.768 43.275 41.843 41.166 41.980 38.329 37.661 36.095 37.945 38.893 38.972 40.970 43.263 41.419 40.504 36.751 35.308 32.786 31.542 29.481 30.011 30.077 29.208 32.219 30.622 32.913 31.933 29.872 27.444 27.638 25.256 26.319 25.866 27.846 25.626 28.741 30.657 33.644 36.007 35.254 37.052 40.283 40.884 44.080 41.817 40.714 37.851 35.077 36.992 37.566 34.001 32.812 35.739 34.723 31.393 33.309 35.932 33.344 31.664 34.007 37.094 38.429 40.729 41.307 38.478 41.265 43.769 46.567 46.220 46.326 49.392 51.300 50.334 49.289 52.303 54.477 55.895 52.954 54.427 56.950 54.319 54.326 58.001 59.964 56.962 56.814 53.420
50.692 52.779 52.658 55.616 55.157 55.398 53.614 50.505 50.837 50.844 47.823 45.832 46.905 45.798 42.320 42.085 42.771 45.712 44.735 41.057 39.691 43.305 44.808 47.846 48.497 51.091 48.525 46.547 49.725 51.019 47.819 47.969 51.654 51.255 47.973 49.020 52.456 50.954 50.061 46.730 46.937 47.372 45.325 45.789 44.451 43.598 44.412 40.752 40.327 38.654 40.503 41.244 41.363 43.238 45.311 43.298 42.594 38.807 37.496 35.227 33.848 31.541 32.078 32.483 31.949 35.134 33.749 35.981 34.761 32.683 30.004 30.185 27.548 28.649 27.766 29.767 27.863 31.174 33.368 36.258 38.730 37.758 39.384 42.752 43.279 46.337 43.887 42.629 39.626 37.029 38.886 39.132 35.494 34.474 37.215 35.864 32.577 34.603 36.929 34.061 32.500 34.569 37.848 39.209 41.773 42.383 39.795 42.766 45.316 48.174 47.583 47.539 50.738 52.684 51.546 50.269 53.109 55.432 56.808 53.974 55.353 58.056 55.590 55.494 59.100 61.137 58.188 57.959 54.458
52.028 54.187 53.888 56.784 56.335 56.328 54.491 51.524 51.744 51.497 48.535 46.661 47.486 46.184 42.851 42.576 43.568 46.404 45.458 41.846 40.615 44.205 45.884 48.790 49.444 52.230 49.853 47.854 51.032 52.534 49.480 49.571 53.315 53.145 49.924 50.885 54.212 52.493 51.688 48.277 48.674 49.314 47.486 48.169 47.050 46.325 47.344 43.748 43.245 41.372 42.993 43.510 43.380 45.002 46.934 45.014 44.578 40.803 39.783 37.628 36.475 33.966 34.175 34.551 34.184 37.443 36.250 38.696 37.568 35.718 33.022 32.902 30.089 30.838 29.737 31.399 29.489 32.780 35.180 38.192 40.495 39.230 40.959 44.342 44.571 47.472 44.819 43.685 40.486 38.156 40.230 40.239 36.512 35.869 38.645 37.027 33.950 36.284 38.435 35.421 34.215 36.304 39.723 40.829 43.461 44.335 41.847 44.789 47.523 50.250 49.451 49.538 52.849 54.630 53.270 51.987 54.740 57.008 58.175 55.300 56.446 59.248 56.811 56.470 60.031 61.950 58.922 58.457 54.896
51.971 53.994 53.431 56.159 55.524 55.327 53.633 50.705 50.661 50.339 47.557 45.588 46.135 44.885 41.659 41.115 42.214 44.843 43.728 40.223 38.914 42.408 44.340 47.216 48.055 50.942 48.657 46.817 50.091 51.644 48.743 48.991 52.763 52.705 49.638 50.723 53.930 52.126 51.583 48.222 48.912 49.536 47.907 48.633 47.731 46.919 48.078 44.552 44.218 42.119 43.596 43.801 43.614 45.020 46.677 44.645 44.499 40.737 39.972 38.129 36.987 34.192 34.248 34.923 34.967 38.408 37.563 40.017 38.678 36.993 34.073 33.731 30.638 31.243 29.701 31.236 29.670 33.096 35.806 38.693 41.060 39.510 41.041 44.542 44.648 47.350 44.503 43.222 39.899 37.809 39.832 39.483 35.727 35.328 37.910 35.963 33.035 35.529 37.360 34.138 33.190 35.094 38.658 39.632 42.440 43.461 41.211 44.240 47.081 49.761 48.685 48.733 52.172 53.880 52.301 50.865 53.447 55.770 56.814 54.018 55.008 57.961 55.678 55.190 58.663 60.609 57.629 57.066 53.425
54.167 56.228 55.506 58.155 57.512 57.093 55.381 52.593 52.430 51.889 49.199 47.335 47.635 46.236 43.182 42.575 43.931 46.416 45.308 41.913 40.708 44.125 46.223 48.966 49.833 52.867 50.756 48.939 52.200 53.909 51.154 51.374 55.170 55.294 52.304 53.329 56.429 54.462 54.009 50.610 51.456 52.231 50.778 51.657 50.916 50.186 51.473 47.999 47.627 45.406 46.724 46.765 46.400 47.600 49.122 47.165 47.238 43.513 42.969 41.229 40.239 37.326 37.162 37.822 37.985 41.449 40.731 43.313 42.041 40.497 37.582 37.067 33.890 34.264 32.580 33.851 32.318 35.683 38.517 41.465 43.687 41.923 43.513 47.001 46.866 49.411 46.409 45.233 41.776 39.942 42.110 41.550 37.768 37.687 40.246 38.083 35.372 38.071 39.713 36.394 35.744 37.597 41.241 42.016 44.877 46.089 43.961 46.961 49.919 52.491 51.240 51.369 54.883 56.461 54.702 53.241 55.712 57.996 58.861 56.065 56.844 59.883 57.659 56.958 60.361 62.203 59.182 58.407 54.727
53.920 55.851 54.877 57.348 56.548 55.929 54.351 51.640 51.230 50.592 48.096 46.184 46.198 44.833 41.934 41.089 42.571 44.828 43.596 40.351 39.132 42.415 44.731 47.389 48.402 51.527 49.552 47.883 51.190 52.967 50.393 50.732 54.528 54.788 51.965 53.070 56.023 53.964 53.757 50.421 51.543 52.324 51.090 52.034 51.521 50.754 52.192 48.820 48.568 46.142 47.284 47.024 46.573 47.535 48.783 46.767 47.131 43.464 43.192 41.752 40.829 37.692 37.344 38.235 38.762 42.345 41.956 44.548 43.128 41.780 38.718 37.974 34.596 34.786 32.745 33.826 32.616 36.025 39.101 41.915 44.146 42.121 43.527 47.080 46.804 49.127 45.961 44.680 41.134 39.575 41.693 40.794 37.036 37.226 39.584 37.131 34.641 37.481 38.798 35.340 35.002 36.686 40.412 40.997 43.969 45.351 43.461 46.481 49.536 52.011 50.502 50.634 54.244 55.707 53.734 52.168 54.461 56.753 57.462 54.741 55.337 58.497 56.424 55.560 58.855 60.689 57.718 56.828 53.097
57.264 59.203 58.132 60.536 59.708 58.951 57.393 54.774 54.263 53.501 51.098 49.239 49.073 47.646 44.886 43.965 45.582 47.697 46.420 43.291 42.085 45.263 47.718 50.301 51.382 54.572 52.696 51.094 54.402 56.234 53.756 54.120 57.913 58.249 55.487 56.590 59.480 57.353 57.210 53.870 55.068 55.909 54.747 55.734 55.265 54.499 55.945 52.577 52.343 49.906 51.020 50.707 50.205 51.079 52.248 50.254 50.720 47.078 46.882 45.487 44.582 41.418 41.027 41.926 42.480 46.056 45.674 48.299 46.902 45.549 42.487 41.750 38.363 38.517 36.432 37.429 36.242 39.612 42.716 45.555 47.719 45.611 47.042 50.578 50.184 52.414 49.172 47.948 44.346 42.939 45.109 44.086 40.342 40.688 42.991 40.419 38.052 40.951 42.125 38.611 38.400 39.965 43.722 44.251 47.282 48.718 46.939 49.972 53.050 55.495 53.883 54.000 57.645 59.069 57.001 55.371 57.553 59.860 60.477 57.806 58.275 61.502 59.509 58.522 61.743 63.526 60.561 59.539 55.790
60.096 61.906 60.684 62.949 61.958 61.101 59.701 57.103 56.383 55.623 53.397 51.444 51.074 49.760 47.109 45.950 47.563 49.456 47.982 45.005 43.655 46.663 49.329 51.909 53.196 56.387 54.546 53.146 56.521 58.300 55.928 56.468 60.235 60.566 57.934 59.175 61.994 59.889 59.926 56.667 58.004 58.761 57.657 58.573 58.146 57.246 58.655 55.302 55.244 52.784 53.919 53.497 53.065 53.874 54.878 52.769 53.356 49.744 49.605 48.383 47.371 44.128 43.796 44.903 45.628 49.261 48.974 51.512 49.964 48.575 45.400 44.711 41.255 41.485 39.215 40.251 39.296 42.723 45.919 48.639 50.879 48.697 49.968 53.554 53.159 55.277 51.967 50.622 47.009 45.730 47.780 46.553 42.859 43.275 45.373 42.633 40.355 43.218 44.138 40.518 40.387 41.675 45.464 46.014 49.185 50.596 49.041 52.162 55.207 57.674 55.905 55.885 59.576 61.024 58.856 57.051 59.046 61.452 62.035 59.508 59.900 63.235 61.420 60.377 63.489 65.329 62.462 61.405 57.623
27.875 30.340 29.477 32.242 32.489 31.765 29.231 27.097 27.766 26.460 23.262 22.671 23.459 20.991 18.192 19.450 21.632 24.790 25.809 22.603 23.916 27.302 27.657 28.959 27.967 31.211 30.222 27.179 29.276 32.102 29.961 28.655 32.293 33.728 30.888 30.497 32.876 29.946 29.285 25.671 27.098 29.075 29.107 31.535 32.521 33.423 36.384 34.290 32.729 29.338 28.351 27.033 24.763 24.322 25.412 24.990 26.097 23.322 24.790 23.835 25.472 22.629 19.701 18.990 20.183 23.022 24.466 27.774 27.527 28.765 27.022 23.861 21.163 18.248 16.890 14.564 13.089 14.287 17.465 20.165 20.785 17.634 19.596 22.447 20.913 22.710 19.394 19.203 15.561 14.811 18.170 17.716 14.430 16.157 19.357 17.959 17.295 20.762 22.653 21.252 22.541 25.979 28.310 26.862 27.746 30.476 27.940 29.019 32.669 33.545 32.380 34.405 37.466 37.455 35.450 35.675 38.592 39.275 39.140 35.543 35.673 37.876 34.868 33.632 37.153 38.027 34.481 33.386 30.177
27.684 30.489 30.057 33.077 33.712 33.209 30.399 28.353 29.482 28.195 24.769 24.513 25.693 23.106 20.345 22.093 24.104 27.440 28.711 25.496 26.889 30.292 30.331 31.586 30.308 33.372 32.354 29.097 30.941 33.736 31.457 29.828 33.375 34.748 31.709 30.997 33.483 30.592 29.461 25.712 26.665 28.874 28.731 31.287 32.102 33.293 36.207 34.096 32.176 28.981 28.001 27.066 24.675 24.448 25.989 25.912 26.622 23.899 25.102 23.670 25.518 23.076 20.202 18.808 19.315 21.827 22.925 26.459 26.688 27.961 26.602 23.494 21.194 18.216 17.632 15.349 13.046 13.717 16.337 19.455 19.688 16.857 19.444 21.979 20.414 22.523 19.553 19.900 16.568 15.459 19.044 19.298 16.242 17.554 21.054 20.254 19.420 22.586 24.888 23.791 24.724 28.332 30.486 29.198 29.821 32.375 29.551 30.438 33.954 34.803 34.015 36.146 39.011 39.017 37.288 37.758 40.850 41.406 41.363 37.689 37.953 39.899 36.697 35.607 39.176 39.905 36.300 35.269 32.280
31.067 33.995 33.605 36.615 37.338 36.721 33.846 31.950 33.058 31.595 28.231 28.107 29.106 26.365 23.787 25.455 27.649 30.879 32.077 28.883 30.187 33.609 33.844 35.105 33.897 37.037 36.065 32.845 34.695 37.525 35.263 33.634 37.168 38.550 35.488 34.735 37.217 34.299 33.083 29.316 30.132 32.434 32.208 34.757 35.418 36.620 39.417 37.167 35.176 32.128 31.321 30.597 28.254 28.121 29.742 29.709 30.338 27.567 28.591 26.933 28.634 26.234 23.576 22.116 22.268 24.718 25.406 29.053 29.441 30.455 29.107 26.237 23.933 21.226 20.739 18.794 16.243 17.073 19.462 22.790 22.919 20.289 23.069 25.468 23.820 25.897 22.985 23.564 20.250 19.242 22.847 23.079 19.992 21.289 24.792 23.854 22.890 26.115 28.407 27.074 27.921 31.475 33.820 32.652 33.443 35.956 33.125 34.136 37.637 38.566 37.778 39.843 42.747 42.804 41.056 41.456 44.516 45.125 45.050 41.389 41.569 43.562 40.388 39.190 42.711 43.343 39.698 38.484 35.495
32.443 35.559 35.538 38.733 39.671 39.291 36.293 34.372 35.762 34.430 30.930 30.888 32.175 29.478 26.829 28.677 30.656 34.024 35.259 31.982 33.185 36.677 36.765 38.123 36.826 39.813 38.703 35.392 37.157 39.864 37.424 35.671 39.146 40.355 37.118 36.239 38.871 36.097 34.533 30.720 31.086 33.418 32.905 35.400 35.766 37.081 39.704 37.351 35.138 32.364 31.753 31.463 29.217 29.416 31.419 31.498 31.721 28.920 29.564 27.473 29.135 27.070 24.672 22.823 22.332 24.520 24.688 28.433 29.160 29.994 28.919 26.296 24.315 21.826 21.907 20.282 17.215 17.871 19.720 23.314 23.314 21.175 24.295 26.490 25.037 27.414 24.863 25.659 22.617 21.230 24.808 25.522 22.517 23.368 27.038 26.461 25.212 28.188 30.796 29.568 30.034 33.667 35.951 35.037 35.751 38.031 34.978 35.970 39.318 40.353 39.870 41.893 44.672 44.861 43.364 43.850 47.049 47.669 47.758 44.074 44.439 46.289 43.004 41.995 45.568 46.187 42.544 41.453 38.587
35.167 38.408 38.407 41.571 42.665 42.142 39.033 37.342 38.769 37.208 33.765 33.971 35.113 32.214 29.806 31.728 33.916 37.187 38.513 35.329 36.631 40.074 40.217 41.444 40.078 43.126 42.171 38.834 40.486 43.300 40.962 39.099 42.515 43.842 40.638 39.606 42.136 39.268 37.628 33.823 34.127 36.636 36.205 38.800 39.174 40.612 43.219 40.881 38.557 35.881 35.241 35.016 32.673 32.780 34.770 35.031 35.290 32.583 33.250 31.095 32.800 30.821 28.443 26.491 25.833 27.819 27.813 31.593 32.533 33.322 32.374 29.855 27.973 25.546 25.704 24.079 20.993 21.504 23.132 26.742 26.471 24.397 27.645 29.606 27.935 30.149 27.652 28.757 25.758 24.620 28.276 28.953 26.036 27.053 30.693 30.064 28.928 31.954 34.498 33.229 33.770 37.377 39.708 38.747 39.460 41.797 38.766 39.710 43.062 44.022 43.536 45.624 48.384 48.491 46.959 47.499 50.663 51.210 51.182 47.478 47.699 49.517 46.224 45.065 48.571 49.006 45.305 44.011 41.217
37.513 40.834 41.097 44.384 45.569 45.243 42.099 40.326 41.902 40.491 36.963 37.122 38.453 35.646 33.123 35.068 37.073 40.444 41.703 38.418 39.552 43.076 43.180 44.556 43.209 46.150 45.029 41.672 43.338 46.011 43.505 41.633 45.025 46.157 42.817 41.778 44.457 41.751 39.889 36.079 36.044 38.478 37.758 40.213 40.280 41.713 44.101 41.632 39.205 36.806 36.427 36.581 34.422 34.850 37.116 37.356 37.285 34.507 34.814 32.332 33.874 32.139 30.070 27.950 26.823 28.638 28.131 31.891 33.026 33.537 32.759 30.564 28.908 26.800 27.307 26.052 22.688 23.229 24.493 28.231 27.995 26.350 29.736 31.611 30.194 32.647 30.407 31.537 28.699 27.245 30.806 31.775 28.847 29.500 33.231 32.794 31.372 34.217 36.979 35.702 35.911 39.532 41.871 41.172 41.911 44.026 40.844 41.859 45.076 46.192 45.921 47.900 50.593 50.871 49.532 50.063 53.324 53.950 54.095 50.397 50.795 52.556 49.207 48.219 51.777 52.268 48.588 47.418 44.668
39.868 43.311 43.678 46.970 48.349 47.974 44.712 43.134 44.827 43.273 39.761 40.158 41.469 38.522 36.178 38.268 40.372 43.708 45.102 41.891 43.144 46.626 46.674 47.926 46.452 49.388 48.386 44.968 46.480 49.222 46.781 44.760 48.064 49.277 45.947 44.723 47.317 44.566 42.569 38.784 38.614 41.203 40.539 43.085 43.150 44.747 47.115 44.710 42.134 39.862 39.426 39.676 37.422 37.793 40.102 40.553 40.451 37.799 38.109 35.551 37.191 35.618 33.546 31.256 29.943 31.488 30.838 34.587 35.979 36.513 35.948 33.827 32.361 30.257 30.932 29.622 26.213 26.515 27.506 31.222 30.700 29.185 32.696 34.305 32.745 35.092 32.999 34.419 31.704 30.392 34.001 35.049 32.252 32.979 36.707 36.348 35.029 37.849 40.619 39.413 39.653 43.289 45.586 44.845 45.495 47.631 44.423 45.327 48.510 49.531 49.337 51.404 54.022 54.219 52.915 53.560 56.830 57.351 57.420 53.692 54.010 55.674 52.281 51.222 54.731 55.049 51.331 50.046 47.416
42.770 46.222 46.604 49.895 51.265 50.873 47.617 46.041 47.700 46.128 42.635 43.004 44.262 41.307 38.967 40.979 43.111 46.426 47.740 44.504 45.666 49.177 49.326 50.635 49.232 52.197 51.160 47.772 49.338 52.062 49.590 47.615 50.937 52.107 48.752 47.568 50.197 47.469 45.459 41.673 41.456 44.014 43.269 45.750 45.702 47.243 49.509 47.015 44.458 42.287 41.986 42.341 40.170 40.625 42.968 43.366 43.211 40.502 40.702 38.063 39.570 38.007 36.072 33.829 32.423 33.976 33.137 36.847 38.243 38.592 38.007 36.062 34.588 32.663 33.329 32.190 28.753 29.194 30.170 33.915 33.458 32.024 35.534 37.160 35.646 38.011 35.924 37.326 34.582 33.245 36.836 37.860 34.997 35.681 39.416 38.988 37.569 40.405 43.181 41.856 42.020 45.615 48.005 47.360 48.116 50.202 46.987 47.987 51.156 52.260 52.067 54.064 56.713 56.980 55.680 56.257 59.522 60.111 60.207 56.492 56.815 58.524 55.149 54.078 57.586 57.913 54.191 52.867 50.211
44.183 47.498 47.683 50.916 52.024 51.564 48.463 46.723 48.129 46.609 43.178 43.268 44.360 41.503 39.044 40.739 42.891 46.145 47.183 43.873 44.796 48.361 48.789 50.275 49.142 52.207 51.052 47.807 49.629 52.304 49.780 48.059 51.514 52.601 49.251 48.341 51.060 48.354 46.553 42.739 42.715 45.091 44.261 46.588 46.464 47.730 49.921 47.245 44.927 42.681 42.584 42.877 40.881 41.416 43.664 43.750 43.670 40.749 40.889 38.313 39.532 37.710 35.919 34.012 32.809 34.727 33.888 37.568 38.620 38.714 37.782 35.953 34.165 32.454 32.788 31.896 28.573 29.498 30.853 34.632 34.560 32.973 36.309 38.272 36.876 39.287 36.958 38.029 35.051 33.656 37.195 37.968 34.863 35.537 39.233 38.508 36.910 39.867 42.544 40.909 41.031 44.509 47.124 46.603 47.650 49.707 46.580 47.860 51.089 52.388 52.018 53.825 56.644 57.059 55.643 55.965 59.159 59.959 60.114 56.462 56.798 58.724 55.463 54.372 57.901 58.403 54.710 53.381 50.532
47.079 50.441 50.799 54.109 55.279 54.944 51.819 50.031 51.533 50.103 46.618 46.683 47.891 45.085 42.558 44.269 46.312 49.626 50.618 47.247 48.057 51.669 52.079 53.663 52.545 55.541 54.278 51.024 52.856 55.434 52.803 51.081 54.514 55.465 52.032 51.121 53.932 51.340 49.395 45.590 45.344 47.660 46.638 48.851 48.504 49.750 51.755 48.995 46.629 44.615 44.715 45.270 43.415 44.156 46.574 46.648 46.349 43.397 43.292 40.517 41.598 39.962 38.404 36.416 34.924 36.698 35.516 39.109 40.282 40.150 39.349 37.801 36.193 34.737 35.286 34.640 31.193 32.125 33.242 37.051 37.001 35.694 39.091 40.985 39.749 42.295 40.129 41.220 38.343 36.770 40.243 41.190 38.087 38.542 42.278 41.672 39.902 42.729 45.533 43.891 43.791 47.252 49.868 49.534 50.605 52.502 49.287 50.618 53.739 55.147 54.926 56.647 59.415 59.953 58.672 58.981 62.235 63.095 63.370 59.724 60.178 62.067 58.771 57.790 61.353 61.890 58.208 56.953 54.132
48.605 52.068 52.649 56.034 57.395 57.174 53.946 52.230 53.932 52.522 48.975 49.186 50.552 47.716 45.222 47.119 49.091 52.474 53.597 50.229 51.110 54.720 54.964 56.505 55.243 58.142 56.883 53.544 55.231 57.780 55.115 53.247 56.584 57.499 54.015 52.943 55.755 53.224 51.071 47.298 46.798 49.176 48.082 50.304 49.854 51.249 53.167 50.466 47.931 46.125 46.234 46.996 45.134 45.959 48.531 48.777 48.301 45.456 45.232 42.300 43.456 42.090 40.600 38.375 36.591 38.052 36.646 40.180 41.634 41.500 40.995 39.570 38.263 36.848 37.712 37.077 33.502 34.168 34.922 38.716 38.458 37.421 40.943 42.593 41.394 43.985 42.063 43.352 40.669 39.031 42.488 43.677 40.710 41.045 44.824 44.451 42.680 45.364 48.299 46.824 46.618 50.135 52.625 52.334 53.253 55.068 51.749 52.951 55.968 57.330 57.304 59.081 61.716 62.245 61.116 61.565 64.896 65.670 65.982 62.306 62.819 64.561 61.179 60.274 63.842 64.294 60.603 59.391 56.698
51.734 55.215 55.929 59.366 60.761 60.644 57.410 55.648 57.411 56.083 52.501 52.675 54.123 51.339 48.786 50.676 52.558 55.982 57.053 53.635 54.411 58.057 58.298 59.926 58.693 61.535 60.181 56.848 58.552 61.013 58.259 56.410 59.725 60.517 56.974 55.919 58.804 56.380 54.125 50.375 49.703 52.007 50.751 52.853 52.208 53.565 55.303 52.538 49.990 48.399 48.685 49.662 47.938 48.935 51.630 51.848 51.197 48.330 47.901 44.827 45.845 44.634 43.353 41.097 39.107 40.451 38.773 42.186 43.713 43.373 42.975 41.809 40.652 39.468 40.478 40.052 36.418 37.111 37.693 41.475 41.259 40.446 43.982 45.585 44.531 47.220 45.423 46.701 44.094 42.321 45.707 47.015 44.046 44.209 48.001 47.710 45.799 48.375 51.396 49.907 49.520 53.004 55.496 55.367 56.315 57.988 54.611 55.864 58.782 60.242 60.334 62.024 64.615 65.256 64.241 64.666 68.040 68.873 69.291 65.629 66.242 67.961 64.559 63.750 67.343 67.834 64.159 63.012 60.334
51.929 55.454 56.420 59.942 61.479 61.559 58.272 56.499 58.462 57.262 53.606 53.835 55.507 52.785 50.186 52.229 53.940 57.460 58.620 55.181 55.973 59.624 59.667 61.305 59.955 62.646 61.228 57.835 59.421 61.777 58.948 56.999 60.209 60.887 57.288 56.129 59.050 56.765 54.308 50.620 49.666 51.937 50.546 52.579 51.784 53.239 54.845 52.142 49.462 48.113 48.457 49.676 48.026 49.175 52.046 52.375 51.487 48.720 48.112 44.884 45.927 45.021 43.867 41.410 39.127 40.161 38.244 41.531 43.295 42.929 42.834 41.826 41.002 39.911 41.255 40.903 37.170 37.633 37.842 41.560 41.225 40.745 44.339 45.736 44.838 47.635 46.113 47.484 45.103 43.173 46.466 48.051 45.222 45.168 48.980 48.969 47.006 49.370 52.545 51.253 50.695 54.222 56.547 56.511 57.297 58.825 55.338 56.471 59.237 60.684 61.012 62.711 65.143 65.821 65.012 65.562 69.025 69.799 70.322 66.652 67.402 68.963 65.484 64.836 68.453 68.933 65.287 64.283 61.722
54.443 57.964 59.096 62.673 64.249 64.480 61.199 59.364 61.413 60.339 56.641 56.825 58.626 55.988 53.315 55.371 56.943 60.517 61.641 58.156 58.851 62.526 62.514 64.238 62.898 65.490 63.962 60.576 62.156 64.390 61.468 59.532 62.691 63.217 59.566 58.420 61.412 59.274 56.701 53.065 51.908 54.073 52.505 54.390 53.386 54.808 56.209 53.479 50.784 49.688 50.207 51.662 50.173 51.511 54.515 54.824 53.728 50.973 50.144 46.783 47.695 46.998 46.066 43.564 41.069 41.936 39.753 42.864 44.714 44.162 44.227 43.489 42.876 42.014 43.544 43.393 39.623 40.065 40.058 43.718 43.422 43.209 46.789 48.113 47.402 50.308 48.953 50.299 48.039 45.952 49.136 50.879 48.085 47.823 51.630 51.756 49.663 51.867 55.142 53.893 53.136 56.630 58.901 59.032 59.801 61.159 57.609 58.757 61.385 62.918 63.405 65.017 67.364 68.157 67.504 68.055 71.570 72.387 73.040 69.393 70.277 71.781 68.276 67.767 71.411 71.944 68.332 67.442 64.915
54.294 57.760 59.071 62.713 64.275 64.726 61.497 59.525 61.659 60.807 57.058 57.120 59.112 56.642 53.831 55.884 57.220 60.870 61.933 58.391 58.955 62.648 62.537 64.382 63.067 65.508 63.817 60.460 62.051 64.101 61.054 59.169 62.272 62.588 58.880 57.798 60.894 58.959 56.287 52.718 51.350 53.333 51.540 53.225 51.988 53.337 54.523 51.765 49.080 48.237 48.956 50.659 49.388 50.969 54.120 54.357 53.012 50.262 49.172 45.682 46.441 45.979 45.304 42.772 40.059 40.770 38.322 41.234 43.130 42.393 42.618 42.151 41.779 41.169 42.921 43.009 39.218 39.643 39.402 42.975 42.793 42.890 46.407 47.698 47.273 50.345 49.177 50.407 48.301 45.977 48.985 50.926 48.187 47.629 51.411 51.731 49.477 51.452 54.848 53.693 52.687 56.144 58.306 58.633 59.359 60.498 56.881 58.040 60.496 62.133 62.807 64.302 66.541 67.479 67.021 67.568 71.141 72.017 72.850 69.248 70.328 71.765 68.245 67.947 71.632 72.285 68.741 68.057 65.556
52.928 56.441 57.946 61.616 63.360 63.922 60.621 58.746 61.071 60.251 56.477 56.702 58.847 56.375 53.632 55.886 57.140 60.829 62.073 58.590 59.302 62.942 62.602 64.332 62.830 65.145 63.515 60.078 61.467 63.496 60.479 58.426 61.389 61.714 58.017 56.744 59.772 57.895 55.057 51.571 50.003 52.049 50.278 52.016 50.795 52.349 53.544 50.965 48.099 47.381 47.968 49.764 48.425 49.993 53.223 53.676 52.224 49.666 48.577 45.049 46.003 45.794 45.059 42.297 39.418 39.787 37.303 40.145 42.321 41.781 42.331 41.810 41.734 41.005 43.021 42.968 39.144 39.219 38.642 42.105 41.665 41.977 45.548 46.558 46.147 49.197 48.284 49.695 47.823 45.502 48.462 50.610 48.080 47.469 51.237 51.810 49.671 51.502 54.970 54.071 53.069 56.594 58.552 58.809 59.295 60.412 56.736 57.668 60.026 61.517 62.367 63.980 66.049 66.892 66.571 67.316 70.940 71.656 72.479 68.857 69.968 71.215 67.623 67.398 71.056 71.606 68.083 67.466 65.129
50.706 54.286 55.677 59.302 61.110 61.511 58.141 56.412 58.728 57.728 53.984 54.371 56.411 53.795 51.191 53.531 54.957 58.599 59.975 56.567 57.468 61.069 60.716 62.286 60.685 63.090 61.634 58.137 59.444 61.639 58.752 56.590 59.562 60.099 56.459 55.062 57.970 55.911 53.121 49.588 48.170 50.418 48.884 50.853 49.895 51.595 53.045 50.560 47.620 46.647 46.963 48.520 46.928 48.249 51.363 51.957 50.719 48.221 47.405 44.000 45.199 44.835 43.801 40.975 38.263 38.683 36.488 39.541 41.757 41.510 41.998 41.139 40.921 39.864 41.768 41.409 37.588 37.533 37.068 40.588 39.951 40.022 43.677 44.636 43.957 46.855 45.847 47.419 45.489 43.379 46.488 48.534 46.036 45.678 49.469 49.967 48.033 50.023 53.408 52.538 51.782 55.383 57.351 57.377 57.799 59.129 55.494 56.321 58.822 60.149 60.874 62.654 64.769 65.428 64.962 65.789 69.379 69.974 70.620 66.945 67.886 69.127 65.522 65.131 68.747 69.160 65.582 64.816 62.511
46.920 50.509 51.920 55.547 57.396 57.820 54.434 52.733 55.105 54.119 50.368 50.814 52.913 50.308 47.731 50.161 51.553 55.203 56.677 53.314 54.321 57.878 57.407 58.897 57.205 59.566 58.164 54.630 55.851 58.066 55.222 52.985 55.918 56.508 52.892 51.418 54.281 52.199 49.389 45.865 44.447 46.752 45.298 47.360 46.520 48.327 49.906 47.522 44.507 43.434 43.590 45.066 43.372 44.615 47.717 48.404 47.198 44.783 44.069 40.714 42.085 41.748 40.572 37.645 34.953 35.295 33.239 36.371 38.665 38.642 39.200 38.144 37.979 36.734 38.707 38.182 34.366 34.120 33.570 37.064 36.306 36.372 40.052 40.932 40.215 43.095 42.143 43.771 41.924 39.837 42.944 45.050 42.655 42.320 46.099 46.698 44.874 46.829 50.214 49.488 48.809 52.460 54.319 54.235 54.528 55.911 52.275 52.975 55.487 56.707 57.448 59.322 61.389 61.956 61.494 62.416 66.012 66.513 67.117 63.429 64.355 65.527 61.900 61.519 65.121 65.500 61.932 61.201 58.952
44.920 48.495 49.681 53.259 54.992 55.253 51.891 50.182 52.407 51.314 47.593 47.999 49.945 47.275 44.710 47.059 48.589 52.194 53.629 50.272 51.304 54.869 54.523 55.993 54.365 56.860 55.515 52.001 53.316 55.642 52.855 50.677 53.722 54.433 50.850 49.450 52.291 50.059 47.418 43.802 42.649 45.016 43.702 45.872 45.211 46.957 48.718 46.282 43.359 41.997 42.051 43.277 41.467 42.556 45.518 46.127 45.141 42.627 42.107 38.881 40.294 39.668 38.312 35.506 33.070 33.719 31.927 35.261 37.350 37.421 37.699 36.408 35.934 34.518 36.233 35.577 31.789 31.694 31.479 35.090 34.415 34.145 37.827 38.907 38.027 40.845 39.631 41.196 39.141 37.167 40.397 42.296 39.780 39.635 43.436 43.829 42.065 44.213 47.496 46.642 46.129 49.791 51.771 51.570 51.965 53.504 49.939 50.716 53.390 54.600 55.135 57.037 59.249 59.759 59.110 59.951 63.489 64.021 64.526 60.822 61.634 62.934 59.351 58.833 62.434 62.825 59.216 58.376 56.021
41.309 44.893 46.009 49.565 51.307 51.518 48.140 46.475 48.706 47.568 43.855 44.327 46.267 43.567 41.052 43.474 45.037 48.627 50.160 46.860 48.024 51.540 51.120 52.487 50.781 53.287 52.033 48.486 49.736 52.135 49.425 47.184 50.224 51.049 47.513 46.049 48.820 46.499 43.904 40.267 39.225 41.688 40.531 42.844 42.386 44.221 46.177 43.844 40.891 39.325 39.160 40.191 38.218 39.145 42.027 42.717 41.863 39.414 39.094 35.991 37.606 36.896 35.312 32.455 30.169 30.847 29.342 32.809 34.889 35.236 35.482 33.900 33.363 31.672 33.340 32.435 28.682 28.425 28.262 31.876 31.084 30.653 34.362 35.422 34.412 37.165 35.904 37.526 35.475 33.596 36.882 38.754 36.308 36.286 40.077 40.491 38.886 41.077 44.308 43.558 43.204 46.912 48.823 48.455 48.750 50.410 46.880 47.546 50.292 51.375 51.846 53.860 56.073 56.458 55.740 56.654 60.171 60.611 61.026 57.301 58.043 59.316 55.726 55.154 58.736 59.081 55.463 54.602 52.272
39.781 43.283 44.150 47.654 49.192 49.277 45.985 44.219 46.247 45.079 41.393 41.706 43.498 40.804 38.220 40.473 42.122 45.677 47.083 43.748 44.846 48.393 48.144 49.572 48.010 50.641 49.368 45.883 47.309 49.760 47.060 44.964 48.145 49.014 45.500 44.213 47.015 44.601 42.224 38.504 37.752 40.166 39.075 41.395 41.045 42.712 44.778 42.342 39.564 37.741 37.576 38.382 36.398 37.247 39.989 40.484 39.819 37.208 37.012 34.040 35.583 34.553 32.873 30.234 28.242 29.326 28.059 31.659 33.420 33.754 33.649 31.911 31.018 29.252 30.606 29.676 25.973 26.014 26.286 30.007 29.464 28.692 32.327 33.704 32.637 35.383 33.812 35.227 32.920 31.073 34.435 36.070 33.435 33.535 37.340 37.510 35.880 38.250 41.384 40.450 40.197 43.885 45.945 45.535 45.998 47.757 44.304 45.126 48.012 49.164 49.421 51.385 53.763 54.169 53.277 54.040 57.498 58.040 58.419 54.705 55.389 56.834 53.316 52.656 56.259 56.702 53.069 52.154 49.664
36.532 40.052 40.799 44.251 45.824 45.795 42.462 40.809 42.837 41.548 37.889 38.343 40.081 37.294 34.829 37.198 38.952 42.464 44.025 40.792 42.102 45.569 45.235 46.487 44.805 47.474 46.366 42.835 44.152 46.733 44.174 41.977 45.138 46.198 42.773 41.378 44.044 41.481 39.180 35.444 34.877 37.450 36.624 39.150 39.099 40.893 43.206 40.937 38.138 36.063 35.581 36.092 33.862 34.429 37.019 37.657 37.218 34.727 34.848 32.094 33.913 32.765 30.754 28.075 26.357 27.467 26.644 30.355 32.091 32.793 32.653 30.545 29.560 27.412 28.644 27.321 23.726 23.525 23.914 27.592 26.846 25.787 29.446 30.767 29.446 32.033 30.369 31.911 29.588 27.960 31.431 32.980 30.451 30.802 34.575 34.736 33.378 35.836 38.859 38.056 38.066 41.800 43.772 43.110 43.437 45.386 42.007 42.665 45.651 46.606 46.758 48.889 51.265 51.477 50.473 51.342 54.755 55.156 55.381 51.635 52.183 53.590 50.065 49.289 52.850 53.190 49.529 48.535 46.088
33.987 37.397 37.944 41.352 42.738 42.653 39.416 37.641 39.518 38.266 34.618 34.911 36.587 33.860 31.298 33.555 35.314 38.819 40.303 37.047 38.333 41.808 41.541 42.833 41.240 43.971 42.838 39.352 40.793 43.393 40.843 38.761 42.021 43.107 39.716 38.468 41.152 38.538 36.431 32.648 32.339 34.840 34.089 36.620 36.704 38.370 40.806 38.519 35.876 33.556 33.010 33.281 31.030 31.510 33.967 34.446 34.172 31.584 31.855 29.275 31.094 29.694 27.540 25.038 23.649 25.087 24.598 28.376 29.816 30.616 30.209 27.886 26.631 24.323 25.296 23.855 20.349 20.316 21.093 24.801 24.271 22.897 26.449 28.044 26.713 29.307 27.398 28.714 26.210 24.577 28.084 29.466 26.823 27.259 31.027 31.052 29.717 32.281 35.226 34.361 34.478 38.207 40.224 39.488 39.884 41.917 38.607 39.336 42.423 43.398 43.391 45.503 47.982 48.190 47.065 47.844 51.215 51.672 51.880 48.147 48.678 50.196 46.723 45.920 49.504 49.952 46.302 45.331 42.766
31.605 35.033 35.378 38.679 40.126 39.824 36.520 34.962 36.810 35.320 31.739 32.279 33.805 30.891 28.566 30.975 32.955 36.355 38.056 34.974 36.564 39.904 39.565 40.586 38.835 41.646 40.783 37.251 38.530 41.335 39.019 36.803 40.018 41.391 38.157 36.756 39.209 36.372 34.397 30.624 30.605 33.329 32.978 35.766 36.242 38.055 40.763 38.707 36.071 33.493 32.551 32.423 29.854 29.897 32.082 32.775 32.854 30.469 31.187 28.952 31.083 29.542 26.990 24.517 23.560 24.982 25.059 28.854 30.247 31.448 31.010 28.318 26.964 24.237 24.969 23.008 19.792 19.437 20.402 23.930 23.097 21.287 24.806 26.281 24.526 26.792 24.716 26.258 23.706 22.515 26.177 27.354 24.878 25.757 29.424 29.372 28.466 31.168 33.893 33.171 33.678 37.414 39.334 38.254 38.494 40.790 37.623 38.138 41.348 42.047 41.875 44.200 46.676 46.614 45.318 46.226 49.509 49.773 49.741 45.972 46.273 47.750 44.283 43.270 46.774 47.041 43.339 42.194 39.688
28.788 32.078 32.227 35.482 36.747 36.418 33.211 31.523 33.246 31.822 28.239 28.625 30.137 27.301 24.866 27.216 29.168 32.577 34.252 31.167 32.788 36.108 35.764 36.790 35.084 37.928 37.053 33.551 34.915 37.736 35.446 33.319 36.608 38.018 34.839 33.563 36.007 33.126 31.355 27.560 27.822 30.463 30.231 33.029 33.685 35.393 38.234 36.233 33.759 30.946 29.877 29.462 26.848 26.750 28.768 29.336 29.605 27.187 28.119 26.140 28.327 26.576 23.826 21.540 21.014 22.696 23.215 26.975 28.071 29.442 28.799 25.868 24.311 21.366 21.826 19.626 16.630 16.310 17.676 21.106 20.455 18.279 21.628 23.354 21.580 23.826 21.504 22.806 20.093 18.928 22.623 23.642 21.114 22.119 25.749 25.617 24.824 27.593 30.220 29.533 30.188 33.914 35.799 34.600 34.833 37.223 34.138 34.654 37.947 38.615 38.302 40.641 43.182 43.082 41.684 42.547 45.793 46.073 46.021 42.261 42.556 44.106 40.679 39.661 43.191 43.566 39.883 38.800 36.198
27.895 31.068 30.816 33.853 35.025 34.345 31.161 29.684 31.176 29.436 26.012 26.558 27.707 24.649 22.492 24.822 27.132 30.340 32.127 29.237 31.112 34.284 34.036 34.810 33.072 36.095 35.511 32.058 33.370 36.418 34.416 32.298 35.586 37.297 34.348 33.065 35.244 32.120 30.678 26.945 27.693 30.446 30.638 33.591 34.621 36.316 39.365 37.530 35.215 32.151 30.795 29.910 27.085 26.502 28.067 28.697 29.458 27.194 28.600 27.085 29.393 27.369 24.315 22.347 22.433 24.249 25.284 28.946 29.808 31.398 30.562 27.395 25.591 22.408 22.363 19.760 17.320 16.990 18.779 21.874 21.144 18.418 21.463 23.213 21.010 22.760 20.054 21.406 18.457 17.957 21.753 22.258 19.807 21.434 24.841 24.379 24.053 27.062 29.309 28.598 29.724 33.357 35.254 33.711 33.936 36.625 33.793 34.221 37.670 38.119 37.493 39.967 42.592 42.251 40.572 41.437 44.517 44.682 44.355 40.595 40.587 42.221 38.885 37.564 40.992 41.227 37.492 36.148 33.495
24.193 27.395 27.291 30.437 31.711 31.245 28.006 26.451 28.183 26.635 23.072 23.681 25.183 22.259 20.005 22.634 24.662 27.996 29.982 27.138 29.157 32.249 31.650 32.345 30.397 33.233 32.633 29.073 30.208 33.207 31.183 28.903 32.112 33.819 30.857 29.435 31.605 28.516 26.956 23.217 23.909 26.709 26.986 30.031 31.204 33.042 36.197 34.568 32.185 29.078 27.484 26.505 23.543 22.866 24.490 25.305 26.015 23.944 25.476 24.077 26.653 24.831 21.608 19.439 19.617 21.198 22.562 26.123 27.052 28.963 28.334 24.986 23.448 20.026 20.221 17.316 15.025 14.073 15.627 18.508 17.550 14.762 17.851 19.456 17.236 19.088 16.522 17.973 15.270 14.659 18.450 19.278 17.144 18.654 22.035 21.994 21.851 24.590 26.923 26.630 27.737 31.414 32.992 31.364 31.266 33.921 31.038 31.193 34.564 34.858 34.394 36.994 39.459 39.032 37.493 38.558 41.714 41.737 41.460 37.672 37.787 39.233 35.797 34.647 38.119 38.373 34.670 33.555 31.030
22.083 25.447 25.831 29.208 30.721 30.674 27.355 25.694 27.838 26.636 22.917 23.574 25.592 22.936 20.561 23.443 24.988 28.487 30.591 27.736 29.726 32.788 31.812 32.545 30.405 32.919 32.171 28.495 29.419 32.218 30.027 27.538 30.607 32.128 29.016 27.382 29.680 26.792 24.822 21.061 21.251 24.101 24.190 27.272 28.338 30.408 33.530 32.025 29.399 26.464 24.789 24.091 21.097 20.657 22.692 23.744 24.026 22.116 23.426 21.785 24.588 23.233 20.087 17.417 17.140 18.232 19.539 23.083 24.358 26.472 26.261 22.923 21.903 18.441 19.298 16.434 13.915 12.202 12.945 15.842 14.505 12.184 15.648 16.903 14.938 17.230 15.262 16.908 14.806 13.655 17.263 18.815 17.054 17.982 21.415 22.025 21.766 24.037 26.671 26.791 27.571 31.311 32.569 31.090 30.673 33.085 30.000 29.910 33.064 33.315 33.248 35.897 38.112 37.731 36.529 37.816 41.129 41.055 40.970 37.173 37.561 38.734 35.155 34.341 37.865 38.153 34.529 33.751 31.452
23.153 26.357 26.916 30.404 31.671 31.940 28.832 26.738 28.812 28.043 24.262 24.378 26.607 24.332 21.509 24.065 25.226 28.898 30.645 27.512 29.068 32.333 31.450 32.604 30.743 33.155 31.975 28.382 29.634 32.124 29.570 27.352 30.564 31.664 28.316 27.018 29.702 27.140 25.108 21.303 21.214 23.633 23.147 25.880 26.503 28.313 31.216 29.402 26.826 23.989 22.758 22.443 19.868 20.081 22.488 23.076 22.910 20.585 21.367 19.318 21.821 20.484 17.654 14.908 14.250 15.674 16.595 20.260 21.406 23.214 22.898 19.716 18.672 15.429 16.558 14.172 11.116 9.774 10.580 13.986 13.356 11.494 14.992 16.746 15.597 18.475 16.651 17.629 15.497 13.457 16.836 18.668 16.540 16.756 20.424 21.137 20.253 22.379 25.351 25.309 25.616 29.411 30.776 29.696 29.489 31.595 28.306 28.530 31.600 32.247 32.334 34.696 36.978 36.970 35.948 37.017 40.453 40.672 40.929 37.185 37.917 39.205 35.652 35.157 38.807 39.439 35.927 35.453 33.008
21.463 24.789 25.861 29.501 31.052 31.693 28.519 26.460 28.926 28.423 24.603 24.886 27.511 25.449 22.713 25.509 26.274 29.981 31.901 28.887 30.491 33.617 32.344 33.415 31.327 33.386 32.168 28.505 29.430 31.722 29.104 26.641 29.598 30.547 27.124 25.533 28.250 25.917 23.455 19.746 19.050 21.533 20.882 23.675 24.210 26.359 29.227 27.643 24.751 22.169 20.779 20.801 18.187 18.620 21.403 22.340 21.730 19.747 20.303 18.038 20.839 20.155 17.477 14.191 12.912 13.457 14.294 17.890 19.569 21.688 21.976 18.856 18.558 15.371 17.248 14.975 12.005 9.704 9.064 12.269 11.007 10.037 13.794 14.913 14.100 17.266 16.211 17.448 16.089 13.809 16.765 19.243 17.695 17.428 20.928 22.284 21.460 23.029 26.168 26.602 26.664 30.429 31.395 30.406 29.809 31.672 28.257 28.126 30.907 31.415 31.926 34.369 36.324 36.290 35.620 36.968 40.508 40.553 40.936 37.214 38.145 39.103 35.441 35.232 38.858 39.436 36.025 35.820 33.669
24.821 28.123 29.388 33.068 34.596 35.368 32.246 30.095 32.542 32.152 28.330 28.450 31.085 29.089 26.226 28.844 29.533 33.290 34.995 31.821 33.132 36.401 35.267 36.581 34.664 36.684 35.246 31.657 32.734 34.835 32.021 29.712 32.670 33.330 29.773 28.334 31.239 29.151 26.559 22.926 21.868 24.090 22.957 25.415 25.415 27.428 29.942 28.066 25.077 22.879 22.030 22.642 20.467 21.433 24.468 25.178 24.170 21.967 21.925 19.146 21.539 21.067 18.923 15.585 13.537 14.023 13.817 17.546 19.472 21.085 21.514 18.854 18.734 16.088 18.312 16.725 13.285 11.628 10.735 14.207 13.377 13.136 16.780 17.942 17.564 20.870 19.977 21.064 19.671 17.126 19.912 22.457 20.657 20.017 23.618 24.934 23.638 25.131 28.487 28.689 28.353 32.121 33.240 32.621 32.232 33.820 30.258 30.384 33.015 33.824 34.511 36.714 38.666 38.911 38.415 39.620 43.228 43.460 44.051 40.377 41.478 42.480 38.837 38.770 42.429 43.112 39.740 39.597 37.401
25.687 28.708 29.730 33.352 34.478 35.268 32.391 29.904 32.041 31.855 28.063 27.688 30.249 28.484 25.313 27.535 28.086 31.885 33.228 29.858 30.818 34.234 33.346 34.987 33.411 35.503 33.783 30.346 31.825 33.781 30.774 28.847 32.029 32.465 28.832 27.864 30.997 29.028 26.736 23.073 22.283 24.076 22.672 24.791 24.573 26.113 28.512 26.290 23.623 21.269 20.838 21.447 19.655 20.932 23.925 24.060 23.016 20.352 20.063 17.192 19.149 18.304 16.363 13.367 11.455 12.859 12.570 16.365 17.664 18.890 18.787 16.151 15.574 13.104 15.155 13.991 10.300 9.510 9.402 13.180 13.394 12.952 16.234 18.128 18.153 21.607 20.366 20.785 19.057 16.131 18.788 21.136 18.915 17.965 21.669 22.752 21.023 22.588 26.036 25.931 25.369 29.127 30.474 30.092 30.038 31.515 27.925 28.461 31.172 32.333 32.866 34.797 36.971 37.492 36.920 37.800 41.407 41.944 42.711 39.097 40.340 41.602 38.074 38.094 41.832 42.819 39.506 39.469 37.021
29.221 32.319 33.239 36.829 37.945 38.554 35.630 33.223 35.234 34.842 31.065 30.715 33.040 31.076 27.935 30.035 30.863 34.625 35.844 32.389 33.239 36.769 36.167 37.886 36.444 38.717 37.009 33.616 35.229 37.265 34.271 32.435 35.689 36.153 32.528 31.630 34.750 32.706 30.467 26.772 26.044 27.887 26.461 28.502 28.123 29.528 31.739 29.307 26.715 24.532 24.385 25.107 23.421 24.689 27.604 27.651 26.689 23.889 23.499 20.543 22.141 21.124 19.421 16.718 14.788 16.328 15.530 19.279 20.550 21.265 20.977 18.732 17.884 15.834 17.565 16.722 12.917 12.866 13.146 16.941 17.192 16.617 19.922 21.856 21.659 24.982 23.530 24.059 22.018 19.297 22.153 24.208 21.678 20.953 24.728 25.427 23.529 25.381 28.776 28.275 27.687 31.423 33.088 32.821 33.065 34.559 30.999 31.790 34.557 35.862 36.274 38.092 40.398 41.007 40.332 41.051 44.616 45.278 46.017 42.401 43.551 44.958 41.471 41.341 45.079 46.031 42.645 42.408 39.848
32.656 35.660 36.634 40.224 41.211 41.910 39.095 36.550 38.458 38.201 34.451 33.875 36.171 34.335 31.070 32.923 33.645 37.402 38.348 34.774 35.286 38.911 38.499 40.471 39.264 41.510 39.584 36.326 38.135 39.985 36.835 35.230 38.517 38.723 35.030 34.373 37.646 35.801 33.576 29.945 29.086 30.651 28.891 30.580 29.785 30.896 32.742 30.016 27.563 25.701 26.084 27.167 25.904 27.528 30.536 30.298 29.098 26.106 25.266 22.070 23.118 22.169 21.039 18.605 16.396 18.040 16.557 20.096 21.225 21.273 20.864 19.221 18.368 17.048 18.800 18.672 14.864 15.442 15.722 19.435 20.097 19.837 22.943 25.007 25.115 28.536 27.115 27.420 25.336 22.445 25.099 27.110 24.401 23.390 27.126 27.711 25.420 27.179 30.653 29.884 28.932 32.557 34.397 34.500 35.010 36.240 32.639 33.737 36.375 37.987 38.464 39.997 42.349 43.241 42.668 43.170 46.746 47.642 48.579 45.042 46.346 47.857 44.437 44.429 48.196 49.309 45.977 45.816 43.165
36.163 39.251 40.197 43.779 44.807 45.389 42.515 40.058 41.920 41.505 37.766 37.262 39.408 37.418 34.220 36.025 36.942 40.658 41.550 37.950 38.413 42.086 41.852 43.844 42.698 45.054 43.162 39.921 41.774 43.688 40.561 38.973 42.281 42.522 38.835 38.169 41.418 39.516 37.279 33.626 32.762 34.405 32.649 34.324 33.438 34.510 36.218 33.400 30.977 29.278 29.793 30.956 29.713 31.306 34.287 34.060 32.903 29.884 29.007 25.780 26.659 25.675 24.676 22.364 20.146 21.731 20.019 23.450 24.629 24.383 23.944 22.611 21.688 20.617 22.183 22.177 18.401 19.163 19.521 23.239 23.801 23.490 26.670 28.681 28.626 31.962 30.459 30.903 28.679 25.946 28.727 30.593 27.759 26.917 30.670 31.043 28.708 30.618 34.030 33.032 32.083 35.652 37.677 37.849 38.526 39.763 36.195 37.414 40.067 41.742 42.165 43.641 46.051 46.984 46.360 46.781 50.327 51.284 52.192 48.650 49.881 51.463 48.059 47.944 51.703 52.760 49.371 49.062 46.363
39.417 42.386 43.227 46.763 47.590 48.153 45.411 42.823 44.488 44.142 40.460 39.715 41.734 39.847 36.548 38.059 38.951 42.614 43.215 39.529 39.685 43.424 43.456 45.664 44.788 47.193 45.143 42.058 44.146 45.951 42.739 41.411 44.804 44.889 41.195 40.802 44.149 42.339 40.245 36.615 35.834 37.260 35.343 36.763 35.660 36.403 37.867 34.811 32.658 31.085 31.966 33.221 32.271 34.028 36.960 36.429 35.238 32.024 30.931 27.694 28.105 26.974 26.346 24.426 22.308 24.166 22.247 25.457 26.288 25.526 24.762 23.857 22.702 22.149 23.436 23.910 20.280 21.598 22.233 25.885 26.826 26.502 29.479 31.729 31.824 35.185 33.544 33.727 31.346 28.548 31.215 32.887 29.844 28.894 32.580 32.706 30.096 32.033 35.393 34.069 32.917 36.329 38.584 39.020 40.013 41.102 37.592 39.134 41.753 43.687 44.022 45.239 47.771 48.926 48.275 48.433 51.929 53.126 54.156 50.695 51.994 53.751 50.452 50.367 54.142 55.361 52.011 51.715 48.872
43.108 46.125 46.971 50.506 51.353 51.862 49.093 46.547 48.182 47.758 44.088 43.370 45.299 43.337 40.078 41.536 42.526 46.153 46.688 42.988 43.071 46.831 46.995 49.240 48.430 50.889 48.836 45.781 47.908 49.724 46.509 45.212 48.613 48.683 44.985 44.604 47.954 46.139 44.026 40.391 39.572 41.018 39.062 40.432 39.222 39.914 41.230 38.104 35.992 34.584 35.595 36.947 36.052 37.832 40.770 40.229 39.024 35.793 34.628 31.355 31.622 30.518 30.030 28.183 26.021 27.806 25.712 28.804 29.667 28.675 27.923 27.290 26.152 25.804 27.012 27.600 24.014 25.403 26.025 29.668 30.564 30.266 33.278 35.488 35.526 38.854 37.190 37.445 35.001 32.278 34.988 36.590 33.484 32.599 36.274 36.280 33.624 35.612 38.926 37.450 36.258 39.585 41.955 42.486 43.604 44.650 41.169 42.807 45.402 47.406 47.728 48.869 51.429 52.648 51.989 52.073 55.544 56.809 57.850 54.403 55.678 57.487 54.205 54.074 57.844 59.045 55.669 55.291 52.415
45.696 48.612 49.247 52.698 53.339 53.722 51.070 48.455 49.847 49.395 45.813 44.913 46.626 44.703 41.414 42.589 43.657 47.180 47.469 43.738 43.606 47.391 47.854 50.227 49.665 52.240 50.129 47.221 49.559 51.365 48.154 47.082 50.587 50.633 46.981 46.826 50.198 48.359 46.456 42.809 42.211 43.552 41.603 42.868 41.642 42.078 43.323 40.051 38.209 36.730 37.895 39.128 38.354 40.116 42.903 42.118 41.051 37.665 36.506 33.369 33.352 31.962 31.604 30.138 28.266 30.377 28.383 31.393 31.896 30.658 29.519 29.030 27.536 27.416 28.200 29.004 25.616 27.440 28.451 32.068 33.227 32.709 35.559 38.016 38.040 41.308 39.409 39.455 36.793 34.139 36.826 38.133 34.830 34.024 37.621 37.295 34.520 36.649 39.805 37.999 36.797 39.964 42.581 43.223 44.644 45.683 42.332 44.240 46.897 49.059 49.177 50.142 52.869 54.200 53.400 53.236 56.608 58.063 59.118 55.735 56.971 58.981 55.820 55.614 59.374 60.683 57.322 56.873 53.843
49.419 52.359 53.022 56.479 57.127 57.498 54.839 52.237 53.612 53.134 49.561 48.662 50.328 48.379 45.111 46.236 47.338 50.832 51.050 47.314 47.097 50.886 51.444 53.864 53.366 55.956 53.819 50.948 53.320 55.101 51.871 50.838 54.340 54.339 50.677 50.548 53.940 52.130 50.201 46.561 45.905 47.229 45.215 46.406 45.062 45.440 46.532 43.203 41.406 40.090 41.386 42.730 42.035 43.855 46.668 45.859 44.743 41.345 40.090 36.909 36.760 35.435 35.224 33.804 31.861 33.894 31.737 34.631 35.157 33.725 32.622 32.376 30.947 31.013 31.788 32.710 29.357 31.207 32.157 35.756 36.904 36.457 39.321 41.745 41.774 45.043 43.157 43.236 40.558 37.924 40.608 41.893 38.565 37.756 41.329 40.947 38.122 40.237 43.365 41.462 40.191 43.262 45.943 46.694 48.209 49.173 45.844 47.831 50.436 52.673 52.806 53.685 56.417 57.826 57.048 56.815 60.168 61.693 62.786 59.428 60.674 62.719 59.578 59.366 63.124 64.439 61.072 60.587 57.536
51.964 54.854 55.310 58.681 59.189 59.390 56.799 54.205 55.375 54.795 51.313 50.333 51.767 49.788 46.564 47.480 48.727 52.101 52.159 48.441 48.117 51.896 52.714 55.172 54.848 57.572 55.462 52.696 55.205 57.042 53.873 52.979 56.563 56.622 53.023 53.022 56.384 54.486 52.737 49.071 48.633 49.955 48.029 49.224 47.955 48.197 49.314 45.917 44.296 42.856 44.167 45.341 44.643 46.357 49.009 48.068 47.141 43.655 42.511 39.483 39.217 37.632 37.404 36.243 34.571 36.837 34.845 37.748 38.051 36.553 35.172 34.913 33.189 33.290 33.699 34.649 31.462 33.565 34.830 38.432 39.688 38.996 41.775 44.359 44.275 47.439 45.334 45.317 42.445 39.958 42.683 43.688 40.222 39.591 43.098 42.410 39.588 41.878 44.822 42.657 41.492 44.432 47.317 48.067 49.810 50.847 47.657 49.816 52.516 54.815 54.735 55.529 58.408 59.839 58.891 58.482 61.727 63.365 64.398 61.081 62.220 64.434 61.393 61.049 64.776 66.123 62.748 62.137 58.970
52.550 55.260 55.609 58.911 59.185 59.426 57.024 54.270 55.251 54.836 51.438 50.189 51.562 49.798 46.472 47.108 48.204 51.502 51.288 47.548 46.938 50.702 51.693 54.331 54.258 56.945 54.682 52.102 54.797 56.478 53.256 52.627 56.249 56.150 52.591 52.863 56.290 54.517 52.943 49.342 49.012 50.090 48.061 49.032 47.661 47.605 48.575 45.059 43.730 42.306 43.837 44.992 44.546 46.374 48.941 47.714 46.775 43.180 41.909 38.988 38.388 36.675 36.712 35.909 34.423 36.912 34.948 37.667 37.605 35.848 34.170 34.133 32.230 32.666 32.829 34.113 31.169 33.607 35.068 38.535 40.131 39.428 41.952 44.748 44.863 48.059 45.879 45.547 42.632 40.055 42.574 43.436 39.895 39.113 42.469 41.641 38.644 40.849 43.693 41.345 40.017 42.750 45.737 46.696 48.655 49.540 46.462 48.850 51.486 53.972 53.807 54.362 57.314 58.922 57.963 57.327 60.493 62.330 63.489 60.289 61.524 63.863 60.951 60.697 64.416 65.957 62.679 62.179 58.912
50.006 52.678 53.194 56.556 56.863 57.307 54.921 52.078 53.190 52.963 49.504 48.207 49.805 48.173 44.745 45.474 46.342 49.740 49.573 45.794 45.164 48.941 49.728 52.416 52.272 54.802 52.430 49.822 52.464 54.010 50.692 50.041 53.600 53.356 49.745 50.019 53.514 51.894 50.216 46.672 46.168 47.124 44.944 45.797 44.288 44.221 45.092 41.573 40.205 38.918 40.556 41.886 41.574 43.578 46.277 45.045 43.895 40.328 38.866 35.825 35.167 33.664 33.862 32.966 31.286 33.661 31.535 34.146 34.117 32.278 30.725 30.827 29.138 29.724 30.160 31.599 28.591 30.950 32.188 35.585 37.254 36.801 39.284 42.025 42.362 45.686 43.696 43.306 40.574 37.789 40.163 41.257 37.818 36.763 40.124 39.561 36.460 38.438 41.446 39.292 37.759 40.549 43.367 44.434 46.252 46.982 43.797 46.117 48.625 51.144 51.169 51.700 54.533 56.208 55.428 54.872 58.125 59.937 61.223 58.030 59.428 61.649 58.686 58.617 62.370 63.970 60.744 60.431 57.239
46.575 49.162 49.665 53.011 53.257 53.769 51.447 48.533 49.638 49.523 46.071 44.689 46.362 44.845 41.354 42.066 42.804 46.228 46.058 42.267 41.624 45.400 46.103 48.814 48.666 51.133 48.717 46.120 48.772 50.263 46.922 46.308 49.863 49.580 45.975 46.305 49.816 48.245 46.616 43.106 42.640 43.506 41.318 42.135 40.663 40.556 41.493 37.982 36.650 35.260 36.883 38.157 37.890 39.923 42.603 41.304 40.140 36.556 35.087 32.085 31.414 29.862 30.066 29.231 27.630 30.115 28.098 30.711 30.548 28.768 27.108 27.109 25.347 25.939 26.367 27.872 24.910 27.348 28.644 31.978 33.782 33.333 35.701 38.513 38.960 42.311 40.343 39.818 37.140 34.267 36.534 37.659 34.249 33.077 36.412 35.920 32.777 34.684 37.734 35.655 34.073 36.913 39.668 40.730 42.497 43.211 40.003 42.309 44.816 47.334 47.369 47.904 50.727 52.400 51.642 51.103 54.378 56.176 57.494 54.309 55.765 57.959 55.001 55.006 58.765 60.421 57.240 57.030 53.852
43.422 46.138 46.747 50.163 50.604 51.133 48.662 45.849 47.147 46.953 43.411 42.239 44.039 42.391 38.947 39.941 40.735 44.262 44.371 40.597 40.246 44.030 44.489 47.028 46.617 49.074 46.782 43.999 46.464 48.076 44.771 43.904 47.420 47.272 43.625 43.707 47.170 45.506 43.723 40.159 39.601 40.660 38.566 39.601 38.267 38.457 39.607 36.239 34.609 33.118 34.480 35.734 35.223 37.163 39.932 38.887 37.720 34.239 32.905 29.808 29.518 28.076 27.970 26.760 24.991 27.320 25.346 28.197 28.353 26.929 25.545 25.189 23.589 23.768 24.488 25.646 22.416 24.531 25.651 29.116 30.661 30.231 32.805 35.457 35.788 39.150 37.274 36.974 34.378 31.512 33.929 35.241 31.930 30.828 34.315 34.034 31.056 32.999 36.185 34.367 32.940 36.027 38.617 39.442 40.934 41.800 38.464 40.506 43.078 45.392 45.525 46.317 49.052 50.536 49.804 49.518 52.885 54.466 55.678 52.382 53.782 55.828 52.741 52.711 56.486 57.992 54.745 54.505 51.435
42.662 45.418 46.330 49.848 50.452 51.227 48.702 45.872 47.419 47.389 43.763 42.670 44.753 43.186 39.710 40.917 41.487 45.120 45.371 41.605 41.313 45.067 45.234 47.754 47.177 49.426 47.064 44.204 46.503 47.976 44.577 43.580 46.959 46.659 42.933 42.891 46.415 44.933 42.904 39.414 38.505 39.496 37.199 38.130 36.575 36.880 37.863 34.542 32.717 31.541 33.011 34.610 34.214 36.380 39.385 38.479 36.986 33.635 32.038 28.695 28.440 27.472 27.555 26.024 23.789 25.705 23.336 26.050 26.516 25.017 24.084 23.968 22.920 23.239 24.530 25.768 22.396 24.128 24.692 28.079 29.514 29.541 32.180 34.586 35.147 38.658 37.124 36.928 34.641 31.574 33.851 35.545 32.461 31.064 34.561 34.697 31.697 33.311 36.703 35.218 33.577 36.720 39.024 39.950 41.180 41.851 38.364 40.217 42.579 44.872 45.322 46.137 48.652 50.179 49.719 49.610 53.089 54.576 55.915 52.614 54.183 56.020 52.838 53.014 56.810 58.301 55.096 55.035 52.118
39.255 42.050 43.120 46.693 47.435 48.333 45.746 42.948 44.683 44.719 41.038 40.063 42.342 40.796 37.338 38.766 39.222 42.932 43.391 39.671 39.572 43.280 43.164 45.564 44.778 46.907 44.591 41.617 43.735 45.202 41.804 40.628 43.918 43.636 39.879 39.666 43.173 41.724 39.548 36.082 35.014 36.055 33.754 34.777 33.271 33.798 34.907 31.731 29.662 28.467 29.768 31.431 30.934 33.122 36.241 35.520 33.915 30.696 29.110 25.667 25.700 24.970 24.902 23.035 20.560 22.239 19.829 22.664 23.409 22.215 21.611 21.251 20.519 20.578 22.272 23.304 19.792 21.132 21.356 24.739 26.017 26.241 28.957 31.189 31.820 35.389 34.061 33.970 31.902 28.749 30.986 32.939 30.057 28.554 32.091 32.545 29.669 31.128 34.650 33.498 31.889 35.177 37.227 38.021 38.956 39.648 36.054 37.649 39.968 42.106 42.721 43.702 46.073 47.485 47.138 47.249 50.809 52.120 53.442 50.092 51.701 53.362 50.089 50.345 54.143 55.563 52.369 52.401 49.619
39.125 42.120 43.402 47.055 48.095 49.016 46.232 43.628 45.618 45.525 41.769 41.115 43.503 41.774 38.457 40.207 40.759 44.522 45.271 41.624 41.809 45.475 45.139 47.332 46.268 48.358 46.206 43.062 44.915 46.490 43.164 41.685 44.853 44.699 40.924 40.370 43.784 42.270 39.836 36.359 35.050 36.348 34.132 35.370 33.934 34.838 36.028 33.074 30.654 29.588 30.628 32.393 31.644 33.730 36.977 36.632 34.971 31.987 30.507 26.965 27.404 26.981 26.669 24.351 21.580 22.730 20.207 23.147 24.475 23.628 23.567 23.046 22.723 22.424 24.459 25.088 21.404 22.142 21.900 25.333 26.089 26.494 29.500 31.345 31.805 35.350 34.244 34.554 32.660 29.612 32.002 34.183 31.501 30.129 33.749 34.432 31.800 33.239 36.824 35.933 34.475 37.886 39.754 40.360 41.016 41.799 38.128 39.414 41.700 43.607 44.387 45.598 47.807 49.036 48.776 49.155 52.777 53.861 55.080 51.647 53.188 54.655 51.255 51.473 55.253 56.463 53.203 53.171 50.553
35.537 38.590 39.979 43.664 44.848 45.828 42.972 40.448 42.602 42.515 38.729 38.237 40.763 39.020 35.776 37.746 38.247 42.044 43.019 39.460 39.880 43.467 42.881 44.900 43.619 45.625 43.585 40.329 41.981 43.605 40.341 38.662 41.741 41.686 37.919 37.154 40.497 38.948 36.398 32.929 31.524 32.955 30.845 32.275 31.021 32.208 33.628 30.895 28.236 27.039 27.756 29.455 28.490 30.478 33.778 33.670 32.002 29.197 27.875 24.342 25.194 24.930 24.323 21.667 18.776 19.647 17.284 20.434 22.076 21.740 21.981 21.044 20.967 20.231 22.549 22.807 19.063 19.287 18.713 22.144 22.617 23.128 26.245 27.881 28.307 31.854 30.920 31.387 29.695 26.659 29.053 31.431 28.976 27.621 31.252 32.194 29.788 31.137 34.765 34.190 32.881 36.408 38.041 38.432 38.796 39.679 35.962 36.957 39.249 40.934 41.808 43.229 45.317 46.364 46.149 46.754 50.416 51.298 52.434 48.951 50.463 51.768 48.292 48.526 52.286 53.390 50.130 50.140 47.658
32.123 35.073 36.428 40.101 41.199 42.253 39.478 36.861 39.006 39.055 35.283 34.693 37.313 35.720 32.421 34.385 34.722 38.531 39.524 35.995 36.444 39.981 39.272 41.280 39.978 41.908 39.838 36.588 38.233 39.808 36.532 34.870 37.956 37.882 34.116 33.398 36.767 35.252 32.763 29.305 27.966 29.308 27.204 28.656 27.516 28.709 30.307 27.633 24.972 23.537 24.124 25.703 24.721 26.731 30.025 29.864 28.192 25.381 24.111 20.619 21.626 21.340 20.601 17.867 14.997 15.993 13.865 17.208 18.742 18.716 18.910 17.615 17.556 16.584 19.041 19.203 15.492 15.575 14.943 18.368 19.005 19.532 22.539 24.283 24.866 28.479 27.570 27.857 26.265 23.103 25.360 27.819 25.465 23.970 27.562 28.651 26.290 27.519 31.174 30.773 29.486 33.049 34.542 34.856 35.101 36.001 32.274 33.187 35.497 37.137 38.010 39.476 41.549 42.557 42.345 42.991 46.663 47.508 48.656 45.182 46.741 48.018 44.550 44.857 48.621 49.790 46.584 46.712 44.246
28.520 31.551 33.013 36.718 37.990 39.088 36.223 33.721 36.054 36.087 32.293 31.919 34.678 33.061 29.886 32.112 32.408 36.226 37.495 34.106 34.853 38.264 37.273 39.044 37.482 39.321 37.419 34.042 35.428 37.089 33.921 32.003 34.981 35.068 31.335 30.338 33.596 32.002 29.384 25.920 24.499 26.051 24.146 25.897 25.072 26.634 28.554 26.214 23.308 21.659 21.735 23.133 21.806 23.618 26.949 27.113 25.491 22.945 21.971 18.599 20.199 20.076 18.887 15.738 12.842 13.419 11.781 15.381 17.270 18.006 18.528 16.669 16.882 15.268 17.962 17.543 13.900 13.149 12.022 15.431 15.608 16.228 19.399 20.861 21.357 24.963 24.256 24.756 23.427 20.331 22.598 25.278 23.249 21.841 25.403 26.785 24.781 25.910 29.544 29.526 28.483 32.131 33.341 33.360 33.253 34.303 30.574 31.111 33.441 34.776 35.726 37.458 39.391 40.150 39.961 40.875 44.569 45.163 46.183 42.653 44.148 45.240 41.687 41.987 45.717 46.746 43.535 43.692 41.388
29.863 33.137 34.581 38.289 39.797 40.680 37.602 35.378 37.795 37.488 33.667 33.642 36.256 34.298 31.330 33.759 34.406 38.194 39.661 36.330 37.316 40.727 39.777 41.347 39.625 41.617 39.960 36.468 37.703 39.611 36.612 34.480 37.426 37.787 34.121 32.852 35.923 34.085 31.381 27.848 26.466 28.413 26.816 28.860 28.252 30.051 32.068 29.864 26.847 25.204 25.023 26.261 24.593 26.045 29.275 29.755 28.374 25.980 25.316 22.079 23.879 23.651 22.192 18.988 16.300 16.697 15.252 18.821 20.940 21.768 22.346 20.449 20.523 18.695 21.138 20.354 16.643 15.748 14.768 18.236 17.817 18.130 21.615 22.793 22.751 26.138 25.364 26.343 24.894 22.172 24.808 27.361 25.316 24.369 28.018 29.235 27.469 28.889 32.414 32.325 31.557 35.268 36.579 36.388 36.260 37.534 33.855 34.283 36.726 37.867 38.727 40.643 42.587 43.146 42.833 43.861 47.521 47.971 48.781 45.169 46.437 47.495 43.883 43.944 47.633 48.415 45.075 44.971 42.722
31.927 35.189 36.942 40.691 42.328 43.427 40.351 38.146 40.722 40.562 36.745 36.755 39.524 37.668 34.717 37.190 37.658 41.459 42.927 39.611 40.513 43.894 42.822 44.431 42.672 44.473 42.730 39.263 40.383 42.103 39.032 36.867 39.638 39.794 36.097 34.762 37.864 36.276 33.352 29.991 28.201 30.004 28.149 29.970 29.025 30.885 32.586 30.418 27.253 26.113 26.168 27.854 26.440 28.162 31.576 32.131 30.408 28.169 27.153 23.708 25.350 25.600 24.526 21.232 18.116 17.943 15.871 19.066 21.566 22.157 23.206 21.790 22.381 20.975 23.759 23.288 19.648 18.648 17.140 20.296 19.788 20.699 24.081 24.934 25.173 28.609 28.217 29.262 28.111 25.292 27.683 30.465 28.596 27.387 30.933 32.385 30.519 31.648 35.271 35.309 34.286 37.925 39.088 39.102 38.873 39.891 36.143 36.496 38.673 39.860 41.010 42.837 44.577 45.245 45.201 46.302 50.015 50.452 51.409 47.851 49.276 50.177 46.539 46.791 50.459 51.241 47.977 48.014 45.899
33.102 36.137 37.967 41.713 43.140 44.464 41.590 39.130 41.622 41.778 37.990 37.666 40.542 38.985 35.836 38.075 38.233 42.053 43.264 39.861 40.437 43.845 42.808 44.674 43.127 44.774 42.747 39.434 40.727 42.149 38.884 36.978 39.745 39.543 35.777 34.745 38.045 36.774 33.894 30.655 28.727 30.078 27.806 29.173 27.780 29.316 30.651 28.258 25.227 24.424 24.998 27.066 26.164 28.334 31.867 32.080 30.029 27.647 26.141 22.490 23.658 24.151 23.630 20.531 17.138 16.986 14.285 17.153 19.506 19.580 20.711 19.822 20.673 19.880 22.862 22.987 19.445 18.797 17.186 20.148 20.218 21.514 24.563 25.620 26.387 30.007 29.705 30.334 29.267 26.126 28.158 31.023 29.111 27.451 30.887 32.434 30.233 31.063 34.793 34.792 33.375 36.880 38.006 38.379 38.262 38.940 35.143 35.694 37.655 39.129 40.433 41.968 43.666 44.635 44.786 45.717 49.460 50.104 51.334 47.888 49.572 50.514 46.951 47.461 51.166 52.197 49.062 49.341 47.164
36.819 39.822 41.574 45.307 46.625 47.904 45.073 42.541 44.905 45.048 41.261 40.802 43.571 41.999 38.766 40.832 41.048 44.867 45.883 42.376 42.739 46.244 45.425 47.462 46.100 47.828 45.685 42.456 43.936 45.311 41.968 40.238 43.088 42.779 38.989 38.147 41.524 40.293 37.497 34.242 32.382 33.612 31.215 32.375 30.758 32.012 33.071 30.440 27.624 27.015 27.957 30.140 29.462 31.748 35.257 35.253 33.179 30.609 28.912 25.197 25.935 26.307 26.096 23.284 19.947 20.108 17.171 19.804 21.854 21.330 22.216 21.800 22.449 22.102 24.881 25.377 21.787 21.655 20.391 23.425 23.779 24.957 27.947 29.209 29.992 33.623 33.155 33.669 32.391 29.213 31.283 33.992 31.837 30.147 33.620 34.942 32.498 33.417 37.151 36.858 35.271 38.697 40.040 40.637 40.787 41.354 37.568 38.396 40.340 42.039 43.286 44.621 46.420 47.577 47.711 48.442 52.167 53.001 54.322 50.913 52.638 53.719 50.211 50.713 54.447 55.569 52.423 52.659 50.359
38.055 40.853 42.464 46.145 47.174 48.499 45.865 43.107 45.252 45.574 41.841 41.040 43.753 42.389 38.983 40.739 40.803 44.595 45.303 41.701 41.731 45.288 44.662 46.953 45.877 47.597 45.229 42.178 43.927 45.126 41.653 40.245 43.198 42.664 38.855 38.383 41.908 40.824 38.234 35.010 33.295 34.188 31.576 32.400 30.538 31.349 32.160 29.229 26.761 26.219 27.608 29.872 29.578 32.099 35.558 35.147 32.999 30.181 28.204 24.466 24.667 24.911 25.128 22.732 19.505 20.116 17.013 19.409 20.899 19.775 20.267 20.292 20.754 20.968 23.579 24.606 21.155 21.601 20.675 23.641 24.589 25.721 28.418 30.054 31.106 34.822 34.188 34.291 32.878 29.520 31.393 33.953 31.612 29.683 33.073 34.243 31.489 32.323 36.054 35.533 33.673 36.951 38.430 39.324 39.743 40.105 36.354 37.510 39.396 41.398 42.575 43.616 45.530 46.952 47.091 47.546 51.238 52.331 53.832 50.523 52.387 53.640 50.249 50.858 54.625 55.987 52.919 53.264 50.807
40.805 43.475 45.218 48.885 49.855 51.355 48.829 45.982 48.126 48.641 44.944 44.013 46.803 45.613 42.150 43.799 43.663 47.432 47.997 44.389 44.207 47.732 47.103 49.528 48.565 50.127 47.599 44.674 46.456 47.419 43.856 42.595 45.446 44.649 40.847 40.522 44.111 43.289 40.672 37.608 35.714 36.329 33.470 33.934 31.720 32.303 32.680 29.679 27.373 27.316 29.087 31.665 31.745 34.517 38.034 37.488 35.092 32.320 30.003 26.219 26.025 26.579 27.265 25.056 21.733 22.135 18.718 20.523 21.910 20.286 20.959 21.643 22.414 23.167 25.851 27.256 24.005 24.543 23.456 26.129 27.246 28.679 31.162 32.740 34.071 37.832 37.365 37.331 36.062 32.594 34.212 36.843 34.571 32.394 35.628 36.892 33.982 34.545 38.289 37.780 35.631 38.722 40.116 41.303 41.761 41.815 38.083 39.323 40.942 43.111 44.467 45.275 47.064 48.701 49.052 49.420 53.108 54.318 56.021 52.824 54.870 56.084 52.750 53.554 57.309 58.791 55.827 56.334 53.902
44.122 46.896 48.625 52.311 53.342 54.748 52.142 49.362 51.503 51.880 48.154 47.301 50.004 48.668 45.234 46.896 46.925 50.698 51.257 47.613 47.433 51.011 50.499 52.927 51.977 53.641 51.153 48.202 50.008 51.056 47.513 46.223 49.108 48.375 44.570 44.196 47.760 46.854 44.206 41.084 39.201 39.942 37.142 37.672 35.469 36.073 36.394 33.386 31.108 31.100 32.859 35.415 35.411 38.103 41.610 41.113 38.789 35.989 33.734 29.960 29.755 30.198 30.835 28.643 25.371 25.810 22.428 24.267 25.694 24.010 24.600 25.337 25.941 26.671 29.198 30.561 27.210 27.836 26.873 29.684 30.665 31.973 34.605 36.159 37.311 41.035 40.486 40.593 39.190 35.813 37.608 40.157 37.766 35.745 39.060 40.174 37.249 37.980 41.696 41.026 38.923 42.007 43.547 44.743 45.312 45.416 41.700 43.009 44.676 46.860 48.162 48.965 50.804 52.443 52.741 53.070 56.745 57.984 59.648 56.424 58.404 59.667 56.319 57.029 60.793 62.218 59.189 59.574 57.104
42.886 45.851 47.497 51.207 52.381 53.589 50.815 48.200 50.386 50.499 46.727 46.099 48.704 47.112 43.789 45.612 45.917 49.708 50.455 46.827 46.898 50.512 50.009 52.266 51.162 53.001 50.716 47.613 49.336 50.653 47.224 45.729 48.683 48.243 44.436 43.839 47.303 46.116 43.435 40.161 38.394 39.484 36.953 37.863 35.987 36.878 37.573 34.668 32.180 31.812 33.184 35.477 35.066 37.472 40.932 40.658 38.578 35.790 33.884 30.148 30.350 30.548 30.718 28.305 25.108 25.615 22.500 24.824 26.471 25.241 25.768 25.954 26.313 26.517 28.958 29.896 26.331 26.804 25.953 29.041 29.701 30.727 33.641 35.141 35.926 39.559 38.879 39.255 37.712 34.521 36.635 39.116 36.665 34.971 38.456 39.461 36.729 37.767 41.459 40.764 38.974 42.244 43.883 44.778 45.298 45.718 41.982 43.178 45.091 47.078 48.233 49.291 51.225 52.629 52.731 53.182 56.863 57.956 59.395 56.045 57.812 59.086 55.660 56.141 59.907 61.148 57.987 58.156 55.690
44.717 47.820 49.592 53.333 54.720 55.903 52.990 50.544 52.878 52.859 49.056 48.663 51.287 49.538 46.338 48.348 48.771 52.575 53.495 49.912 50.155 53.752 53.161 55.281 54.014 55.858 53.701 50.497 52.052 53.460 50.101 48.416 51.283 50.948 47.153 46.327 49.694 48.448 45.609 42.347 40.442 41.723 39.291 40.344 38.530 39.659 40.376 37.638 34.967 34.707 35.902 38.229 37.645 39.936 43.437 43.416 41.342 38.713 36.908 33.162 33.588 33.914 33.929 31.308 28.023 28.226 25.128 27.440 29.413 28.385 29.180 29.285 29.792 29.797 32.329 33.031 29.390 29.575 28.527 31.615 31.904 32.990 36.075 37.299 37.909 41.460 40.910 41.581 40.118 37.061 39.298 41.862 39.506 37.958 41.489 42.566 39.983 41.068 44.768 44.166 42.490 45.822 47.405 48.186 48.577 49.071 45.310 46.338 48.238 50.076 51.310 52.507 54.349 55.632 55.771 56.375 60.080 61.035 62.389 58.986 60.679 61.841 58.341 58.761 62.504 63.579 60.365 60.448 58.088
42.914 46.118 48.053 51.814 53.432 54.650 51.619 49.350 51.885 51.800 47.984 47.848 50.572 48.739 45.685 47.945 48.386 52.202 53.376 49.897 50.395 53.914 53.092 55.004 53.493 55.259 53.262 49.940 51.238 52.717 49.460 47.527 50.250 50.039 46.280 45.167 48.404 47.123 44.110 40.905 38.833 40.302 38.009 39.258 37.599 39.066 39.938 37.470 34.530 34.279 35.157 37.470 36.660 38.810 42.351 42.652 40.571 38.194 36.547 32.824 33.632 34.161 33.926 30.999 27.608 27.395 24.407 26.761 29.142 28.554 29.716 29.544 30.312 29.970 32.719 33.074 29.408 29.108 27.712 30.708 30.570 31.797 35.004 35.874 36.366 39.831 39.517 40.473 39.232 36.291 38.561 41.294 39.180 37.724 41.252 42.547 40.210 41.239 44.957 44.630 43.111 46.544 47.927 48.500 48.609 49.201 45.407 46.128 48.001 49.588 50.944 52.361 54.047 55.126 55.331 56.188 59.926 60.649 61.895 58.441 60.070 61.035 57.450 57.856 61.551 62.446 59.220 59.290 57.111
44.168 47.507 49.280 53.022 54.696 55.678 52.534 50.403 52.883 52.533 48.711 48.721 51.264 49.194 46.242 48.542 49.273 53.063 54.304 50.825 51.448 55.010 54.321 56.141 54.595 56.561 54.717 51.325 52.636 54.341 51.181 49.171 51.990 52.011 48.272 47.070 50.224 48.692 45.738 42.402 40.532 42.258 40.198 41.695 40.271 41.821 42.906 40.424 37.473 36.952 37.636 39.699 38.623 40.520 43.950 44.339 42.518 40.081 38.700 35.060 36.015 36.240 35.727 32.802 29.609 29.626 26.902 29.547 31.878 31.425 32.347 31.911 32.342 31.739 34.242 34.362 30.594 30.367 29.264 32.481 32.184 33.042 36.429 37.349 37.481 40.812 40.275 41.417 39.950 37.226 39.779 42.325 40.072 38.940 42.582 43.644 41.414 42.751 46.391 45.901 44.612 48.124 49.692 50.090 50.293 51.123 47.360 48.117 50.203 51.713 52.871 54.410 56.239 57.189 57.182 58.034 61.739 62.425 63.493 59.960 61.390 62.445 58.840 59.011 62.701 63.465 60.122 59.954 57.723
41.303 44.620 46.226 49.951 51.510 52.402 49.294 47.104 49.478 49.100 45.283 45.216 47.689 45.619 42.626 44.861 45.638 49.420 50.622 47.129 47.757 51.335 50.713 52.543 51.049 53.100 51.265 47.881 49.284 51.055 47.909 45.953 48.879 48.974 45.236 44.111 47.285 45.648 42.824 39.396 37.727 39.480 37.499 39.086 37.807 39.305 40.580 38.031 35.139 34.325 34.925 36.790 35.630 37.447 40.801 41.099 39.422 36.874 35.624 32.050 33.057 33.047 32.385 29.519 26.480 26.778 24.248 27.148 29.307 28.963 29.639 28.954 29.140 28.382 30.745 30.784 26.992 26.876 26.004 29.358 29.181 29.807 33.204 34.327 34.394 37.742 37.012 38.049 36.440 33.719 36.342 38.776 36.429 35.369 39.048 39.997 37.779 39.234 42.835 42.276 41.084 44.631 46.273 46.588 46.856 47.798 44.064 44.883 47.108 48.623 49.628 51.191 53.142 54.059 53.912 54.701 58.381 59.098 60.111 56.561 57.936 59.090 55.513 55.612 59.319 60.128 56.764 56.559 54.238
37.902 41.286 42.965 46.694 48.401 49.303 46.119 44.054 46.563 46.143 42.323 42.445 44.998 42.884 40.007 42.441 43.217 46.996 48.412 45.024 45.882 49.372 48.548 50.189 48.497 50.488 48.799 45.325 46.525 48.371 45.328 43.180 46.011 46.243 42.549 41.209 44.268 42.564 39.651 36.243 34.523 36.447 34.641 36.443 35.393 37.160 38.665 36.347 33.268 32.315 32.572 34.310 32.909 34.553 37.898 38.446 36.829 34.482 33.444 29.956 31.337 31.417 30.465 27.358 24.323 24.359 22.086 25.124 27.533 27.657 28.541 27.490 27.823 26.677 29.179 28.856 25.083 24.519 23.403 26.697 26.171 26.828 30.319 31.200 31.144 34.422 33.840 35.077 33.644 31.027 33.676 36.228 34.099 33.137 36.795 37.924 35.955 37.368 40.954 40.650 39.638 43.268 44.724 44.816 44.836 45.900 42.165 42.719 44.964 46.247 47.298 49.063 50.913 51.631 51.491 52.484 56.173 56.691 57.592 54.001 55.306 56.316 52.682 52.755 56.422 57.101 53.732 53.526 51.340
34.693 38.105 39.627 43.332 45.012 45.792 42.586 40.555 43.019 42.503 38.686 38.858 41.349 39.170 36.335 38.813 39.685 43.445 44.940 41.597 42.594 46.055 45.220 46.759 45.015 47.088 45.509 41.993 43.178 45.159 42.203 40.004 42.898 43.304 39.650 38.267 41.263 39.387 36.573 33.075 31.571 33.645 32.056 34.078 33.322 35.165 36.966 34.718 31.642 30.323 30.299 31.724 30.081 31.499 34.731 35.333 33.940 31.591 30.844 27.515 29.143 28.991 27.706 24.562 21.768 21.991 20.158 23.488 25.799 26.270 26.972 25.484 25.593 24.058 26.418 25.775 22.004 21.314 20.376 23.789 23.166 23.515 27.086 28.047 27.788 31.010 30.270 31.543 30.020 27.511 30.293 32.754 30.627 29.856 33.545 34.610 32.810 34.364 37.873 37.605 36.818 40.513 41.972 41.850 41.826 43.089 39.402 39.888 42.295 43.456 44.350 46.248 48.177 48.748 48.451 49.479 53.135 53.581 54.349 50.715 51.902 52.947 49.312 49.266 52.925 53.560 50.150 49.868 47.656
32.140 35.677 37.235 40.917 42.817 43.517 40.178 38.390 41.004 40.326 36.529 37.024 39.525 37.206 34.600 37.335 38.313 42.023 43.801 40.624 41.939 45.271 44.243 45.501 43.505 45.558 44.231 40.607 41.519 43.659 40.896 38.441 41.211 41.867 38.316 36.631 39.412 37.376 34.482 31.005 29.515 31.898 30.650 32.997 32.606 34.773 36.856 34.918 31.684 30.186 29.688 30.854 28.839 29.903 33.036 34.003 32.797 30.738 30.360 27.248 29.324 29.208 27.525 24.176 21.566 21.494 20.163 23.566 26.090 27.099 27.965 26.075 26.265 24.259 26.622 25.467 21.826 20.581 19.454 22.731 21.549 21.775 25.480 26.081 25.484 28.500 27.893 29.533 28.187 25.969 28.853 31.360 29.510 29.015 32.646 33.837 32.421 34.000 37.404 37.393 36.904 40.659 41.940 41.508 41.216 42.682 39.052 39.219 41.678 42.518 43.403 45.566 47.392 47.678 47.331 48.600 52.229 52.418 52.985 49.298 50.322 51.206 47.511 47.348 50.933 51.343 47.898 47.523 45.482
29.390 32.999 34.376 37.999 39.957 40.464 37.045 35.424 38.026 37.146 33.378 34.078 36.472 33.999 31.566 34.436 35.594 39.235 41.192 38.143 39.711 42.950 41.874 42.913 40.783 42.927 41.827 38.142 38.934 41.280 38.708 36.121 38.895 39.833 36.397 34.566 37.164 34.882 32.092 28.556 27.344 29.998 29.144 31.799 31.832 34.139 36.546 34.791 31.581 29.725 28.812 29.544 27.168 27.813 30.730 31.891 31.027 29.102 29.173 26.373 28.776 28.430 26.317 22.965 20.788 20.817 20.156 23.699 26.105 27.530 28.244 25.910 25.883 23.415 25.529 23.882 20.405 18.872 17.956 21.197 19.693 19.454 23.244 23.769 22.746 25.542 24.786 26.648 25.255 23.358 26.428 28.790 27.055 26.928 30.525 31.643 30.570 32.313 35.547 35.629 35.489 39.280 40.519 39.773 39.368 41.101 37.582 37.584 40.207 40.808 41.511 43.880 45.747 45.787 45.251 46.623 50.183 50.216 50.563 46.827 47.645 48.515 44.812 44.456 47.990 48.254 44.747 44.222 42.217
25.679 29.295 30.609 34.219 36.198 36.691 33.260 31.676 34.327 33.449 29.687 30.480 32.930 30.486 28.128 31.122 32.235 35.844 37.945 35.017 36.762 39.881 38.651 39.534 37.280 39.381 38.398 34.677 35.339 37.753 35.294 32.605 35.339 36.421 33.067 31.132 33.620 31.235 28.492 24.939 23.877 26.670 26.082 28.942 29.307 31.730 34.388 32.845 29.660 27.544 26.267 26.671 24.046 24.412 27.208 28.528 27.845 26.097 26.492 23.977 26.680 26.280 23.856 20.464 18.632 18.607 18.576 22.124 24.432 26.278 26.961 24.268 24.223 21.392 23.421 21.384 18.170 16.194 15.240 18.298 16.506 16.026 19.832 20.244 19.032 21.763 21.021 22.978 21.721 19.960 23.028 25.417 23.920 23.929 27.421 28.659 27.877 29.568 32.689 33.001 33.069 36.853 37.919 36.951 36.354 38.216 34.781 34.574 37.246 37.643 38.288 40.808 42.631 42.496 41.901 43.392 46.917 46.813 47.059 43.310 44.064 44.864 41.148 40.764 44.274 44.494 40.996 40.504 38.562
23.565 27.167 28.116 31.626 33.525 33.748 30.288 28.802 31.315 30.212 26.482 27.388 29.648 27.042 24.810 27.860 29.204 32.729 34.936 32.114 34.068 37.108 35.926 36.635 34.333 36.597 35.819 32.081 32.734 35.374 33.107 30.397 33.214 34.582 31.370 29.431 31.748 29.078 26.608 22.969 22.426 25.399 25.236 28.316 29.099 31.483 34.414 32.975 29.975 27.475 25.887 25.752 22.834 22.721 25.167 26.539 26.321 24.622 25.512 23.420 26.292 25.516 22.695 19.531 18.376 18.716 19.388 22.953 24.892 26.975 27.330 24.284 23.862 20.664 22.223 19.724 16.825 14.776 14.409 17.356 15.491 14.204 17.959 18.526 16.803 19.251 18.088 20.149 18.659 17.299 20.611 22.679 21.204 21.686 25.115 26.135 25.697 27.628 30.504 30.810 31.259 35.030 36.127 34.857 34.251 36.403 33.136 32.873 35.755 35.980 36.328 38.990 40.938 40.599 39.734 41.226 44.647 44.462 44.490 40.704 41.234 42.125 38.444 37.823 41.302 41.443 37.871 37.200 35.190
26.300 29.822 30.397 33.781 35.476 35.378 31.961 30.492 32.682 31.319 27.652 28.458 30.341 27.515 25.284 28.109 29.825 33.285 35.333 32.425 34.313 37.466 36.647 37.425 35.326 37.884 37.141 33.473 34.385 37.175 34.949 32.434 35.444 36.906 33.727 32.009 34.328 31.497 29.322 25.606 25.443 28.358 28.231 31.244 32.002 34.141 37.051 35.377 32.563 29.931 28.539 28.271 25.421 25.240 27.467 28.567 28.615 26.628 27.584 25.530 28.141 26.936 24.101 21.274 20.366 21.277 21.840 25.537 27.175 28.950 28.900 25.895 24.978 21.851 22.943 20.510 17.512 16.179 16.589 19.799 18.386 16.636 20.273 21.293 19.398 21.653 19.934 21.817 19.752 18.606 22.187 23.762 21.838 22.661 26.203 26.696 26.167 28.519 31.273 31.146 31.742 35.517 36.971 35.681 35.424 37.733 34.546 34.593 37.681 38.053 38.096 40.667 42.873 42.586 41.458 42.712 46.050 46.021 45.951 42.153 42.509 43.671 40.084 39.213 42.694 42.849 39.187 38.241 36.001
29.389 32.990 33.792 37.231 39.041 39.037 35.581 34.145 36.426 35.091 31.419 32.244 34.171 31.345 29.111 31.907 33.588 37.077 39.066 36.091 37.854 41.080 40.297 41.166 39.093 41.603 40.778 37.107 38.015 40.718 38.394 35.865 38.825 40.154 36.885 35.128 37.524 34.820 32.447 28.772 28.273 31.154 30.783 33.685 34.155 36.333 39.039 37.252 34.297 31.953 30.802 30.910 28.224 28.320 30.763 31.872 31.648 29.613 30.241 27.864 30.323 29.328 26.778 23.808 22.410 23.113 23.105 26.817 28.730 30.245 30.385 27.685 26.960 24.133 25.499 23.417 20.136 18.953 19.022 22.369 20.950 19.682 23.420 24.291 22.599 24.962 23.503 25.451 23.499 22.180 25.674 27.409 25.425 26.016 29.632 30.182 29.412 31.693 34.599 34.382 34.743 38.538 40.058 38.971 38.778 40.929 37.629 37.751 40.731 41.221 41.430 43.918 46.072 45.904 44.916 46.162 49.559 49.580 49.605 45.814 46.251 47.368 43.754 42.957 46.439 46.568 42.916 41.977 39.792
31.262 34.800 35.801 39.351 41.052 41.298 37.944 36.234 38.524 37.477 33.731 34.245 36.341 33.740 31.219 33.841 35.267 38.879 40.633 37.467 38.914 42.280 41.555 42.721 40.823 43.240 42.109 38.493 39.590 42.058 39.474 37.107 40.124 41.125 37.685 36.121 38.783 36.339 33.848 30.166 29.370 31.962 31.137 33.741 33.784 35.795 38.220 36.196 33.231 31.150 30.419 30.953 28.626 29.214 31.950 32.795 32.186 29.926 30.075 27.334 29.480 28.650 26.505 23.493 21.635 22.353 21.743 25.450 27.419 28.547 28.748 26.403 25.816 23.395 25.039 23.474 19.899 19.029 18.898 22.441 21.404 20.614 24.355 25.410 24.238 26.983 25.672 27.295 25.371 23.549 26.864 28.815 26.643 26.752 30.474 31.120 29.906 32.026 35.168 34.831 34.788 38.580 40.173 39.437 39.392 41.260 37.808 38.146 40.993 41.778 42.167 44.424 46.577 46.703 45.903 47.010 50.503 50.733 51.027 47.278 47.978 49.145 45.530 44.976 48.552 48.905 45.320 44.596 42.328
34.837 38.374 39.475 43.052 44.747 45.050 41.713 39.956 42.235 41.232 37.481 37.910 40.001 37.423 34.839 37.355 38.758 42.391 44.015 40.760 42.030 45.479 44.864 46.170 44.377 46.791 45.542 41.965 43.153 45.531 42.840 40.555 43.582 44.435 40.922 39.438 42.200 39.873 37.311 33.655 32.686 35.155 34.096 36.515 36.266 38.177 40.359 38.170 35.199 33.381 32.962 33.792 31.690 32.526 35.386 36.118 35.317 32.945 32.797 29.831 31.705 30.978 29.149 26.180 24.034 24.719 23.606 27.219 29.259 30.007 30.258 28.286 27.772 25.731 27.470 26.284 22.579 22.009 21.794 25.389 24.532 24.013 27.728 28.811 27.829 30.661 29.421 30.973 29.027 27.069 30.314 32.297 29.996 29.932 33.695 34.294 32.834 34.923 38.158 37.657 37.396 41.157 42.867 42.353 42.453 44.169 40.650 41.150 43.916 44.876 45.349 47.463 49.626 49.915 49.202 50.213 53.739 54.089 54.495 50.769 51.554 52.759 49.153 48.661 52.259 52.663 49.087 48.376 46.074
37.445 40.899 42.113 45.743 47.328 47.798 44.560 42.603 44.849 44.053 40.274 40.457 42.633 40.226 37.449 39.792 41.013 44.705 46.112 42.725 43.712 47.253 46.727 48.274 46.655 49.002 47.514 44.018 45.371 47.553 44.673 42.560 45.623 46.206 42.589 41.300 44.250 42.138 39.533 35.907 34.755 36.954 35.545 37.663 37.038 38.739 40.618 38.215 35.312 33.777 33.771 34.944 33.191 34.399 37.428 37.918 36.838 34.298 33.749 30.541 32.046 31.452 30.043 27.166 24.724 25.442 23.804 27.265 29.261 29.556 29.819 28.283 27.872 26.306 28.185 27.497 23.691 23.462 23.158 26.781 26.284 26.097 29.711 30.941 30.338 33.389 32.225 33.518 31.579 29.312 32.381 34.457 32.020 31.609 35.391 36.012 34.205 36.155 39.525 38.888 38.289 41.986 43.773 43.578 43.837 45.301 41.702 42.412 45.046 46.267 46.862 48.746 50.913 51.461 50.891 51.752 55.329 55.870 56.496 52.824 53.809 55.074 51.493 51.180 54.838 55.424 51.906 51.344 48.966
40.127 43.643 45.035 48.689 50.429 50.963 47.657 45.802 48.174 47.364 43.580 43.892 46.125 43.681 40.981 43.417 44.625 48.322 49.797 46.434 47.446 50.973 50.376 51.886 50.187 52.466 50.999 47.473 48.710 50.859 47.979 45.775 48.730 49.277 45.652 44.241 47.158 45.117 42.355 38.806 37.434 39.664 38.196 40.277 39.529 41.331 43.064 40.719 37.705 36.434 36.483 37.858 36.146 37.416 40.533 41.158 39.941 37.518 36.851 33.544 35.036 34.681 33.398 30.415 27.763 28.164 26.281 29.565 31.799 32.008 32.533 31.219 31.063 29.639 31.695 31.077 27.267 26.894 26.303 29.814 29.137 29.204 32.852 33.834 33.253 36.270 35.320 36.782 34.998 32.757 35.778 37.977 35.648 35.185 38.946 39.683 37.880 39.729 43.146 42.579 41.901 45.586 47.311 47.174 47.360 48.741 45.099 45.732 48.251 49.444 50.188 52.083 54.136 54.688 54.241 55.186 58.794 59.282 59.930 56.258 57.268 58.425 54.803 54.530 58.165 58.665 55.150 54.589 52.317
43.478 46.934 48.364 52.039 53.688 54.297 51.059 49.080 51.395 50.689 46.896 47.042 49.282 46.926 44.109 46.398 47.527 51.245 52.545 49.091 49.888 53.482 53.001 54.687 53.138 55.401 53.776 50.324 51.699 53.726 50.727 48.667 51.659 52.027 48.344 47.092 50.129 48.219 45.460 41.931 40.479 42.521 40.829 42.679 41.661 43.269 44.744 42.230 39.323 38.280 38.652 40.247 38.793 40.293 43.489 43.926 42.551 40.000 39.065 35.626 36.800 36.501 35.538 32.694 29.911 30.379 28.159 31.262 33.396 33.205 33.689 32.757 32.626 31.587 33.651 33.395 29.566 29.488 28.925 32.431 32.021 32.241 35.800 36.908 36.539 39.666 38.713 40.003 38.172 35.771 38.696 40.895 38.440 37.792 41.552 42.237 40.196 41.984 45.458 44.736 43.834 47.440 49.262 49.364 49.712 50.918 47.248 48.069 50.500 51.896 52.693 54.400 56.478 57.226 56.856 57.659 61.284 61.932 62.726 59.098 60.226 61.454 57.865 57.685 61.357 61.980 58.494 57.997 55.650
45.549 49.049 50.676 54.373 56.188 56.893 53.593 51.712 54.181 53.491 49.692 49.974 52.313 49.946 47.202 49.619 50.696 54.428 55.831 52.418 53.276 56.835 56.221 57.844 56.180 58.340 56.744 53.252 54.476 56.457 53.469 51.295 54.152 54.485 50.807 49.411 52.397 50.575 47.651 44.221 42.543 44.610 42.882 44.706 43.603 45.343 46.700 44.306 41.278 40.482 40.847 42.614 41.179 42.720 46.000 46.600 45.088 42.697 41.679 38.178 39.404 39.370 38.480 35.496 32.533 32.654 30.285 33.195 35.575 35.400 36.186 35.398 35.557 34.575 36.843 36.583 32.763 32.453 31.579 34.943 34.325 34.799 38.379 39.215 38.882 41.975 41.269 42.724 41.093 38.707 41.565 43.923 41.626 40.915 44.642 45.502 43.507 45.160 48.684 48.108 47.148 50.754 52.449 52.576 52.785 53.912 50.200 50.883 53.185 54.511 55.481 57.226 59.154 59.878 59.654 60.583 64.244 64.801 65.617 61.991 63.156 64.238 60.600 60.487 64.130 64.665 61.198 60.738 58.527
49.322 52.807 54.421 58.119 59.890 60.583 57.302 55.386 57.801 57.107 53.310 53.526 55.815 53.443 50.663 52.989 54.091 57.818 59.119 55.654 56.397 60.002 59.504 61.218 59.648 61.844 60.184 56.732 58.046 59.996 56.958 54.865 57.758 58.023 54.322 53.011 56.048 54.260 51.355 47.921 46.239 48.235 46.417 48.130 46.891 48.509 49.711 47.213 44.273 43.601 44.148 46.008 44.694 46.322 49.616 50.115 48.560 46.086 44.950 41.397 42.429 42.377 41.650 38.779 35.796 35.999 33.483 36.286 38.573 38.144 38.859 38.300 38.411 37.644 39.843 39.767 35.944 35.838 35.053 38.436 37.951 38.434 41.982 42.899 42.612 45.727 44.967 46.361 44.649 42.232 45.087 47.388 44.985 44.241 47.978 48.741 46.624 48.302 51.830 51.110 50.055 53.606 55.406 55.659 56.002 57.058 53.347 54.164 56.442 57.885 58.848 60.487 62.455 63.285 63.069 63.899 67.556 68.213 69.086 65.477 66.670 67.818 64.203 64.093 67.752 68.330 64.856 64.373 62.103
49.760 53.188 54.592 58.264 59.831 60.417 57.217 55.178 57.391 56.680 52.901 52.928 55.071 52.714 49.840 51.957 53.128 56.828 57.938 54.401 54.987 58.655 58.386 60.229 58.856 61.181 59.444 56.073 57.607 59.576 56.496 54.585 57.638 57.887 54.168 53.070 56.190 54.343 51.620 48.090 46.630 48.550 46.702 48.359 47.107 48.500 49.708 47.011 44.264 43.434 44.121 45.874 44.634 46.284 49.498 49.756 48.311 45.618 44.480 40.961 41.789 41.457 40.786 38.153 35.344 35.943 33.467 36.374 38.346 37.711 38.065 37.542 37.325 36.675 38.605 38.681 34.872 35.150 34.735 38.254 38.069 38.314 41.807 43.048 42.761 45.919 44.878 46.059 44.093 41.647 44.554 46.646 44.013 43.308 47.071 47.578 45.327 47.155 50.622 49.641 48.576 52.070 54.080 54.406 54.994 56.075 52.416 53.475 55.863 57.465 58.241 59.758 61.910 62.843 62.481 63.104 66.713 67.541 68.431 64.840 66.013 67.362 63.820 63.644 67.340 68.040 64.547 64.009 61.560
51.973 55.298 56.711 60.396 61.813 62.500 59.413 57.199 59.328 58.780 55.000 54.801 56.971 54.768 51.747 53.685 54.715 58.427 59.329 55.713 56.052 59.762 59.600 61.638 60.445 62.726 60.803 57.540 59.234 61.044 57.840 56.119 59.212 59.257 55.496 54.610 57.859 56.166 53.491 49.987 48.490 50.179 48.112 49.517 48.022 49.169 50.129 47.272 44.701 44.052 45.053 46.973 46.011 47.888 51.154 51.178 49.589 46.769 45.379 41.789 42.286 41.988 41.637 39.194 36.333 37.040 34.338 37.049 38.823 37.819 38.072 37.903 37.689 37.416 39.320 39.752 35.995 36.549 36.186 39.662 39.786 40.155 43.511 44.920 44.880 48.168 47.109 48.049 46.051 43.422 46.184 48.269 45.536 44.614 48.333 48.803 46.322 48.042 51.539 50.430 49.130 52.504 54.579 55.154 55.902 56.785 53.130 54.383 56.669 58.484 59.296 60.595 62.772 63.918 63.633 64.087 67.695 68.704 69.765 66.246 67.565 68.998 65.511 65.463 69.199 70.076 66.638 66.218 63.677
54.250 57.519 58.753 62.398 63.643 64.225 61.214 58.919 60.858 60.281 56.541 56.186 58.198 56.005 52.932 54.661 55.764 59.422 60.133 56.468 56.644 60.396 60.470 62.624 61.626 64.021 62.037 58.868 60.753 62.572 59.345 57.798 61.011 61.038 57.280 56.583 59.885 58.151 55.637 52.077 50.766 52.383 50.299 51.633 50.114 51.048 51.968 48.948 46.580 45.840 46.983 48.817 47.940 49.826 53.004 52.818 51.329 48.338 46.938 43.405 43.684 43.146 42.883 40.697 38.016 39.043 36.386 39.115 40.597 39.377 39.304 39.230 38.726 38.609 40.230 40.827 37.138 38.046 38.008 41.553 41.921 42.092 45.371 47.031 46.979 50.267 48.980 49.748 47.538 44.921 47.709 49.581 46.656 45.784 49.493 49.707 47.109 48.958 52.366 50.995 49.678 52.954 55.234 55.900 56.894 57.778 54.198 55.682 58.042 60.005 60.650 61.814 64.147 65.395 64.987 65.238 68.784 69.958 71.035 67.550 68.842 70.455 67.049 66.935 70.686 71.660 68.213 67.728 65.038
52.069 55.224 56.420 60.055 61.148 61.809 58.914 56.468 58.327 57.906 54.177 53.629 55.678 53.646 50.453 52.051 53.007 56.669 57.245 53.541 53.565 57.325 57.432 59.706 58.827 61.171 59.063 55.977 57.973 59.676 56.380 54.979 58.225 58.127 54.361 53.833 57.216 55.580 53.152 49.611 48.341 49.781 47.586 48.774 47.168 47.928 48.779 45.664 43.431 42.687 43.978 45.837 45.127 47.137 50.313 49.943 48.396 45.316 43.800 40.270 40.369 39.796 39.691 37.651 35.005 36.180 33.482 36.150 37.429 36.054 35.840 35.876 35.318 35.384 36.968 37.770 34.144 35.237 35.279 38.786 39.411 39.616 42.758 44.582 44.718 48.098 46.779 47.316 45.097 42.337 44.993 46.853 43.883 42.848 46.506 46.717 43.987 45.746 49.165 47.755 46.307 49.520 51.805 52.593 53.661 54.439 50.875 52.467 54.784 56.864 57.500 58.538 60.897 62.259 61.878 62.024 65.560 66.838 68.019 64.590 65.983 67.650 64.297 64.285 68.057 69.179 65.794 65.433 62.681
48.966 52.201 53.355 56.983 58.173 58.738 55.757 53.429 55.339 54.784 51.046 50.659 52.683 50.524 47.426 49.164 50.245 53.911 54.658 51.005 51.244 54.984 55.006 57.123 56.098 58.498 56.542 53.358 55.245 57.096 53.897 52.344 55.588 55.675 51.933 51.246 54.536 52.749 50.307 46.716 45.518 47.151 45.146 46.566 45.192 46.156 47.267 44.270 41.882 40.913 41.923 43.604 42.639 44.453 47.580 47.381 45.980 42.971 41.692 38.220 38.621 37.965 37.545 35.343 32.760 33.918 31.438 34.345 35.764 34.735 34.562 34.222 33.605 33.302 34.891 35.369 31.664 32.564 32.625 36.218 36.627 36.679 39.944 41.689 41.618 44.912 43.558 44.259 42.026 39.400 42.199 44.050 41.129 40.283 44.004 44.228 41.685 43.569 46.972 45.660 44.432 47.779 50.025 50.575 51.515 52.491 48.915 50.353 52.795 54.696 55.274 56.510 58.876 60.049 59.574 59.856 63.399 64.526 65.554 62.054 63.319 64.937 61.535 61.406 65.158 66.149 62.710 62.251 59.550
50.292 53.540 54.458 58.015 59.121 59.457 56.476 54.209 55.946 55.201 51.523 51.142 52.925 50.637 47.612 49.233 50.547 54.126 54.811 51.171 51.421 55.175 55.414 57.503 56.567 59.153 57.292 54.138 56.124 58.126 55.014 53.517 56.869 57.113 53.421 52.783 56.018 54.049 51.772 48.098 47.166 48.907 47.073 48.616 47.418 48.332 49.591 46.542 44.254 43.041 43.956 45.388 44.293 45.914 48.872 48.617 47.474 44.372 43.305 39.978 40.391 39.407 38.819 36.787 34.493 35.942 33.714 36.779 38.013 37.032 36.559 36.041 35.061 34.625 35.858 36.223 32.576 33.692 34.130 37.827 38.268 37.961 41.235 43.140 42.834 45.995 44.368 45.065 42.584 40.155 43.115 44.683 41.603 41.031 44.769 44.685 42.206 44.358 47.610 46.067 45.038 48.362 50.815 51.254 52.369 53.526 50.049 51.604 54.225 56.119 56.455 57.711 60.247 61.359 60.661 60.835 64.296 65.468 66.363 62.845 63.941 65.713 62.367 62.036 65.766 66.720 63.220 62.567 59.758
48.745 51.895 52.602 56.089 57.007 57.241 54.364 52.019 53.564 52.814 49.195 48.658 50.302 48.062 44.993 46.423 47.781 51.299 51.842 48.187 48.343 52.108 52.513 54.662 53.878 56.553 54.671 51.604 53.740 55.763 52.672 51.326 54.779 55.050 51.399 50.929 54.173 52.147 50.072 46.364 45.676 47.352 45.580 47.113 46.013 46.770 48.121 44.993 42.880 41.443 42.363 43.593 42.513 44.069 46.885 46.446 45.467 42.240 41.272 38.085 38.402 37.130 36.497 34.709 32.696 34.486 32.475 35.620 36.552 35.554 34.742 34.106 32.793 32.348 33.269 33.674 30.135 31.551 32.352 36.080 36.747 36.186 39.337 41.492 41.165 44.293 42.440 42.933 40.272 37.878 40.839 42.186 38.965 38.472 42.174 41.867 39.350 41.634 44.775 43.053 42.094 45.366 47.960 48.381 49.662 50.887 47.501 49.205 51.933 53.889 54.033 55.224 57.901 59.034 58.188 58.214 61.605 62.874 63.742 60.255 61.304 63.223 59.962 59.565 63.293 64.336 60.850 60.165 57.235
45.694 48.814 49.363 52.795 53.652 53.775 50.918 48.595 50.054 49.232 45.646 45.111 46.662 44.385 41.345 42.753 44.202 47.686 48.259 44.633 44.877 48.628 49.059 51.141 50.348 53.098 51.301 48.228 50.379 52.497 49.486 48.140 51.639 52.037 48.440 47.975 51.157 49.014 47.065 43.321 42.838 44.579 42.974 44.633 43.748 44.531 46.095 43.020 40.932 39.226 39.958 40.938 39.715 41.096 43.778 43.335 42.553 39.312 38.567 35.534 35.990 34.497 33.626 31.899 30.136 32.121 30.427 33.731 34.546 33.778 32.797 31.839 30.296 29.588 30.307 30.507 27.010 28.482 29.536 33.303 33.978 33.153 36.277 38.534 38.072 41.114 39.103 39.559 36.788 34.504 37.544 38.744 35.480 35.159 38.866 38.441 36.036 38.469 41.527 39.782 39.015 42.340 44.967 45.217 46.496 47.884 44.555 46.234 49.092 50.961 50.958 52.236 54.986 56.009 55.024 55.057 58.407 59.629 60.389 56.882 57.828 59.794 56.555 56.058 59.768 60.789 57.286 56.538 53.572
42.058 45.214 45.869 49.347 50.308 50.523 47.610 45.306 46.914 46.141 42.496 42.053 43.767 41.498 38.452 40.049 41.413 44.975 45.720 42.116 42.519 46.246 46.449 48.439 47.475 50.139 48.379 45.209 47.224 49.347 46.343 44.857 48.295 48.723 45.111 44.513 47.672 45.537 43.488 39.750 39.179 40.980 39.412 41.164 40.360 41.307 42.989 40.039 37.798 36.040 36.606 37.579 36.248 37.602 40.351 40.053 39.221 36.081 35.392 32.329 33.017 31.649 30.621 28.665 26.805 28.651 27.032 30.431 31.413 30.905 30.112 28.937 27.556 26.608 27.558 27.559 23.945 25.140 26.014 29.797 30.328 29.575 32.779 34.918 34.465 37.547 35.664 36.211 33.578 31.235 34.283 35.669 32.539 32.166 35.922 35.727 33.419 35.763 38.919 37.426 36.694 40.146 42.585 42.722 43.774 45.195 41.790 43.272 46.112 47.854 47.959 49.373 52.020 52.943 52.034 52.239 55.652 56.735 57.478 53.929 54.906 56.736 53.422 52.986 56.705 57.676 54.175 53.506 50.639
38.938 42.011 42.514 45.941 46.790 46.952 44.104 41.751 43.262 42.503 38.885 38.360 40.031 37.805 34.722 36.263 37.630 41.179 41.914 38.316 38.755 42.474 42.684 44.655 43.716 46.416 44.680 41.528 43.590 45.752 42.790 41.352 44.842 45.335 41.770 41.239 44.369 42.173 40.271 36.515 36.151 37.936 36.487 38.300 37.679 38.589 40.448 37.542 35.383 33.365 33.787 34.515 33.108 34.342 36.965 36.594 35.922 32.745 32.236 29.340 30.117 28.526 27.301 25.454 23.884 25.981 24.714 28.214 28.993 28.691 27.694 26.214 24.591 23.409 24.152 23.997 20.440 21.753 22.928 26.718 27.366 26.364 29.475 31.779 31.287 34.329 32.295 32.701 29.972 27.653 30.718 31.980 28.799 28.509 32.259 31.979 29.731 32.171 35.266 33.770 33.172 36.662 39.108 39.119 40.173 41.706 38.353 39.834 42.774 44.468 44.446 45.903 48.614 49.473 48.459 48.644 52.025 53.095 53.785 50.235 51.170 53.049 49.769 49.295 53.012 54.024 50.535 49.878 46.961
35.183 38.291 38.865 42.326 43.278 43.507 40.600 38.280 39.936 39.206 35.534 35.122 36.949 34.722 31.652 33.407 34.704 38.319 39.260 35.713 36.363 40.029 39.989 41.828 40.693 43.315 41.653 38.395 40.300 42.499 39.575 37.975 41.407 41.977 38.417 37.732 40.811 38.583 36.606 32.845 32.450 34.331 32.988 34.952 34.502 35.608 37.655 34.930 32.622 30.472 30.626 31.252 29.663 30.796 33.448 33.251 32.593 29.544 29.190 26.337 27.442 25.941 24.441 22.339 20.770 22.747 21.733 25.361 26.289 26.383 25.568 23.737 22.258 20.678 21.624 21.119 17.462 18.394 19.440 23.253 23.712 22.690 25.891 28.085 27.550 30.609 28.672 29.179 26.582 24.237 27.341 28.775 25.758 25.474 29.268 29.227 27.159 29.526 32.684 31.487 31.002 34.617 36.841 36.670 37.460 39.074 35.672 36.910 39.861 41.376 41.431 43.064 45.674 46.387 45.415 45.794 49.222 50.123 50.760 47.162 48.097 49.837 46.482 46.043 49.762 50.706 47.215 46.623 43.811
32.795 35.712 36.144 39.554 40.284 40.559 37.813 35.310 36.822 36.265 32.626 31.953 33.801 31.779 28.551 30.134 31.270 34.898 35.707 32.111 32.648 36.332 36.314 38.260 37.248 39.849 38.078 34.898 36.948 39.067 36.098 34.667 38.174 38.674 35.134 34.658 37.793 35.618 33.834 30.092 29.896 31.578 30.228 32.097 31.717 32.638 34.763 32.012 29.900 27.532 27.691 28.129 26.639 27.796 30.349 29.910 29.319 26.144 25.835 23.138 24.164 22.419 20.863 19.001 17.772 20.146 19.465 23.064 23.608 23.772 22.655 20.615 18.842 17.167 17.878 17.414 13.825 15.119 16.586 20.346 21.194 19.996 22.943 25.447 25.094 28.201 26.135 26.269 23.599 21.092 24.063 25.400 22.281 21.869 25.638 25.542 23.370 25.740 28.890 27.663 27.160 30.780 33.011 32.848 33.699 35.311 31.945 33.280 36.280 37.866 37.820 39.381 42.067 42.834 41.812 42.088 45.499 46.483 47.180 43.621 44.628 46.450 43.158 42.794 46.536 47.645 44.223 43.763 40.865
29.015 31.912 32.346 35.769 36.541 36.873 34.108 31.599 33.214 32.715 29.036 28.421 30.423 28.448 25.210 26.981 28.014 31.701 32.706 29.179 29.938 33.545 33.271 35.077 33.884 36.412 34.716 31.440 33.356 35.519 32.600 31.033 34.506 35.102 31.588 30.997 34.074 31.849 30.062 26.309 26.189 27.940 26.755 28.792 28.674 29.760 32.134 29.609 27.418 24.817 24.626 24.823 23.114 24.108 26.630 26.325 25.822 22.767 22.720 20.191 21.610 19.872 17.913 15.841 14.842 17.210 17.066 20.737 21.301 21.976 20.979 18.462 16.771 14.519 15.337 14.343 10.705 11.566 13.114 16.867 17.606 16.231 19.199 21.697 21.310 24.426 22.394 22.523 19.960 17.396 20.402 21.880 18.929 18.537 22.342 22.485 20.553 22.854 26.030 25.140 24.816 28.542 30.521 30.122 30.694 32.426 29.045 30.124 33.168 34.553 34.532 36.281 38.888 39.488 38.470 38.926 42.367 43.184 43.815 40.213 41.212 42.917 39.567 39.234 42.978 44.048 40.637 40.260 37.447
27.108 29.752 30.225 33.642 34.210 34.792 32.236 29.458 31.033 30.917 27.265 26.309 28.530 26.954 23.504 25.114 25.704 29.450 30.307 26.725 27.284 30.885 30.478 32.464 31.376 33.713 31.778 28.586 30.616 32.535 29.455 28.067 31.557 31.909 28.342 27.991 31.221 29.231 27.530 23.871 23.742 25.125 23.731 25.531 25.322 26.203 28.559 25.996 23.963 21.255 21.182 21.384 19.947 21.218 23.805 23.205 22.507 19.307 19.066 16.536 17.844 16.061 14.183 12.214 11.371 14.119 14.215 17.732 17.918 18.652 17.490 14.803 13.036 10.707 11.681 10.921 7.168 8.399 10.180 13.801 15.146 13.963 16.536 19.323 19.459 22.754 20.864 20.491 18.135 15.123 17.706 19.368 16.472 15.514 19.276 19.677 17.497 19.488 22.829 22.108 21.521 25.255 27.075 26.827 27.348 28.894 25.441 26.577 29.541 31.064 31.134 32.755 35.336 36.086 35.196 35.594 39.089 40.001 40.831 37.295 38.531 40.222 36.909 36.840 40.622 41.921 38.652 38.580 35.766
23.655 26.369 26.736 30.148 30.843 31.319 28.642 25.996 27.688 27.427 23.723 23.015 25.297 23.582 20.247 22.187 22.891 26.658 27.871 24.451 25.461 28.917 28.250 29.911 28.521 30.891 29.227 25.862 27.652 29.808 26.926 25.256 28.717 29.393 25.929 25.298 28.330 26.087 24.415 20.677 20.800 22.494 21.560 23.768 24.092 25.295 28.041 25.880 23.744 20.727 19.987 19.670 17.690 18.436 20.850 20.596 20.258 17.342 17.765 15.693 17.673 15.874 13.239 11.016 10.824 13.318 14.337 17.833 18.149 19.603 18.667 15.452 13.847 10.685 11.495 9.533 6.130 6.085 8.218 11.730 12.587 10.771 13.507 16.226 15.974 19.129 17.123 16.935 14.579 11.730 14.640 16.349 13.691 13.174 16.980 17.553 15.991 18.075 21.255 20.934 20.859 24.661 26.208 25.477 25.633 27.510 24.152 24.870 27.979 29.100 29.079 31.054 33.565 33.960 32.942 33.610 37.082 37.706 38.295 34.663 35.714 37.284 33.886 33.673 37.432 38.555 35.217 35.072 32.353
24.369 26.757 26.617 29.788 30.064 30.283 27.857 25.083 26.289 25.991 22.457 21.359 23.278 21.660 18.179 19.642 20.492 24.175 25.094 21.564 22.422 25.978 25.673 27.477 26.410 29.023 27.327 24.145 26.299 28.520 25.721 24.426 28.076 28.826 25.533 25.301 28.255 25.920 24.785 21.132 21.867 23.326 22.607 24.664 25.173 25.979 28.769 26.543 24.876 21.602 20.919 20.113 18.281 18.761 20.651 19.926 20.083 16.950 17.702 16.209 17.827 15.320 12.544 11.371 12.277 15.331 16.714 19.900 19.547 20.825 19.267 16.007 13.630 10.519 10.005 7.861 5.318 6.853 10.176 13.071 14.463 12.067 14.029 17.244 16.908 19.698 17.168 16.392 13.500 10.902 13.750 14.652 11.439 11.297 15.054 14.919 13.276 15.893 18.789 18.023 18.249 22.016 23.888 23.032 23.568 25.666 22.542 23.600 26.950 28.182 27.703 29.546 32.356 32.780 31.427 31.782 35.112 35.928 36.444 32.858 33.790 35.679 32.461 32.081 35.833 37.125 33.810 33.573 30.590
27.310 29.432 28.966 31.915 31.806 31.838 29.694 26.820 27.541 27.252 23.959 22.461 23.947 22.486 18.946 19.730 20.682 24.172 24.581 20.914 21.322 25.022 25.266 27.359 26.782 29.577 27.745 24.880 27.437 29.571 26.789 25.972 29.734 30.381 27.219 27.432 30.381 28.112 27.369 23.853 24.872 26.038 25.266 27.016 27.400 27.751 30.355 27.894 26.654 23.378 23.068 22.177 20.733 21.262 22.826 21.598 21.953 18.593 19.232 17.975 18.939 15.922 13.569 13.361 14.616 18.049 19.244 22.222 21.363 22.145 20.007 17.065 14.040 11.588 10.008 8.710 7.065 9.824 13.370 15.982 17.825 15.419 16.872 20.333 20.088 22.655 19.867 18.666 15.490 13.197 15.687 15.860 12.225 12.203 15.652 14.696 12.639 15.664 18.269 16.753 16.980 20.597 22.977 22.302 23.439 25.527 22.627 24.217 27.650 29.174 28.347 29.854 32.945 33.576 32.000 31.916 35.089 36.232 36.793 33.335 34.227 36.454 33.473 33.003 36.717 38.215 34.975 34.665 31.433
29.916 32.145 31.628 34.550 34.467 34.331 32.138 29.388 30.019 29.516 26.273 24.882 26.113 24.451 21.051 21.730 22.977 26.336 26.640 22.996 23.315 27.031 27.559 29.653 29.191 32.119 30.361 27.565 30.161 32.364 29.646 28.863 32.633 33.327 30.188 30.388 33.304 30.964 30.211 26.653 27.645 28.921 28.129 29.885 30.161 30.486 32.977 30.378 29.130 25.973 25.823 25.073 23.644 24.176 25.738 24.550 24.929 21.553 22.083 20.670 21.457 18.448 16.348 16.104 17.028 20.431 21.276 24.380 23.617 24.115 21.905 19.230 16.142 14.048 12.532 11.620 9.751 12.470 15.828 18.685 20.382 17.997 19.686 23.053 22.617 25.129 22.235 21.256 17.931 15.895 18.547 18.558 14.873 15.098 18.462 17.221 15.166 18.308 20.752 18.898 19.130 22.604 25.244 24.663 26.034 28.118 25.301 27.040 30.471 32.065 31.156 32.577 35.739 36.409 34.753 34.549 37.639 38.862 39.364 35.933 36.703 39.035 36.111 35.490 39.162 40.598 37.307 36.799 33.496
30.253 32.719 32.636 35.797 36.001 36.143 33.764 31.004 32.026 31.638 28.194 26.994 28.604 26.909 23.475 24.527 25.560 29.091 29.563 25.894 26.217 29.942 30.181 32.300 31.633 34.354 32.480 29.529 31.945 34.026 31.109 30.105 33.792 34.304 30.941 30.941 34.038 31.844 30.655 27.010 27.483 28.817 27.688 29.413 29.358 29.848 32.177 29.453 27.896 25.013 25.070 24.845 23.485 24.414 26.466 25.484 25.350 21.950 22.016 19.997 20.814 18.267 16.442 15.530 15.590 18.792 19.073 22.374 21.990 22.324 20.437 17.957 15.279 13.344 12.823 12.267 9.378 11.818 14.579 17.874 19.456 17.594 19.761 22.911 22.684 25.570 23.051 22.393 19.382 16.906 19.622 20.327 16.857 16.546 20.155 19.537 17.258 19.956 22.840 21.302 21.041 24.622 27.058 26.758 27.905 29.699 26.576 28.198 31.428 33.102 32.609 34.035 36.998 37.788 36.459 36.433 39.702 40.873 41.549 38.077 39.053 41.163 38.078 37.673 41.406 42.790 39.480 39.105 35.968
32.539 35.189 35.017 38.148 38.486 38.362 35.833 33.319 34.311 33.560 30.142 29.224 30.561 28.512 25.312 26.437 27.904 31.321 31.886 28.305 28.791 32.485 32.902 34.851 34.135 37.047 35.402 32.414 34.750 37.049 34.294 33.167 36.849 37.581 34.278 34.103 37.064 34.658 33.444 29.724 30.250 31.873 30.922 32.840 32.868 33.507 35.863 33.151 31.481 28.652 28.615 28.369 26.788 27.487 29.459 28.700 28.752 25.459 25.689 23.659 24.578 22.070 20.171 19.125 19.030 22.013 22.138 25.593 25.476 25.770 23.993 21.622 19.026 17.111 16.584 15.822 12.968 15.019 17.612 21.062 22.227 20.196 22.649 25.602 24.949 27.649 24.971 24.700 21.499 19.454 22.493 22.994 19.507 19.705 23.301 22.425 20.420 23.360 26.039 24.335 24.342 27.849 30.434 29.992 31.211 33.175 30.152 31.738 35.046 36.607 35.998 37.517 40.524 41.184 39.709 39.701 42.887 43.993 44.474 40.962 41.695 43.855 40.772 40.100 43.780 44.966 41.539 40.857 37.695
35.092 37.929 37.978 41.215 41.748 41.681 39.016 36.590 37.757 36.945 33.459 32.718 34.127 31.960 28.837 30.113 31.609 35.053 35.676 32.098 32.570 36.273 36.661 38.606 37.817 40.688 39.035 35.988 38.228 40.510 37.695 36.449 40.075 40.750 37.351 37.035 40.051 37.684 36.221 32.460 32.680 34.405 33.289 35.199 35.000 35.743 37.932 35.122 33.267 30.710 30.842 30.946 29.400 30.275 32.482 31.878 31.690 28.423 28.392 26.021 26.885 24.681 23.028 21.667 20.998 23.695 23.294 26.832 27.046 27.104 25.569 23.519 21.232 19.596 19.539 19.020 15.842 17.623 19.703 23.356 24.304 22.610 25.368 28.086 27.430 30.245 27.760 27.790 24.721 22.618 25.724 26.479 23.088 23.155 26.820 26.119 24.032 26.825 29.639 27.961 27.761 31.253 33.834 33.556 34.749 36.577 33.442 35.011 38.209 39.822 39.397 40.897 43.820 44.545 43.207 43.253 46.496 47.596 48.126 44.596 45.367 47.447 44.298 43.653 47.340 48.440 44.971 44.245 41.158
36.166 39.214 39.310 42.563 43.351 43.132 40.261 38.111 39.417 38.313 34.808 34.444 35.773 33.297 30.428 31.970 33.744 37.147 38.030 34.573 35.336 38.969 39.282 40.981 39.973 42.917 41.505 38.328 40.349 42.828 40.156 38.653 42.207 43.101 39.731 39.118 41.990 39.445 37.841 34.033 34.191 36.236 35.308 37.469 37.403 38.431 40.721 38.043 35.955 33.436 33.342 33.435 31.603 32.258 34.467 34.211 34.118 31.040 31.189 28.786 29.946 27.900 26.038 24.365 23.530 25.889 25.459 29.127 29.721 29.969 28.728 26.602 24.547 22.684 22.822 21.942 18.684 19.941 21.735 25.465 25.911 24.164 27.213 29.613 28.589 31.244 28.791 29.284 26.241 24.451 27.806 28.597 25.359 25.751 29.456 28.803 27.025 29.899 32.659 31.108 31.131 34.671 37.185 36.703 37.736 39.719 36.583 37.936 41.172 42.574 42.173 43.879 46.734 47.262 45.883 46.114 49.350 50.260 50.605 46.999 47.581 49.561 46.335 45.507 49.143 49.986 46.411 45.461 42.481
39.620 42.656 42.601 45.767 46.486 46.081 43.240 41.174 42.307 41.041 37.644 37.283 38.347 35.776 33.030 34.388 36.367 39.629 40.384 36.965 37.648 41.270 41.844 43.547 42.681 45.760 44.410 41.323 43.433 45.979 43.379 41.973 45.568 46.523 43.208 42.666 45.490 42.870 41.382 37.575 37.857 39.923 39.046 41.191 41.116 42.051 44.290 41.526 39.538 37.033 37.022 37.073 35.266 35.853 37.940 37.614 37.651 34.524 34.703 32.359 33.365 31.181 29.399 27.929 27.191 29.633 29.137 32.770 33.276 33.342 31.950 29.971 27.756 26.064 25.948 25.185 22.086 23.551 25.482 29.190 29.669 27.816 30.806 33.250 32.104 34.617 32.017 32.515 29.323 27.744 31.128 31.658 28.321 28.901 32.527 31.577 29.809 32.840 35.429 33.613 33.720 37.135 39.855 39.390 40.636 42.673 39.649 41.154 44.447 45.904 45.345 46.977 49.944 50.490 48.975 49.064 52.204 53.199 53.469 49.894 50.347 52.462 49.323 48.339 51.924 52.736 49.138 48.007 44.947
41.268 44.388 44.616 47.916 48.753 48.569 45.674 43.534 44.862 43.754 40.251 39.884 41.189 38.700 35.848 37.311 39.082 42.464 43.216 39.716 40.287 43.964 44.417 46.234 45.329 48.268 46.765 43.634 45.709 48.111 45.350 43.899 47.445 48.208 44.764 44.183 47.142 44.688 42.961 39.157 39.094 41.094 39.946 41.960 41.594 42.547 44.569 41.710 39.607 37.394 37.616 38.040 36.399 37.285 39.648 39.348 39.045 35.896 35.731 33.075 33.956 32.076 30.589 28.907 27.699 29.916 28.952 32.531 33.246 33.066 31.897 30.242 28.330 26.935 27.240 26.788 23.433 24.804 26.322 30.111 30.583 29.152 32.279 34.597 33.686 36.426 34.098 34.661 31.669 29.795 33.088 33.957 30.679 30.898 34.604 33.933 31.936 34.726 37.548 35.824 35.598 39.034 41.680 41.460 42.654 44.459 41.275 42.788 45.921 47.498 47.193 48.743 51.600 52.296 51.006 51.135 54.385 55.421 55.866 52.291 52.933 54.947 51.731 50.938 54.579 55.434 51.855 50.872 47.884
43.293 46.557 46.972 50.338 51.387 51.245 48.215 46.202 47.713 46.538 42.984 42.824 44.216 41.619 38.864 40.522 42.318 45.735 46.636 43.166 43.843 47.505 47.837 49.571 48.516 51.407 49.961 46.737 48.660 51.087 48.325 46.706 50.168 50.949 47.462 46.690 49.627 47.177 45.245 41.444 41.156 43.282 42.102 44.175 43.731 44.857 46.814 44.003 41.710 39.688 39.898 40.512 38.812 39.732 42.232 42.142 41.708 38.670 38.424 35.606 36.587 34.963 33.514 31.569 30.052 31.942 30.735 34.307 35.344 35.159 34.290 32.757 31.141 29.769 30.382 29.895 26.400 27.459 28.604 32.422 32.617 31.408 34.719 36.772 35.803 38.550 36.419 37.259 34.419 32.564 35.908 36.975 33.829 34.020 37.774 37.286 35.341 38.037 40.953 39.364 39.086 42.566 45.121 44.910 45.973 47.739 44.470 45.855 48.914 50.427 50.279 51.906 54.655 55.313 54.130 54.395 57.701 58.641 59.075 55.459 56.100 57.988 54.690 53.904 57.536 58.261 54.645 53.622 50.753
46.942 50.189 50.638 54.017 55.017 54.907 51.917 49.843 51.309 50.183 46.640 46.382 47.750 45.205 42.402 43.936 45.693 49.096 49.850 46.332 46.830 50.529 50.986 52.844 51.916 54.807 53.259 50.102 52.122 54.470 51.634 50.117 53.603 54.267 50.740 50.071 53.086 50.718 48.773 44.984 44.619 46.642 45.309 47.233 46.595 47.591 49.357 46.414 44.198 42.347 42.791 43.572 42.047 43.126 45.685 45.476 44.931 41.807 41.366 38.447 39.188 37.606 36.410 34.568 32.935 34.836 33.369 36.823 37.809 37.322 36.413 35.186 33.588 32.530 33.141 32.944 29.459 30.704 31.813 35.626 35.961 34.890 38.162 40.264 39.422 42.236 40.126 40.884 38.028 36.085 39.354 40.415 37.193 37.259 40.994 40.446 38.329 40.981 43.912 42.175 41.730 45.115 47.772 47.752 48.964 50.602 47.329 48.869 51.866 53.531 53.408 54.888 57.666 58.469 57.328 57.471 60.773 61.842 62.370 58.793 59.498 61.450 58.187 57.445 61.092 61.888 58.289 57.283 54.364
48.220 51.558 52.256 55.726 56.904 56.947 53.866 51.828 53.504 52.440 48.820 48.677 50.236 47.691 44.886 46.603 48.251 51.739 52.609 49.081 49.625 53.328 53.604 55.445 54.382 57.153 55.575 52.336 54.224 56.508 53.610 51.962 55.350 55.936 52.344 51.533 54.576 52.306 50.138 46.384 45.733 47.780 46.326 48.220 47.431 48.555 50.195 47.296 44.914 43.313 43.811 44.847 43.357 44.570 47.314 47.256 46.487 43.462 42.850 39.745 40.529 39.261 38.180 36.093 34.120 35.688 33.938 37.305 38.579 38.049 37.465 36.413 35.164 34.193 35.168 35.023 31.398 32.374 33.080 36.874 37.033 36.283 39.674 41.542 40.792 43.694 41.847 42.773 40.127 38.069 41.298 42.633 39.551 39.444 43.222 42.941 40.793 43.262 46.347 44.794 44.198 47.632 50.143 50.202 51.258 52.774 49.384 50.800 53.664 55.309 55.413 56.923 59.554 60.379 59.424 59.701 63.091 64.090 64.692 61.092 61.895 63.695 60.342 59.716 63.381 64.123 60.525 59.599 56.803
52.016 55.357 56.030 59.486 60.640 60.638 57.567 55.537 57.156 56.053 52.461 52.294 53.770 51.204 48.418 50.049 51.749 55.198 55.982 52.444 52.902 56.617 57.017 58.906 57.925 60.740 59.143 55.948 57.895 60.176 57.267 55.677 59.088 59.649 56.053 55.292 58.352 56.086 53.936 50.181 49.531 51.556 50.060 51.896 51.026 52.076 53.615 50.644 48.323 46.807 47.418 48.509 47.086 48.335 51.073 50.958 50.184 47.112 46.437 43.310 43.963 42.676 41.707 39.709 37.730 39.322 37.469 40.764 41.994 41.293 40.660 39.777 38.494 37.680 38.581 38.559 34.973 36.068 36.813 40.603 40.813 40.072 43.444 45.340 44.590 47.475 45.592 46.503 43.803 41.772 44.999 46.263 43.119 43.027 46.786 46.402 44.195 46.695 49.741 48.058 47.422 50.781 53.391 53.532 54.707 56.187 52.824 54.343 57.198 58.920 58.992 60.426 63.100 63.988 63.012 63.204 66.568 67.642 68.259 64.678 65.465 67.329 64.006 63.347 67.006 67.756 64.150 63.167 60.331
54.594 57.982 58.826 62.337 63.599 63.702 60.582 58.568 60.312 59.257 55.622 55.511 57.100 54.542 51.750 53.469 55.094 58.591 59.417 55.865 56.314 60.037 60.350 62.253 61.214 63.950 62.314 59.084 60.964 63.183 60.222 58.571 61.917 62.399 58.759 57.929 61.017 58.838 56.543 52.825 51.974 53.984 52.380 54.153 53.139 54.239 55.635 52.677 50.278 48.983 49.683 50.975 49.621 50.985 53.847 53.805 52.863 49.848 49.022 45.769 46.391 45.322 44.486 42.368 40.166 41.534 39.457 42.631 44.030 43.232 42.810 42.121 41.073 40.388 41.504 41.572 37.921 38.885 39.373 43.124 43.250 42.743 46.166 47.914 47.250 50.192 48.486 49.487 46.919 44.807 47.987 49.418 46.349 46.128 49.902 49.671 47.413 49.785 52.926 51.327 50.562 53.924 56.459 56.694 57.801 59.170 55.738 57.208 59.955 61.695 61.923 63.340 65.918 66.854 66.012 66.264 69.682 70.739 71.425 67.840 68.705 70.482 67.111 66.536 70.207 70.934 67.334 66.405 63.640
56.323 59.799 60.629 64.113 65.507 65.491 62.274 60.441 62.232 60.996 57.388 57.483 58.992 56.275 53.647 55.480 57.269 60.724 61.693 58.215 58.836 62.523 62.808 64.559 63.401 66.195 64.718 61.420 63.180 65.533 62.678 60.890 64.197 64.838 61.236 60.244 63.219 60.919 58.585 54.862 54.031 56.222 54.776 56.713 55.837 57.100 58.608 55.750 53.238 51.891 52.411 53.619 52.081 53.275 56.085 56.226 55.393 52.477 51.813 48.602 49.412 48.340 47.322 45.093 42.920 44.181 42.212 45.458 47.005 46.385 46.056 45.218 44.188 43.302 44.415 44.256 40.594 41.379 41.831 45.590 45.474 44.880 48.397 49.993 49.111 51.907 50.208 51.430 48.870 46.953 50.251 51.648 48.645 48.623 52.415 52.166 50.082 52.549 55.642 54.090 53.495 56.911 59.434 59.510 60.538 62.043 58.623 59.976 62.785 64.384 64.582 66.139 68.703 69.495 68.592 68.948 72.353 73.288 73.835 70.202 70.928 72.655 69.252 68.543 72.166 72.726 69.072 67.992 65.301
