62.714 64.321 62.001 65.522 64.249 66.524 65.314 60.515 61.624 63.716 59.953 56.492 59.289 59.572 54.734 53.580 52.790 55.981 52.540 49.163 45.102 48.336 49.692 54.949 57.304 57.324 52.591 53.453 58.375 56.331 52.071 55.791 58.717 55.672 52.602 55.863 60.464 60.895 59.924 58.266 59.173 56.136 53.756 52.267 50.951 46.498 46.082 41.772 44.583 43.585 48.572 48.949 50.123 53.232 55.342 50.541 50.420 46.774 43.607 44.469 39.679 38.689 42.325 44.921 43.424 47.054 45.071 46.628 42.569 39.741 36.146 39.149 35.656 39.779 37.511 42.835 41.405 46.141 48.336 48.051 52.498 50.690 50.375 55.065 56.379 61.558 58.440 55.847 53.988 50.911 51.581 51.638 47.930 45.764 48.018 46.043 41.603 42.859 44.500 40.580 37.824 36.734 39.378 42.640 47.085 43.266 42.588 47.621 47.508 52.028 49.649 47.267 51.464 55.202 53.498 50.120 53.608 57.196 60.832 56.501 60.687 63.166 60.295 62.072 66.479 69.143 65.719 69.567 64.104 56.505 47.357 38.020 43.162 52.545 38.817 32.523 62.264 58.728 49.917 42.125 36.082 46.250 33.685 54.322 64.061 53.682 49.403 54.084 62.572 36.072 44.940 57.060 41.931 63.478 52.284 57.990 59.590 53.238 63.226 59.292 29.056 53.532 40.872 51.869 54.081 53.315 48.256 53.969 41.762 65.154 56.671 47.297 50.293 48.881 52.711 53.964
61.611 62.820 60.517 63.869 62.312 64.769 63.864 58.926 59.897 62.334 58.740 55.010 57.863 58.547 53.691 52.412 51.303 54.344 50.745 47.646 43.349 46.316 47.637 52.810 55.462 55.195 50.394 51.644 56.423 54.030 50.009 54.000 56.574 53.329 50.657 54.159 58.512 59.180 58.377 57.106 58.039 54.596 52.491 50.544 49.490 44.741 44.125 40.078 43.290 42.197 47.361 47.337 49.019 51.965 53.914 48.968 48.692 45.479 42.066 43.463 38.348 37.406 41.266 44.212 43.181 46.403 44.818 46.036 41.697 38.794 35.328 38.407 34.956 39.487 36.754 42.170 41.357 45.783 48.165 47.333 52.098 50.279 49.470 54.218 55.717 60.745 57.803 54.775 53.392 50.297 50.476 50.576 47.249 44.815 46.626 44.925 40.611 41.346 42.769 39.193 36.234 34.705 37.055 40.454 44.860 40.680 40.563 45.498 45.072 49.714 47.286 44.545 48.686 52.559 50.983 47.311 50.606 54.361 58.050 54.031 58.247 60.631 58.056 60.038 64.165 67.072 63.872 67.959 62.452 54.328 45.370 35.777 40.320 50.330 36.355 30.272 60.042 56.163 47.359 39.455 33.594 43.386 31.557 51.895 61.432 51.155 46.506 52.154 60.352 33.480 43.149 54.482 39.237 61.218 49.908 55.781 57.066 51.020 60.871 57.209 26.647 50.549 38.320 49.176 51.199 50.659 45.267 51.060 38.807 62.690 53.945 44.251 47.601 46.292 50.441 51.232
57.060 58.357 55.815 59.147 57.569 59.865 59.010 54.110 54.940 57.304 53.791 50.025 52.741 53.436 48.637 47.241 46.242 49.197 45.580 42.504 38.234 41.219 42.652 47.799 50.425 50.307 45.537 46.735 51.600 49.370 45.348 49.338 52.048 48.990 46.265 49.775 54.207 54.607 54.043 52.585 53.800 50.382 48.546 46.701 46.032 41.202 41.103 36.842 40.087 38.539 43.604 43.286 44.808 47.573 49.319 44.342 44.415 41.023 37.951 39.546 34.532 33.129 36.814 39.934 39.227 42.608 41.304 42.726 38.145 35.784 32.044 34.703 30.843 35.323 32.191 37.535 36.844 41.309 44.010 43.232 47.969 45.833 45.039 49.941 51.160 56.151 53.049 49.962 48.522 45.628 45.778 45.633 42.333 40.089 41.768 39.871 35.693 36.585 37.810 34.084 31.378 29.785 32.407 35.595 40.092 36.170 35.943 40.984 40.969 45.409 42.728 40.265 44.607 48.281 46.425 42.856 46.195 49.910 53.449 49.292 53.397 55.948 53.300 55.090 59.337 62.155 58.896 62.889 57.347 51.124 41.956 32.734 37.620 47.030 33.537 27.629 56.805 53.009 45.206 38.102 30.436 41.728 28.647 49.792 58.968 49.085 44.105 49.213 57.797 30.858 40.035 51.455 38.018 57.934 47.857 53.471 53.955 49.041 57.629 54.767 24.644 48.449 37.415 45.999 48.400 47.429 42.262 49.105 35.689 60.348 50.864 41.828 46.196 44.933 48.644 48.011
55.709 56.659 54.594 57.912 56.358 59.066 58.134 53.124 54.314 56.943 53.273 49.532 52.716 53.513 48.544 47.528 46.015 49.312 45.923 42.614 38.287 41.372 42.254 47.575 50.111 49.565 44.741 45.998 50.612 48.041 43.987 47.980 50.376 46.978 44.363 47.900 52.131 53.062 52.123 51.167 51.922 48.285 46.196 44.022 42.999 38.152 37.436 33.499 36.892 35.808 41.063 40.946 42.949 45.898 47.930 42.985 42.374 39.484 35.764 37.364 32.059 31.366 35.443 38.490 37.704 40.492 39.180 40.085 35.607 32.637 29.305 32.479 29.269 34.121 31.311 36.796 36.483 40.487 42.798 41.481 46.475 44.866 43.661 48.318 50.144 55.064 52.437 49.201 48.250 44.911 44.773 45.229 42.165 39.290 41.011 39.811 35.370 35.594 37.277 34.154 30.646 29.228 31.130 34.849 39.062 34.645 34.536 39.323 38.572 43.340 41.193 38.277 42.246 46.233 44.942 41.332 44.770 48.382 52.314 48.284 52.762 54.803 52.192 54.497 58.483 61.454 58.331 62.619 57.239 48.030 39.239 29.590 33.441 43.897 30.012 24.511 53.635 49.385 41.451 33.684 26.896 36.946 25.731 46.276 55.090 45.344 39.598 46.495 54.584 27.121 37.603 47.733 33.481 54.712 44.429 50.283 50.322 45.857 54.260 51.772 21.319 43.566 33.087 42.299 44.126 43.948 37.863 44.328 31.461 56.754 47.104 36.838 41.673 40.638 45.384 44.328
52.309 53.087 50.685 53.827 51.994 54.594 54.005 48.953 49.780 52.567 49.183 45.175 48.137 49.270 44.415 43.077 41.524 44.491 40.889 37.946 33.459 36.256 37.355 42.508 45.319 44.766 39.930 41.489 46.108 43.463 39.654 43.891 46.169 42.863 40.553 44.302 48.423 49.163 48.709 47.788 48.952 45.059 43.558 41.170 40.862 35.715 35.494 31.559 35.269 33.542 38.750 37.925 40.094 42.648 44.249 39.157 38.931 36.161 32.753 35.031 29.679 28.392 32.348 35.865 35.830 38.532 37.843 38.777 33.870 31.578 28.071 30.692 27.024 31.991 28.339 33.705 33.967 37.793 40.635 39.061 44.177 42.136 40.637 45.517 47.060 51.803 49.063 45.454 44.741 41.728 41.203 41.296 38.568 35.832 36.981 35.675 31.607 31.648 32.784 29.731 26.512 24.527 26.561 30.058 34.385 29.995 30.330 35.172 34.725 39.309 36.721 33.846 38.065 41.899 40.301 36.511 39.777 43.548 47.278 43.378 47.672 49.926 47.515 49.680 53.590 56.653 53.644 57.963 52.479 44.212 35.287 26.095 30.432 39.888 26.630 21.795 49.702 45.169 38.911 33.185 22.851 36.453 22.677 43.844 51.950 42.942 37.397 43.323 51.663 23.942 34.370 43.752 33.483 50.658 42.132 47.734 46.261 43.778 50.173 49.139 19.573 42.441 33.407 38.218 41.101 39.553 34.966 43.200 28.270 53.898 43.156 35.529 41.088 39.772 43.502 40.238
49.852 50.459 48.624 51.857 50.258 53.234 52.340 47.256 48.633 51.503 47.819 44.040 47.548 48.533 43.495 42.737 40.754 44.262 41.112 37.667 33.333 36.459 36.834 42.249 44.682 43.803 38.981 40.298 44.682 41.886 37.860 41.885 44.026 40.457 37.986 41.597 45.642 46.863 45.848 45.289 45.895 41.983 40.026 37.522 36.671 31.647 30.875 27.107 30.801 29.620 34.966 34.598 37.041 39.908 41.955 37.010 36.042 33.612 29.559 31.549 26.014 25.572 29.876 33.105 32.773 34.964 34.120 34.622 29.925 27.012 23.886 27.044 24.140 29.344 26.339 31.794 32.210 35.601 37.890 35.938 41.199 39.781 38.050 42.604 44.764 49.498 47.236 43.708 43.320 39.781 39.187 40.007 37.356 33.997 35.481 34.900 30.438 29.961 31.859 29.382 25.275 23.933 25.195 29.258 33.189 28.495 28.493 33.056 31.920 36.813 34.959 31.823 35.596 39.697 38.720 35.169 38.727 42.179 46.350 42.361 47.094 48.755 46.155 48.810 52.593 55.648 52.649 57.156 51.930 42.621 34.278 24.540 27.426 38.345 24.523 20.160 48.030 43.073 36.223 30.073 20.975 32.897 21.381 41.317 49.238 40.250 34.131 41.971 49.601 21.524 33.479 41.462 30.277 48.962 39.680 45.604 44.098 41.536 48.318 47.249 17.499 38.746 30.410 35.776 38.045 37.606 31.750 39.727 25.167 51.365 40.578 31.536 37.868 36.757 41.115 37.722
48.489 48.661 46.540 49.459 47.393 50.376 50.034 44.859 45.765 49.002 45.746 41.564 44.843 46.406 41.536 40.379 38.179 41.193 37.735 34.929 30.329 32.884 33.454 38.570 41.498 40.397 35.546 37.472 41.708 38.572 35.029 39.469 41.191 37.562 35.755 39.717 43.421 44.637 44.208 43.962 44.950 40.567 39.372 36.365 36.365 30.950 30.447 27.046 31.223 29.451 34.743 33.435 36.370 38.705 40.203 35.083 34.367 32.445 28.591 31.556 25.928 25.000 29.203 33.007 33.630 35.438 35.386 35.690 30.600 28.317 25.302 27.884 24.746 30.065 26.127 31.328 32.601 35.579 38.394 35.943 41.387 39.603 37.338 42.050 44.030 48.447 46.208 42.111 42.238 39.065 37.809 38.289 36.247 32.940 33.523 33.037 29.152 28.119 29.247 27.180 23.336 21.055 22.079 25.985 29.929 24.950 25.970 30.408 29.271 34.056 31.749 28.314 32.247 36.318 35.170 31.169 34.351 38.120 42.133 38.568 43.115 44.909 42.769 45.427 48.898 52.218 49.513 54.184 48.852 39.471 30.841 22.063 25.129 34.914 22.321 19.028 44.707 38.909 35.087 29.533 17.667 31.785 19.628 40.288 47.081 39.177 32.169 39.677 47.762 19.767 31.082 37.844 29.786 45.414 38.829 44.293 40.332 40.890 44.627 45.758 17.949 36.959 30.343 31.769 35.161 32.955 28.449 38.062 21.653 49.706 36.811 29.562 36.998 36.101 40.738 33.585
43.950 44.119 42.392 45.450 43.693 46.901 46.187 41.029 42.452 45.627 42.066 38.164 41.906 43.213 38.199 37.599 35.109 38.679 35.746 32.341 28.013 31.017 30.886 36.289 38.694 37.450 32.653 34.155 38.259 35.190 31.313 35.463 37.263 33.543 31.377 35.159 38.941 40.392 39.510 39.400 40.023 35.713 34.185 31.224 30.921 25.585 25.018 21.513 25.666 24.060 29.412 28.411 31.423 33.989 35.846 30.871 29.662 27.856 23.600 26.366 20.651 20.240 24.659 28.250 28.777 30.220 30.196 30.266 25.230 22.824 19.991 22.706 20.072 25.513 22.013 27.196 28.659 31.217 33.666 30.946 36.469 35.087 32.676 37.167 39.539 43.962 42.053 38.088 38.409 34.842 33.585 34.646 32.631 28.854 29.787 29.883 25.664 24.265 26.152 24.548 19.945 18.493 18.889 23.248 26.827 21.825 22.170 26.440 24.967 29.930 28.233 24.850 28.500 32.672 31.929 28.383 32.010 35.328 39.677 35.793 40.717 42.043 39.539 42.510 46.035 49.204 46.390 51.119 46.037 37.161 29.269 19.957 21.679 32.708 19.564 17.037 42.308 36.662 31.689 26.369 15.252 28.456 17.951 37.039 43.704 35.805 28.834 37.595 44.903 16.718 29.598 35.203 26.638 43.060 35.678 41.404 37.827 37.961 42.247 43.098 15.734 33.610 27.357 29.275 31.961 31.119 25.449 34.709 18.729 46.387 34.139 26.277 33.729 32.906 37.714 31.150
44.414 43.997 42.035 44.670 42.339 45.604 45.575 40.340 41.209 44.850 41.831 37.485 40.947 42.957 38.195 37.148 34.381 37.306 34.023 31.486 26.892 29.073 29.139 34.085 37.122 35.525 30.733 33.049 36.859 33.289 30.122 34.755 35.906 32.053 30.850 35.021 38.261 39.820 39.589 39.956 40.924 36.083 35.422 31.837 32.437 26.799 26.318 23.547 28.106 26.061 31.212 29.193 32.816 34.742 35.959 30.871 29.854 28.834 24.829 28.606 22.985 22.196 26.351 30.436 31.902 32.837 33.583 33.363 28.138 26.298 23.823 25.952 23.308 28.643 24.370 29.091 31.403 33.458 36.347 33.116 38.737 37.064 34.076 38.607 40.828 44.822 43.021 38.447 39.402 36.269 34.252 34.961 33.709 30.035 29.872 30.154 26.718 24.627 25.525 24.561 20.409 17.803 17.659 21.758 25.200 19.754 21.625 25.523 23.844 28.668 26.520 22.602 26.297 30.497 29.689 25.500 28.550 32.301 36.504 33.289 37.990 39.389 37.548 40.596 43.630 47.166 44.776 49.723 44.561 35.512 27.707 19.801 19.845 30.737 19.189 18.198 40.289 33.749 30.854 27.118 13.838 28.391 18.930 36.389 41.994 34.951 26.956 37.208 44.181 16.437 29.484 32.833 27.686 40.747 35.259 40.993 35.302 37.873 39.792 42.822 17.422 32.216 28.958 26.534 29.537 27.734 22.572 33.590 15.886 45.187 31.601 24.327 33.826 33.110 37.619 28.253
38.957 38.476 36.795 39.519 37.429 40.892 40.573 35.347 36.653 40.268 37.030 32.908 36.791 38.629 33.787 33.249 30.149 33.562 30.839 27.780 23.514 26.066 25.360 30.551 33.059 31.305 26.582 28.516 32.170 28.657 25.190 29.600 30.803 26.884 25.394 29.473 32.765 34.485 33.972 34.497 35.259 30.391 29.679 26.048 26.742 21.075 20.904 18.119 22.727 20.483 25.553 23.451 27.253 29.201 30.599 25.622 24.224 23.468 19.219 23.180 17.623 17.101 21.286 25.306 27.066 27.501 28.616 28.166 22.918 21.486 19.302 21.051 18.905 24.139 20.068 24.475 27.264 28.678 31.369 27.757 33.434 32.014 28.739 33.087 35.583 39.476 37.993 33.429 34.708 31.329 29.124 30.323 29.302 25.211 25.120 26.070 22.546 19.865 21.362 21.110 16.311 14.478 13.363 17.909 20.870 15.385 16.708 20.367 18.409 23.388 21.752 17.897 21.421 25.683 25.200 21.507 25.075 28.320 32.837 29.253 34.322 35.276 33.058 36.395 39.490 42.868 40.379 45.381 40.468 32.546 26.036 17.321 15.169 28.193 15.776 15.220 37.240 30.586 26.557 23.329 11.786 24.389 16.340 32.174 37.344 30.610 22.195 34.154 40.066 12.933 27.480 28.960 24.015 37.811 31.205 36.984 31.720 34.048 36.663 38.971 14.429 27.640 25.386 22.723 24.768 24.946 17.859 29.045 11.244 40.693 27.329 19.933 29.834 29.223 33.759 24.389
42.540 41.378 40.052 42.393 39.955 43.730 43.849 38.631 39.787 43.825 40.922 36.667 40.530 42.832 38.186 37.590 34.153 37.182 34.392 31.974 27.692 29.545 28.730 33.414 36.287 33.995 29.446 31.975 35.041 30.930 28.190 32.748 33.071 28.786 28.278 32.471 35.018 37.354 36.901 38.209 38.686 33.429 32.951 28.662 29.367 23.747 22.536 20.950 25.759 24.111 29.057 26.766 31.263 32.976 34.221 29.439 27.501 27.792 23.264 27.430 21.947 22.106 26.217 30.128 32.003 31.742 33.017 31.953 27.016 25.055 23.619 25.700 24.250 29.437 25.605 29.736 32.819 33.817 36.268 32.185 37.908 36.844 33.141 37.116 39.975 43.490 42.456 37.613 39.492 36.141 33.458 34.841 34.359 30.126 29.515 30.925 27.805 24.576 25.695 26.102 21.509 19.283 17.470 21.753 24.130 18.251 20.786 23.567 20.561 25.583 24.347 19.681 22.402 26.961 27.168 23.014 25.865 29.307 33.935 31.277 36.271 36.804 35.298 39.035 41.401 45.144 43.170 48.434 43.681 33.428 27.272 19.912 16.913 28.791 18.415 19.172 37.677 29.923 29.115 26.875 13.440 27.067 19.834 34.766 38.504 33.095 23.755 36.206 42.049 16.122 29.883 28.936 27.523 37.914 34.036 39.491 31.521 37.087 36.584 41.419 19.041 28.961 29.203 22.223 25.027 24.184 17.427 30.772 11.224 42.449 26.911 20.724 32.760 32.414 36.934 23.538
36.980 35.777 34.477 36.845 34.526 38.366 38.344 33.140 34.504 38.520 35.551 31.412 35.495 37.731 33.113 32.815 29.149 32.436 30.078 27.377 23.417 25.438 24.044 28.843 31.322 28.952 24.475 26.754 29.707 25.676 22.755 27.207 27.591 23.329 22.672 26.871 29.470 31.762 31.323 32.682 33.229 27.907 27.709 23.381 24.612 18.924 18.493 16.911 21.688 19.494 24.150 21.406 26.023 27.513 28.672 23.961 21.957 22.534 18.144 22.726 17.585 17.619 21.428 25.377 27.791 27.156 28.979 27.865 22.864 21.780 20.529 21.831 20.635 25.460 21.596 25.176 28.779 29.168 31.658 27.304 32.978 31.897 27.929 31.820 34.678 38.024 37.154 32.235 34.415 31.082 28.133 29.716 29.574 25.190 24.360 26.262 23.369 19.627 20.934 22.038 17.287 15.569 12.862 17.231 19.114 13.293 15.616 18.066 14.987 20.045 19.018 14.443 17.219 21.759 22.036 18.291 21.627 24.657 29.466 26.421 31.654 31.954 30.121 33.986 36.464 40.057 37.980 43.249 38.656 29.017 23.243 16.281 11.903 24.654 14.866 17.311 33.122 25.417 24.426 24.051 9.612 23.301 17.397 30.061 33.192 28.314 18.896 32.085 37.156 13.087 26.080 24.020 24.870 33.406 29.538 34.817 26.738 32.786 31.987 36.827 18.832 24.640 27.174 17.423 19.895 20.327 12.577 26.472 5.996 37.281 21.951 16.512 28.913 28.577 32.717 18.837
37.825 36.079 34.382 36.184 33.197 36.944 37.762 32.613 33.186 37.631 35.398 30.844 34.408 37.393 33.218 32.365 28.563 30.930 28.241 26.693 22.665 23.556 22.439 26.445 29.636 26.932 22.624 25.866 28.383 23.880 22.066 26.950 26.564 22.398 23.057 27.525 29.411 31.575 32.081 33.782 34.865 29.222 30.136 25.503 27.829 22.291 22.333 21.430 26.056 23.418 27.452 23.706 28.500 29.132 29.386 24.758 23.372 24.633 21.154 26.372 21.822 21.166 24.282 28.520 31.704 30.892 33.307 32.207 27.234 26.873 25.690 26.353 24.881 29.321 24.845 27.796 31.928 31.992 34.951 30.468 35.933 34.418 30.140 34.007 36.407 39.213 38.352 32.928 35.631 32.985 29.402 30.365 31.021 27.105 25.074 26.957 25.124 21.064 20.987 22.717 19.018 16.267 13.252 16.556 18.015 12.195 16.464 18.176 15.402 19.640 17.853 12.886 15.665 19.907 19.919 15.358 17.738 21.355 25.863 23.733 28.545 28.996 28.043 31.846 33.722 37.697 36.135 41.540 36.900 25.970 20.185 14.898 12.606 21.196 13.610 17.666 30.065 22.506 24.797 26.419 8.170 26.208 17.205 30.192 32.639 28.701 20.338 29.710 35.900 12.948 24.037 21.697 27.732 30.241 29.743 34.141 24.142 32.876 28.978 35.710 20.391 27.073 29.938 15.130 20.014 16.778 13.416 28.634 6.990 36.775 20.240 19.789 31.156 30.508 33.235 16.776
33.052 31.386 30.031 32.079 29.515 33.477 33.767 28.610 29.835 34.112 31.478 27.276 31.369 33.956 29.636 29.426 25.384 28.456 26.468 24.120 20.583 22.108 20.115 24.529 26.910 24.164 19.923 22.461 24.907 20.596 18.157 22.707 22.566 18.253 18.323 22.683 24.806 27.151 27.181 28.956 29.757 24.138 24.872 20.239 22.625 17.126 17.623 16.773 21.222 18.435 22.253 18.478 23.421 24.156 24.737 20.238 18.321 19.872 16.177 21.446 17.233 16.928 19.868 23.858 27.175 25.924 28.590 27.329 22.498 22.589 21.756 21.989 21.114 25.201 21.206 23.728 28.101 27.604 30.253 25.517 30.958 29.756 25.301 28.948 31.657 34.460 33.890 28.619 31.506 28.542 24.913 26.480 27.212 22.911 21.150 23.710 21.710 17.201 17.963 20.300 16.093 14.522 10.592 14.235 15.018 9.319 12.585 13.847 10.475 15.185 14.224 9.289 11.890 16.404 16.883 13.238 16.604 19.347 24.284 21.404 26.721 26.678 25.011 29.114 31.276 34.946 33.102 38.496 34.115 24.555 19.360 12.548 9.031 20.210 10.502 14.909 28.972 22.153 21.166 22.844 6.796 22.897 14.828 26.650 30.058 25.133 17.026 27.390 33.075 9.518 22.048 20.592 24.348 29.462 26.109 30.886 23.325 29.245 28.261 32.649 17.508 22.787 26.555 14.206 17.244 17.080 9.678 24.927 3.561 33.832 18.752 14.755 27.542 26.712 29.487 15.454
32.698 31.806 30.379 32.972 30.929 34.669 34.313 29.108 30.726 34.513 31.308 27.330 31.602 33.550 28.838 28.809 25.141 28.825 26.825 23.596 19.923 22.414 20.643 25.756 27.745 25.595 21.107 22.855 26.021 22.374 18.907 23.183 24.082 20.037 18.686 22.827 25.867 27.834 27.328 28.340 29.043 23.867 23.706 19.697 21.255 15.543 16.233 14.074 18.619 15.758 20.247 17.289 21.661 23.143 24.364 19.586 17.757 18.007 13.802 18.611 13.732 13.359 16.964 20.984 23.716 23.122 25.236 24.364 19.222 19.016 17.614 18.169 16.920 21.428 17.510 20.769 24.608 24.731 27.329 22.990 28.622 27.391 23.425 27.440 30.161 33.596 32.637 27.803 29.909 26.533 23.625 25.317 25.145 20.673 19.975 22.063 19.119 15.209 16.948 18.290 13.316 12.377 9.231 13.778 15.519 10.070 11.331 14.005 11.459 16.530 15.510 11.574 14.768 19.044 19.027 15.943 19.923 22.488 27.303 23.561 28.961 29.292 26.878 30.633 33.533 36.833 34.440 39.582 35.032 26.620 20.959 12.640 8.932 22.410 10.626 13.454 31.049 24.073 21.147 20.396 7.103 19.931 13.836 26.829 30.820 25.037 15.719 28.580 34.179 8.635 22.660 22.371 21.499 31.510 26.234 31.551 25.147 29.338 30.232 33.511 15.223 21.616 23.854 16.112 17.915 19.289 11.081 23.146 4.819 34.559 20.693 14.106 25.219 24.830 29.263 17.806
31.782 31.515 29.101 31.804 29.650 32.751 32.526 27.304 28.311 31.835 28.762 24.456 28.199 30.152 25.422 24.741 21.574 24.986 22.464 19.248 15.127 17.868 16.881 22.279 24.561 23.100 18.319 20.083 24.050 20.977 17.289 21.854 23.554 20.250 18.501 22.701 26.286 27.127 27.407 27.413 29.073 24.270 24.642 21.450 23.666 18.216 20.238 17.232 21.206 17.436 21.533 18.165 21.448 22.565 23.184 18.008 17.880 16.789 14.092 18.985 14.611 12.231 15.243 19.843 22.975 23.489 25.657 25.738 20.313 21.151 18.784 18.484 15.722 19.941 14.823 18.116 21.895 22.659 26.175 22.610 27.975 25.703 22.240 26.937 28.604 32.255 30.448 25.547 27.013 24.252 21.598 22.196 21.724 18.000 16.978 17.947 15.232 12.042 12.828 13.290 8.872 6.846 4.759 9.376 12.500 7.614 8.580 12.778 12.744 16.800 14.098 11.453 16.006 19.392 17.828 14.680 18.803 21.699 25.877 21.547 26.558 27.902 25.242 28.170 31.724 34.847 32.105 36.962 31.956 23.607 17.358 8.798 9.033 19.402 6.792 9.374 28.638 23.598 18.924 19.325 3.556 20.828 9.836 24.304 30.277 23.074 16.914 25.082 31.552 4.442 18.784 21.552 20.964 29.489 23.279 28.488 24.256 25.976 28.655 30.234 11.987 23.976 22.627 16.360 19.480 19.260 13.923 24.691 7.521 32.950 20.990 17.625 25.027 23.681 26.131 18.565
36.186 36.304 33.990 36.908 34.950 37.933 37.475 32.296 33.378 36.629 33.334 29.180 32.781 34.379 29.495 28.699 26.042 29.477 26.627 23.284 18.946 21.937 21.640 27.085 29.464 28.315 23.499 25.069 29.292 26.400 22.554 26.920 28.882 25.539 23.439 27.435 31.278 32.152 32.023 31.710 33.100 28.610 28.156 25.230 26.418 20.910 22.104 18.503 22.621 19.490 24.251 21.913 24.843 26.634 27.763 22.595 22.276 20.448 17.190 21.153 16.020 14.038 17.822 22.161 24.199 25.467 26.687 27.020 21.521 21.218 18.262 19.074 15.779 20.745 15.880 20.337 23.005 24.864 28.167 25.153 30.613 28.472 25.636 30.452 32.209 36.318 34.233 29.789 30.494 27.461 25.594 26.164 24.776 21.181 21.180 21.359 17.801 15.840 17.083 16.016 11.508 9.522 9.718 14.001 17.695 13.017 13.399 17.950 17.603 22.001 19.528 16.767 21.099 24.734 23.275 19.949 23.840 27.005 31.112 26.864 31.711 33.286 30.629 33.355 37.062 40.136 37.263 41.959 36.818 27.679 20.459 9.934 12.395 23.650 9.334 7.833 32.957 27.989 22.130 20.209 6.693 22.620 8.526 27.354 33.965 26.274 20.126 27.390 34.705 6.708 19.894 25.921 21.534 33.880 26.013 31.286 28.666 28.285 33.082 32.830 9.472 26.694 22.697 20.592 22.939 23.422 17.496 27.538 11.130 36.645 25.174 20.287 26.936 25.474 28.314 22.698
31.442 32.199 29.852 33.153 31.797 34.563 33.441 28.404 29.990 32.695 28.922 25.242 29.119 30.015 24.932 24.694 22.249 26.415 24.247 19.869 16.181 20.125 19.316 25.118 26.551 25.881 21.269 21.713 26.221 24.149 19.558 23.255 26.074 23.247 20.028 23.544 28.008 28.387 27.935 26.927 28.390 24.475 23.716 21.663 22.805 17.770 20.116 15.834 19.159 15.461 19.837 17.846 19.833 21.869 23.316 18.262 18.322 15.402 12.708 16.174 11.623 8.616 12.210 16.515 18.616 20.332 21.615 22.477 16.961 17.769 14.467 14.222 10.411 15.035 10.000 14.517 17.171 19.009 22.404 19.756 25.055 22.742 20.278 25.258 26.806 31.201 28.926 24.917 25.154 21.884 20.535 21.317 19.416 15.697 16.585 16.725 12.500 11.047 13.490 12.127 6.831 7.405 8.096 12.002 15.458 12.266 10.046 15.000 15.784 19.646 17.474 16.101 20.335 23.376 21.698 19.588 24.010 26.367 30.361 25.313 30.230 31.733 28.280 30.749 35.016 37.555 34.221 38.602 33.636 26.611 20.760 9.525 10.902 23.247 7.532 5.783 32.062 28.506 18.511 16.751 8.584 19.336 7.601 23.709 31.494 22.628 17.660 25.700 31.872 3.826 19.265 25.617 18.300 33.367 22.314 28.060 28.499 24.640 32.732 29.916 6.031 24.019 19.405 21.290 21.874 25.097 17.764 24.389 12.650 33.410 25.184 18.822 23.316 21.734 24.539 23.497
34.914 36.160 33.824 37.317 36.211 38.750 37.361 32.465 34.087 36.410 32.458 29.028 32.680 33.132 28.013 27.695 25.854 29.999 27.654 23.165 19.507 23.623 23.373 29.159 30.554 30.264 25.687 25.882 30.603 28.832 24.134 27.566 30.697 27.992 24.468 27.690 32.391 32.612 31.877 30.408 31.719 28.304 26.886 25.339 25.644 20.883 22.745 17.982 21.002 17.930 22.513 21.512 22.843 25.369 27.164 22.285 22.408 18.809 16.124 18.353 13.712 11.147 14.797 18.472 19.312 22.010 22.254 23.619 18.294 18.281 14.287 14.909 10.423 15.332 10.967 16.284 17.426 20.485 23.629 21.877 26.949 24.684 23.088 28.075 29.482 34.257 31.645 28.238 27.608 24.251 23.816 24.434 21.646 18.394 20.203 19.502 14.774 14.795 17.321 14.688 10.218 10.781 12.687 16.208 19.998 16.995 14.691 19.694 20.476 24.384 22.261 20.940 25.143 28.233 26.486 24.322 28.651 31.151 35.020 29.913 34.647 36.406 32.860 35.033 39.529 41.915 38.397 42.516 37.472 30.472 23.775 12.416 15.081 26.978 11.393 7.521 36.047 32.514 22.282 16.681 11.124 20.517 9.624 27.082 35.761 26.158 21.555 29.059 35.708 7.970 21.817 29.837 17.598 37.363 25.301 31.544 32.669 27.049 36.806 33.390 3.960 27.038 17.905 25.285 26.095 28.648 21.503 27.198 15.875 37.433 29.388 21.629 24.434 22.811 26.538 27.477
37.867 38.801 36.885 40.324 39.144 42.003 40.661 35.685 37.465 40.023 36.052 32.604 36.446 37.038 31.895 31.688 29.583 33.722 31.309 27.009 23.197 27.059 26.685 32.439 34.028 33.371 28.718 29.213 33.688 31.480 26.911 30.467 33.187 30.048 26.796 30.120 34.579 35.364 34.285 33.314 34.134 30.494 28.686 26.710 26.407 21.468 22.289 17.713 21.121 18.835 23.897 23.293 25.215 28.019 30.113 25.269 24.609 21.623 18.002 20.088 14.813 13.570 17.775 21.168 21.484 23.725 23.574 24.432 19.240 17.932 14.201 16.097 12.576 17.893 14.424 19.801 20.813 23.709 26.282 24.195 29.472 27.801 25.990 30.685 32.662 37.402 35.149 31.715 31.371 27.708 27.137 28.194 25.556 21.940 23.750 23.508 18.764 18.225 20.891 18.708 13.940 14.021 15.165 19.242 22.870 19.048 17.443 22.151 21.888 26.353 24.669 22.557 26.461 30.045 28.839 26.296 30.531 33.215 37.391 32.612 37.546 39.010 35.698 38.260 42.451 45.058 41.730 46.062 41.083 34.074 27.194 15.889 18.106 30.551 14.989 10.371 39.653 35.921 25.187 19.449 14.304 22.873 12.610 30.145 38.974 29.135 24.168 32.437 38.969 11.511 25.033 33.301 20.102 40.955 28.442 34.615 36.156 30.293 40.373 36.483 6.898 29.140 20.239 28.538 29.093 31.836 24.124 29.559 18.365 40.554 32.674 23.233 27.207 25.790 29.808 30.659
38.979 40.188 38.731 42.378 41.634 44.562 42.744 37.920 40.182 42.452 38.140 35.155 39.235 39.339 34.129 34.404 32.404 36.925 34.885 30.171 26.736 30.877 30.224 36.055 37.191 36.597 32.097 32.098 36.474 34.492 29.668 32.733 35.633 32.507 28.812 31.711 36.305 37.262 35.533 34.459 34.729 31.546 28.920 27.386 26.090 21.668 21.995 17.211 20.042 18.633 23.702 24.202 25.731 29.078 31.759 27.265 26.114 22.931 18.992 19.861 14.768 14.589 18.804 21.340 20.508 22.917 21.884 22.783 18.096 15.857 12.056 14.914 12.156 17.302 15.364 20.760 20.910 23.977 25.755 24.042 29.126 28.070 26.712 31.040 33.378 38.315 36.244 33.390 32.725 28.637 28.652 30.222 27.166 23.418 26.072 25.996 20.864 20.677 24.058 21.853 17.000 17.962 18.916 22.982 26.287 22.704 20.443 24.849 24.284 28.795 27.770 25.797 29.264 32.886 32.064 29.914 34.294 36.667 40.992 36.067 41.132 42.310 38.730 41.392 45.662 48.062 44.598 48.805 44.051 34.206 28.727 17.029 17.494 31.426 15.352 10.733 39.760 36.822 22.108 14.198 17.178 18.354 13.781 26.740 36.776 25.739 21.803 31.516 36.610 11.765 25.319 33.505 14.708 41.310 24.880 31.638 36.497 26.525 40.737 33.841 4.963 25.719 14.721 29.451 28.048 33.745 23.791 25.753 18.962 37.732 32.852 20.851 22.248 20.805 25.626 31.510
44.318 45.499 43.869 47.445 46.477 49.333 47.748 42.865 44.812 47.162 43.010 39.802 43.602 43.868 38.705 38.563 36.768 40.936 38.432 34.102 30.324 34.204 34.090 39.828 41.414 40.863 36.216 36.606 41.108 38.943 34.319 37.688 40.461 37.226 33.844 36.935 41.440 42.396 40.865 39.791 40.173 36.903 34.356 32.655 31.309 26.797 26.615 22.132 25.108 23.980 29.112 29.533 31.168 34.442 36.962 32.321 31.337 28.200 24.325 25.317 20.190 19.882 24.034 26.663 25.649 28.286 26.965 27.902 23.421 20.709 17.129 20.260 17.374 22.323 20.199 25.687 25.463 29.009 30.891 29.448 34.437 33.240 32.049 36.460 38.630 43.609 41.330 38.432 37.567 33.703 33.777 34.972 31.800 28.388 30.824 30.286 25.300 25.379 28.211 25.543 21.134 21.227 22.634 26.668 30.376 26.438 24.897 29.507 28.846 33.507 32.112 29.778 33.447 37.247 36.277 33.610 37.742 40.551 44.794 40.104 45.021 46.490 43.181 45.730 49.957 52.531 49.136 53.360 48.387 40.143 32.548 21.736 23.663 36.339 21.278 16.248 45.711 41.482 30.342 21.649 19.357 25.048 18.145 35.176 44.514 34.059 28.707 38.604 44.873 17.933 30.632 39.242 21.462 46.897 33.380 40.089 42.043 35.066 46.297 42.201 11.679 32.167 21.174 33.960 34.342 36.451 28.946 32.676 22.958 45.964 38.438 26.273 29.632 28.644 34.137 35.916
44.421 45.509 44.592 48.253 47.636 50.804 48.839 44.058 46.588 48.893 44.460 41.652 45.899 45.906 40.682 41.160 39.079 43.683 41.670 36.978 33.529 37.581 36.842 42.654 43.803 42.997 38.510 38.570 42.727 40.526 35.770 38.717 41.344 37.936 34.365 37.106 41.479 42.936 40.683 39.953 39.580 36.522 33.262 31.651 29.346 25.337 24.324 20.129 22.670 22.637 27.721 29.053 30.777 34.466 37.551 33.292 31.453 28.711 24.234 24.402 19.433 20.483 24.734 26.628 24.882 26.907 25.049 25.460 21.661 17.825 14.998 19.042 17.645 22.366 21.621 26.841 26.485 29.490 30.425 28.786 33.694 33.402 32.182 36.005 38.865 43.801 42.079 39.511 38.864 34.483 34.681 36.668 33.544 29.650 32.549 32.719 27.514 27.201 30.764 28.703 23.779 24.596 25.216 29.511 32.655 28.666 26.746 30.806 29.421 34.232 33.747 31.287 34.292 38.246 37.973 35.670 39.946 42.360 46.928 42.248 47.460 48.335 44.871 47.826 51.883 54.371 51.007 55.300 50.674 40.363 34.880 23.347 21.689 37.299 21.442 17.497 45.687 41.494 27.543 17.374 21.933 20.386 20.348 32.324 41.733 31.016 25.419 38.363 42.791 17.625 32.223 38.404 16.808 47.016 30.611 37.790 41.477 32.439 46.181 40.267 11.812 27.823 16.747 33.614 31.790 37.914 26.779 28.309 22.135 43.130 37.086 22.372 25.128 24.510 31.173 35.419
49.515 50.825 49.695 53.397 52.739 55.726 53.797 49.030 51.355 53.540 49.142 46.277 50.263 50.192 44.997 45.194 43.453 47.858 45.549 41.006 37.413 41.410 41.134 46.918 48.275 47.683 43.110 43.262 47.634 45.502 40.767 43.821 46.583 43.239 39.678 42.454 46.927 48.186 46.059 45.057 44.837 41.935 38.657 37.215 34.864 30.944 29.889 25.736 28.117 28.125 33.117 34.510 35.965 39.659 42.665 38.331 36.819 33.766 29.576 29.607 24.810 25.466 29.553 31.413 29.349 31.898 29.664 30.417 26.851 23.048 20.135 24.042 22.210 26.641 25.854 31.173 30.219 33.816 34.832 33.739 38.413 37.919 37.110 41.046 43.608 48.685 46.650 44.255 43.171 38.985 39.500 41.125 37.679 34.194 37.175 36.796 31.602 31.825 35.082 32.445 27.965 28.423 29.614 33.751 37.255 33.263 31.529 35.865 34.725 39.520 38.685 36.219 39.470 43.430 42.892 40.352 44.514 47.192 51.623 46.955 52.006 53.207 49.799 52.518 56.712 59.209 55.770 59.948 55.146 47.688 41.123 29.796 29.475 44.237 28.545 23.717 53.121 48.539 35.971 25.521 27.678 28.523 26.242 40.700 50.150 39.473 33.723 45.712 50.980 24.811 38.639 45.880 24.654 54.355 38.901 45.952 48.880 40.512 53.554 48.264 18.102 35.906 24.079 40.620 39.705 44.206 34.010 36.534 28.743 51.592 44.516 30.006 33.208 32.668 39.261 42.414
50.491 51.384 50.869 54.482 53.881 57.260 55.275 50.502 53.170 55.580 51.114 48.362 52.718 52.751 47.525 48.085 45.895 50.498 48.441 43.850 40.320 44.237 43.465 49.233 50.485 49.465 44.970 45.185 49.155 46.708 42.087 45.023 47.348 43.698 40.360 43.040 47.148 49.027 46.454 46.078 45.250 42.210 38.613 36.840 33.918 30.246 28.202 24.768 27.097 27.993 32.979 34.736 36.707 40.539 43.831 39.713 37.396 35.087 30.277 30.162 25.333 27.025 31.298 32.877 30.704 32.321 30.048 29.998 26.930 22.237 20.356 24.826 24.200 28.659 28.445 33.550 33.012 35.900 36.318 34.646 39.411 39.642 38.422 41.870 45.105 49.973 48.539 46.084 45.544 41.003 41.213 43.455 40.372 36.367 39.291 39.649 34.442 33.952 37.537 35.614 30.627 31.222 31.596 36.047 39.090 34.752 33.227 37.033 35.027 40.034 39.896 37.014 39.654 43.860 44.010 41.515 45.632 48.124 52.866 48.467 53.775 54.416 51.133 54.338 58.164 60.781 57.552 61.959 57.407 50.612 44.157 32.915 31.851 47.093 31.529 27.022 55.938 50.911 38.632 27.777 30.434 30.325 29.532 43.407 52.569 42.074 35.832 48.904 53.877 27.755 41.937 48.330 26.678 57.088 41.674 48.859 51.347 43.374 56.183 51.278 21.448 37.070 26.164 42.872 41.775 46.466 35.418 38.132 30.704 54.184 46.732 30.739 35.177 34.908 42.016 44.553
54.094 55.456 54.832 58.612 58.245 61.376 59.140 54.501 57.193 59.252 54.651 52.112 56.303 55.959 50.758 51.307 49.536 54.175 52.107 47.358 43.955 48.057 47.542 53.361 54.468 53.794 49.320 49.250 53.442 51.338 46.530 49.272 51.977 48.558 44.874 47.340 51.714 53.271 50.610 49.745 48.956 46.391 42.534 41.317 38.153 34.858 33.113 29.419 31.201 32.157 36.877 39.046 40.373 44.357 47.757 43.744 41.749 38.877 34.470 33.758 29.372 30.787 34.759 35.976 33.177 35.443 32.572 33.048 30.405 25.902 23.789 28.065 27.195 31.119 31.365 36.426 35.054 38.470 38.708 37.821 42.158 42.339 41.775 45.206 48.144 53.214 51.495 49.518 48.362 43.905 44.710 46.760 43.198 39.602 42.964 42.841 37.526 37.738 41.362 38.886 34.279 35.068 35.988 40.218 43.474 39.469 37.554 41.584 40.035 44.878 44.582 42.041 44.873 48.924 48.805 46.443 50.645 53.136 57.741 53.096 58.288 59.175 55.676 58.586 62.710 65.126 61.674 65.825 61.233 53.752 47.489 36.084 34.925 50.416 34.657 29.878 59.116 54.320 40.915 29.237 33.859 31.904 32.517 45.457 55.071 44.170 38.370 51.601 56.216 30.873 44.816 51.594 27.873 60.352 43.659 50.957 54.646 45.165 59.472 53.443 23.958 39.420 27.010 46.264 44.691 49.910 39.003 40.067 34.058 56.400 49.994 33.853 36.440 36.262 43.640 47.925
58.341 59.393 58.729 62.373 61.707 64.966 63.033 58.250 60.734 63.078 58.644 55.814 59.948 59.943 54.731 55.024 53.112 57.521 55.154 50.737 47.037 50.863 50.521 56.261 57.758 56.887 52.290 52.647 56.799 54.346 49.766 52.840 55.232 51.581 48.304 51.044 55.206 56.978 54.490 53.929 53.187 50.257 46.619 44.947 41.945 38.355 36.198 32.870 35.081 36.043 40.970 42.789 44.584 48.438 51.681 47.476 45.390 42.856 38.226 38.020 33.285 34.674 38.863 40.427 37.967 39.996 37.380 37.581 34.752 30.077 28.125 32.501 31.521 35.779 35.523 40.739 39.695 43.086 43.537 42.323 46.888 46.989 46.111 49.639 52.661 57.655 55.971 53.656 52.750 48.358 48.828 50.773 47.415 43.738 46.716 46.613 41.411 41.337 44.648 42.240 37.608 37.837 38.667 43.016 46.385 41.961 40.684 44.732 42.858 47.900 47.465 44.488 47.319 51.582 51.545 48.766 52.735 55.515 60.159 55.839 61.016 61.933 58.755 61.793 65.700 68.375 65.108 69.449 64.722 57.000 50.275 39.140 38.250 53.388 37.908 33.178 62.336 57.108 45.039 33.752 36.495 36.204 35.601 49.738 58.972 48.415 42.128 55.244 60.303 34.161 48.058 54.662 32.443 63.448 47.974 55.197 57.662 49.565 62.530 57.614 27.588 43.368 31.705 49.046 48.041 52.433 41.912 44.190 36.766 60.567 52.974 37.326 40.956 40.818 48.127 50.674
57.737 58.689 58.487 62.140 61.699 65.143 62.990 58.304 61.139 63.458 58.883 56.310 60.715 60.572 55.351 56.029 53.917 58.585 56.551 51.911 48.419 52.353 51.603 57.373 58.577 57.541 53.074 53.224 57.125 54.672 50.052 52.840 55.110 51.403 48.059 50.550 54.560 56.629 53.730 53.417 52.218 49.448 45.467 43.869 40.376 37.218 34.629 31.681 33.522 35.093 39.809 42.086 43.920 47.925 51.444 47.519 44.966 42.734 37.878 37.261 32.790 34.810 38.954 40.115 37.378 38.926 36.129 35.951 33.664 28.594 27.276 31.852 31.672 35.709 36.100 41.081 40.086 43.046 42.961 41.597 46.029 46.675 45.739 48.848 52.262 57.143 55.851 53.722 53.013 48.362 48.845 51.247 47.997 44.054 47.220 47.562 42.287 41.951 45.638 43.621 38.703 39.326 39.725 44.187 47.201 42.810 41.309 44.994 42.751 47.783 47.893 44.906 47.310 51.594 51.975 49.471 53.522 56.007 60.827 56.516 61.862 62.381 59.113 62.397 66.173 68.775 65.547 69.924 65.450 59.028 52.617 41.515 39.457 55.414 40.048 35.743 64.221 58.580 45.995 34.029 38.619 35.833 38.219 50.635 59.570 49.159 42.489 57.513 61.622 36.254 50.647 56.079 32.396 65.255 48.984 56.455 59.144 50.687 64.217 59.116 30.146 42.736 31.765 50.417 48.604 53.932 42.555 43.658 37.961 61.260 54.077 36.951 40.621 40.899 49.023 51.918
53.747 54.913 54.796 58.548 58.358 61.725 59.323 54.763 57.796 59.899 55.192 52.873 57.354 56.950 51.747 52.673 50.628 55.493 53.740 48.837 45.610 49.749 48.803 54.621 55.486 54.575 50.230 50.029 53.914 51.731 46.943 49.435 51.923 48.394 44.734 46.981 51.132 53.068 49.994 49.489 48.201 45.721 41.540 40.297 36.627 33.747 31.445 28.246 29.702 31.350 35.877 38.474 39.964 44.079 47.746 44.011 41.464 39.033 34.317 33.267 29.106 31.253 35.216 36.058 33.056 34.676 31.683 31.639 29.561 24.556 23.237 27.768 27.837 31.583 32.445 37.243 36.060 38.925 38.605 37.431 41.685 42.470 41.736 44.711 48.120 53.030 51.776 49.911 49.070 44.339 45.051 47.600 44.244 40.317 43.775 44.186 38.844 38.656 42.621 40.643 35.712 36.810 37.195 41.566 44.425 40.373 38.361 41.961 39.928 44.790 45.078 42.437 44.785 48.893 49.260 47.123 51.357 53.574 58.375 53.822 59.190 59.635 56.113 59.327 63.246 65.636 62.280 66.516 62.186 55.597 49.733 38.496 35.800 52.133 36.771 32.450 60.677 54.997 42.177 30.026 35.742 32.160 35.171 46.694 56.005 45.287 38.876 53.766 57.738 32.935 47.368 52.401 28.409 61.714 44.987 52.457 55.468 46.587 60.608 55.114 26.481 39.246 27.644 46.782 44.899 50.645 38.821 40.186 34.297 57.468 50.360 33.328 36.760 36.909 44.904 48.225
51.089 51.842 52.124 55.740 55.537 59.182 56.826 52.267 55.494 57.814 53.142 50.862 55.597 55.371 50.186 51.358 48.915 53.876 52.354 47.471 44.328 48.357 46.987 52.729 53.499 52.247 48.015 47.877 51.404 48.997 44.361 46.767 48.879 45.175 41.748 43.948 47.767 50.132 46.851 46.877 45.244 42.552 38.336 36.755 32.899 30.122 27.252 24.622 26.135 28.238 32.731 35.360 37.325 41.401 45.156 41.581 38.497 36.716 31.619 30.689 26.502 29.289 33.343 34.130 31.413 32.181 29.520 28.782 26.862 21.454 20.914 25.633 26.494 30.353 31.341 35.915 35.354 37.522 36.957 35.125 39.550 40.747 39.515 42.174 46.046 50.700 49.922 47.859 47.589 42.671 42.967 45.933 43.016 38.679 41.916 42.947 37.710 36.871 40.999 39.678 34.400 35.603 35.328 39.843 42.276 38.079 36.217 39.348 36.751 41.663 42.446 39.593 41.468 45.659 46.504 44.484 48.665 50.665 55.640 51.306 56.820 56.828 53.425 56.986 60.584 63.055 59.902 64.317 60.203 52.141 46.798 35.581 32.048 48.850 33.514 30.097 57.132 51.539 38.579 26.844 32.956 28.248 32.805 43.314 51.861 41.721 34.727 50.826 54.354 29.665 44.834 48.761 25.269 58.195 41.790 49.323 51.864 43.730 57.051 52.105 24.456 34.956 25.075 43.311 40.924 47.512 35.079 35.936 30.888 53.704 46.673 29.142 33.312 33.699 42.063 44.724
48.443 49.703 49.677 53.477 53.474 56.815 54.239 49.775 52.988 54.964 50.174 48.056 52.645 52.085 46.906 48.086 46.000 51.040 49.591 44.479 41.519 45.796 44.579 50.402 50.951 50.083 45.880 45.387 49.187 47.208 42.310 44.538 47.153 43.773 39.878 41.926 46.155 48.015 44.813 44.227 42.868 40.551 36.260 35.249 31.506 28.808 26.821 23.376 24.548 26.210 30.604 33.403 34.691 38.866 42.640 39.079 36.478 33.980 29.337 27.983 24.058 26.407 30.226 30.831 27.751 29.274 26.270 26.244 24.213 19.263 17.969 22.490 22.916 26.484 27.725 32.309 31.194 33.784 33.294 32.081 36.293 37.207 36.488 39.349 42.819 47.703 46.554 44.813 44.016 39.189 39.963 42.706 39.392 35.372 39.001 39.622 34.270 34.042 38.273 36.512 31.502 33.069 33.282 37.564 40.174 36.445 33.987 37.413 35.520 40.206 40.709 38.382 40.616 44.543 44.945 43.179 47.557 49.480 54.267 49.542 54.937 55.247 51.531 54.734 58.712 60.934 57.513 61.665 57.496 51.407 45.834 34.397 31.890 48.225 32.541 28.451 56.597 51.636 37.757 25.644 32.310 27.169 31.231 42.331 51.607 40.903 34.737 49.495 53.344 28.701 43.310 48.720 23.787 57.805 40.652 48.122 51.823 42.345 56.810 50.796 22.511 34.309 23.246 43.506 41.213 47.707 35.670 35.061 31.289 53.067 46.921 29.332 31.791 32.282 40.702 45.071
46.491 47.501 46.994 50.666 50.210 53.539 51.412 46.701 49.492 51.785 47.242 44.630 49.056 48.951 43.728 44.462 42.271 47.022 45.186 40.400 37.068 41.134 40.174 45.980 46.982 46.037 41.629 41.596 45.555 43.296 38.547 41.297 43.780 40.264 36.695 39.244 43.469 45.231 42.595 42.092 41.274 38.357 34.707 33.130 30.228 26.617 24.941 21.179 23.371 24.128 29.068 30.923 32.706 36.582 39.939 35.911 33.622 31.169 26.435 26.140 21.410 23.156 27.358 28.820 26.633 28.276 26.046 26.095 22.923 18.383 16.308 20.753 20.224 24.636 24.612 29.622 29.121 31.873 32.248 30.577 35.334 35.575 34.388 37.822 41.044 45.923 44.508 42.144 41.586 36.989 37.269 39.615 36.519 32.463 35.541 36.004 30.753 30.286 34.090 32.269 27.211 28.203 28.509 32.895 35.796 31.731 29.792 33.542 31.726 36.603 36.570 33.974 36.599 40.653 40.765 38.565 42.831 45.105 49.826 45.237 50.566 51.150 47.681 50.841 54.767 57.240 53.927 58.255 53.798 45.421 39.854 28.656 25.755 42.050 26.664 23.340 50.512 45.187 32.802 22.235 26.060 24.075 25.974 37.753 46.263 36.220 29.288 44.218 48.366 22.820 38.020 42.432 21.199 51.602 36.212 43.531 45.509 38.264 50.549 46.148 18.029 30.814 20.529 37.039 35.270 41.127 29.425 31.741 24.766 48.177 40.606 24.598 29.338 29.302 36.869 38.608
46.504 48.194 47.423 51.319 51.198 54.125 51.654 47.149 49.960 51.735 47.023 44.725 48.927 48.295 43.118 43.888 42.255 47.092 45.361 40.289 37.244 41.618 40.911 46.769 47.455 47.031 42.717 42.187 46.447 44.773 39.744 42.162 45.251 42.174 38.054 40.284 44.936 46.107 43.464 42.189 41.587 39.320 35.470 34.733 31.777 28.607 27.791 23.438 24.886 25.350 29.885 32.139 32.922 36.931 40.356 36.482 34.790 31.444 27.441 26.378 22.323 23.468 27.166 28.187 25.302 27.974 25.113 26.082 23.208 19.359 16.600 20.530 19.442 23.138 23.671 28.591 27.051 30.488 30.791 30.165 34.400 34.396 34.071 37.591 40.290 45.438 43.581 41.817 40.450 35.995 37.058 39.111 35.399 31.899 35.579 35.413 30.030 30.549 34.450 31.943 27.412 28.879 29.919 33.898 37.007 33.614 30.935 34.973 34.018 38.519 38.222 36.310 39.244 42.937 42.573 40.724 45.160 47.308 51.771 46.756 51.891 52.818 48.980 51.669 56.045 58.170 54.526 58.464 53.989 47.038 40.903 29.368 28.872 43.949 27.982 22.938 52.513 48.528 34.057 22.769 27.890 26.163 25.670 38.493 48.597 37.343 32.394 44.413 49.102 24.248 37.822 45.520 21.732 53.911 36.610 43.788 48.571 38.012 53.169 46.189 16.786 34.105 20.798 40.666 38.956 44.557 33.872 34.469 29.006 49.610 44.262 28.985 30.423 29.844 36.594 42.499
42.317 44.123 42.912 46.805 46.573 49.301 46.954 42.410 44.992 46.728 42.110 39.670 43.709 43.140 37.966 38.549 37.035 41.779 39.989 34.925 31.888 36.314 35.739 41.590 42.294 42.056 37.732 37.167 41.610 40.105 35.040 37.551 40.853 37.984 33.780 36.132 40.965 41.749 39.512 37.944 37.848 35.483 32.080 31.400 29.156 25.634 25.724 20.880 22.583 22.078 26.665 28.356 28.957 32.750 35.883 31.825 30.665 26.934 23.341 22.690 18.532 18.837 22.466 23.906 21.556 24.688 22.347 23.770 20.142 17.321 13.646 16.916 14.772 18.764 18.563 23.671 22.300 25.982 26.945 26.346 30.747 30.118 29.763 33.711 35.990 41.191 39.010 37.048 35.587 31.349 32.350 34.050 30.301 26.967 30.534 30.091 24.735 25.491 29.231 26.512 22.153 23.707 25.070 28.826 32.078 28.993 26.102 30.393 30.033 34.324 33.607 32.034 35.309 38.772 37.990 36.218 40.693 42.847 47.110 41.939 46.933 48.123 44.221 46.663 51.203 53.271 49.551 53.414 48.816 43.286 37.517 25.831 25.635 40.418 24.355 19.190 48.813 45.385 30.138 19.183 25.208 23.079 22.114 34.481 44.897 33.423 29.113 40.342 45.004 20.688 33.958 42.173 18.420 50.318 32.546 39.650 45.217 33.881 49.662 42.009 12.860 31.228 17.457 37.696 35.820 41.916 31.226 31.389 26.599 45.695 41.138 26.524 27.082 26.226 32.529 39.603
46.233 47.821 46.211 49.948 49.260 51.934 50.054 45.324 47.396 49.402 45.084 42.157 45.875 45.738 40.594 40.561 39.121 43.397 41.003 36.457 32.907 36.991 36.990 42.756 44.096 43.831 39.269 39.304 43.928 42.099 37.296 40.372 43.466 40.433 36.699 39.508 44.225 44.969 43.237 41.773 42.074 39.268 36.365 35.181 33.439 29.354 29.247 24.591 26.995 26.148 31.036 32.011 33.058 36.545 39.260 34.809 33.969 30.380 26.793 27.039 22.374 22.095 25.937 28.072 26.343 29.505 27.562 28.896 24.862 22.067 18.390 21.555 18.700 23.092 21.689 27.086 26.010 30.007 31.597 30.834 35.448 34.327 33.737 38.045 40.053 45.214 42.758 40.352 38.951 35.076 35.734 36.887 33.263 30.165 33.119 32.245 27.119 27.845 30.857 27.770 23.695 24.190 25.965 29.765 33.513 29.958 27.938 32.595 32.226 36.724 35.388 33.390 37.056 40.712 39.639 37.216 41.433 44.122 48.276 43.373 48.212 49.785 46.251 48.586 53.047 55.403 51.816 55.803 50.870 42.969 36.059 24.649 26.594 39.713 23.911 18.017 48.660 45.255 32.085 22.853 23.652 26.940 20.521 36.565 46.742 35.657 31.374 40.205 46.274 20.423 32.787 42.456 22.498 50.105 34.590 41.212 45.372 35.877 49.582 43.211 12.360 34.653 21.535 37.754 37.337 41.203 32.357 34.892 26.911 47.686 41.700 29.359 30.979 29.776 34.904 39.798
42.127 44.093 42.118 45.933 45.392 47.730 45.732 41.136 43.111 44.802 40.472 37.676 41.197 40.811 35.726 35.662 34.560 38.856 36.606 31.863 28.587 32.894 32.993 38.741 39.807 39.926 35.497 35.162 39.978 38.623 33.685 36.542 40.058 37.452 33.395 36.037 41.017 41.210 39.732 37.730 38.456 35.952 33.309 32.609 31.358 27.403 28.324 23.267 25.363 23.758 28.284 29.039 29.440 32.758 35.276 30.883 30.702 26.493 23.693 23.850 19.689 18.485 21.831 23.998 22.476 26.275 24.566 26.531 22.274 20.687 16.432 18.562 14.769 18.794 17.054 22.368 21.005 25.369 27.397 27.109 31.494 29.840 29.614 34.163 35.620 40.859 38.040 35.812 34.011 30.391 31.355 32.147 28.261 25.582 28.726 27.407 22.296 23.689 26.655 23.158 19.547 20.524 22.834 26.145 29.945 27.129 24.469 29.289 29.790 33.817 32.175 30.888 34.797 38.013 36.482 34.460 38.788 41.265 45.134 39.904 44.540 46.365 42.572 44.514 49.279 51.365 47.575 51.292 46.353 41.579 34.697 23.281 26.290 38.563 22.787 16.268 47.388 44.752 30.741 21.909 23.189 26.574 18.810 34.940 45.662 34.230 30.985 38.177 44.441 19.513 30.757 41.797 21.810 48.982 32.850 39.263 44.670 33.771 48.615 41.123 10.496 34.518 20.503 37.518 37.068 41.005 32.642 34.496 27.353 46.205 41.355 29.807 30.072 28.505 32.832 39.663
43.273 45.274 42.697 46.369 45.507 47.518 45.908 41.295 42.672 44.372 40.388 37.259 40.252 40.118 35.195 34.479 33.738 37.492 34.761 30.497 26.976 31.002 31.789 37.332 38.815 39.202 34.714 34.702 39.753 38.462 33.773 36.950 40.515 38.108 34.339 37.228 42.201 41.967 41.153 38.911 40.271 37.620 35.633 34.827 34.324 30.077 31.440 26.416 28.810 26.555 30.978 30.973 31.332 34.183 36.125 31.507 32.086 27.711 25.545 26.395 22.301 20.112 23.121 25.834 25.037 29.101 27.894 30.089 25.509 24.616 20.230 21.670 17.071 20.902 17.971 23.159 21.963 26.658 29.465 29.335 33.648 31.249 31.055 35.978 36.792 41.954 38.672 36.187 34.196 31.198 32.023 32.002 28.158 26.114 28.684 26.625 21.974 23.784 25.850 21.744 19.026 19.186 22.286 25.107 29.348 26.725 24.536 29.665 30.770 34.553 32.138 31.007 35.374 38.388 36.265 33.952 38.032 40.831 44.324 39.178 43.437 45.814 42.232 43.744 48.610 50.753 46.979 50.577 45.352 40.161 32.161 21.729 27.217 37.056 22.224 15.096 46.152 44.228 31.786 24.242 21.992 28.983 16.730 35.868 46.450 35.388 32.698 36.360 44.310 19.443 27.926 41.569 24.370 47.813 33.748 39.501 44.266 34.586 47.779 40.751 10.815 36.725 23.300 37.435 38.159 40.199 33.843 36.704 28.173 46.918 41.549 31.867 32.417 30.736 34.082 39.714
46.713 49.038 46.483 50.256 49.599 51.437 49.625 45.167 46.592 47.992 43.928 41.045 43.880 43.413 38.586 37.902 37.527 41.254 38.570 34.273 30.966 35.020 35.975 41.446 42.789 43.409 39.009 38.780 43.889 42.832 38.071 41.033 44.792 42.509 38.542 41.219 46.313 45.940 44.971 42.439 43.714 41.438 39.149 38.702 37.825 33.884 35.118 30.027 32.060 30.145 34.413 34.875 34.825 37.841 39.929 35.496 36.134 31.498 29.486 29.747 25.970 23.995 26.765 29.006 27.556 32.006 30.238 32.711 28.561 27.432 23.083 24.691 20.328 23.592 21.428 26.387 24.374 29.442 31.933 32.422 36.356 34.051 34.406 39.186 39.842 45.126 41.683 39.664 37.182 34.254 35.589 35.494 31.296 29.612 32.553 30.202 25.576 27.866 29.991 25.616 23.277 23.622 26.863 29.521 33.759 31.331 28.958 34.056 35.242 38.968 36.614 35.619 39.954 42.921 40.758 38.546 42.619 45.390 48.798 43.574 47.718 50.204 46.516 47.833 52.844 54.827 50.929 54.296 49.106 43.717 35.918 25.222 30.518 40.617 25.623 18.392 49.680 47.670 34.754 27.058 25.452 32.062 20.304 38.675 49.597 38.246 35.809 39.884 47.324 22.838 31.687 44.995 27.204 51.326 36.487 42.280 47.694 37.135 51.200 43.718 13.905 39.928 25.879 40.866 41.440 43.657 37.090 39.794 31.428 49.870 44.967 35.255 35.187 33.356 36.528 43.135
50.417 52.790 50.198 53.962 53.270 55.047 53.279 48.841 50.166 51.529 47.522 44.623 47.313 46.839 42.084 41.262 41.031 44.598 41.767 37.653 34.296 38.210 39.381 44.769 46.244 46.918 42.499 42.370 47.510 46.428 41.727 44.747 48.486 46.175 42.274 44.978 50.061 49.682 48.730 46.164 47.431 45.191 42.841 42.387 41.383 37.450 38.467 33.430 35.471 33.739 38.047 38.597 38.550 41.591 43.672 39.234 39.883 35.257 33.206 33.404 29.595 27.736 30.518 32.690 31.060 35.565 33.597 36.077 32.070 30.675 26.418 28.234 24.009 27.178 25.162 30.062 27.855 33.025 35.425 36.070 39.908 37.630 38.115 42.864 43.466 48.768 45.248 43.317 40.698 37.866 39.295 39.090 34.836 33.308 36.222 33.721 29.204 31.565 33.537 29.053 26.897 26.999 30.313 32.946 37.276 34.750 32.587 37.716 38.835 42.627 40.194 39.084 43.461 46.494 44.293 41.927 45.902 48.815 52.172 47.033 51.088 53.697 50.093 51.331 56.342 58.351 54.462 57.773 52.527 46.553 38.556 28.175 33.969 43.511 28.805 21.411 52.559 50.853 37.847 30.043 28.588 35.210 23.151 41.566 52.755 41.249 39.214 42.381 50.043 26.160 34.069 48.222 30.113 54.251 39.316 44.938 50.872 39.737 54.219 46.251 17.157 43.243 28.553 44.182 44.877 46.808 40.588 43.031 34.889 52.806 48.309 38.704 38.115 36.226 39.142 46.476
53.326 55.338 52.990 56.690 55.812 57.905 56.286 51.665 53.051 54.759 50.759 47.660 50.567 50.388 45.517 44.709 44.097 47.680 44.694 40.721 37.056 40.810 41.870 47.324 49.078 49.390 44.810 45.036 50.056 48.530 43.923 47.203 50.595 47.911 44.281 47.200 52.095 52.162 51.064 48.958 49.946 47.353 44.874 43.967 42.714 38.565 38.922 34.139 36.504 35.165 39.827 40.411 40.940 44.103 46.316 41.729 41.883 37.713 35.017 35.432 31.119 29.792 33.071 35.390 33.743 37.783 35.764 37.776 33.741 31.598 27.613 30.092 26.292 30.018 28.008 33.193 31.392 36.279 38.474 38.605 42.782 40.850 40.912 45.589 46.660 51.926 48.698 46.476 44.282 41.179 42.251 42.354 38.348 36.341 39.069 36.982 32.345 34.095 36.139 32.009 29.306 29.036 31.942 35.019 39.355 36.190 34.535 39.617 40.093 44.278 42.018 40.326 44.573 47.966 46.095 43.360 47.252 50.376 53.978 49.105 53.358 55.772 52.396 53.995 58.748 61.033 57.324 60.931 55.644 48.124 39.722 29.452 34.500 44.606 29.950 23.103 54.022 51.135 39.890 31.924 28.439 36.524 24.749 44.052 54.506 43.502 40.171 44.888 52.662 27.085 36.300 48.929 31.864 55.473 41.930 47.771 51.582 42.671 55.243 49.202 18.926 44.212 30.595 44.183 45.500 46.399 40.339 44.332 34.184 55.138 48.658 38.857 40.102 38.495 42.017 46.369
48.229 50.083 47.841 51.528 50.654 52.899 51.261 46.578 48.112 49.949 45.888 42.767 45.917 45.823 40.847 40.230 39.325 43.119 40.308 36.134 32.468 36.364 37.091 42.666 44.300 44.449 39.862 40.040 44.975 43.381 38.715 41.980 45.310 42.576 38.925 41.865 46.723 46.903 45.756 43.816 44.754 42.019 39.611 38.590 37.472 33.232 33.744 28.915 31.388 29.872 34.586 35.034 35.723 38.868 41.110 36.498 36.510 32.462 29.638 30.229 25.793 24.462 27.880 30.344 28.973 32.784 31.057 32.929 28.657 26.687 22.618 25.011 21.159 25.197 22.980 28.294 26.914 31.530 33.795 33.555 37.950 36.068 35.826 40.518 41.775 46.983 43.941 41.524 39.643 36.363 37.194 37.524 33.693 31.353 34.038 32.284 27.504 28.948 31.213 27.364 24.249 24.188 26.864 30.112 34.315 31.114 29.304 34.330 34.734 38.931 36.823 35.143 39.312 42.702 40.959 38.352 42.373 45.344 49.074 44.140 48.562 50.758 47.316 49.107 53.796 56.102 52.426 56.170 50.964 44.423 36.211 25.784 31.214 41.051 26.328 19.349 50.346 47.914 36.328 28.417 25.371 32.917 21.011 40.454 50.911 39.954 36.750 41.086 48.898 23.554 32.557 45.504 28.180 51.872 38.335 44.061 48.161 39.146 51.707 45.449 15.338 40.618 26.886 41.087 42.214 43.518 37.297 40.755 31.344 51.482 45.408 35.318 36.598 35.077 38.626 43.336
48.818 50.485 47.694 51.141 49.817 51.835 50.737 45.986 46.872 48.896 45.283 41.720 44.378 44.756 39.969 38.677 37.930 41.084 37.745 34.250 30.264 33.669 35.030 40.308 42.494 42.742 38.096 38.790 43.835 42.128 37.849 41.537 44.714 42.085 38.914 42.194 46.909 46.803 46.371 44.422 45.958 42.877 41.226 39.882 39.605 34.950 35.840 31.127 34.057 31.863 36.573 36.118 37.033 39.656 41.275 36.405 37.025 33.081 30.699 32.184 27.640 25.499 28.736 31.856 31.397 35.190 34.147 36.048 31.305 29.966 25.780 27.599 23.108 27.235 23.797 28.977 28.173 32.788 35.821 35.388 39.894 37.358 36.847 41.890 42.666 47.691 44.343 41.453 39.702 36.997 37.403 37.024 33.517 31.594 33.472 31.250 27.053 28.498 29.794 25.690 23.312 22.238 25.403 28.222 32.761 29.587 28.528 33.731 34.548 38.546 35.698 34.009 38.568 41.803 39.560 36.551 40.214 43.560 46.929 42.255 46.302 48.977 45.903 47.379 51.997 54.473 50.947 54.686 49.209 42.139 33.567 23.458 28.923 38.462 24.075 17.630 47.968 44.957 35.143 28.762 22.224 33.062 19.016 39.569 49.237 38.955 35.213 39.584 47.700 21.345 30.591 42.858 29.120 49.337 37.588 43.210 45.469 38.711 49.095 44.572 14.403 40.056 28.457 38.066 39.930 40.108 34.701 40.299 28.383 50.260 42.660 34.366 36.879 35.184 38.347 40.260
43.409 44.915 42.402 45.899 44.692 46.975 45.710 40.888 42.137 44.287 40.477 36.992 40.104 40.472 35.502 34.638 33.448 37.056 34.088 30.141 26.219 29.953 30.684 36.225 38.113 38.110 33.451 33.960 38.876 37.091 32.621 36.205 39.339 36.602 33.283 36.523 41.229 41.349 40.674 38.951 40.271 37.083 35.352 33.923 33.639 28.963 29.973 25.219 28.190 25.903 30.665 30.210 31.307 34.017 35.823 30.966 31.248 27.458 24.794 26.367 21.690 19.682 23.162 26.356 26.105 29.538 28.756 30.432 25.533 24.332 20.163 21.906 17.514 22.020 18.508 23.870 23.569 27.747 30.675 29.789 34.529 32.230 31.366 36.334 37.469 42.453 39.433 36.405 35.046 31.976 32.147 32.248 28.916 26.434 28.420 26.784 22.257 23.230 25.065 21.431 18.230 17.661 20.388 23.600 27.901 24.628 23.180 28.300 28.917 33.003 30.529 28.836 33.218 36.509 34.560 31.805 35.754 38.812 42.465 37.629 42.017 44.279 41.017 42.839 47.398 49.864 46.337 50.260 44.957 38.547 29.970 19.918 24.190 34.892 20.004 13.546 44.398 41.711 29.686 22.620 19.012 27.011 15.464 34.126 44.158 33.417 29.802 35.908 42.963 16.887 27.166 39.059 22.982 45.793 32.137 38.194 41.840 33.360 45.620 39.861 8.905 34.268 22.381 34.617 35.167 37.062 30.515 34.390 24.804 45.048 38.745 29.078 30.751 29.102 32.786 36.819
44.985 46.063 43.152 46.308 44.533 46.746 46.150 41.211 41.803 44.340 41.056 37.042 39.737 40.782 36.024 34.492 33.224 36.111 32.545 29.484 25.097 28.105 29.410 34.594 37.216 37.077 32.322 33.610 38.477 36.324 32.412 36.543 39.251 36.452 33.883 37.550 41.909 41.981 41.993 40.557 42.322 38.632 37.675 35.690 36.183 31.080 32.132 27.789 31.299 28.587 33.368 31.979 33.609 35.761 36.937 31.831 32.473 29.186 26.730 29.316 24.468 22.010 25.389 29.213 29.878 32.939 32.833 34.262 29.038 28.145 24.188 25.609 21.082 25.675 21.154 26.225 26.750 30.601 34.094 32.764 37.670 34.954 33.594 38.761 39.639 44.316 41.210 37.572 36.647 34.086 33.588 33.131 30.404 28.148 29.072 27.271 23.491 23.999 24.723 21.230 18.637 16.598 19.478 22.394 26.962 23.378 23.189 28.309 28.991 32.988 29.846 27.823 32.491 35.764 33.490 30.108 33.576 37.132 40.518 36.161 40.238 42.856 40.151 41.849 46.129 48.917 45.691 49.758 44.212 36.304 27.723 17.787 23.278 32.347 18.465 13.097 41.999 38.565 30.838 26.362 15.814 29.896 14.012 35.563 44.090 34.842 30.252 34.757 43.097 15.954 25.969 36.654 27.085 43.211 33.813 39.144 39.204 35.351 42.884 40.452 11.729 35.820 27.189 31.738 34.160 33.705 28.801 36.322 22.354 45.640 36.432 29.659 34.128 32.536 35.266 33.923
39.269 40.267 37.479 40.682 39.032 41.396 40.638 35.662 36.537 39.126 35.686 31.743 34.804 35.811 30.920 29.752 28.123 31.431 28.263 24.720 20.437 23.840 24.537 29.996 32.263 31.989 27.235 28.271 33.084 30.981 26.848 30.870 33.647 30.877 28.109 31.733 36.137 36.245 36.167 34.819 36.551 32.806 31.964 29.988 30.743 25.655 27.176 22.797 26.267 23.187 27.827 26.214 27.898 29.975 31.182 26.076 26.648 23.417 20.999 23.849 19.100 16.381 19.765 23.775 24.924 27.648 28.006 29.313 23.942 23.644 19.767 20.645 16.118 20.800 15.927 20.934 22.113 25.434 28.996 27.292 32.313 29.640 27.960 33.110 34.131 38.723 35.835 32.055 31.466 28.719 27.965 27.806 25.301 22.652 23.537 22.205 18.250 18.323 19.429 16.357 13.057 11.434 14.092 17.287 21.692 18.218 17.503 22.643 23.461 27.376 24.427 22.637 27.268 30.441 28.266 25.253 29.075 32.278 35.854 31.207 35.568 37.877 34.902 36.815 41.141 43.842 40.553 44.724 39.332 31.908 23.874 13.410 18.658 28.024 13.690 9.116 37.559 34.071 26.233 22.991 11.441 26.422 10.124 31.096 39.232 30.294 25.784 30.676 38.604 11.099 22.352 31.946 23.888 38.784 29.471 34.797 34.567 31.259 38.378 36.207 8.320 31.864 24.017 27.225 29.523 29.545 24.644 32.283 18.445 40.946 31.773 26.060 30.457 28.747 31.250 29.481
42.176 42.578 39.597 42.378 40.110 42.537 42.512 37.434 37.691 40.785 37.919 33.476 36.177 37.955 33.338 31.594 29.732 32.242 28.492 26.052 21.332 23.701 24.871 29.830 32.943 32.316 27.497 29.512 34.060 31.374 27.993 32.581 34.663 31.683 29.909 33.955 37.813 38.112 38.613 37.796 39.754 35.461 35.284 32.622 33.944 28.507 29.677 25.949 29.936 26.804 31.475 29.098 31.500 33.073 33.729 28.489 29.105 26.731 24.275 27.969 23.047 20.443 23.764 28.141 29.911 32.084 32.912 33.804 28.321 27.900 24.430 25.381 21.196 25.914 20.652 25.230 27.090 29.963 33.759 31.546 36.709 33.917 31.694 36.826 37.815 42.019 39.252 34.890 34.906 32.562 31.084 30.580 28.831 26.286 26.064 24.876 21.796 21.107 21.076 18.632 15.948 12.691 14.836 17.784 22.217 18.111 19.208 24.003 24.448 28.370 24.933 22.463 27.190 30.486 28.227 24.376 27.549 31.361 34.764 30.857 34.945 37.451 35.224 37.193 41.017 44.153 41.311 45.718 40.166 31.016 22.049 13.354 18.925 26.668 14.180 11.357 36.471 32.125 27.928 26.332 9.680 29.060 11.227 32.873 39.773 32.048 26.778 30.885 39.445 12.342 22.265 30.687 27.446 37.451 31.458 36.250 33.129 33.433 36.969 37.437 12.201 33.381 27.943 25.442 29.229 26.841 23.771 34.119 17.149 41.970 30.408 26.932 33.336 31.686 33.692 27.609
36.164 36.589 33.520 36.337 34.184 36.607 36.449 31.371 31.774 34.841 31.892 27.483 30.411 32.151 27.475 25.966 23.848 26.693 23.317 20.413 15.785 18.586 19.234 24.500 27.235 26.628 21.806 23.535 28.141 25.668 22.056 26.551 28.844 26.089 24.083 28.072 32.031 32.104 32.731 31.823 33.980 29.722 29.905 27.406 29.278 23.988 26.001 22.279 26.021 22.310 26.538 23.710 25.965 27.237 27.699 22.459 23.393 20.985 19.058 23.116 18.707 15.503 18.370 22.958 25.427 27.326 28.754 29.670 24.149 24.734 21.415 21.418 17.256 21.566 15.885 19.929 22.521 24.770 28.788 26.361 31.440 28.477 26.012 31.166 32.014 36.068 33.378 28.867 29.154 26.881 25.120 24.641 23.214 20.554 20.020 19.130 16.233 15.128 15.069 13.069 10.110 6.695 8.969 11.928 16.382 12.699 13.242 18.150 19.248 22.793 19.236 17.366 22.267 25.217 22.742 19.392 23.009 26.399 29.851 25.466 29.757 32.129 29.532 31.527 35.548 38.513 35.524 39.943 34.492 25.328 17.773 6.611 14.930 21.902 7.577 2.879 31.163 28.755 20.456 19.202 6.403 22.872 3.217 25.032 33.355 24.438 21.547 23.525 31.791 6.230 15.406 26.589 20.857 32.644 23.361 28.231 29.119 25.038 32.468 29.379 6.309 28.096 21.442 22.098 25.280 23.548 20.944 28.101 14.451 34.688 27.083 23.605 26.047 23.948 25.224 24.286
38.824 38.744 35.597 38.030 35.381 37.866 38.317 33.214 33.115 36.588 34.142 29.400 32.005 34.361 29.978 28.054 25.762 27.878 24.070 22.212 17.378 19.100 20.121 24.810 28.260 27.307 22.513 25.097 29.352 26.366 23.508 28.393 30.015 27.086 25.995 30.257 33.684 33.966 35.020 34.589 36.844 32.200 32.853 29.829 32.046 26.569 28.186 25.026 29.107 25.505 29.733 26.440 29.239 30.145 30.201 24.979 25.842 24.211 22.205 26.726 22.213 19.326 22.146 26.834 29.587 31.081 32.749 33.341 27.818 28.169 25.148 25.354 21.508 25.863 20.160 23.901 26.808 28.771 32.835 30.074 35.208 32.256 29.434 34.467 35.336 39.047 36.515 31.626 32.390 30.416 28.154 27.468 26.640 24.091 22.766 22.061 19.892 18.266 17.329 16.004 13.716 9.484 10.786 13.290 17.486 13.275 15.563 19.882 20.515 24.015 20.163 17.639 22.489 25.534 23.074 18.962 21.905 25.848 29.146 25.509 29.534 32.020 30.131 32.196 35.708 39.046 36.484 41.083 35.564 27.968 19.040 11.521 17.955 23.295 12.666 11.436 33.185 28.350 26.942 26.979 7.079 29.455 10.551 31.846 37.913 31.046 26.043 28.863 37.675 11.583 20.339 27.566 28.450 33.963 30.600 34.925 29.774 32.696 33.516 35.957 14.421 33.200 29.461 22.080 27.398 22.541 21.892 33.866 15.382 40.337 27.316 27.077 33.497 31.812 33.184 24.156
42.849 42.672 39.868 42.352 39.734 42.441 42.816 37.658 37.771 41.308 38.724 34.063 36.829 39.102 34.611 32.839 30.512 32.745 28.938 27.035 22.219 23.959 24.899 29.555 33.037 31.897 27.094 29.703 33.836 30.595 27.715 32.589 34.014 30.725 29.675 33.963 37.325 38.044 38.702 38.513 40.357 35.621 35.778 32.524 34.115 28.488 29.255 26.153 30.491 27.470 32.163 29.360 32.451 33.769 34.229 28.996 29.230 27.727 24.946 29.178 24.108 21.923 25.345 29.861 32.026 33.512 34.715 35.102 29.612 29.023 26.034 27.094 23.463 28.313 23.042 27.351 29.840 32.111 35.819 33.001 38.345 35.773 32.986 37.926 39.218 43.094 40.711 35.944 36.643 34.300 32.213 31.903 30.796 27.944 27.092 26.528 23.846 22.258 21.915 20.445 17.578 13.859 14.833 17.923 21.939 17.180 19.474 23.737 23.486 27.538 24.193 21.023 25.509 29.033 27.119 22.773 25.556 29.631 33.162 29.853 33.984 36.222 34.503 36.835 40.130 43.602 41.148 45.845 40.375 30.217 21.391 14.096 18.931 25.478 14.975 14.061 35.343 30.433 29.086 28.213 8.937 30.082 13.351 34.139 39.707 33.215 26.966 31.343 40.019 13.715 22.928 29.482 29.363 36.036 32.967 37.393 31.747 35.199 35.491 38.487 16.409 33.599 30.558 24.071 28.642 24.732 22.595 34.634 15.799 42.452 29.245 26.609 34.789 33.510 35.620 26.175
38.788 38.394 36.118 38.705 36.324 39.459 39.500 34.271 35.009 38.652 35.741 31.308 34.734 36.848 32.162 31.079 28.201 31.119 27.963 25.383 20.838 23.053 22.930 27.958 30.895 29.362 24.551 26.846 30.726 27.299 24.090 28.805 30.103 26.490 25.250 29.504 32.823 34.019 34.177 34.389 35.772 30.892 30.809 27.322 28.749 23.074 23.691 20.784 25.241 22.347 27.108 24.383 27.896 29.390 30.217 25.064 24.547 23.517 20.118 24.482 19.279 17.694 21.409 25.814 28.074 28.904 30.317 30.271 24.841 24.199 21.645 22.719 19.807 24.782 19.914 24.120 27.067 28.673 31.969 28.612 34.138 32.081 28.891 33.556 35.429 39.239 37.361 32.574 33.739 30.896 28.567 29.043 28.159 24.593 23.925 24.316 21.294 18.862 19.406 18.861 14.825 11.946 11.484 15.538 18.996 13.680 15.652 19.643 18.638 23.126 20.542 16.995 21.164 25.045 23.799 19.775 23.125 26.743 30.861 27.300 32.030 33.549 31.512 34.431 37.640 41.070 38.589 43.500 38.333 27.222 20.400 12.989 12.981 22.546 12.196 13.590 31.785 25.147 24.720 25.243 6.285 25.887 13.635 30.168 34.060 28.777 21.010 29.622 36.498 10.767 22.774 23.959 26.547 32.224 29.434 34.203 26.503 32.257 31.156 35.753 14.669 27.869 28.055 17.762 21.868 19.655 15.551 29.160 8.805 37.678 22.792 20.806 30.708 29.773 32.529 19.610
43.406 43.448 41.011 43.778 41.522 44.397 44.299 39.117 39.756 43.107 40.086 35.715 38.865 40.698 35.949 34.615 32.288 35.103 31.610 29.012 24.341 26.714 27.280 32.321 35.359 34.246 29.395 31.511 35.736 32.605 29.230 33.840 35.516 32.059 30.464 34.576 38.202 39.155 39.202 38.946 40.356 35.804 35.267 32.169 33.019 27.448 27.771 24.386 28.678 26.121 31.136 29.043 32.044 33.900 34.936 29.734 29.466 27.684 24.328 27.998 22.604 20.955 24.835 29.057 30.554 32.175 32.859 33.222 27.833 26.588 23.520 25.191 21.736 26.891 22.180 26.983 28.983 31.530 34.822 32.122 37.561 35.375 32.803 37.659 39.324 43.497 41.208 36.780 37.214 34.378 32.697 32.879 31.283 28.091 28.036 27.608 24.191 22.810 23.412 21.674 18.043 15.214 16.168 19.889 23.875 18.985 20.371 24.823 24.164 28.643 25.889 22.649 26.911 30.725 29.214 25.184 28.383 32.175 36.041 32.413 36.877 38.812 36.714 39.259 42.733 46.062 43.405 48.092 42.728 33.184 25.024 16.113 19.251 28.674 16.114 13.062 38.380 33.153 29.188 25.977 11.273 28.739 13.688 34.365 40.802 33.343 26.937 33.761 41.578 13.759 25.380 31.764 26.888 39.160 32.893 38.226 34.291 34.925 38.462 39.667 12.806 33.091 27.550 26.088 29.515 27.667 23.454 34.042 16.666 43.459 31.061 26.136 33.290 31.869 34.902 28.105
41.397 42.051 39.760 42.934 41.255 44.021 43.246 38.166 39.333 42.183 38.643 34.727 38.138 39.252 34.271 33.396 31.362 34.840 31.780 28.255 23.934 27.190 27.486 32.971 35.296 34.573 29.762 30.998 35.518 32.962 28.882 32.977 35.346 32.109 29.548 33.260 37.438 38.171 37.675 36.869 38.066 34.065 32.833 30.421 30.633 25.381 25.978 21.852 25.663 23.241 28.307 27.037 29.326 31.706 33.277 28.195 27.905 25.263 21.890 24.669 19.345 17.713 21.719 25.539 26.307 28.515 28.619 29.402 24.121 22.793 19.251 21.080 17.349 22.532 18.345 23.568 24.808 27.846 30.863 28.707 34.006 31.951 29.958 34.834 36.513 41.081 38.633 34.792 34.588 31.397 30.455 30.910 28.572 25.339 26.338 25.690 21.513 20.888 22.466 20.080 16.016 14.516 16.054 19.943 24.008 19.723 19.459 24.284 24.023 28.505 26.135 23.567 27.811 31.492 29.973 26.685 30.476 33.759 37.729 33.389 38.051 39.912 37.118 39.536 43.524 46.441 43.344 47.779 42.518 35.630 27.826 17.745 19.191 31.531 17.182 13.417 40.964 36.001 28.413 22.512 14.206 24.946 14.729 33.727 41.146 32.459 25.758 35.135 42.201 13.973 26.973 34.022 22.852 41.939 32.280 38.350 36.780 34.521 41.191 40.153 11.380 30.576 23.479 28.431 29.808 31.052 23.680 31.459 17.332 43.512 32.931 23.734 30.010 29.070 33.976 30.352
46.748 47.484 45.005 48.129 46.305 48.903 48.309 43.250 44.104 46.917 43.539 39.509 42.561 43.741 38.868 37.607 35.908 38.986 35.524 32.430 27.959 30.889 31.785 37.039 39.721 39.151 34.320 35.802 40.421 37.842 33.973 38.200 40.535 37.323 34.957 38.725 42.870 43.500 43.171 42.239 43.552 39.601 38.356 35.968 36.049 30.820 31.099 27.052 30.831 28.653 33.757 32.595 34.775 37.154 38.619 33.501 33.421 30.661 27.429 30.026 24.731 23.095 26.980 30.715 31.155 33.718 33.466 34.410 29.268 27.561 23.951 26.094 22.221 27.246 23.166 28.440 29.158 32.697 35.765 33.978 39.152 36.957 35.255 40.204 41.670 46.314 43.615 39.855 39.337 36.369 35.636 35.724 33.188 30.362 31.328 30.165 26.155 25.997 27.120 24.241 20.869 18.885 20.900 24.428 28.736 24.455 24.643 29.526 29.320 33.775 31.109 28.428 32.764 36.463 34.756 31.132 34.577 38.200 41.948 37.861 42.235 44.435 41.892 44.072 48.042 51.044 47.998 52.340 46.903 38.542 30.213 20.268 24.090 34.396 20.413 15.844 44.060 39.685 32.446 27.230 17.203 30.415 16.990 37.444 45.529 36.491 30.998 37.619 45.438 17.542 29.111 37.900 27.749 45.108 35.788 41.490 40.526 37.582 44.571 43.028 13.576 36.247 27.708 32.550 34.886 34.513 29.065 36.934 22.511 47.467 37.299 29.668 34.995 33.637 37.310 34.627
47.247 48.344 46.273 49.693 48.360 51.036 49.864 44.906 46.327 48.812 44.980 41.409 44.797 45.395 40.350 39.630 38.028 41.680 38.660 34.876 30.756 34.252 34.746 40.288 42.399 41.940 37.177 38.034 42.688 40.388 36.058 39.822 42.487 39.278 36.291 39.681 44.101 44.846 43.849 42.714 43.543 40.041 38.000 36.070 35.269 30.453 30.414 26.073 29.367 27.831 32.976 32.787 34.551 37.484 39.556 34.673 34.178 31.046 27.508 29.102 23.906 22.927 26.946 30.032 29.487 32.316 31.289 32.357 27.636 25.282 21.616 24.365 20.883 25.807 22.836 28.327 28.233 32.057 34.483 33.103 38.113 36.408 35.169 39.874 41.640 46.560 43.965 40.777 39.859 36.431 36.313 36.907 33.833 30.823 32.720 31.680 27.063 27.294 29.336 26.298 22.483 21.626 23.539 27.317 31.427 27.349 26.544 31.398 31.008 35.607 33.564 31.083 35.124 38.901 37.528 34.382 38.202 41.446 45.436 40.983 45.616 47.523 44.537 46.835 51.026 53.776 50.483 54.706 49.461 41.886 33.573 23.444 27.045 37.834 23.540 18.426 47.460 43.174 34.968 27.741 20.702 31.437 19.815 39.874 48.459 38.936 33.578 40.562 48.240 20.523 32.032 41.302 27.712 48.560 38.116 44.028 43.967 39.529 48.036 45.628 15.054 38.276 27.131 35.954 37.889 38.029 32.024 38.866 25.567 50.207 40.636 31.805 35.873 34.538 38.881 38.007
50.911 52.187 49.607 52.943 51.404 53.712 52.814 47.910 48.807 51.180 47.634 43.875 46.705 47.407 42.561 41.271 40.146 43.252 39.785 36.508 32.268 35.427 36.661 41.923 44.394 44.267 39.508 40.589 45.457 43.306 39.201 43.144 45.925 42.953 40.136 43.632 48.102 48.416 47.915 46.438 47.754 44.308 42.643 40.825 40.437 35.554 35.864 31.467 34.752 32.848 37.843 37.302 38.800 41.456 43.127 38.142 38.317 34.890 31.953 33.741 28.766 27.095 30.736 34.011 33.647 36.956 35.985 37.435 32.634 30.726 26.835 29.150 25.072 29.645 26.187 31.523 31.155 35.440 38.325 37.378 42.184 39.930 38.983 43.946 45.124 50.056 46.997 43.800 42.505 39.603 39.615 39.500 36.310 33.968 35.575 33.789 29.583 30.378 31.667 28.027 25.179 23.699 26.349 29.553 34.023 30.235 29.786 34.860 35.048 39.375 36.678 34.408 38.817 42.371 40.449 37.066 40.580 44.134 47.705 43.363 47.558 50.031 47.239 49.056 53.365 56.116 52.811 56.827 51.339 44.242 35.677 25.655 30.076 40.287 26.041 20.287 49.927 46.103 37.357 30.624 23.453 34.419 21.634 42.057 51.156 41.255 36.500 42.396 50.364 23.140 33.642 44.207 30.798 51.117 40.182 46.001 46.835 41.562 50.715 47.489 17.038 41.141 30.342 39.040 40.998 40.997 35.322 41.646 28.896 52.599 43.718 34.893 38.711 37.292 41.122 41.147
52.901 54.336 52.228 55.765 54.585 57.078 55.744 50.892 52.298 54.511 50.602 47.195 50.385 50.692 45.699 44.902 43.710 47.291 44.181 40.403 36.388 39.914 40.727 46.217 48.295 48.102 43.372 44.069 48.867 46.779 42.371 45.993 48.879 45.780 42.597 45.823 50.398 50.988 49.866 48.411 49.187 46.033 43.670 42.093 40.876 36.357 36.132 31.725 34.634 33.471 38.504 38.798 40.139 43.265 45.477 40.698 40.331 36.842 33.478 34.474 29.558 28.671 32.481 35.173 33.948 37.259 35.599 36.970 32.669 30.000 26.331 29.289 25.859 30.320 27.939 33.381 32.440 36.787 38.976 38.240 42.924 41.258 40.584 45.230 46.822 51.927 49.099 46.329 44.864 41.506 41.914 42.352 38.846 36.217 38.499 37.018 32.350 33.201 35.237 31.710 28.347 27.613 29.913 33.464 37.706 33.838 32.852 37.790 37.553 42.104 40.019 37.678 41.746 45.489 44.003 40.878 44.644 47.952 51.822 47.310 51.795 53.910 50.853 52.919 57.283 59.919 56.493 60.508 55.208 47.628 39.038 28.997 33.009 43.719 29.374 23.394 53.343 49.564 39.907 31.478 26.923 35.130 24.830 44.550 54.094 43.675 38.792 45.531 53.432 26.418 36.764 47.642 31.109 54.560 42.614 48.840 50.286 43.919 54.171 50.416 19.531 42.362 30.366 42.458 43.870 44.436 38.100 42.907 31.908 55.403 47.113 36.187 39.540 38.466 43.190 44.548
55.240 56.973 54.357 57.863 56.600 58.668 57.484 52.746 53.716 55.691 52.004 48.532 51.187 51.446 46.666 45.414 44.760 47.902 44.508 41.076 37.102 40.431 41.864 47.109 49.350 49.574 44.908 45.628 50.652 48.865 44.573 48.237 51.370 48.598 45.414 48.649 53.363 53.430 52.752 50.834 52.109 49.129 47.102 45.782 44.986 40.455 40.780 36.169 38.991 37.358 42.183 42.183 43.106 45.979 47.834 43.019 43.362 39.451 36.767 37.856 33.242 31.620 34.995 37.800 36.740 40.598 39.015 40.863 36.467 34.429 30.440 32.830 28.762 32.798 30.013 35.240 33.957 38.753 41.382 41.171 45.579 43.344 43.057 47.946 48.891 54.024 50.706 48.050 46.113 43.279 43.928 43.691 39.998 38.071 40.203 37.985 33.685 35.187 36.637 32.518 30.075 29.035 32.035 35.004 39.525 36.120 35.179 40.331 40.791 45.008 42.344 40.394 44.822 48.262 46.210 43.054 46.639 50.100 53.547 48.996 53.057 55.708 52.696 54.229 58.806 61.322 57.804 61.522 56.045 48.272 39.254 29.790 35.941 44.537 30.796 24.173 54.129 51.352 42.003 34.826 28.623 39.044 25.257 46.242 56.148 45.751 42.204 45.461 54.106 28.267 36.353 49.457 34.742 55.489 44.182 49.592 51.961 45.041 55.366 50.760 21.136 46.379 33.763 44.730 46.934 46.369 41.605 46.721 35.282 56.994 49.403 40.470 43.004 41.536 44.697 46.957
58.399 60.322 57.883 61.509 60.455 62.526 61.101 56.436 57.612 59.414 55.558 52.303 55.035 55.022 50.220 49.161 48.615 51.928 48.679 45.042 41.219 44.704 46.044 51.360 53.407 53.698 49.063 49.562 54.596 52.918 48.476 51.950 55.206 52.432 49.030 52.092 56.900 57.012 56.046 54.019 55.065 52.338 49.941 48.851 47.617 43.344 43.444 38.816 41.348 40.100 44.867 45.338 46.045 49.151 51.259 46.578 46.755 42.712 39.940 40.536 36.075 34.775 38.124 40.558 38.962 42.951 40.915 42.834 38.802 36.439 32.571 35.205 31.441 35.229 33.073 38.263 36.504 41.435 43.689 43.788 47.999 46.018 46.035 50.755 51.789 57.033 53.737 51.415 49.230 46.256 47.238 47.174 43.236 41.330 43.842 41.628 37.158 38.849 40.597 36.415 33.895 33.196 36.141 39.186 43.640 40.276 39.056 44.171 44.526 48.804 46.373 44.454 48.761 52.254 50.335 47.306 50.991 54.359 57.888 53.232 57.364 59.933 56.777 58.327 62.991 65.406 61.788 65.419 60.017 53.334 44.492 34.723 39.776 49.562 35.392 28.752 59.164 55.919 46.025 38.061 33.185 42.357 30.073 50.052 60.386 49.614 45.784 49.957 58.288 32.573 41.038 53.989 37.750 60.482 47.884 53.455 56.585 48.497 60.242 54.680 25.042 49.829 36.448 48.989 50.750 50.807 45.196 50.148 38.851 61.108 53.642 43.949 46.236 44.692 47.964 51.126
58.814 60.247 58.218 61.757 60.553 63.071 61.755 56.899 58.283 60.505 56.603 53.193 56.326 56.628 51.656 50.797 49.676 53.164 49.934 46.296 42.234 45.634 46.584 52.008 54.213 53.999 49.244 50.045 54.831 52.651 48.305 51.968 54.774 51.576 48.479 51.713 56.237 56.942 55.727 54.326 54.968 51.840 49.306 47.693 46.196 41.763 41.128 36.915 39.761 38.962 44.028 44.534 45.922 49.146 51.443 46.679 46.181 42.766 39.265 40.094 35.173 34.546 38.390 40.937 39.417 42.721 40.769 42.061 38.025 34.943 31.510 34.749 31.582 35.933 33.842 39.266 38.085 42.532 44.516 43.903 48.510 47.002 46.440 50.993 52.664 57.808 54.985 52.312 50.752 47.375 47.885 48.335 44.753 42.177 44.510 42.973 38.321 39.210 41.201 37.625 34.346 33.478 35.743 39.314 43.581 39.561 38.784 43.685 43.231 47.895 45.856 43.319 47.310 51.176 49.786 46.495 50.133 53.573 57.456 53.096 57.545 59.687 56.745 58.831 63.134 65.838 62.452 66.472 61.133 53.028 44.607 34.396 37.703 49.110 34.505 28.621 58.699 54.535 44.760 36.092 32.091 39.790 30.263 49.391 58.932 48.510 43.471 50.932 58.405 31.342 42.327 52.589 35.685 59.880 47.440 53.681 55.303 48.692 59.393 55.361 24.368 47.021 34.824 47.192 48.499 49.315 42.505 47.589 36.251 60.273 51.792 40.736 44.163 43.065 47.921 49.181
60.505 62.294 60.484 64.215 63.394 65.851 64.118 59.418 61.129 63.018 58.849 55.820 59.064 58.898 53.905 53.374 52.447 56.239 53.308 49.268 45.502 49.229 50.006 55.560 57.357 57.320 52.658 53.003 57.824 55.945 51.327 54.615 57.707 54.633 51.110 54.009 58.722 59.367 57.758 56.092 56.463 53.806 50.787 49.655 47.621 43.658 42.976 38.647 40.940 40.550 45.391 46.555 47.466 50.976 53.605 49.092 48.485 44.767 41.337 41.405 36.880 36.547 40.207 42.193 39.970 43.516 40.984 42.478 38.979 35.712 32.389 35.735 32.908 36.776 35.543 40.827 38.977 43.586 45.078 44.978 49.219 48.014 47.945 52.251 53.959 59.242 56.429 54.289 52.332 48.794 49.829 50.494 46.544 44.062 46.977 45.401 40.523 41.790 44.224 40.501 37.201 36.950 39.264 42.826 46.984 43.245 41.847 46.701 46.322 50.925 49.198 46.933 50.789 54.590 53.299 50.366 54.233 57.417 61.372 56.724 61.262 63.297 60.030 62.070 66.582 69.043 65.453 69.285 64.094 56.918 48.596 38.217 41.179 53.161 38.303 32.085 62.664 58.790 47.768 37.904 36.311 41.531 33.863 52.290 62.199 51.361 46.330 54.323 61.600 35.100 45.815 56.665 37.148 63.940 50.290 56.626 59.436 51.211 63.498 58.334 27.437 49.083 35.841 51.264 51.833 53.716 45.862 49.623 39.887 63.384 55.685 43.037 45.819 44.914 50.166 53.192
62.471 63.988 62.585 66.291 65.484 68.249 66.473 61.707 63.667 65.754 61.489 58.483 62.032 61.953 56.860 56.569 55.298 59.278 56.457 52.333 48.511 52.236 52.688 58.318 60.103 59.749 55.058 55.488 60.101 57.949 53.356 56.640 59.455 56.114 52.721 55.613 60.127 61.216 59.286 58.032 57.986 55.201 51.924 50.555 48.117 44.258 42.933 38.995 41.293 41.451 46.380 47.802 49.074 52.740 55.605 51.153 49.993 46.703 42.778 42.756 38.087 38.391 42.303 44.156 41.775 44.813 42.163 43.190 39.961 36.075 33.251 37.056 34.878 38.927 38.044 43.375 41.752 46.004 47.102 46.634 51.004 50.284 49.944 53.991 56.190 61.406 58.975 56.763 55.152 51.295 52.141 53.247 49.472 46.561 49.497 48.406 43.385 44.179 46.890 43.583 39.797 39.602 41.415 45.307 49.255 45.154 43.918 48.536 47.554 52.391 51.086 48.457 51.974 56.014 55.177 52.179 56.041 59.180 63.400 58.921 63.693 65.365 62.182 64.597 68.879 71.474 68.010 72.056 66.979 58.493 50.799 39.981 41.442 54.770 39.484 33.804 64.092 59.566 48.035 37.538 37.698 40.864 35.912 52.593 62.414 51.551 46.178 56.220 62.537 35.986 48.228 57.312 36.565 65.300 50.647 57.438 60.192 51.903 64.641 59.477 28.586 48.393 35.488 51.826 51.878 54.599 45.837 49.003 40.094 63.681 56.108 42.374 45.259 44.607 50.726 53.667
57.946 59.766 58.334 62.159 61.607 64.220 62.186 57.555 59.661 61.472 57.074 54.315 57.877 57.485 52.409 52.309 51.209 55.375 52.807 48.382 44.822 48.809 49.147 54.850 56.289 56.150 51.566 51.609 56.289 54.478 49.684 52.685 55.806 52.703 48.951 51.613 56.330 57.167 55.146 53.570 53.561 51.105 47.708 46.753 44.277 40.642 39.769 35.495 37.457 37.483 42.209 43.850 44.668 48.403 51.354 47.055 46.070 42.424 38.789 38.385 34.040 34.210 37.887 39.485 36.868 40.215 37.402 38.757 35.625 32.060 28.999 32.576 30.306 34.036 33.480 38.685 36.722 41.091 42.101 41.988 46.133 45.376 45.355 49.366 51.398 56.686 54.159 52.248 50.362 46.505 47.672 48.789 44.800 42.037 45.300 44.104 38.994 40.127 43.067 39.619 35.924 36.207 38.185 41.936 45.824 42.131 40.321 44.967 44.354 48.986 47.736 45.530 49.095 52.921 51.954 49.327 53.401 56.290 60.451 55.660 60.424 62.109 58.631 60.887 65.393 67.742 64.098 67.951 62.978 55.696 48.279 37.213 38.675 52.171 36.626 30.777 61.343 57.206 44.672 33.995 35.378 37.559 33.040 49.103 59.252 48.113 43.176 53.075 59.150 33.103 45.308 54.724 33.032 62.655 47.115 53.931 57.640 48.278 62.039 55.995 25.290 45.341 31.833 49.481 49.153 52.544 43.438 45.807 37.851 60.297 53.615 39.667 41.752 41.017 47.061 51.371
56.022 57.501 55.838 59.491 58.563 61.244 59.610 54.804 56.601 58.741 54.585 51.441 54.914 54.973 49.893 49.475 48.179 52.078 49.219 45.146 41.281 44.993 45.484 51.099 52.928 52.618 47.921 48.400 53.072 50.962 46.399 49.784 52.647 49.407 46.044 49.055 53.616 54.511 52.876 51.549 51.822 48.877 45.955 44.507 42.571 38.415 37.594 33.379 35.945 35.532 40.538 41.514 42.818 46.289 48.923 44.345 43.466 40.087 36.347 36.722 31.914 31.778 35.689 37.878 35.973 39.110 36.890 38.058 34.316 30.921 27.678 31.186 28.509 32.797 31.341 36.751 35.449 39.698 41.234 40.597 45.148 44.061 43.543 47.839 49.835 55.011 52.454 50.001 48.495 44.781 45.431 46.340 42.685 39.808 42.523 41.359 36.422 37.191 39.736 36.406 32.677 32.388 34.327 38.132 42.149 38.159 36.917 41.651 40.962 45.689 44.130 41.649 45.371 49.284 48.216 45.237 49.126 52.266 56.380 51.835 56.539 58.331 55.146 57.456 61.780 64.369 60.908 64.955 59.821 53.100 45.257 34.446 36.522 49.514 34.236 28.070 58.836 54.432 43.186 33.453 32.590 36.973 30.112 47.604 57.740 46.743 41.570 50.389 57.151 30.897 42.251 52.238 32.815 60.174 45.573 52.074 55.100 46.660 59.559 53.919 23.003 44.241 31.646 46.713 47.020 49.440 40.921 44.919 35.059 58.772 51.050 37.980 41.456 40.417 45.665 48.565
58.646 59.795 58.610 62.213 61.296 64.321 62.656 57.793 59.858 62.219 57.980 54.874 58.666 58.829 53.669 53.513 51.842 55.916 53.185 49.064 45.160 48.823 48.956 54.610 56.431 55.756 51.052 51.640 56.043 53.616 49.123 52.492 55.004 51.459 48.286 51.279 55.575 56.993 54.996 54.164 53.949 50.860 47.651 45.913 43.502 39.486 37.855 34.168 36.738 37.006 42.089 43.361 45.097 48.728 51.618 47.137 45.609 42.772 38.471 38.742 33.801 34.443 38.607 40.617 38.539 41.048 38.703 39.298 35.909 31.771 29.191 33.226 31.372 35.805 34.785 40.179 39.134 42.944 44.011 42.952 47.623 47.104 46.279 50.244 52.798 57.870 55.760 53.237 52.133 48.084 48.513 49.916 46.485 43.151 45.861 45.253 40.209 40.426 43.253 40.428 36.201 35.961 37.287 41.435 45.174 40.781 39.770 44.179 42.763 47.745 46.691 43.777 47.068 51.253 50.729 47.675 51.519 54.604 59.005 54.697 59.641 61.009 57.951 60.683 64.716 67.457 64.162 68.439 63.449 55.172 47.859 36.911 37.397 51.461 36.084 30.884 60.654 55.716 44.280 33.731 34.293 36.704 33.124 48.980 58.430 47.805 41.947 53.247 59.106 32.466 45.581 53.476 32.725 61.808 47.130 54.080 56.404 48.604 61.033 56.267 25.559 44.009 31.908 47.850 47.647 50.740 41.542 44.729 35.897 59.916 52.088 37.857 41.347 40.855 47.374 49.605
54.845 55.825 54.859 58.435 57.566 60.753 59.038 54.169 56.416 58.868 54.580 51.532 55.542 55.742 50.544 50.614 48.688 52.934 50.411 46.157 42.327 46.050 45.845 51.545 53.221 52.368 47.711 48.244 52.480 49.974 45.469 48.755 51.141 47.515 44.356 47.306 51.499 53.117 50.968 50.366 49.967 46.793 43.529 41.671 39.177 35.174 33.391 29.812 32.432 32.839 37.951 39.270 41.202 44.863 47.851 43.446 41.626 39.045 34.512 34.802 29.792 30.767 35.040 37.011 35.030 37.169 34.966 35.287 31.889 27.582 25.207 29.396 27.904 32.480 31.586 36.935 36.209 39.654 40.575 39.178 43.971 43.677 42.600 46.427 49.243 54.219 52.368 49.762 48.953 44.729 44.970 46.667 43.431 39.799 42.492 42.274 37.178 37.040 40.100 37.651 33.085 33.055 33.993 38.302 41.805 37.342 36.252 40.458 38.781 43.812 43.054 40.075 43.150 47.378 47.106 44.187 48.113 51.023 55.567 51.266 56.359 57.455 54.363 57.305 61.222 63.968 60.733 65.109 60.257 53.128 45.833 35.175 34.966 49.175 34.237 29.763 58.433 52.888 42.699 32.602 31.895 35.034 31.841 47.644 56.359 46.313 39.647 51.996 57.707 30.628 44.344 50.833 31.659 59.403 45.938 52.924 53.724 47.709 58.501 55.187 24.758 41.792 31.262 44.961 44.990 47.765 38.561 42.742 32.881 58.265 49.246 35.178 40.078 39.753 46.521 46.629
52.184 52.770 52.056 55.501 54.533 57.974 56.374 51.448 53.798 56.506 52.276 49.166 53.391 53.826 48.618 48.837 46.524 50.825 48.435 44.234 40.391 43.994 43.443 49.102 50.786 49.603 44.983 45.669 49.633 46.856 42.497 45.831 47.866 44.038 41.145 44.170 48.089 50.062 47.839 47.702 47.108 43.638 40.464 38.206 35.742 31.610 29.435 26.237 29.148 29.717 34.928 36.081 38.515 42.100 45.095 40.722 38.490 36.467 31.562 32.170 26.949 28.352 32.811 34.896 33.279 34.763 32.939 32.746 29.255 24.716 22.766 27.116 26.104 30.946 29.963 35.223 35.122 38.010 38.857 36.845 41.880 41.823 40.247 43.921 47.090 51.862 50.369 47.484 47.207 42.839 42.642 44.644 41.816 37.796 40.212 40.525 35.507 34.735 37.883 36.016 31.072 31.018 31.352 35.871 39.070 34.345 33.517 37.403 35.219 40.377 39.936 36.665 39.429 43.795 43.891 40.951 44.827 47.642 52.358 48.268 53.508 54.266 51.321 54.580 58.211 61.087 58.044 62.623 57.901 49.939 43.208 32.227 31.301 46.202 30.945 26.693 55.213 49.689 38.874 28.743 29.225 31.089 29.011 43.832 52.520 42.458 35.764 48.687 54.019 27.219 41.483 47.490 27.822 56.254 42.164 49.226 50.459 44.012 55.316 51.574 21.551 37.858 27.564 41.607 41.273 44.677 34.665 38.786 29.252 54.417 45.728 31.341 36.181 35.888 42.789 43.126
49.611 50.426 49.123 52.581 51.454 54.588 53.159 48.190 50.166 52.792 48.704 45.386 49.289 49.789 44.620 44.460 42.424 46.487 43.833 39.773 35.798 39.384 39.246 44.894 46.759 45.870 41.159 41.917 46.198 43.603 39.214 42.757 45.081 41.483 38.514 41.727 45.902 47.359 45.645 45.073 45.089 41.574 38.857 36.717 34.960 30.441 29.205 25.381 28.548 28.172 33.462 34.048 36.224 39.575 42.210 37.578 36.054 33.527 29.114 30.155 24.815 25.249 29.624 32.160 30.965 33.069 31.560 31.938 27.812 24.143 21.315 25.108 23.012 28.013 26.207 31.651 31.545 34.861 36.385 34.620 39.710 38.947 37.500 41.657 44.253 49.128 47.154 44.124 43.574 39.559 39.398 40.836 37.880 34.230 36.467 36.238 31.326 30.945 33.694 31.353 26.779 26.426 27.370 31.662 35.259 30.738 29.901 34.241 32.784 37.776 36.656 33.675 37.019 41.183 40.657 37.605 41.496 44.514 48.956 44.686 49.705 50.949 47.967 50.840 54.727 57.560 54.396 58.843 53.884 46.898 39.969 29.234 28.578 42.999 28.045 24.034 52.136 46.480 36.838 27.757 25.873 30.015 26.157 41.960 50.201 40.576 33.612 46.050 51.757 24.395 38.652 44.424 27.143 53.103 40.358 47.223 47.328 42.353 52.163 49.470 19.140 36.383 27.190 38.513 38.681 41.436 32.158 37.395 26.403 52.328 42.785 29.506 35.271 34.852 41.318 40.162
45.625 46.099 45.258 48.653 47.622 51.070 49.548 44.587 46.913 49.701 45.536 42.359 46.648 47.207 42.013 42.282 39.790 44.132 41.885 37.641 33.866 37.490 36.708 42.377 43.968 42.727 38.138 38.801 42.717 39.950 35.574 38.942 40.976 37.192 34.289 37.409 41.349 43.239 41.202 41.113 40.726 37.049 34.199 31.782 29.815 25.322 23.656 20.142 23.464 23.441 28.783 29.478 32.094 35.500 38.338 33.892 31.725 29.797 24.878 25.968 20.506 21.750 26.302 28.699 27.700 28.971 27.756 27.521 23.458 19.429 17.199 21.263 20.091 25.232 23.778 28.978 29.482 32.006 33.169 30.753 36.022 35.751 33.828 37.649 40.769 45.430 43.977 40.833 40.847 36.527 36.008 38.030 35.481 31.295 33.468 34.026 29.109 27.987 31.168 29.640 24.489 24.563 24.611 29.181 32.233 27.573 26.634 30.479 28.396 33.514 33.040 29.882 32.726 37.007 37.032 34.239 38.241 40.918 45.633 41.437 46.719 47.422 44.411 47.695 51.325 54.174 51.145 55.762 51.084 43.417 36.753 25.755 25.078 39.646 24.435 20.464 48.699 43.299 32.981 22.953 22.688 24.087 22.741 38.061 45.999 36.531 28.824 42.309 47.878 20.727 35.158 41.014 21.914 49.698 36.435 43.291 43.953 38.411 48.765 45.543 15.739 30.183 22.427 35.334 34.262 38.573 27.756 31.356 23.099 48.276 39.310 23.538 29.670 29.874 37.402 37.023
43.302 43.768 42.316 45.602 44.236 47.461 46.304 41.238 43.077 45.974 42.082 38.534 42.506 43.371 38.241 38.037 35.642 39.634 37.042 33.116 29.076 32.518 32.114 37.722 39.664 38.555 33.838 34.815 38.962 36.179 31.935 35.691 37.798 34.152 31.450 34.914 38.936 40.410 39.045 38.740 39.033 35.085 32.972 30.407 29.460 24.442 23.742 19.897 23.677 22.498 27.886 27.618 30.269 33.239 35.538 30.752 29.286 27.146 22.700 24.703 19.049 19.124 23.634 26.757 26.624 28.231 27.698 27.850 23.064 20.212 17.293 20.459 18.132 23.534 20.808 26.124 27.079 29.772 31.780 29.319 34.736 33.692 31.605 35.928 38.500 43.118 41.276 37.732 37.762 33.873 33.062 34.480 32.086 28.179 29.802 29.971 25.328 24.239 26.807 25.055 20.176 19.611 20.054 24.495 27.931 23.249 22.692 26.951 25.475 30.462 29.213 26.143 29.585 33.719 33.157 30.074 33.998 36.970 41.439 37.225 42.301 43.445 40.566 43.566 47.297 50.233 47.212 51.818 46.885 40.327 33.408 22.812 21.808 36.383 21.539 18.236 45.507 39.810 30.352 22.448 19.196 24.437 20.155 35.609 43.498 34.179 26.960 39.724 45.203 17.844 32.469 37.750 22.258 46.451 34.114 40.872 40.692 36.326 45.485 43.133 14.348 30.225 22.814 31.932 31.857 34.765 25.489 31.321 19.883 45.745 36.112 23.147 29.888 29.341 35.432 33.661
39.167 39.764 38.755 42.211 41.288 44.640 43.011 38.078 40.483 43.165 38.950 35.853 40.223 40.692 35.496 35.934 33.383 37.906 35.951 31.451 27.922 31.759 30.685 36.430 37.702 36.570 32.068 32.423 36.381 33.873 29.294 32.513 34.807 31.240 28.013 31.083 35.238 36.853 34.930 34.636 34.492 30.830 28.203 25.946 24.479 19.775 19.153 14.956 18.420 17.547 22.915 23.284 25.750 29.054 31.817 27.357 25.396 23.235 18.465 19.824 14.249 15.170 19.746 22.349 21.885 23.147 22.491 22.458 17.818 14.756 11.956 15.411 13.942 19.269 17.474 22.564 23.534 25.730 27.181 24.568 29.961 29.433 27.356 31.350 34.314 38.952 37.450 34.235 34.340 30.041 29.415 31.473 29.040 24.743 26.926 27.662 22.751 21.483 24.918 23.637 18.285 18.939 18.813 23.319 26.191 21.949 20.357 24.241 22.611 27.530 27.033 24.361 27.353 31.362 31.183 28.821 33.093 35.458 40.106 35.575 40.882 41.577 38.285 41.470 45.280 47.943 44.786 49.318 44.719 36.730 30.500 19.365 18.410 33.156 17.745 14.455 42.032 37.103 25.595 15.924 16.805 17.663 16.792 30.731 38.882 29.125 22.015 35.714 41.155 13.989 28.932 34.564 15.254 43.170 29.320 36.548 37.540 31.655 42.317 39.038 10.438 24.379 16.001 29.178 28.036 32.824 22.592 25.227 17.469 40.924 33.190 18.126 23.041 22.901 30.362 30.997
37.039 37.181 35.730 38.890 37.432 40.801 39.756 34.644 36.545 39.645 35.854 32.238 36.421 37.520 32.441 32.434 29.597 33.697 31.437 27.464 23.597 26.995 26.011 31.612 33.372 32.011 27.369 28.354 32.274 29.382 25.167 28.970 30.902 27.227 24.638 28.246 32.137 33.676 32.498 32.491 32.931 28.637 27.058 24.145 23.994 18.620 18.671 14.886 19.092 17.069 22.370 21.287 24.402 27.005 29.068 24.245 22.676 21.033 16.515 19.475 13.739 13.588 18.116 21.669 22.634 23.511 24.019 23.871 18.655 16.929 14.287 16.422 14.302 19.717 16.388 21.210 23.329 25.069 27.349 24.149 29.777 28.632 25.877 30.203 32.850 37.160 35.592 31.643 32.330 28.488 27.024 28.641 26.898 22.629 23.698 24.559 20.239 18.197 20.848 20.062 14.727 14.411 13.833 18.491 21.464 16.747 16.135 20.132 18.570 23.538 22.422 19.392 22.797 26.853 26.394 23.563 27.682 30.358 34.933 30.647 35.882 36.746 33.812 37.023 40.622 43.564 40.639 45.381 40.604 33.901 27.916 17.117 15.305 30.219 15.124 12.999 39.092 33.718 23.670 17.056 13.729 18.969 15.223 29.018 36.764 27.534 20.535 33.293 38.557 11.354 26.901 31.377 17.403 40.094 27.633 34.361 34.306 30.062 39.121 36.628 10.017 24.622 18.555 25.803 25.721 29.271 19.945 25.488 14.109 38.995 29.988 18.072 24.231 23.538 29.260 27.626
33.085 33.922 32.281 35.772 34.811 37.846 36.272 31.326 33.511 36.064 31.924 28.708 32.946 33.426 28.240 28.569 26.095 30.650 28.827 24.139 20.781 24.850 23.710 29.531 30.601 29.780 25.309 25.397 29.638 27.538 22.752 25.992 28.754 25.650 22.088 25.252 29.756 30.668 29.333 28.523 29.158 25.483 23.645 21.691 21.546 16.630 18.050 13.336 16.669 13.940 18.937 18.243 20.283 23.127 25.414 20.709 19.686 16.858 12.957 15.248 9.913 8.797 13.250 16.672 17.497 19.124 19.548 20.151 14.757 14.223 10.742 11.888 8.864 14.262 10.929 15.953 17.750 19.739 22.156 19.507 24.956 23.531 21.306 25.861 28.151 32.771 30.876 27.393 27.476 23.524 22.688 24.308 21.999 17.829 19.749 20.317 15.516 14.251 17.672 16.410 10.971 12.271 12.386 16.547 19.494 16.038 13.552 17.902 17.582 21.944 20.820 19.051 22.608 26.038 25.135 23.209 27.709 29.850 34.180 29.204 34.358 35.381 31.800 34.607 38.758 41.217 37.866 42.246 37.551 30.153 24.205 13.140 12.580 26.634 11.227 8.482 35.475 31.164 19.010 12.873 10.948 16.443 11.442 23.868 33.416 22.811 18.306 28.386 33.452 7.497 22.501 28.432 13.551 36.656 22.136 28.745 31.369 24.063 35.878 30.936 4.784 23.001 14.150 23.562 23.446 27.341 18.394 23.359 13.038 34.590 27.504 17.757 20.677 19.133 23.373 25.610
31.876 31.769 30.272 33.334 31.833 35.296 34.314 29.178 31.158 34.394 30.687 27.053 31.429 32.694 27.700 27.920 24.694 28.917 27.068 23.026 19.490 22.841 21.220 26.787 28.264 26.713 22.192 23.073 26.783 23.877 19.620 23.419 25.271 21.642 19.058 22.793 26.618 28.123 27.162 27.363 28.010 23.437 22.476 19.330 20.147 14.587 15.778 12.245 16.478 13.467 18.367 16.326 19.807 21.954 23.737 18.895 17.316 16.164 11.790 15.821 10.491 9.856 14.033 17.946 20.056 20.234 21.787 21.453 16.065 15.838 13.694 14.359 12.604 17.450 13.705 17.634 20.853 21.575 24.105 20.302 25.979 24.693 21.335 25.640 28.264 32.253 30.920 26.626 27.922 24.201 22.108 23.898 22.832 18.302 18.765 20.357 16.525 13.465 16.216 16.555 11.014 11.238 9.331 14.021 16.342 11.839 10.877 14.545 13.091 17.942 16.953 14.188 17.588 21.441 21.009 18.619 22.983 25.245 29.874 25.424 30.794 31.403 28.329 31.695 35.232 38.117 35.234 40.057 35.448 27.748 22.777 12.431 8.573 24.161 9.520 10.324 32.743 27.303 17.589 14.623 9.425 15.817 12.142 23.145 30.088 21.587 14.458 27.510 32.198 5.926 22.091 24.732 15.873 33.655 22.031 28.403 27.708 24.850 32.603 30.749 9.461 20.037 17.809 19.386 19.291 23.425 14.152 20.808 8.406 32.550 23.396 14.060 20.670 19.767 24.362 21.270
27.457 28.183 26.160 29.578 28.543 31.497 30.028 25.035 27.159 29.789 25.762 22.425 26.781 27.447 22.315 22.775 19.961 24.655 23.250 18.408 15.471 19.597 17.865 23.673 24.400 23.587 19.256 19.076 23.313 21.453 16.525 19.752 22.718 19.977 16.243 19.527 24.130 24.621 23.813 22.913 24.159 20.263 19.446 17.530 18.877 14.062 17.151 12.971 15.881 11.724 15.746 13.608 15.619 17.715 19.441 14.538 14.201 11.323 8.462 12.261 8.205 4.884 8.482 12.838 15.544 16.573 18.455 19.091 13.631 15.387 12.656 11.412 8.546 12.539 8.004 11.647 15.134 15.872 19.029 15.831 21.237 19.212 16.313 21.143 23.033 27.336 25.450 21.458 22.124 18.492 16.887 18.405 16.847 12.454 13.579 14.785 10.563 8.088 11.761 11.684 5.996 8.581 7.718 11.263 13.596 11.189 7.438 11.858 12.746 16.361 14.960 14.193 17.884 20.664 19.365 18.135 22.800 24.455 28.590 23.312 28.449 29.430 25.616 28.343 32.597 34.922 31.524 35.918 31.298 24.280 19.841 9.474 6.605 21.067 6.460 3.553 29.378 25.227 15.060 12.621 8.646 15.843 6.489 20.560 27.650 19.171 13.206 24.324 29.124 3.558 17.786 22.110 14.297 30.565 19.229 25.451 25.113 21.332 29.700 27.567 3.697 19.763 15.359 17.756 17.608 22.287 13.648 20.227 9.315 29.905 21.337 14.817 19.501 17.708 20.907 19.845
24.977 24.696 23.189 26.248 24.942 28.500 27.338 22.237 24.594 27.821 24.075 20.675 25.450 26.681 21.844 22.688 18.968 23.573 22.693 18.359 15.887 19.211 16.428 21.822 22.430 20.745 16.652 16.836 20.179 17.606 12.990 16.397 18.438 15.117 11.979 15.720 19.687 20.997 20.190 20.526 21.455 16.663 16.621 13.513 15.898 10.783 14.116 11.363 14.532 10.265 13.701 10.135 13.872 15.269 16.734 11.988 10.369 9.970 6.411 11.876 8.630 7.299 9.626 13.585 17.262 16.407 19.371 18.919 13.893 15.981 14.731 13.215 12.428 15.475 11.986 13.752 18.312 17.344 20.008 15.528 20.972 19.569 15.415 19.552 22.115 25.642 24.696 20.087 22.238 18.668 15.723 18.000 17.965 13.133 12.815 15.789 12.959 8.400 11.655 13.942 9.081 10.886 7.463 10.735 11.251 8.534 5.545 7.887 7.300 11.405 11.038 9.749 12.679 15.705 15.323 14.411 19.099 20.273 24.838 19.945 25.455 25.587 22.011 25.535 29.128 31.710 28.749 33.561 29.327 22.592 19.858 10.566 3.734 20.167 6.710 10.178 27.530 23.801 11.321 11.764 10.500 11.323 11.641 16.864 24.184 15.388 9.117 22.171 25.862 4.520 18.678 20.341 12.802 28.898 15.815 22.098 23.454 18.787 28.032 24.539 11.514 14.743 15.432 16.227 14.589 21.550 11.078 15.511 8.303 26.365 19.211 9.365 16.346 15.388 18.495 18.114
21.056 21.289 19.328 22.639 21.699 24.915 23.386 18.358 20.931 23.763 19.788 16.637 21.554 22.412 17.545 18.788 15.134 20.166 19.935 15.093 13.575 17.182 13.993 19.322 19.114 17.917 14.208 13.305 16.891 15.274 10.080 12.825 15.838 13.462 9.241 12.575 17.173 17.574 17.036 16.583 18.156 13.801 14.375 12.368 15.580 11.610 16.181 13.493 15.398 10.598 12.466 8.320 10.742 11.567 12.730 7.813 7.567 6.013 5.300 10.499 9.444 6.886 6.771 10.730 15.351 14.651 18.192 18.298 13.713 17.257 15.992 13.170 12.293 13.812 10.452 10.513 15.674 13.936 17.030 12.804 17.784 15.792 11.556 16.015 17.960 21.501 20.302 15.663 17.829 14.458 11.303 13.611 13.858 9.062 8.552 12.088 9.879 4.926 8.876 11.818 8.173 11.191 8.495 9.839 9.462 9.394 4.193 5.685 8.077 10.065 9.540 10.563 13.242 14.951 13.884 14.327 18.993 19.442 23.497 18.026 23.290 23.558 19.363 22.442 26.520 28.628 25.305 29.832 25.699 20.801 19.018 10.532 4.341 18.815 6.597 11.676 25.665 22.958 8.369 11.660 11.610 11.916 12.592 14.035 21.202 12.337 7.386 20.234 23.329 6.047 17.660 18.864 13.937 27.139 13.275 19.632 21.944 16.588 26.326 22.273 14.037 14.278 16.407 16.093 12.853 21.548 12.174 14.181 10.657 23.308 18.201 12.248 14.695 13.403 16.267 18.088
19.017 18.212 17.255 20.256 19.389 23.283 21.763 16.863 20.037 23.210 19.440 16.757 22.037 23.116 18.760 20.621 16.424 21.268 21.776 17.516 16.701 19.487 15.524 20.018 19.341 17.342 14.393 13.469 15.594 13.530 8.898 10.886 12.812 9.890 5.703 9.205 13.179 14.750 13.668 14.756 15.548 10.304 11.557 8.388 12.718 9.280 14.004 12.883 14.391 10.137 10.761 5.307 9.666 9.772 11.021 7.256 4.025 6.953 5.895 10.878 10.917 10.374 9.896 12.381 17.049 14.623 18.812 17.907 14.184 17.757 17.710 14.961 15.671 16.688 14.618 13.823 19.020 16.080 18.145 12.989 17.635 16.724 11.631 14.720 17.622 20.272 20.309 15.569 19.054 15.680 11.687 15.058 16.488 11.766 10.601 15.317 14.068 9.123 12.132 16.095 12.906 15.391 11.823 12.865 10.813 10.942 7.632 5.127 5.280 6.557 8.728 9.706 10.417 11.923 12.404 13.778 18.127 17.682 22.065 17.134 22.590 21.715 17.662 21.572 24.882 27.036 24.154 28.930 25.475 20.017 20.034 12.910 2.749 18.160 9.061 14.517 24.020 19.939 8.756 13.514 13.839 12.298 15.366 14.265 18.756 12.255 4.569 21.104 22.623 9.007 19.345 15.784 15.442 25.139 14.219 19.757 18.944 17.739 23.910 22.454 16.651 12.828 18.278 13.109 8.919 19.478 8.734 13.208 9.053 21.760 14.558 9.634 15.583 14.756 17.666 14.652
22.084 21.227 21.393 24.427 23.913 28.046 26.213 21.577 25.115 28.136 24.135 21.869 27.218 27.967 23.493 25.551 21.546 26.501 26.805 22.375 21.089 24.146 20.460 25.126 24.620 22.497 19.467 18.747 20.672 18.339 14.078 15.723 17.098 13.639 10.108 12.633 16.078 18.704 16.273 17.880 17.190 12.259 11.241 7.181 9.310 4.444 8.792 7.914 9.865 6.414 8.520 5.277 10.701 12.478 15.085 12.027 7.374 9.710 5.180 9.284 8.192 10.087 11.214 12.993 16.323 13.146 16.734 14.896 11.188 13.608 14.401 12.623 14.661 16.411 15.435 15.784 20.206 17.635 18.585 13.015 18.193 18.551 13.808 16.240 20.332 23.272 23.772 19.791 22.788 18.608 15.559 19.527 20.081 14.880 15.197 19.493 17.062 12.616 16.461 19.545 15.193 17.718 14.157 16.586 15.402 13.861 11.013 9.994 7.171 10.443 13.314 12.522 12.638 15.304 16.853 17.434 21.735 21.591 26.377 21.914 27.490 26.246 22.510 26.695 29.659 31.878 29.168 33.918 30.679 23.677 23.255 16.085 4.415 21.802 12.150 17.044 27.685 22.289 10.713 12.047 15.597 9.511 18.228 16.268 21.215 14.137 4.819 24.398 25.403 11.341 22.945 18.614 13.115 28.694 16.018 22.185 21.779 19.642 27.197 25.038 18.082 10.482 16.256 14.728 9.928 21.068 6.795 11.654 8.329 24.203 16.400 3.449 14.729 14.884 19.150 15.893
25.980 24.745 24.060 26.698 25.185 29.309 28.432 23.414 25.933 29.598 26.149 22.861 27.781 29.388 24.865 25.908 21.751 26.051 25.378 21.646 19.317 21.922 18.747 23.568 24.281 21.833 18.075 18.785 21.116 17.764 13.984 17.301 18.056 13.943 12.022 15.833 18.761 21.237 20.107 21.754 21.949 16.568 16.644 12.257 14.677 9.291 11.490 10.405 14.044 10.749 14.012 10.284 15.424 16.581 18.077 13.997 10.820 12.713 8.472 13.698 10.571 11.144 13.409 16.625 20.102 18.027 21.171 19.711 15.232 16.525 16.383 15.530 15.987 19.036 16.347 17.825 22.420 20.857 22.804 17.655 23.028 22.468 17.801 21.021 24.341 27.266 27.173 22.438 25.427 21.806 18.350 21.167 21.829 16.896 16.095 19.762 17.424 12.548 15.235 18.227 13.598 14.651 10.495 13.708 13.244 9.801 9.044 9.145 5.149 10.368 11.542 8.800 10.202 14.063 15.158 14.078 18.402 19.362 24.400 20.320 26.018 25.296 22.276 26.534 29.291 32.177 29.755 34.875 31.036 24.172 21.708 15.032 3.906 20.824 11.625 16.761 28.127 21.422 14.154 14.823 11.836 12.978 17.604 19.747 23.967 17.635 7.496 26.798 28.560 10.449 23.609 18.704 16.243 28.708 19.448 25.539 21.764 23.012 27.225 28.274 17.759 13.554 19.201 13.219 12.082 18.460 6.456 14.870 3.083 27.411 16.554 7.365 17.734 17.637 22.508 14.683
28.240 26.571 27.174 29.689 28.601 33.113 31.916 27.243 30.358 33.933 30.353 27.676 32.842 34.179 29.774 31.352 27.136 31.576 31.260 27.478 25.386 27.956 24.589 29.108 29.491 26.756 23.469 23.934 25.517 22.116 18.792 21.215 21.290 16.963 15.405 18.291 20.422 24.018 21.721 24.271 23.114 17.958 16.835 11.931 12.474 7.458 6.605 7.956 11.673 10.568 13.787 11.823 17.351 19.097 21.404 18.298 13.677 16.419 11.306 14.838 11.865 14.632 17.170 19.235 21.676 18.500 21.179 18.558 15.064 14.881 16.225 16.410 18.493 21.510 20.264 21.831 25.897 24.025 24.746 19.260 24.482 25.236 20.622 22.727 27.102 29.788 30.554 26.382 29.545 25.408 22.281 25.941 26.498 21.291 21.236 25.227 22.546 17.965 21.173 24.035 19.102 20.377 16.422 19.823 19.114 15.671 15.033 14.474 9.404 13.980 16.740 13.745 13.245 17.248 19.746 18.951 22.764 23.291 28.534 25.096 30.788 29.224 26.459 31.153 33.323 36.145 34.028 39.145 35.855 27.770 26.276 18.991 7.180 24.981 15.262 19.662 31.440 24.765 17.298 16.854 16.367 14.263 20.892 22.789 25.973 20.565 9.533 29.909 31.472 13.594 27.387 21.692 17.735 32.059 22.609 28.673 24.798 26.221 30.437 31.450 19.576 13.852 20.763 16.742 13.092 22.519 7.387 16.022 7.079 29.891 19.014 5.452 19.608 19.976 25.606 17.741
31.340 29.690 29.342 31.689 29.859 34.175 33.675 28.677 30.925 34.881 31.672 28.193 32.927 34.851 30.365 31.080 26.917 30.811 29.624 26.401 23.483 25.703 22.989 27.615 29.000 26.227 22.356 23.837 25.944 21.991 18.948 22.550 22.538 18.019 17.221 20.995 23.199 26.269 25.057 27.216 26.993 21.540 21.221 16.402 17.727 12.273 11.823 11.631 16.109 14.188 18.124 15.307 20.646 22.056 23.621 19.645 16.247 18.272 13.456 18.005 13.865 15.237 18.391 21.557 24.292 22.210 24.703 22.774 18.421 17.969 18.084 18.656 19.197 23.096 20.436 22.814 26.972 25.959 27.640 22.515 28.012 27.810 23.277 26.280 29.909 32.788 32.849 28.112 31.072 27.367 24.040 26.741 27.230 22.303 21.566 24.857 22.231 17.628 19.900 22.388 17.450 17.442 13.464 17.350 17.490 12.705 13.732 14.297 9.547 14.804 15.833 11.600 12.538 17.177 18.847 16.596 20.295 21.933 27.173 23.978 29.604 28.748 26.497 30.994 33.184 36.475 34.466 39.779 35.896 28.918 26.035 18.463 8.742 25.378 15.184 18.483 32.425 24.384 19.845 18.660 14.324 16.456 19.736 25.412 28.494 23.249 12.349 31.641 33.905 12.849 27.890 22.276 19.482 32.687 25.142 31.167 25.194 28.688 30.945 33.831 18.130 16.742 22.142 16.161 15.166 20.838 7.654 18.717 4.662 32.553 19.341 8.604 22.046 22.393 28.110 17.030
29.542 28.735 27.749 30.543 28.957 32.847 31.997 26.889 29.124 32.688 29.145 25.623 30.308 31.847 27.076 27.692 23.892 28.118 26.791 22.991 19.942 22.827 20.393 25.591 26.822 24.680 20.474 21.464 24.423 21.098 17.183 20.865 21.987 17.969 15.924 19.751 22.994 25.162 24.068 25.165 25.460 20.392 19.841 15.889 17.262 11.556 12.712 10.476 14.854 11.887 16.291 13.538 18.066 19.801 21.492 16.995 14.453 14.938 10.213 14.962 10.354 10.749 14.218 17.821 20.579 19.432 21.765 20.643 15.656 15.858 14.957 15.095 14.745 18.825 15.680 18.442 22.434 21.944 24.090 19.442 25.085 24.299 20.177 23.892 27.023 30.455 29.841 25.263 27.517 23.772 20.913 23.296 23.159 18.295 18.069 20.812 17.707 13.504 16.224 18.051 12.813 13.292 9.803 14.065 15.013 10.491 10.080 12.099 9.124 14.340 14.390 11.137 13.599 17.712 18.188 16.150 20.462 22.228 27.179 23.077 28.677 28.538 25.639 29.578 32.588 35.583 33.029 38.088 33.868 26.408 22.614 14.600 6.795 22.749 11.465 15.011 30.731 24.216 18.471 16.172 10.605 15.666 16.208 24.171 28.776 22.336 13.208 28.479 32.554 9.252 24.071 21.737 16.945 31.381 23.508 29.519 24.744 26.754 30.035 31.914 14.736 18.362 19.253 16.022 16.133 20.539 9.788 19.809 4.181 32.361 19.820 10.634 21.267 21.119 26.374 17.626
28.486 27.853 27.862 30.918 30.107 34.185 32.571 27.769 30.895 34.034 30.005 27.310 32.431 33.279 28.479 29.956 26.208 31.020 30.418 26.015 23.656 26.943 24.034 29.187 29.546 27.468 23.745 23.780 26.333 23.500 19.283 21.818 23.112 19.217 16.343 19.230 22.556 25.238 22.880 24.176 23.366 18.793 16.836 13.135 12.816 7.225 7.590 4.990 9.581 7.744 12.513 11.491 15.996 18.593 21.355 17.664 13.806 14.490 8.726 11.879 7.470 10.433 13.828 16.121 17.961 15.888 17.888 16.017 11.566 11.104 11.472 12.000 13.638 17.227 15.972 18.386 21.879 20.855 21.785 16.856 22.461 22.840 18.866 21.776 25.824 29.336 29.338 25.510 27.678 23.240 20.932 24.375 23.931 18.664 19.625 22.880 19.330 15.483 19.378 21.198 15.809 17.584 14.473 18.356 18.687 15.218 13.326 14.425 10.967 15.762 17.432 14.975 16.055 19.872 21.209 20.240 24.567 25.519 30.562 26.340 32.021 31.241 27.925 32.058 35.049 37.642 34.966 39.831 36.131 29.565 26.530 17.593 8.485 26.455 14.089 16.786 33.852 27.746 18.063 14.010 14.738 12.418 18.419 23.566 28.935 21.470 11.756 30.705 33.321 11.409 26.838 24.757 14.629 34.661 22.927 29.707 27.879 26.199 33.274 32.580 15.641 15.177 17.408 19.580 17.150 24.773 11.417 16.670 8.117 32.047 22.572 7.851 18.286 18.562 25.251 20.958
33.479 32.435 32.613 35.409 34.252 38.516 37.278 32.418 35.271 38.731 34.934 31.966 36.954 38.155 33.379 34.523 30.693 35.167 34.121 30.155 27.289 30.238 27.644 32.688 33.629 31.243 27.357 28.081 30.494 27.093 23.389 26.351 27.008 22.713 20.773 23.877 26.609 29.745 27.492 29.251 28.249 23.502 21.577 17.462 16.627 11.476 9.190 8.223 12.926 12.549 17.275 16.496 21.223 23.738 26.333 22.580 18.675 19.726 14.008 16.887 12.125 15.012 18.850 21.249 22.582 20.630 22.028 19.837 15.793 13.580 14.133 16.061 17.454 21.668 20.234 23.289 26.479 25.937 26.776 21.979 27.541 28.082 24.166 26.937 31.107 34.511 34.610 30.639 32.885 28.503 26.124 29.364 28.920 23.727 24.422 27.439 23.816 20.012 23.391 24.967 19.433 20.235 17.155 21.488 22.183 17.697 17.212 18.493 14.236 19.395 20.884 17.326 18.218 22.614 24.319 22.487 26.414 27.879 33.099 29.503 35.188 34.328 31.593 35.959 38.524 41.484 39.134 44.212 40.421 32.325 29.197 20.134 11.234 29.152 16.748 18.816 36.513 29.999 21.021 16.498 16.887 15.152 20.613 26.580 31.619 24.515 14.598 33.525 36.104 13.855 29.547 27.162 16.868 37.241 25.907 32.603 30.264 29.138 35.772 35.377 17.265 17.864 19.415 21.770 19.183 26.825 13.049 19.549 9.882 34.963 24.719 9.924 21.178 21.496 28.234 22.984
34.289 33.675 32.851 35.741 34.214 38.077 37.147 32.051 34.270 37.743 34.077 30.571 35.153 36.546 31.631 32.086 28.571 32.759 31.034 27.223 23.756 26.767 24.886 30.202 31.726 29.707 25.343 26.458 29.620 26.259 22.378 26.060 27.224 23.126 21.083 24.734 28.001 30.310 28.887 29.857 29.816 25.020 23.677 19.923 20.017 14.414 13.904 11.296 16.039 14.239 19.350 17.800 22.008 24.333 26.417 21.919 19.291 19.189 14.015 17.656 12.157 13.243 17.510 20.864 22.511 21.872 23.200 22.053 17.109 15.559 14.382 16.097 15.610 20.502 17.692 21.500 24.609 24.993 26.829 22.590 28.328 27.809 24.187 27.908 31.222 34.988 34.232 29.971 31.692 27.692 25.427 27.760 26.951 22.135 22.597 24.719 20.958 17.567 20.391 21.180 15.657 15.681 13.250 17.938 19.696 14.708 14.600 17.274 14.252 19.540 19.473 15.856 18.289 22.662 23.193 20.615 24.676 26.896 31.856 27.972 33.493 33.525 30.802 34.667 37.678 40.762 38.200 43.229 38.871 31.029 25.723 16.412 12.102 27.071 14.030 15.183 35.695 29.314 22.860 17.853 11.719 17.537 16.467 28.483 33.744 26.539 16.978 32.337 37.335 11.011 26.558 27.152 18.154 36.393 27.681 34.065 30.078 30.793 35.186 36.278 14.641 20.683 20.053 21.218 21.143 24.861 14.566 22.298 9.139 37.068 25.385 12.747 23.502 23.593 29.994 22.868
32.044 32.166 31.508 34.837 33.988 37.640 35.976 31.065 33.828 36.704 32.518 29.582 34.370 34.993 29.910 30.889 27.720 32.503 31.247 26.632 23.666 27.395 25.342 30.937 31.705 30.178 25.985 26.096 29.517 26.937 22.365 25.301 27.307 23.667 20.412 23.438 27.381 29.329 27.270 27.553 27.233 23.165 20.881 18.128 17.304 12.145 12.364 8.109 12.276 10.517 15.925 15.611 18.862 21.899 24.666 20.424 17.766 16.561 11.196 13.544 7.773 9.639 14.137 16.864 17.721 17.484 18.262 17.471 12.408 10.803 9.139 11.048 10.995 15.858 14.067 18.024 20.501 21.045 22.421 18.590 24.274 24.033 20.987 24.680 28.095 32.284 31.410 27.839 28.917 24.484 23.036 25.765 24.253 19.320 21.010 23.009 18.599 15.946 19.851 20.140 14.422 15.939 14.202 18.612 20.349 16.470 14.375 17.286 15.142 20.004 20.335 17.891 20.257 24.117 24.466 22.817 27.272 28.946 33.773 29.218 34.748 34.803 31.379 34.968 38.505 41.092 38.086 42.769 38.565 30.452 26.393 16.146 10.239 27.323 12.992 12.837 35.253 30.122 19.025 14.178 13.916 14.895 15.159 24.560 31.449 22.843 14.979 30.422 34.152 9.553 25.622 27.028 14.642 36.308 23.475 30.204 30.140 26.331 35.189 32.756 10.490 19.446 16.505 22.114 20.280 26.964 15.103 20.421 10.886 33.998 25.400 12.945 20.292 19.794 25.560 23.799
35.411 35.221 35.293 38.526 37.816 41.768 39.998 35.209 38.271 41.220 36.985 34.290 39.255 39.834 34.809 36.046 32.734 37.557 36.423 31.886 28.971 32.546 30.332 35.783 36.508 34.681 30.636 30.814 33.810 30.985 26.670 29.352 30.872 26.948 24.031 26.761 30.224 32.853 30.196 31.064 29.945 25.981 23.045 20.073 17.985 13.435 11.344 8.299 12.289 12.644 17.865 18.560 22.104 25.405 28.558 24.758 21.255 20.809 15.077 16.424 11.214 14.436 18.711 20.640 20.630 19.690 19.804 18.150 14.131 10.417 10.292 13.631 14.968 19.509 18.863 22.676 24.728 25.094 25.576 21.641 27.123 27.780 24.767 27.741 31.807 35.833 35.496 32.188 33.453 28.742 27.387 30.595 29.141 24.075 25.940 28.249 23.818 21.112 25.093 25.549 19.832 21.164 19.206 23.703 25.141 20.958 19.379 21.642 18.455 23.456 24.571 21.623 23.161 27.313 28.446 26.741 30.966 32.543 37.609 33.459 39.097 38.668 35.459 39.413 42.568 45.234 42.443 47.224 43.278 35.773 31.562 21.276 15.107 32.506 18.355 18.150 40.411 34.517 22.978 14.437 18.277 14.222 20.423 28.193 34.840 26.280 17.504 35.907 38.764 14.797 30.941 31.662 13.991 41.325 27.129 34.440 34.769 29.884 40.055 37.358 15.134 18.814 15.901 26.306 23.218 30.978 17.690 20.326 14.138 37.659 29.416 11.720 20.260 20.633 28.543 27.737
38.762 38.307 37.832 40.839 39.518 43.428 42.272 37.245 39.663 42.992 39.129 35.817 40.442 41.579 36.563 37.110 33.788 38.087 36.269 32.320 28.762 31.928 30.270 35.653 37.174 35.226 30.853 31.851 35.049 31.737 27.801 31.269 32.474 28.320 26.137 29.501 32.769 35.300 33.388 34.332 33.804 29.341 27.204 23.713 22.584 17.470 15.549 13.037 17.467 17.009 22.333 21.940 25.853 28.697 31.241 26.916 23.983 23.604 18.132 20.608 14.965 16.862 21.400 24.207 24.740 24.327 24.677 23.382 18.926 15.714 14.705 17.829 17.726 22.853 20.872 25.195 27.456 28.365 29.639 25.763 31.418 31.380 28.198 31.687 35.307 39.300 38.597 34.741 36.076 31.771 30.039 32.566 31.248 26.426 27.558 29.407 25.170 22.381 25.491 25.664 20.066 20.137 18.381 23.134 25.162 20.143 19.885 22.680 19.471 24.778 24.989 21.293 23.419 27.906 28.683 26.018 29.932 32.243 37.254 33.489 39.004 38.982 36.284 40.176 43.173 46.242 43.653 48.634 44.299 36.095 31.467 22.343 15.892 32.284 19.925 18.796 40.287 32.843 26.295 18.978 17.382 19.212 20.965 31.755 37.036 29.925 20.410 37.869 41.521 16.356 32.440 30.777 18.759 40.772 30.666 37.635 33.726 33.440 39.259 40.279 15.366 23.630 20.364 24.575 23.845 28.505 16.634 25.310 12.040 40.693 28.209 15.289 25.198 25.303 32.392 25.716
42.561 42.650 42.101 45.365 44.295 47.987 46.529 41.559 44.043 47.036 42.926 39.772 44.291 45.026 39.877 40.379 37.500 41.925 39.940 35.722 32.082 35.585 34.339 39.926 41.399 39.835 35.360 36.077 39.653 36.676 32.433 35.749 37.442 33.487 30.807 33.944 37.602 39.844 37.700 38.085 37.484 33.540 30.802 27.988 26.106 21.474 19.484 16.368 20.052 20.129 25.503 25.993 29.132 32.421 35.271 30.942 28.303 27.030 21.748 23.192 17.621 19.420 24.041 26.475 25.948 26.413 25.724 24.924 20.794 16.744 15.145 19.124 18.660 23.846 22.407 27.270 28.473 30.253 31.289 28.220 33.663 33.665 31.222 34.807 38.279 42.676 41.632 38.262 38.844 34.410 33.435 35.819 33.754 29.198 31.074 32.272 27.542 25.699 29.021 28.248 22.777 23.005 22.247 26.956 29.524 24.728 23.933 27.294 24.660 29.867 29.840 26.475 28.910 33.286 33.737 31.078 35.078 37.527 42.416 38.383 43.814 44.116 41.190 44.790 48.143 51.057 48.203 52.980 48.504 40.164 34.747 24.487 20.219 36.398 22.250 20.768 44.900 38.455 28.780 18.426 20.486 19.835 23.001 33.781 41.707 32.142 24.754 40.534 44.495 18.628 34.511 36.160 17.479 45.669 32.355 39.742 39.158 34.596 44.414 42.482 15.953 26.401 18.087 30.232 29.429 34.001 22.757 27.354 17.704 44.009 34.043 19.894 25.301 25.380 33.173 31.658
44.659 44.559 43.634 46.725 45.249 48.878 47.853 42.753 44.777 48.010 44.192 40.641 44.885 46.013 40.921 40.945 38.082 42.090 39.657 35.913 31.902 35.047 34.213 39.665 41.663 40.044 35.413 36.660 40.330 37.081 33.139 36.918 38.401 34.362 32.160 35.667 39.186 41.331 39.702 40.144 39.951 35.673 33.485 30.334 29.097 24.081 22.284 19.373 23.442 22.979 28.410 28.186 31.576 34.528 36.950 32.330 30.071 28.896 23.830 26.003 20.247 21.317 25.962 28.933 28.904 29.555 29.197 28.543 24.076 20.505 18.611 22.199 20.991 26.386 24.069 29.082 30.527 32.530 34.105 30.985 36.546 36.082 33.474 37.369 40.540 44.871 43.600 39.852 40.523 36.409 35.139 37.057 35.157 30.806 32.132 33.036 28.563 26.657 29.323 28.400 23.189 22.541 21.983 26.669 29.567 24.394 24.451 28.045 25.500 30.763 30.150 26.437 29.211 33.685 33.860 30.638 34.352 37.255 42.020 38.279 43.549 44.147 41.583 45.090 48.320 51.481 48.781 53.662 48.945 41.334 35.116 24.903 22.259 37.332 23.162 21.138 46.219 39.854 31.889 24.463 20.646 25.627 23.060 37.336 44.158 35.712 27.498 41.635 46.811 19.590 34.932 37.815 24.197 46.977 36.050 42.794 40.734 38.556 45.823 45.142 17.743 30.711 25.154 31.755 31.874 34.969 25.058 32.062 19.425 46.946 35.907 23.149 31.380 31.174 37.665 33.284
47.908 47.649 46.951 49.980 48.479 52.236 51.246 46.153 48.227 51.548 47.744 44.209 48.498 49.680 44.597 44.653 41.719 45.690 43.229 39.589 35.545 38.570 37.723 43.093 45.171 43.408 38.804 40.166 43.689 40.279 36.478 40.248 41.503 37.327 35.328 38.800 42.115 44.524 42.744 43.426 42.989 38.685 36.344 33.065 31.511 26.681 24.259 21.841 25.793 25.846 31.227 31.222 34.766 37.783 40.300 35.770 33.240 32.332 27.095 29.091 23.409 24.840 29.492 32.292 32.033 32.482 31.923 31.019 26.883 22.826 21.345 25.235 24.393 29.716 27.693 32.686 34.027 35.995 37.321 34.150 39.676 39.477 36.841 40.543 43.928 48.208 47.107 43.384 44.145 39.942 38.655 40.710 38.847 34.428 35.761 36.771 32.297 30.318 32.980 32.137 26.929 26.189 25.513 30.210 33.007 27.687 27.992 31.383 28.469 33.793 33.398 29.446 31.931 36.526 36.978 33.645 37.180 40.123 44.958 41.468 46.753 47.195 44.801 48.457 51.494 54.751 52.174 57.132 52.467 44.131 37.658 27.850 25.277 39.928 26.280 24.332 48.903 42.043 35.350 27.981 23.112 28.907 26.071 40.842 47.240 39.179 30.594 44.823 50.176 22.829 37.918 40.321 27.613 49.520 39.605 46.292 43.168 42.157 48.304 48.613 21.094 33.657 28.550 33.996 34.555 36.799 27.403 35.165 21.733 50.260 38.271 25.835 34.767 34.681 41.281 35.414
49.463 49.599 48.709 51.911 50.547 54.098 52.937 47.872 49.925 53.005 49.074 45.609 49.774 50.706 45.565 45.539 42.928 46.946 44.378 40.579 36.517 39.755 39.193 44.690 46.721 45.266 40.594 41.755 45.573 42.434 38.402 42.106 43.751 39.754 37.389 40.772 44.411 46.508 44.707 44.942 44.623 40.609 38.054 35.191 33.452 28.753 26.655 23.711 27.357 27.367 32.764 33.063 36.117 39.314 41.921 37.336 35.130 33.616 28.608 30.193 24.580 25.723 30.338 33.022 32.326 33.385 32.381 31.915 27.824 23.726 21.774 25.784 24.532 29.790 27.901 33.126 33.891 36.392 37.738 35.088 40.474 40.121 37.934 41.795 44.942 49.470 48.057 44.598 44.863 40.684 39.833 41.689 39.389 35.220 36.926 37.475 32.788 31.401 34.122 32.691 27.669 27.038 26.982 31.583 34.718 29.628 29.532 33.310 30.888 36.138 35.485 31.841 34.647 39.123 39.235 35.958 39.619 42.629 47.340 43.577 48.782 49.520 46.921 50.312 53.657 56.781 53.989 58.780 53.989 46.255 39.544 29.488 27.524 42.088 28.073 25.461 51.158 44.568 37.142 29.093 25.055 30.375 27.300 42.543 49.460 40.949 32.748 46.543 52.049 24.551 39.411 42.783 28.584 51.851 41.194 47.966 45.641 43.584 50.702 50.272 21.766 35.612 29.227 36.541 37.014 39.322 29.986 37.010 24.298 52.255 40.831 28.010 36.106 35.968 42.641 38.016
52.050 52.440 51.110 54.346 52.859 56.139 55.105 50.017 51.733 54.711 50.882 47.254 51.081 52.023 46.913 46.496 44.236 47.985 45.060 41.463 37.220 40.385 40.363 45.821 48.113 46.943 42.166 43.443 47.565 44.558 40.534 44.422 46.301 42.471 40.068 43.569 47.411 49.117 47.654 47.493 47.574 43.634 41.270 38.596 37.144 32.329 30.716 27.403 31.018 30.603 36.010 36.109 38.845 41.953 44.340 39.565 37.930 35.932 31.339 33.004 27.410 27.848 32.348 35.237 34.525 36.226 35.108 35.136 30.850 27.124 24.606 28.368 26.329 31.554 29.245 34.661 35.073 38.151 39.882 37.674 42.978 42.155 40.278 44.470 47.161 51.846 49.992 46.548 46.410 42.513 41.873 43.218 40.653 36.904 38.578 38.501 33.867 33.013 35.333 33.287 28.736 27.708 28.362 32.720 36.305 31.337 31.351 35.551 33.697 38.828 37.582 34.104 37.377 41.729 41.331 37.829 41.388 44.694 49.150 45.330 50.297 51.515 48.957 51.992 55.543 58.668 55.779 60.439 55.399 47.356 39.717 29.794 30.063 43.058 29.056 25.442 52.506 46.496 39.403 31.023 25.618 32.851 27.041 44.688 52.178 43.251 35.632 47.208 53.772 25.702 39.300 44.879 30.478 53.279 43.168 49.652 47.635 45.279 52.348 51.672 21.908 38.593 30.761 38.752 40.074 40.964 33.182 39.834 27.060 54.680 43.353 31.219 38.355 38.038 44.459 40.419
56.167 56.504 55.600 58.880 57.566 61.028 59.801 54.759 56.769 59.727 55.739 52.308 56.343 57.135 51.975 51.828 49.479 53.425 50.667 46.911 42.775 46.020 45.780 51.275 53.413 52.111 47.391 48.545 52.507 49.435 45.372 49.066 50.826 46.857 44.417 47.730 51.453 53.493 51.599 51.646 51.258 47.462 44.645 42.011 39.905 35.474 33.154 30.251 33.536 33.895 39.220 39.896 42.668 46.031 48.747 44.171 42.065 40.271 35.370 36.520 31.077 32.187 36.724 39.187 37.941 39.388 37.829 37.563 33.847 29.430 27.466 31.684 30.343 35.383 33.811 39.167 39.308 42.284 43.465 41.283 46.468 46.166 44.375 48.222 51.290 55.986 54.405 51.191 51.070 46.899 46.412 48.136 45.489 41.556 43.526 43.698 38.895 37.978 40.639 38.738 33.987 33.262 33.653 38.137 41.507 36.461 36.353 40.300 37.994 43.234 42.470 38.844 41.712 46.199 46.219 42.819 46.373 49.542 54.176 50.448 55.555 56.472 53.900 57.160 60.592 63.716 60.861 65.571 60.676 51.639 44.237 34.124 33.633 47.412 33.187 29.487 56.746 50.524 42.721 33.971 30.037 35.878 31.286 47.963 55.598 46.526 38.977 51.381 57.496 29.699 43.648 48.830 33.306 57.512 46.429 53.183 51.641 48.514 56.504 55.358 25.394 41.746 33.415 42.639 43.444 45.054 36.499 42.984 30.620 58.077 47.090 34.408 41.330 41.039 47.545 44.205
55.736 56.582 55.179 58.610 57.368 60.434 59.127 54.139 55.923 58.561 54.559 51.136 54.840 55.398 50.269 49.856 48.002 51.831 48.893 45.092 40.966 44.365 44.590 50.135 52.267 51.439 46.668 47.628 51.990 49.320 45.056 48.741 51.016 47.381 44.570 47.858 51.999 53.437 51.816 51.196 51.264 47.755 45.032 42.870 41.032 36.551 35.071 31.433 34.550 34.336 39.613 40.229 42.378 45.724 48.294 43.599 42.193 39.618 35.285 36.289 30.994 31.325 35.638 38.168 36.788 39.092 37.348 37.806 33.859 30.023 27.277 31.126 28.919 33.775 31.956 37.440 37.028 40.660 42.204 40.683 45.675 44.841 43.570 47.770 50.252 55.184 53.058 50.064 49.321 45.434 45.386 46.599 43.515 40.098 42.284 41.743 36.912 36.766 39.225 36.587 32.345 31.614 32.835 37.005 40.805 36.180 35.685 40.123 38.666 43.690 42.361 39.232 42.655 46.882 46.260 42.929 46.606 49.882 54.227 50.136 55.015 56.460 53.659 56.427 60.288 63.219 60.094 64.521 59.424 51.528 43.658 33.366 34.529 47.415 32.854 28.159 56.908 51.563 42.801 34.009 30.000 36.742 29.936 47.823 56.331 46.614 40.120 50.483 57.193 29.445 42.342 49.734 33.459 57.862 46.100 52.682 52.522 47.850 57.074 54.663 23.895 43.279 33.153 43.865 44.883 46.189 38.332 44.220 32.221 58.326 48.405 36.372 41.768 41.116 46.960 45.635
61.355 62.080 60.823 64.213 62.912 66.078 64.828 59.816 61.600 64.329 60.348 56.892 60.605 61.233 56.105 55.662 53.767 57.527 54.494 50.830 46.632 49.893 50.170 55.649 57.918 56.977 52.189 53.299 57.581 54.746 50.596 54.336 56.431 52.659 50.023 53.334 57.332 58.977 57.258 56.819 56.711 53.156 50.316 48.029 45.956 41.575 39.633 36.344 39.416 39.567 44.843 45.598 47.900 51.301 53.937 49.262 47.657 45.284 40.783 41.714 36.419 37.010 41.368 43.806 42.256 44.411 42.497 42.766 39.079 34.887 32.468 36.523 34.597 39.400 37.770 43.242 42.753 46.375 47.734 46.187 51.155 50.516 49.227 53.304 55.944 60.860 58.833 55.843 55.149 51.206 51.140 52.426 49.364 45.905 48.065 47.578 42.763 42.531 44.947 42.363 38.125 37.245 38.352 42.564 46.332 41.520 41.292 45.624 43.869 48.993 47.772 44.400 47.658 52.015 51.577 48.079 51.593 54.973 59.366 55.497 60.377 61.754 59.119 61.995 65.709 68.752 65.726 70.229 65.123 56.222 48.288 38.101 39.022 52.053 37.587 32.890 61.563 55.971 47.351 38.085 34.604 40.673 34.661 52.363 60.850 51.120 44.434 55.233 61.881 34.164 47.046 54.239 37.345 62.466 50.637 57.313 57.021 52.366 61.637 59.336 28.511 47.208 36.938 48.238 49.209 50.458 42.496 48.218 36.467 62.892 52.784 40.248 45.738 45.229 51.390 49.936
60.597 61.831 60.203 63.748 62.611 65.406 63.991 59.093 60.756 63.112 59.080 55.747 59.183 59.493 54.423 53.840 52.427 56.139 53.063 49.281 45.216 48.668 49.280 54.795 56.924 56.440 51.672 52.482 57.081 54.688 50.324 53.932 56.523 53.091 50.052 53.237 57.609 58.716 57.151 56.090 56.316 53.127 50.289 48.516 46.580 42.284 41.048 37.162 39.960 39.711 44.846 45.677 47.335 50.749 53.313 48.636 47.608 44.539 40.580 41.222 36.205 36.212 40.274 42.621 40.850 43.740 41.599 42.505 38.761 35.079 32.091 35.783 33.248 37.710 36.073 41.531 40.449 44.607 46.167 45.290 49.976 48.946 48.207 52.499 54.625 59.735 57.258 54.593 53.291 49.591 50.007 50.898 47.416 44.453 46.901 45.811 40.982 41.489 43.817 40.611 36.863 36.158 37.946 41.834 45.883 41.561 40.839 45.515 44.504 49.386 47.788 44.943 48.600 52.687 51.737 48.436 52.105 55.466 59.610 55.366 60.048 61.835 58.923 61.352 65.472 68.265 64.967 69.158 63.946 56.282 48.043 37.759 40.065 52.285 37.603 32.070 61.852 57.144 47.487 38.202 35.038 41.511 33.820 52.231 61.535 51.212 45.576 54.493 61.582 34.292 46.049 55.248 37.558 62.943 50.337 56.822 58.008 51.721 62.324 58.664 27.581 48.626 36.759 49.602 50.647 51.806 44.358 49.348 38.214 63.081 54.169 42.131 46.118 45.288 50.807 51.475
66.217 67.280 65.686 69.149 67.854 70.726 69.478 64.520 66.071 68.579 64.645 61.180 64.562 65.049 60.000 59.278 57.811 61.355 58.101 54.569 50.366 53.596 54.332 59.740 62.110 61.505 56.695 57.762 62.300 59.698 55.503 59.269 61.648 58.075 55.293 58.594 62.814 64.085 62.562 61.692 61.867 58.522 55.721 53.725 51.750 47.396 45.815 42.220 45.138 45.059 50.261 51.023 52.919 56.302 58.823 54.086 52.948 50.104 46.000 46.789 41.660 41.785 45.931 48.353 46.622 49.355 47.217 47.941 44.261 40.352 37.581 41.405 38.993 43.528 41.816 47.293 46.302 50.429 51.975 50.973 55.724 54.753 53.895 58.164 60.382 65.451 63.022 60.233 59.044 55.365 55.644 56.510 53.130 50.137 52.407 51.341 46.603 46.956 49.109 45.972 42.260 41.253 42.943 46.856 50.922 46.372 46.051 50.667 49.409 54.393 52.769 49.652 53.233 57.445 56.592 53.039 56.498 60.037 64.182 60.204 64.841 66.634 63.956 66.460 70.412 73.365 70.199 74.486 69.212 60.776 52.398 42.330 44.459 56.662 42.200 36.799 66.289 61.264 52.175 42.725 39.329 45.841 38.472 56.968 66.095 55.905 49.969 59.193 66.343 38.901 50.652 59.535 41.973 67.300 55.094 61.615 62.270 56.510 66.638 63.467 32.388 52.831 41.176 53.712 54.910 55.713 48.393 53.654 42.237 67.772 58.343 46.164 50.552 49.839 55.565 55.518
67.794 69.219 67.719 71.358 70.381 73.138 71.544 66.720 68.492 70.682 66.538 63.372 66.785 66.866 61.809 61.296 60.064 63.828 60.775 56.919 52.945 56.461 57.143 62.670 64.715 64.333 59.585 60.258 64.894 62.600 58.152 61.621 64.314 60.896 57.714 60.746 65.181 66.305 64.515 63.332 63.366 60.441 57.280 55.739 53.387 49.403 47.918 44.132 46.589 46.739 51.744 53.003 54.430 58.023 60.775 56.218 55.112 51.914 47.964 48.152 43.365 43.585 47.543 49.548 47.278 50.304 47.709 48.682 45.401 41.457 38.682 42.505 40.228 44.351 43.235 48.607 47.037 51.367 52.590 52.084 56.505 55.689 55.292 59.415 61.564 66.768 64.264 61.929 60.334 56.587 57.338 58.283 54.557 51.729 54.470 53.254 48.350 49.117 51.570 48.192 44.559 44.013 45.891 49.743 53.803 49.545 48.672 53.336 52.282 57.181 55.706 52.892 56.465 60.580 59.695 56.441 60.116 63.465 67.622 63.341 68.014 69.814 66.831 69.215 73.413 76.136 72.758 76.847 71.655 63.819 55.454 45.269 47.512 59.801 45.159 39.497 69.397 64.593 54.798 44.913 42.542 48.183 41.241 59.460 68.952 58.448 52.816 61.893 68.973 41.842 53.371 62.763 44.052 70.476 57.523 64.085 65.520 58.792 69.854 65.940 34.871 55.429 43.047 57.030 57.999 59.128 51.597 56.165 45.517 70.424 61.608 48.987 52.714 52.000 57.775 58.857
68.266 69.944 68.031 71.679 70.648 73.093 71.586 66.822 68.297 70.308 66.296 63.077 66.135 66.164 61.233 60.418 59.555 63.054 59.823 56.150 52.201 55.635 56.717 62.122 64.257 64.185 59.456 60.115 64.955 62.891 58.463 61.979 64.908 61.724 58.471 61.540 66.148 66.854 65.398 63.830 64.270 61.450 58.537 57.188 55.197 51.099 50.140 46.026 48.502 48.184 53.126 54.138 55.254 58.691 61.198 56.567 55.993 52.414 48.918 49.211 44.536 44.176 47.903 50.043 47.908 51.408 48.890 50.283 46.779 43.340 40.147 43.585 40.728 44.670 43.214 48.528 46.728 51.412 53.003 52.864 57.151 55.872 55.744 60.114 61.780 67.047 64.153 61.884 59.938 56.537 57.466 57.941 54.055 51.681 54.356 52.631 47.918 49.137 51.244 47.449 44.348 43.643 46.011 49.527 53.816 49.860 48.944 53.838 53.326 58.026 56.106 53.584 57.491 61.405 60.070 56.801 60.417 63.878 67.752 63.372 67.775 69.976 66.972 68.971 73.370 75.995 72.515 76.392 71.061 64.974 56.421 46.321 49.338 61.046 46.436 40.389 70.658 66.340 56.150 46.349 43.992 49.976 42.069 60.643 70.538 59.765 54.711 62.624 69.987 43.222 53.965 64.462 45.548 71.830 58.621 65.022 67.188 59.681 71.331 66.749 35.819 57.484 44.338 58.917 59.996 60.942 53.804 58.073 47.657 71.738 63.518 51.274 54.243 53.355 58.714 60.830
73.177 74.640 72.765 76.324 75.116 77.669 76.346 71.497 72.872 75.075 71.161 67.782 70.827 71.074 66.142 65.206 64.223 67.580 64.184 60.743 56.638 59.862 61.016 66.335 68.712 68.481 63.699 64.628 69.398 67.095 62.829 66.525 69.224 65.879 62.888 66.100 70.552 71.445 70.039 68.703 69.097 66.062 63.213 61.593 59.604 55.388 54.112 50.251 52.912 52.715 57.772 58.667 60.081 63.481 65.941 61.225 60.513 57.190 53.498 54.007 49.147 48.912 52.781 55.055 53.037 56.326 53.885 55.056 51.527 47.863 44.847 48.443 45.696 49.820 48.217 53.594 52.004 56.595 58.207 57.838 62.265 61.042 60.707 65.080 66.877 72.093 69.279 66.817 65.064 61.651 62.371 62.856 59.122 56.640 59.105 57.473 52.828 53.808 55.769 52.105 48.947 47.948 50.166 53.756 58.048 53.833 53.313 58.150 57.371 62.192 60.257 57.448 61.285 65.333 64.109 60.592 64.020 67.647 71.544 67.424 71.810 73.991 71.219 73.329 77.544 80.345 77.010 81.017 75.626 67.772 58.984 49.146 52.569 63.788 49.431 43.321 73.466 69.201 59.443 49.827 46.801 53.518 44.871 63.912 73.810 63.079 58.103 65.415 73.074 46.307 56.585 67.446 49.063 74.620 61.873 68.156 70.121 62.878 74.168 69.790 38.949 61.012 47.820 61.885 63.262 63.676 57.023 61.600 50.782 74.995 66.572 54.746 57.754 56.811 61.968 63.811
31.384 33.330 29.905 33.119 32.420 33.901 32.380 27.990 29.865 30.824 27.871 24.415 27.850 27.650 23.320 22.716 20.499 24.849 21.995 16.113 12.221 20.048 17.572 24.346 26.372 26.931 23.609 18.318 25.964 26.042 22.359 24.598 27.153 26.034 20.613 25.939 28.659 29.337 27.700 26.725 28.246 25.283 25.647 23.215 24.271 20.234 22.748 17.162 20.957 18.106 19.161 18.786 20.611 23.216 23.488 19.373 18.603 15.738 14.452 15.329 12.063 9.350 8.552 14.417 17.077 19.552 21.023 21.525 17.466 16.489 13.321 12.995 5.303 11.686 6.628 11.805 12.414 16.422 19.613 18.837 22.942 22.324 18.693 24.522 26.562 29.574 26.578 23.165 21.433 18.961 18.663 18.156 15.606 13.882 14.774 13.397 9.112 10.867 12.488 9.050 5.402 8.704 10.621 13.089 16.122 15.626 13.254 15.885 18.819 21.618 20.150 18.293 23.469 25.790 25.138 20.585 26.458 28.906 31.490 27.458 29.419 33.292 30.655 31.169 35.575 38.639 35.345 36.905 33.277 29.587 23.008 11.417 16.580 26.665 11.049 4.398 35.428 33.494 20.988 17.446 12.902 21.766 7.258 25.404 35.180 24.822 22.313 26.644 33.630 8.359 19.304 30.459 18.837 37.069 23.517 29.150 33.207 24.940 36.819 30.725 2.753 28.024 18.980 26.871 27.285 30.338 23.939 27.871 19.035 35.986 30.604 23.814 24.854 22.745 24.778 29.198
40.733 42.584 39.740 42.566 41.765 43.538 42.245 37.495 39.577 40.812 37.988 33.974 37.737 37.790 33.444 32.415 30.318 33.976 30.587 25.867 20.025 28.215 24.805 32.639 35.273 35.388 31.802 27.645 34.949 34.291 30.844 33.299 35.699 33.677 28.256 34.194 36.971 38.108 36.660 35.930 36.889 33.708 33.438 30.020 30.049 26.503 26.322 21.665 25.842 24.056 26.605 26.013 28.766 32.062 32.601 28.128 26.826 24.935 21.864 22.451 17.218 15.069 18.184 23.181 24.756 27.000 27.777 26.901 22.936 20.703 17.695 18.886 12.380 19.596 15.931 21.495 21.643 25.685 28.558 27.090 31.705 31.894 27.996 33.891 36.157 39.376 36.659 33.356 31.746 29.142 28.730 28.381 25.956 24.021 24.622 23.365 19.365 20.108 21.481 18.102 14.966 16.258 17.786 20.557 23.867 22.331 21.331 24.015 25.046 28.501 26.834 22.565 28.923 32.081 32.440 25.462 32.363 35.078 38.248 34.894 37.142 41.130 38.587 40.067 44.129 47.375 44.494 46.558 42.555 37.974 30.102 19.406 23.125 34.182 19.315 13.949 43.629 39.855 30.400 24.384 17.394 28.015 15.631 35.231 44.124 34.344 29.510 36.279 43.679 16.211 28.052 37.636 24.852 44.870 33.447 39.372 40.364 35.063 44.389 41.010 10.744 34.444 24.802 32.650 34.098 35.199 28.750 34.911 22.543 45.659 37.118 28.400 32.323 30.868 34.650 34.786
32.909 34.110 31.634 32.788 31.485 33.616 33.079 27.889 29.994 31.958 29.807 24.615 28.716 30.201 26.155 24.247 21.781 24.310 21.123 18.549 12.362 18.300 13.049 21.544 24.462 23.904 19.727 18.145 24.289 23.086 20.127 22.979 25.263 23.308 18.337 24.815 27.367 28.181 28.767 29.238 30.195 27.084 27.086 23.914 24.850 20.984 21.831 18.356 23.340 20.075 21.904 19.670 23.212 24.833 24.059 19.770 19.360 19.329 17.420 19.947 16.642 13.217 13.116 20.618 23.939 25.416 27.458 26.599 21.799 21.072 18.841 20.032 14.235 19.928 14.605 18.974 21.719 23.764 26.808 24.172 28.535 28.263 23.220 28.606 30.640 33.238 30.659 26.806 26.105 23.853 21.989 21.583 20.642 17.897 16.855 16.609 14.137 11.986 12.369 11.703 8.215 6.024 6.536 9.650 12.540 9.949 11.036 13.525 15.009 17.634 14.294 10.902 17.134 19.903 19.929 12.310 19.285 22.051 25.336 22.499 25.097 28.851 26.575 28.954 32.449 35.831 33.604 36.622 32.051 26.493 18.983 10.101 13.474 22.097 9.786 10.521 31.687 26.859 23.380 23.540 4.632 25.377 10.251 28.587 34.268 27.524 21.577 27.473 35.060 8.197 20.041 25.168 25.036 32.543 27.499 32.259 27.728 29.969 31.857 33.658 13.324 28.657 26.451 19.907 23.529 21.967 18.330 29.461 11.959 37.010 24.757 22.428 29.661 28.228 30.291 22.098
46.087 47.445 45.592 47.152 45.972 48.206 47.780 42.243 44.958 46.880 44.538 39.194 43.684 44.913 40.707 39.025 36.591 39.294 35.882 33.084 26.216 33.044 27.987 36.488 39.478 38.657 34.364 33.069 39.021 37.215 34.446 37.083 38.987 35.932 31.309 37.707 40.314 42.019 41.587 41.795 42.047 38.773 37.663 33.908 33.210 29.761 27.606 25.309 29.414 28.420 31.660 30.327 34.626 37.522 37.547 32.957 31.552 31.365 27.034 29.110 21.343 21.040 25.453 31.054 33.410 33.667 35.270 32.868 29.052 26.526 24.465 26.625 21.720 28.575 24.682 30.531 31.722 34.887 37.330 34.280 39.253 40.184 35.112 40.281 43.170 46.341 44.033 40.604 39.676 36.994 35.723 35.682 34.089 31.413 31.188 30.709 27.758 26.244 27.154 25.310 21.606 20.885 21.226 24.715 27.488 24.215 25.346 27.372 26.573 30.392 28.578 22.386 28.389 32.549 33.588 25.340 32.446 35.168 38.725 36.687 39.614 43.096 40.559 43.831 47.048 50.475 48.391 51.659 47.082 41.327 33.332 24.800 25.750 36.632 24.418 22.288 46.219 39.719 36.439 31.728 19.457 33.378 23.064 41.897 47.894 40.542 32.783 42.425 49.712 21.679 34.394 38.714 32.045 46.736 40.629 46.390 41.243 43.036 45.790 48.116 20.909 37.731 32.925 32.372 35.456 33.687 28.381 39.081 21.727 50.963 37.339 29.908 38.830 38.095 42.737 34.029
46.621 48.382 47.238 50.525 50.447 52.567 51.194 45.643 49.472 50.932 47.914 42.914 48.216 48.619 44.395 44.128 41.047 45.716 43.129 37.996 33.306 40.757 36.018 44.093 45.462 45.013 41.585 38.218 44.195 42.233 39.305 41.177 42.723 39.292 34.795 40.032 42.722 44.437 42.214 41.380 40.728 38.000 36.276 32.287 29.860 27.360 24.555 22.549 24.890 25.787 28.744 30.059 32.069 37.288 39.428 35.034 32.588 31.239 25.854 25.913 17.737 19.824 27.032 28.191 27.699 28.585 28.269 26.192 23.197 20.525 18.852 20.901 20.401 25.271 24.509 29.529 29.854 31.937 33.868 31.187 36.007 37.828 34.103 38.611 42.058 45.694 44.131 41.869 40.731 37.552 37.458 38.317 35.996 32.469 34.901 34.720 29.969 30.723 32.857 30.640 25.890 28.471 28.328 31.805 33.957 30.647 30.224 32.191 30.592 35.013 36.329 29.270 34.652 39.067 40.660 34.536 41.494 43.937 47.370 44.299 48.005 50.727 46.998 50.073 53.785 57.050 53.898 56.764 53.064 48.814 42.563 31.571 29.537 45.148 29.956 26.277 53.949 48.300 37.226 26.967 28.464 28.862 28.686 42.247 50.597 40.751 33.632 47.820 52.613 26.170 41.030 45.879 25.958 54.946 40.678 47.869 48.888 42.689 53.903 50.358 21.151 35.389 25.946 40.170 39.190 43.729 32.907 36.422 27.800 52.654 44.047 28.808 34.144 34.061 41.387 41.737
48.046 49.418 48.285 50.395 49.687 51.874 51.373 45.520 48.996 50.922 48.416 42.776 47.992 49.136 44.934 43.812 40.881 44.516 41.449 37.833 31.795 38.710 33.293 41.816 43.987 43.036 39.273 37.439 43.040 40.701 38.092 40.379 41.773 38.278 33.962 39.932 42.546 44.467 43.412 43.390 42.930 39.880 38.148 34.160 32.747 29.528 26.465 24.836 28.010 28.329 31.558 31.347 35.281 39.152 40.049 35.436 33.417 32.947 27.810 29.517 20.469 21.849 28.237 32.136 33.203 33.119 34.074 31.258 28.348 25.324 23.849 25.849 23.428 29.478 26.910 32.615 33.698 36.087 38.248 34.864 39.939 41.546 36.725 41.321 44.799 48.226 46.418 43.521 42.681 39.672 38.738 39.271 37.502 34.490 35.064 34.960 31.725 30.315 32.020 30.115 26.073 26.268 25.839 29.709 31.838 28.456 29.001 30.836 28.958 33.288 33.326 25.861 31.462 36.072 37.680 30.288 37.365 39.947 43.538 41.338 44.968 47.838 44.553 48.388 51.615 55.025 52.599 56.071 51.767 46.452 39.410 29.949 28.364 42.043 28.763 26.498 51.245 44.274 38.663 31.527 24.965 32.654 28.013 44.160 50.488 42.563 34.071 47.271 53.207 25.453 39.903 42.857 31.190 51.792 42.886 49.415 45.605 45.370 50.622 51.596 23.460 37.380 31.980 36.398 37.688 38.648 30.388 38.900 24.463 53.560 40.899 29.470 38.461 38.277 44.588 37.825
43.288 44.802 42.088 43.912 42.693 44.611 43.795 38.915 40.630 42.262 39.814 35.417 38.974 39.655 35.340 33.569 31.726 34.194 30.482 27.514 20.196 27.801 23.973 32.109 35.169 35.221 31.031 28.609 35.538 34.624 31.502 34.274 36.626 34.553 29.360 35.744 38.416 39.515 39.121 38.990 39.923 36.698 36.382 33.015 33.016 29.417 28.726 24.964 29.530 27.569 30.158 28.776 32.387 35.000 34.717 30.194 29.259 28.214 25.261 26.858 21.077 19.083 21.284 27.607 30.244 31.793 33.028 31.874 27.682 25.518 22.771 24.268 17.560 24.850 20.289 25.940 26.643 30.533 33.468 31.505 36.168 36.210 31.728 37.566 39.741 42.750 39.920 36.220 34.875 32.493 31.443 30.814 28.927 26.783 26.519 25.316 22.547 21.678 22.138 19.494 16.438 16.228 17.881 20.420 23.727 21.582 22.383 24.739 25.641 28.894 25.831 21.691 28.072 31.361 31.466 23.484 30.464 33.278 36.589 33.966 35.978 40.203 38.158 40.106 43.766 47.106 44.843 47.313 42.847 37.392 28.626 19.662 24.113 32.959 20.181 16.464 42.775 38.096 33.191 29.368 15.843 32.238 16.962 38.251 45.506 37.307 31.563 37.178 45.524 17.762 28.437 36.738 30.101 43.661 36.729 42.017 39.210 38.650 43.130 43.369 15.764 37.374 30.555 31.238 34.615 32.538 28.642 38.182 21.879 47.759 36.225 30.548 36.870 35.478 38.612 33.296
44.980 46.231 45.223 47.171 46.350 48.611 48.298 42.347 45.879 47.859 45.573 39.708 45.084 46.440 42.319 41.166 38.096 41.710 38.778 35.304 29.494 36.020 30.320 38.829 40.852 39.765 36.061 34.545 39.839 37.319 34.839 37.110 38.378 34.851 30.648 36.635 39.214 41.186 40.314 40.472 39.982 36.904 35.145 31.194 29.813 26.557 23.493 22.127 25.449 25.539 28.857 28.341 32.671 36.229 36.933 32.353 30.369 30.110 25.046 27.073 18.064 19.401 25.648 29.910 31.446 30.889 32.185 29.185 26.104 23.262 21.900 23.988 21.689 27.597 24.832 30.517 31.948 33.967 35.996 32.456 37.542 39.139 34.118 38.521 42.096 45.467 43.726 40.810 40.140 37.138 36.016 36.641 35.082 31.988 32.354 32.479 29.290 27.627 29.360 27.826 23.679 23.625 22.713 26.866 28.680 25.189 25.883 27.626 25.534 29.859 30.069 22.385 27.890 32.547 34.213 26.978 33.996 36.538 40.133 37.995 41.802 44.487 41.112 45.182 48.301 51.712 49.342 52.989 48.663 43.314 36.615 27.360 25.068 38.911 25.963 24.453 47.981 40.803 35.765 29.401 22.112 30.180 25.888 41.337 47.159 39.675 30.854 44.508 50.209 22.729 37.462 39.388 29.235 48.473 40.182 46.616 42.141 42.831 47.237 48.820 21.904 34.409 30.337 32.885 34.190 35.255 26.820 36.013 20.916 50.429 37.345 26.341 36.076 35.926 42.120 34.270
30.461 31.843 28.987 30.598 29.396 31.337 30.520 25.607 27.492 29.247 26.849 22.104 25.998 27.102 22.925 21.273 18.813 21.904 18.776 15.369 9.539 16.150 11.645 19.783 22.492 22.316 18.555 15.452 22.295 21.629 18.338 21.108 23.575 22.119 16.890 23.114 25.726 26.325 26.491 26.630 27.891 24.845 25.258 22.633 23.636 19.543 21.568 17.294 22.237 18.581 19.753 17.869 20.868 22.512 21.802 17.468 17.209 16.397 15.289 17.577 15.186 11.499 9.816 17.538 20.913 23.050 24.877 24.605 19.862 19.439 17.010 17.620 11.551 16.825 11.307 15.410 18.101 20.364 23.591 21.372 25.544 25.055 20.189 25.702 27.638 30.274 27.463 23.574 22.650 20.418 18.765 18.214 17.018 14.430 13.606 13.096 10.459 8.675 9.390 8.128 4.399 3.919 4.751 7.471 10.725 9.443 9.284 11.910 14.138 16.800 13.681 11.731 17.275 19.752 19.433 13.027 19.454 22.109 25.125 21.667 23.989 27.880 25.508 27.154 31.020 34.321 31.732 34.297 29.953 24.938 17.722 7.210 12.421 21.034 6.878 6.830 30.450 26.889 20.616 20.989 4.913 23.442 6.745 25.620 32.419 24.742 20.125 24.723 32.329 5.118 17.281 24.613 22.689 31.625 24.352 29.160 27.245 26.594 31.129 30.544 10.514 27.283 23.913 20.167 22.845 22.851 18.680 27.721 13.052 34.564 24.599 21.947 27.186 25.446 26.941 22.508
46.466 48.158 44.607 46.865 45.533 46.941 45.965 41.903 42.523 43.702 41.208 38.064 39.841 40.144 36.032 34.268 33.283 35.178 31.366 27.832 20.937 29.038 26.979 34.214 37.246 38.256 34.316 30.844 38.537 38.499 35.168 37.936 40.510 39.208 33.892 39.991 42.659 43.064 42.702 42.128 43.573 40.507 40.713 37.681 38.105 34.272 34.655 30.049 34.522 32.227 34.156 33.259 36.041 38.551 38.148 33.892 33.289 31.189 29.523 30.290 26.049 23.133 23.807 30.037 32.295 34.684 35.741 35.473 31.525 29.487 26.341 27.013 19.607 26.690 22.273 27.252 26.952 31.667 34.987 34.360 38.586 37.839 34.344 40.156 42.122 44.971 41.705 37.926 36.059 34.054 33.480 32.253 29.942 28.636 28.523 26.455 23.308 24.195 24.160 20.584 18.800 19.094 21.060 23.473 27.015 25.923 26.168 29.000 31.075 33.843 29.938 27.549 33.859 36.460 35.812 28.372 34.863 37.647 40.647 37.635 38.670 43.551 41.951 42.694 46.687 49.862 47.500 49.031 44.796 39.784 30.340 21.781 29.116 35.731 23.278 17.667 45.495 42.527 36.182 32.302 20.072 36.290 17.903 40.640 49.199 40.133 36.362 38.038 47.396 21.329 28.616 41.032 33.110 46.682 38.825 43.622 43.351 40.057 46.571 44.556 16.947 42.307 32.861 36.333 39.819 37.352 34.713 42.665 28.173 50.566 41.211 36.347 40.114 38.233 40.166 38.596
28.119 29.645 26.750 28.819 27.846 29.759 28.708 23.770 25.980 27.584 24.995 20.268 24.455 25.387 21.172 19.958 17.166 21.073 18.296 14.023 9.531 15.914 11.650 19.332 21.422 21.442 18.003 13.977 20.937 20.376 16.894 19.469 21.964 20.564 15.190 21.183 23.857 24.677 24.156 24.070 25.375 22.329 22.772 20.287 21.462 17.291 19.987 15.291 19.911 16.284 17.133 15.493 18.254 20.115 19.563 15.195 14.809 13.617 12.734 14.863 12.561 9.081 6.942 14.637 18.032 20.219 22.105 22.060 17.361 17.203 14.806 15.125 9.515 14.058 8.644 12.633 15.519 17.503 20.693 18.506 22.659 22.248 17.364 22.953 24.938 27.730 24.914 21.157 20.204 17.803 16.309 16.002 14.651 11.917 11.529 11.254 8.286 6.616 8.378 6.983 2.829 4.130 4.510 7.141 10.090 9.017 7.487 10.435 12.818 15.581 13.573 11.770 16.829 19.219 18.801 13.742 19.751 22.248 25.108 21.257 23.790 27.395 24.707 26.151 30.196 33.435 30.517 32.958 28.861 24.376 18.101 6.803 10.903 20.940 5.351 5.392 29.947 26.883 18.075 18.237 6.733 20.874 6.204 23.087 30.596 22.198 18.046 23.490 30.410 2.553 16.694 24.100 20.042 31.294 21.734 26.891 26.862 23.973 30.800 28.470 8.961 25.034 21.282 20.089 21.536 23.528 17.950 25.286 12.986 32.451 24.082 20.245 24.394 22.579 24.195 22.423
47.520 49.285 49.297 53.423 54.056 56.035 54.367 48.937 53.229 54.694 51.604 46.805 52.613 52.730 48.585 49.502 46.000 51.187 49.829 43.762 40.952 47.819 43.191 50.357 50.633 50.231 46.774 43.440 48.345 46.513 43.539 44.996 45.908 42.524 38.507 42.660 45.123 46.833 43.634 42.297 40.764 38.759 36.479 32.810 27.750 27.105 24.047 22.609 24.362 25.744 29.103 32.181 31.676 38.598 41.651 38.347 35.412 33.546 28.324 27.038 20.665 24.180 29.802 29.152 27.149 27.602 25.333 23.933 22.374 19.520 19.369 21.598 24.103 27.419 28.687 32.625 32.546 32.793 33.889 31.624 35.730 38.014 35.779 38.215 42.704 46.394 45.718 44.554 43.606 40.315 40.856 42.442 40.103 35.759 39.525 40.212 34.832 35.543 38.569 37.603 32.051 36.140 35.339 38.960 40.049 36.785 35.331 37.541 35.257 39.575 41.703 35.484 39.467 44.320 46.167 41.951 48.299 49.861 53.598 50.206 54.462 56.318 51.714 55.063 58.753 61.787 58.134 60.902 57.916 54.751 50.209 38.883 34.404 51.852 36.517 33.271 59.622 54.314 39.602 26.859 36.819 27.914 36.179 43.956 52.740 42.338 35.827 53.030 55.449 32.704 47.773 51.199 24.845 60.777 42.466 50.177 54.353 44.262 59.592 53.168 27.354 34.748 24.421 46.118 42.548 50.844 37.308 35.574 33.933 54.265 48.997 29.948 32.509 33.259 42.299 47.427
51.483 53.398 49.709 52.588 51.457 52.709 51.463 47.496 48.232 49.099 46.413 43.733 45.177 45.057 41.046 39.677 38.810 41.014 37.382 32.928 26.965 35.279 33.651 40.646 43.509 44.687 40.987 36.728 44.654 44.779 41.302 43.915 46.512 45.198 39.766 45.643 48.367 49.011 47.807 46.813 48.260 45.233 45.320 42.246 42.510 38.865 39.021 34.195 38.202 36.262 38.451 38.100 40.158 43.278 43.498 39.291 38.439 35.824 33.953 33.850 29.665 27.102 28.658 33.760 34.624 37.724 38.399 38.239 34.217 32.456 29.298 29.611 22.873 29.672 25.702 30.880 29.811 34.774 38.031 37.998 42.100 41.410 38.577 44.358 46.357 49.322 46.078 42.613 40.469 38.429 38.373 37.213 34.505 33.531 33.934 31.693 27.213 29.880 30.196 26.186 24.569 25.343 27.420 29.916 33.468 32.738 32.119 35.084 37.023 40.008 36.700 33.980 40.357 43.074 42.617 35.341 41.881 44.650 47.621 44.393 45.384 50.274 48.535 48.975 53.163 56.273 53.654 54.806 50.843 46.265 36.989 28.008 34.964 42.480 29.325 22.808 52.107 49.529 41.100 35.366 26.917 39.852 23.559 45.309 54.946 44.890 41.621 43.576 52.664 27.069 34.265 47.784 35.778 53.446 43.286 48.375 50.189 44.146 53.402 49.374 20.539 46.795 34.927 43.174 45.891 44.506 40.803 47.000 34.359 55.829 47.918 41.090 43.466 41.603 43.990 45.439
46.137 47.946 44.688 47.307 46.230 47.785 46.627 42.269 43.530 44.688 42.005 38.545 41.114 41.233 37.013 35.608 34.182 36.875 33.198 28.982 22.539 30.852 28.241 35.803 38.687 39.339 35.518 31.674 39.291 38.976 35.566 38.199 40.706 39.051 33.627 39.676 42.415 43.388 42.222 41.499 42.711 39.578 39.541 36.236 36.382 32.749 32.623 28.052 32.264 30.385 32.729 32.071 34.735 37.772 37.921 33.540 32.556 30.461 28.035 28.531 23.635 21.300 23.324 28.802 30.332 32.893 33.692 33.108 29.111 27.016 23.941 24.857 17.970 25.091 21.166 26.450 26.103 30.669 33.800 32.935 37.343 37.045 33.507 39.385 41.510 44.569 41.544 38.017 36.182 33.893 33.501 32.652 30.176 28.664 28.956 27.159 23.382 24.529 25.130 21.481 19.126 19.898 21.737 24.361 27.862 26.617 26.226 29.020 30.532 33.706 30.814 27.394 33.806 36.773 36.671 29.218 35.998 38.783 41.901 38.793 40.319 44.856 42.834 43.901 47.953 51.171 48.560 50.279 46.154 41.324 32.421 22.846 28.609 37.348 23.690 17.878 47.048 43.649 35.764 30.378 20.919 34.310 18.809 40.371 49.289 39.704 35.436 39.473 48.027 21.162 30.439 41.870 30.889 48.259 38.514 43.902 44.382 39.837 47.985 45.158 15.699 40.733 30.547 36.935 39.515 38.566 34.137 41.150 27.643 50.679 41.692 34.650 38.373 36.711 39.647 39.132
27.059 28.324 26.639 28.317 27.630 29.722 29.323 23.431 26.902 28.890 26.875 20.737 26.360 28.153 24.362 23.371 19.750 23.764 21.794 18.214 15.087 19.361 13.274 21.090 22.140 21.235 17.914 16.015 20.930 18.852 15.951 18.280 20.214 17.332 12.302 18.665 21.330 22.928 22.576 23.128 23.527 20.300 19.778 16.380 17.197 13.427 14.536 11.321 16.212 12.765 14.906 12.385 16.477 18.587 18.438 13.936 12.761 13.304 10.540 13.399 10.684 7.209 9.172 15.549 18.737 18.734 21.582 20.237 15.406 15.329 13.971 15.094 12.548 16.039 11.996 15.484 18.801 19.220 21.530 18.173 22.687 23.035 17.684 22.150 25.066 27.991 26.012 22.769 22.629 19.918 17.996 18.765 18.182 14.743 14.366 15.583 12.922 9.867 12.129 12.544 8.387 8.938 4.980 9.757 10.258 6.667 6.951 8.674 8.342 11.975 12.402 6.698 12.505 15.754 16.909 11.730 18.049 20.415 23.610 20.320 24.359 26.744 23.196 26.542 29.963 33.297 30.545 34.098 29.960 25.254 20.657 11.483 6.771 21.637 8.444 11.856 30.073 24.755 17.831 17.758 8.258 18.371 12.748 23.441 28.887 21.903 14.334 26.342 31.319 6.020 21.229 22.064 19.261 30.990 22.601 28.234 25.050 25.618 29.931 30.323 13.425 21.030 21.372 16.910 17.444 21.191 12.252 21.993 6.884 31.906 20.844 14.824 22.994 22.050 25.528 18.862
43.815 45.079 44.657 47.264 47.105 49.141 48.490 42.502 46.491 48.505 45.898 40.089 45.905 46.996 42.926 42.398 38.979 43.428 40.965 36.607 31.825 38.421 32.798 41.037 42.242 41.267 37.955 35.683 40.571 38.133 35.688 37.569 38.582 34.875 30.841 36.221 38.803 40.806 39.182 38.954 37.979 35.164 33.056 28.981 27.204 23.860 20.859 19.130 21.948 23.127 26.209 26.859 30.166 34.735 36.424 31.984 29.519 28.828 23.293 24.693 15.231 17.919 25.509 27.466 28.204 27.522 28.160 25.040 22.592 19.601 18.516 20.606 20.480 25.476 24.092 29.333 30.590 31.735 33.590 29.997 35.015 36.938 32.553 36.512 40.393 43.945 42.615 40.250 39.590 36.370 35.689 36.784 35.022 31.229 32.974 33.354 29.899 28.508 30.819 29.415 24.317 26.244 24.676 29.012 30.394 26.681 26.694 28.557 26.000 30.556 32.264 24.319 29.337 34.084 35.950 29.943 36.767 38.906 42.639 40.062 44.272 46.512 42.561 46.631 49.910 53.231 50.405 53.951 50.030 45.376 39.644 29.458 25.494 41.472 27.438 25.609 50.072 43.250 34.870 26.309 25.196 26.863 27.696 40.263 46.861 38.491 29.779 45.800 50.208 23.814 39.489 41.181 25.586 50.757 39.049 46.082 44.139 41.613 49.453 48.651 21.715 31.809 26.526 35.035 34.361 38.482 27.446 33.336 22.482 49.769 38.904 24.257 32.791 33.027 40.471 36.348
39.365 41.545 39.226 43.132 43.029 44.838 43.028 38.184 41.339 42.226 39.047 35.071 39.602 39.284 35.066 35.098 32.381 37.195 34.825 28.616 25.065 32.813 29.306 36.647 37.976 38.239 34.780 30.155 36.936 36.096 32.596 34.432 36.585 34.063 28.958 33.970 36.741 37.936 35.347 33.989 34.244 31.458 30.643 27.161 25.458 23.844 22.374 18.471 21.295 20.468 23.074 24.189 25.189 30.155 32.217 28.019 25.956 23.680 19.528 18.502 13.433 12.797 18.598 19.965 19.252 21.896 21.875 20.868 16.950 15.023 12.516 13.464 10.852 15.916 14.519 19.823 19.528 22.732 24.869 23.399 27.950 29.082 25.854 31.340 33.865 37.399 35.332 32.953 31.365 28.372 28.732 29.228 26.486 23.494 26.325 25.642 19.953 22.610 24.549 21.952 17.609 20.996 22.134 24.781 27.538 25.066 23.504 25.938 26.069 29.877 30.538 25.522 31.067 34.538 35.316 30.043 36.645 39.115 42.160 38.335 41.316 44.489 41.181 42.730 46.930 50.039 46.531 48.518 45.145 41.600 35.464 23.844 24.188 38.532 22.525 17.330 47.156 43.578 29.437 19.479 22.923 23.312 20.130 33.975 44.061 32.917 28.326 38.964 44.154 18.855 32.230 40.539 19.038 48.602 32.074 39.010 43.545 33.534 47.958 41.254 11.266 31.108 18.385 35.914 34.651 39.873 29.830 31.367 24.846 45.072 39.568 25.985 27.513 26.525 32.376 37.867
32.167 34.046 32.510 35.673 35.598 37.725 36.334 30.771 34.615 36.184 33.278 28.058 33.596 34.276 30.205 30.108 26.626 31.466 29.674 24.454 21.130 27.508 22.694 30.203 30.908 30.567 27.090 23.724 29.481 27.737 24.655 26.428 28.252 25.135 20.295 25.535 28.290 29.822 27.757 27.092 26.962 23.950 22.811 19.025 18.492 15.244 14.461 9.928 13.851 12.755 15.635 15.842 18.667 22.943 24.642 20.202 17.906 16.646 11.535 12.611 5.163 5.063 12.719 15.079 16.717 16.653 18.170 16.020 12.132 9.544 7.373 9.570 7.833 12.841 11.127 16.259 17.884 19.101 21.181 17.872 22.924 24.490 19.903 24.822 28.019 31.540 29.837 27.370 26.531 23.320 22.850 23.936 22.021 18.164 20.499 20.926 17.188 16.224 18.663 17.916 12.106 15.969 15.027 18.480 19.951 16.796 15.679 17.759 16.847 20.941 22.523 16.666 21.736 25.608 26.959 22.204 28.579 30.728 33.986 30.381 34.200 36.628 32.795 35.494 39.305 42.488 39.147 42.004 38.444 34.640 29.728 18.601 15.289 31.503 16.110 14.165 39.746 35.107 22.530 14.742 16.739 16.803 16.772 27.747 36.002 26.239 19.578 33.598 37.813 12.287 27.982 32.036 14.918 40.944 26.310 33.317 35.124 28.672 39.981 35.826 10.298 23.044 16.036 27.170 25.458 31.680 20.350 23.765 15.777 37.969 30.602 17.003 22.025 21.411 27.666 28.939
32.054 33.440 29.828 31.432 29.949 31.431 30.653 26.553 27.130 28.620 26.321 22.717 25.117 25.908 21.678 19.636 18.158 20.355 16.686 13.684 6.289 14.170 11.669 18.912 21.806 22.665 18.970 15.350 22.920 23.162 19.855 22.688 25.329 24.723 19.733 25.559 28.046 27.694 28.527 28.471 30.226 27.399 28.189 26.147 27.521 23.327 26.070 21.448 25.999 22.418 22.895 21.297 23.070 24.725 23.624 19.696 20.033 18.415 18.537 20.555 18.156 14.939 11.450 19.448 22.782 25.394 27.340 27.780 23.220 22.916 20.205 20.188 13.310 18.021 12.783 16.087 18.155 21.304 24.762 23.648 27.339 26.069 21.917 27.282 28.938 30.984 28.009 23.849 22.522 20.802 19.345 17.957 16.574 14.847 13.714 12.069 10.099 9.419 8.637 6.149 4.947 3.801 5.982 8.036 11.575 11.668 11.693 14.081 17.360 19.828 15.158 15.636 20.129 22.329 21.027 15.119 20.756 23.366 26.049 22.438 23.602 28.275 26.572 27.100 31.166 34.340 31.870 33.695 29.366 24.440 16.012 6.153 16.111 20.686 8.292 6.004 30.232 28.162 22.291 23.587 7.002 26.786 4.100 26.673 34.006 26.240 23.508 23.235 32.300 8.132 14.560 26.068 25.441 31.599 25.242 29.228 28.405 26.935 31.505 30.087 11.280 30.903 26.225 22.446 25.924 24.307 22.630 31.019 17.358 35.545 26.822 26.273 29.815 27.648 27.618 24.913
30.594 32.611 30.831 34.380 34.411 36.521 34.819 29.487 33.294 34.628 31.580 26.717 32.108 32.515 28.453 28.624 25.169 30.183 28.673 23.052 20.355 26.698 22.371 29.405 29.938 29.858 26.362 22.541 28.490 27.102 23.859 25.495 27.468 24.637 19.699 24.613 27.375 28.724 26.334 25.375 25.435 22.481 21.627 18.012 17.790 14.614 14.403 9.478 13.243 11.554 14.283 14.783 16.834 21.323 23.283 18.980 16.701 15.047 10.206 10.475 5.195 3.701 10.670 12.692 14.157 14.652 15.936 14.331 10.437 8.014 5.248 7.377 5.225 10.166 8.943 13.820 15.318 16.566 18.766 15.687 20.673 22.179 17.831 23.030 25.974 29.523 27.762 25.406 24.430 21.200 21.012 22.130 20.030 16.088 19.032 19.394 15.124 14.824 17.430 16.818 10.949 15.311 15.203 17.974 19.577 16.776 15.162 17.281 16.944 20.735 22.250 17.214 22.143 25.715 26.723 22.720 28.794 30.871 33.959 30.068 33.713 36.158 32.359 34.555 38.535 41.634 38.090 40.645 37.293 33.894 29.296 17.962 15.104 31.087 15.429 13.045 39.101 35.202 20.845 12.474 17.167 15.293 15.898 25.850 34.888 24.459 18.830 32.163 36.152 11.675 26.817 31.839 12.767 40.468 24.280 31.388 34.936 26.452 39.616 33.922 8.727 22.200 13.680 27.467 25.235 32.226 20.885 22.594 16.794 36.417 30.643 17.049 20.084 19.236 25.368 29.307
22.824 24.318 23.955 27.141 27.571 29.548 28.477 22.604 27.047 29.215 26.684 20.779 27.388 28.666 25.021 25.860 21.568 26.549 26.319 21.544 21.353 24.938 19.961 24.968 24.661 23.992 20.643 18.347 21.705 19.921 16.872 18.394 19.443 16.222 11.887 16.228 18.859 20.554 18.257 17.950 17.206 14.220 12.715 8.923 8.876 5.300 7.551 2.591 6.909 3.225 6.361 5.965 10.062 13.728 15.931 11.969 8.999 8.250 2.848 5.886 3.512 4.500 8.065 9.902 12.109 9.673 13.038 10.767 6.309 7.414 8.037 8.276 9.276 11.623 11.525 13.728 15.455 14.341 15.066 10.828 15.633 17.451 12.571 15.696 19.793 23.228 22.361 20.577 20.728 17.475 16.556 18.702 18.054 13.128 15.681 17.616 15.509 11.392 15.437 17.268 12.153 16.275 13.305 15.388 15.102 12.669 9.959 12.003 10.096 13.585 15.738 12.098 15.174 19.044 20.198 19.454 24.021 24.787 28.273 24.471 28.846 30.017 25.247 28.781 32.252 35.215 31.610 34.944 31.889 29.064 27.265 17.977 8.962 26.927 14.190 16.371 33.456 29.096 14.329 9.705 17.526 8.794 18.455 19.650 26.655 17.656 9.745 28.632 30.077 11.750 25.907 25.238 10.772 34.669 18.810 25.939 28.416 21.915 33.476 28.933 15.201 13.192 13.652 21.520 16.777 27.488 13.691 13.921 12.602 28.938 23.497 8.443 14.189 14.095 20.809 22.948
51.895 53.295 52.329 54.682 54.168 56.289 55.640 49.804 53.414 55.294 52.606 47.077 52.334 53.301 49.062 48.098 45.167 49.010 45.933 42.061 36.082 43.239 37.965 46.464 48.546 47.656 43.985 41.839 47.533 45.182 42.556 44.757 46.094 42.528 38.257 44.059 46.679 48.614 47.277 47.069 46.434 43.493 41.619 37.572 35.960 32.674 29.610 27.878 30.780 31.639 34.746 35.055 38.487 42.839 44.108 39.529 37.351 36.673 31.355 32.649 23.534 25.348 32.164 35.175 35.647 35.817 36.296 33.550 30.746 27.886 26.408 28.382 26.617 32.405 30.376 35.954 36.729 39.111 41.233 37.991 43.021 44.745 40.254 44.781 48.323 51.837 50.127 47.402 46.467 43.395 42.689 43.294 41.346 38.200 39.245 39.065 35.541 34.571 36.408 34.256 30.187 30.799 30.456 34.262 36.442 33.030 33.456 35.287 33.300 37.713 38.059 30.507 36.009 40.672 42.340 35.098 42.168 44.734 48.321 46.066 49.726 52.571 49.181 52.990 56.279 59.676 57.141 60.532 56.321 51.141 44.087 34.365 32.696 46.799 33.168 30.395 55.980 49.030 42.536 34.283 29.658 35.481 32.094 47.946 54.673 46.343 37.950 51.638 57.391 29.732 44.220 47.538 33.632 56.563 46.595 53.351 50.322 48.960 55.385 55.622 26.716 40.589 34.140 41.096 41.950 43.445 34.688 42.088 28.999 57.600 45.495 32.864 41.245 41.201 48.003 42.481
49.836 51.663 47.998 50.624 49.396 50.693 49.562 45.615 46.219 47.201 44.599 41.776 43.267 43.315 39.274 37.727 36.861 38.878 35.164 31.092 24.753 32.982 31.252 38.308 41.249 42.399 38.596 34.655 42.511 42.596 39.177 41.860 44.455 43.164 37.776 43.749 46.451 46.969 46.132 45.301 46.764 43.720 43.863 40.808 41.140 37.409 37.651 32.900 37.106 35.018 37.104 36.537 38.878 41.753 41.709 37.484 36.743 34.310 32.541 32.771 28.552 25.835 27.024 32.596 34.010 36.855 37.685 37.495 33.484 31.610 28.436 28.916 21.926 28.773 24.614 29.709 28.908 33.821 37.126 36.893 41.043 40.301 37.224 43.026 45.008 47.921 44.656 41.039 38.986 36.976 36.722 35.505 32.942 31.865 32.056 29.846 25.857 27.902 28.047 24.181 22.544 23.122 25.173 27.628 31.183 30.318 30.069 32.992 35.006 37.898 34.297 31.745 38.101 40.763 40.199 32.848 39.353 42.129 45.104 41.957 42.935 47.856 46.206 46.734 50.845 53.976 51.476 52.751 48.674 43.916 34.517 25.780 32.983 40.021 27.212 20.994 49.708 47.010 39.478 34.484 24.475 38.804 21.524 43.775 53.000 43.335 39.898 41.576 50.850 25.093 32.171 45.391 35.056 50.986 41.826 46.772 47.746 42.814 50.931 47.720 19.320 45.400 34.427 40.752 43.831 41.905 38.729 45.663 32.228 54.063 45.563 39.578 42.499 40.613 42.776 43.018
28.931 30.007 30.329 33.247 33.463 35.532 34.803 28.792 33.262 35.511 33.163 27.052 33.692 35.090 31.524 31.830 27.655 32.472 31.697 27.062 25.368 29.830 24.169 30.378 30.393 29.357 26.044 24.214 27.400 25.169 22.428 24.128 24.661 21.025 17.299 21.816 24.309 26.326 24.306 24.185 22.810 20.098 17.774 13.696 12.032 8.870 6.635 4.097 7.542 8.110 11.344 12.086 15.736 20.027 22.246 18.263 15.351 14.867 9.346 11.485 3.199 7.762 13.908 15.126 17.083 14.256 16.373 12.557 9.647 8.184 9.093 10.563 12.442 15.733 15.529 19.036 20.687 19.831 20.758 16.531 21.377 23.479 19.029 21.720 26.140 29.611 28.928 27.185 27.230 23.942 23.110 25.143 24.114 19.344 21.932 23.560 20.811 17.419 20.778 21.829 16.086 19.824 16.297 19.973 19.723 16.454 14.898 17.011 13.667 17.986 20.313 14.453 17.833 22.693 24.676 22.075 27.489 28.412 32.309 29.099 33.706 35.069 30.102 34.486 37.688 40.766 37.469 41.163 37.860 34.408 31.659 22.005 13.293 31.640 18.525 19.684 38.679 32.842 20.913 13.957 19.696 12.585 21.917 26.206 32.312 24.138 14.981 34.714 36.564 15.411 31.056 29.611 13.842 39.595 25.389 32.552 32.765 28.422 38.191 35.540 17.233 16.695 16.334 24.751 20.876 30.179 15.728 18.156 13.461 35.125 27.248 9.660 18.797 19.365 27.161 25.954
47.047 48.594 45.919 47.810 46.604 48.521 47.692 42.808 44.523 46.124 43.657 39.316 42.812 43.410 39.100 37.338 35.580 37.984 34.206 31.241 23.885 31.540 27.817 35.923 39.021 39.098 34.861 32.505 39.448 38.485 35.385 38.147 40.475 38.252 33.109 39.493 42.175 43.391 42.845 42.651 43.511 40.263 39.803 36.317 36.118 32.644 31.464 27.892 32.253 30.680 33.491 32.226 35.911 38.705 38.513 33.963 32.909 31.827 28.567 30.028 23.663 22.157 24.934 30.918 33.135 34.733 35.852 34.526 30.551 28.090 25.387 27.006 20.535 27.840 23.612 29.273 29.721 33.744 36.661 34.765 39.480 39.629 35.262 41.129 43.347 46.419 43.614 39.971 38.555 36.144 35.209 34.588 32.591 30.519 30.358 29.078 26.296 25.539 26.007 23.233 20.261 20.119 21.792 24.323 27.627 25.391 26.247 28.570 29.212 32.603 29.628 25.203 31.550 35.013 35.200 27.088 34.076 36.892 40.239 37.756 39.733 43.988 41.983 43.989 47.615 50.959 48.741 51.193 46.718 41.211 32.268 23.525 27.778 36.716 24.083 20.074 46.564 41.686 36.917 32.312 19.663 35.216 20.649 41.979 49.346 41.019 35.096 40.971 49.400 21.590 32.081 40.478 32.825 47.397 40.411 45.806 42.924 42.268 46.856 47.167 18.768 40.575 33.101 34.823 38.233 35.909 31.998 41.448 25.204 51.610 39.862 33.549 39.972 38.670 42.141 36.813
26.784 27.435 25.959 26.751 25.327 27.710 27.882 22.053 25.069 27.209 25.827 19.513 24.922 27.140 23.787 22.269 18.813 21.894 19.899 16.740 14.545 17.123 10.540 18.395 19.794 18.462 14.964 14.808 18.813 16.500 13.979 16.585 18.403 15.755 11.212 17.744 20.176 21.656 22.449 23.616 24.074 21.053 20.761 16.954 18.918 15.412 16.736 14.624 19.221 15.539 17.116 13.522 17.828 18.786 17.822 13.954 13.572 14.747 12.892 16.073 14.571 10.886 11.505 18.329 21.685 21.525 24.826 23.593 18.891 19.275 18.141 19.050 16.371 19.539 15.243 17.406 21.445 21.128 23.781 20.722 24.780 24.481 19.367 23.271 25.956 28.313 26.474 23.005 23.205 20.907 18.422 18.925 19.042 15.676 14.370 15.818 13.865 10.534 11.748 12.943 10.646 8.513 3.073 8.306 7.760 4.208 5.756 7.300 7.301 9.946 8.995 3.251 9.330 12.420 13.445 7.422 13.916 16.371 19.708 16.853 20.995 23.356 20.088 23.938 26.995 30.401 28.119 32.066 27.614 22.295 17.782 10.872 6.490 18.267 8.304 13.791 26.828 20.813 18.348 21.098 6.590 21.171 13.691 23.786 27.391 22.304 14.709 24.834 30.204 7.824 20.045 18.599 22.817 27.495 23.286 27.982 21.452 26.452 26.351 29.776 16.847 22.246 25.089 13.036 15.612 16.868 10.454 23.332 5.037 30.988 17.460 16.286 25.421 24.459 26.764 15.071
50.138 51.846 48.656 50.948 49.720 51.324 50.337 45.933 47.049 48.333 45.784 42.221 44.653 44.963 40.772 39.097 37.823 40.017 36.187 32.649 25.694 33.747 31.062 38.687 41.749 42.402 38.333 35.181 42.657 42.221 38.942 41.686 44.162 42.416 37.076 43.295 46.006 46.894 46.160 45.616 46.769 43.601 43.455 40.080 40.089 36.519 35.896 31.733 35.973 34.313 36.783 35.913 38.926 41.845 41.774 37.349 36.415 34.607 31.993 32.778 27.278 25.369 27.433 33.172 34.791 37.269 38.048 37.240 33.260 31.013 28.049 29.177 22.379 29.563 25.595 30.877 30.606 35.165 38.296 37.268 41.742 41.471 37.778 43.662 45.786 48.812 45.762 42.125 40.349 38.120 37.563 36.625 34.288 32.730 32.772 30.971 27.628 28.239 28.531 25.114 22.805 23.211 24.957 27.485 30.968 29.416 29.734 32.381 33.683 36.877 33.537 30.000 36.395 39.510 39.311 31.478 38.266 41.082 44.264 41.522 42.917 47.569 45.770 47.035 50.913 54.163 51.820 53.666 49.365 44.181 34.841 26.112 31.952 39.934 27.166 21.853 49.775 45.942 39.817 34.702 23.501 38.381 22.425 44.518 52.913 43.817 39.089 42.868 51.832 24.814 33.579 44.583 35.167 50.819 42.729 47.952 46.977 44.127 50.529 49.104 20.150 44.502 34.907 39.376 42.680 40.395 36.917 45.084 30.211 54.572 44.352 38.001 42.659 41.080 44.017 41.502
55.322 56.802 55.238 57.137 56.159 58.385 57.866 52.217 55.238 57.120 54.587 49.255 53.944 54.967 50.686 49.227 46.749 49.746 46.306 43.171 36.339 43.508 38.550 47.059 49.910 49.055 44.876 43.333 49.304 47.290 44.572 47.065 48.703 45.367 40.933 47.119 49.737 51.580 50.738 50.720 50.521 47.400 45.854 41.908 40.611 37.345 34.365 32.655 35.897 36.055 39.261 38.863 42.804 46.510 47.100 42.449 40.662 40.189 35.264 36.880 28.130 29.028 34.744 39.228 40.100 40.613 41.437 38.885 35.755 32.840 31.093 33.060 29.543 36.095 33.169 38.959 39.659 42.900 45.142 42.153 47.193 48.571 43.800 48.775 51.968 55.341 53.249 50.103 49.056 46.204 45.272 45.417 43.532 40.944 41.116 40.573 37.467 36.233 37.416 35.197 31.496 31.311 31.687 35.150 37.839 34.597 35.402 37.375 35.972 40.101 39.019 32.218 37.930 42.420 43.831 35.681 42.736 45.402 49.003 47.091 50.184 53.524 50.754 54.294 57.496 60.928 58.764 62.059 57.564 51.894 43.882 35.098 35.310 47.210 34.601 31.685 56.746 49.818 45.705 38.817 30.021 40.380 32.828 51.149 57.554 49.699 41.562 52.743 59.717 31.556 44.595 48.883 38.516 57.207 49.779 56.027 51.446 52.080 56.168 57.944 28.944 45.245 39.000 42.336 44.752 43.649 37.356 46.728 31.116 60.602 47.163 37.293 46.045 45.662 51.449 43.799
39.863 41.994 39.370 43.080 42.771 44.498 42.788 38.073 40.788 41.699 38.582 34.769 38.953 38.564 34.311 34.079 31.623 36.224 33.457 27.439 23.370 31.391 28.117 35.526 37.278 37.605 34.222 29.364 36.470 35.813 32.262 34.284 36.558 34.314 29.026 34.298 37.089 38.205 35.877 34.610 35.183 32.278 31.763 28.304 27.282 24.981 24.138 19.743 23.025 21.754 24.357 24.948 26.303 30.795 32.445 28.162 26.358 23.964 20.346 19.619 14.831 13.352 18.309 20.919 20.577 23.433 23.699 22.782 18.786 16.963 14.042 14.842 10.583 16.547 14.298 19.822 19.442 23.136 25.606 24.397 28.922 29.630 26.359 32.063 34.447 37.887 35.545 32.877 31.175 28.319 28.556 28.728 25.956 23.449 25.652 24.669 19.159 21.745 23.715 20.514 16.548 19.533 20.890 23.600 26.576 24.548 22.953 25.577 26.169 29.834 29.802 25.124 31.090 34.262 34.792 29.113 35.792 38.341 41.393 37.614 40.275 43.772 40.716 42.065 46.305 49.439 46.060 47.930 44.414 40.654 33.953 22.458 24.176 37.439 21.568 15.879 46.317 42.926 29.711 20.843 21.543 24.893 18.475 34.265 44.309 33.325 28.991 38.002 43.954 18.039 30.750 40.062 20.724 47.763 32.327 38.955 42.990 33.720 47.221 40.984 10.173 32.475 20.104 35.429 34.929 39.005 30.065 32.710 24.700 45.318 39.315 27.209 28.979 27.736 32.787 37.480
24.598 25.856 23.676 25.256 24.406 26.553 25.924 20.289 23.397 25.328 23.234 17.306 22.603 24.365 20.571 19.492 15.913 19.906 18.046 14.433 12.083 15.729 9.977 17.492 18.589 18.014 14.641 12.215 17.560 16.083 12.850 15.359 17.605 15.605 10.271 16.611 19.262 20.516 20.364 20.909 21.789 18.716 18.943 16.226 17.716 13.687 16.581 12.960 17.632 13.470 14.315 11.783 15.032 16.415 15.813 11.398 10.985 11.424 9.848 12.775 11.846 7.718 6.962 14.178 17.654 18.487 21.321 20.819 16.037 16.644 15.170 15.677 12.658 15.315 10.909 12.919 16.914 16.910 19.767 17.053 21.104 20.707 15.584 20.383 22.651 25.349 23.050 19.516 19.355 16.893 14.729 15.198 14.861 11.472 10.660 11.981 9.654 6.433 8.385 9.364 6.388 6.486 2.838 5.972 6.908 4.271 3.478 5.703 7.544 10.337 9.654 7.249 11.787 14.217 14.479 10.363 16.019 18.329 21.265 17.508 21.144 23.819 20.599 23.124 26.795 30.097 27.239 30.498 26.361 21.808 17.391 8.262 5.678 18.438 4.794 10.087 26.880 22.728 15.217 17.536 7.100 18.599 10.470 20.631 26.380 19.341 13.473 22.468 27.890 3.665 17.545 19.722 19.473 28.013 19.779 24.915 22.665 22.692 27.168 26.793 13.235 21.017 21.478 15.448 16.265 19.814 12.701 21.570 8.615 29.045 19.184 16.148 22.333 20.952 22.925 17.649
39.283 40.091 38.455 39.272 37.538 39.994 40.160 34.548 37.003 39.064 37.458 31.691 36.213 38.084 34.167 32.134 29.582 31.682 28.522 26.105 20.236 25.584 19.809 28.251 31.248 30.084 25.651 25.740 30.874 28.498 26.419 29.176 30.969 28.077 23.812 30.323 32.761 34.234 34.864 35.664 36.033 32.827 32.002 27.853 28.454 25.057 23.616 21.697 26.318 24.210 27.214 24.779 29.079 31.009 30.386 26.195 25.319 25.890 22.538 25.444 19.384 17.860 20.372 27.178 30.211 30.506 32.735 30.672 26.214 24.759 22.932 24.890 19.973 26.122 21.437 26.559 28.928 31.011 33.486 30.265 34.979 35.337 30.047 34.772 37.555 40.384 38.085 34.436 33.962 31.536 29.607 29.528 28.687 25.743 24.772 24.798 22.275 19.970 20.398 19.902 16.325 14.000 13.191 17.286 19.389 15.806 17.660 19.774 19.147 22.405 19.811 14.034 19.861 23.763 24.544 16.168 23.175 25.882 29.455 27.716 30.792 34.062 31.680 35.343 38.229 41.669 39.921 43.588 38.826 32.735 25.259 18.164 18.602 27.870 17.655 18.257 37.304 30.405 30.219 28.912 11.600 29.849 18.246 35.702 40.032 34.323 26.355 35.122 42.322 15.795 27.810 29.662 29.878 37.640 34.795 39.813 32.072 37.546 36.608 41.370 19.346 32.555 31.444 23.261 27.546 24.309 20.691 33.970 13.909 43.606 28.390 24.909 35.046 34.200 37.652 24.936
38.309 39.584 36.287 37.446 35.798 37.429 36.914 32.626 33.204 34.892 32.792 28.935 31.292 32.320 28.189 25.813 24.590 25.917 21.975 20.122 12.208 19.277 16.329 23.884 27.129 27.812 23.550 21.574 28.612 28.370 25.361 28.335 30.836 29.543 24.810 31.044 33.528 33.386 34.563 34.722 36.193 33.217 33.715 31.069 31.915 27.890 29.119 25.064 30.018 26.753 28.141 26.331 29.139 30.697 29.690 25.591 25.604 24.515 23.712 25.589 22.611 19.144 17.468 25.223 28.431 30.773 32.453 32.228 27.618 26.596 23.816 24.488 17.213 23.556 18.062 22.525 23.920 27.617 30.848 29.368 33.439 32.534 28.157 33.663 35.444 37.607 34.711 30.566 29.292 27.504 26.001 24.697 23.334 21.518 20.352 18.814 16.833 15.868 14.988 12.894 11.117 9.340 11.480 13.461 16.817 15.159 16.939 19.660 21.875 24.291 19.168 18.114 23.671 26.056 24.928 17.508 23.728 26.506 29.486 26.715 27.843 32.645 31.263 32.396 36.097 39.347 37.374 39.509 34.904 29.282 19.856 12.378 20.496 24.867 14.248 11.849 34.752 31.375 28.594 28.624 9.548 31.571 10.652 33.233 39.766 32.636 28.475 29.211 38.697 13.446 20.126 30.165 30.118 35.736 31.865 35.903 32.337 33.664 35.528 36.701 14.950 35.680 30.848 25.581 30.333 26.230 25.704 36.182 19.450 41.841 30.556 29.856 35.329 33.438 34.254 27.882
48.512 50.661 49.236 53.490 53.768 55.728 53.758 48.724 52.554 53.418 50.153 46.008 51.011 50.647 46.555 46.936 43.998 49.011 46.953 40.574 37.284 44.942 41.056 48.512 49.411 49.434 45.940 41.817 48.039 46.589 43.449 44.988 46.723 43.544 39.025 43.520 46.177 47.613 44.533 42.993 42.339 39.998 38.305 34.778 30.743 29.974 27.415 24.962 27.034 27.755 30.641 33.074 33.085 39.248 41.918 38.236 35.678 33.655 28.634 27.068 21.176 23.096 28.704 28.733 26.581 28.741 26.892 26.190 23.314 21.260 19.576 21.444 21.942 25.604 25.680 30.404 29.530 31.808 33.378 31.822 36.041 37.882 35.411 39.332 42.877 46.538 45.133 43.445 41.993 38.877 39.554 40.506 37.764 34.210 37.847 37.521 31.524 33.880 36.323 34.144 29.452 33.032 33.769 36.599 38.861 35.885 34.677 36.784 35.694 39.887 41.600 35.464 40.347 44.620 46.075 40.811 47.509 49.786 53.072 49.454 52.952 55.664 51.838 54.078 58.124 61.213 57.583 59.783 56.625 53.257 47.491 35.917 34.310 50.195 34.288 29.539 58.603 54.179 39.417 27.127 34.322 29.867 32.358 43.746 53.693 42.479 37.124 50.739 54.772 30.498 44.405 51.156 25.580 59.938 41.928 49.334 54.252 43.323 59.068 51.922 23.341 37.674 24.522 46.146 43.848 50.328 38.579 38.164 34.129 54.759 49.569 32.677 34.121 34.016 41.649 47.809
50.274 51.739 49.619 51.326 50.218 52.354 51.647 46.361 48.669 50.464 48.023 43.120 47.193 48.099 43.805 42.081 39.986 42.516 38.872 36.046 28.814 36.095 31.657 40.019 43.113 42.688 38.350 36.663 43.076 41.581 38.684 41.376 43.509 40.616 35.809 42.212 44.861 46.447 45.859 45.850 46.278 43.006 42.045 38.332 37.645 34.196 32.150 29.484 33.498 32.600 35.729 34.632 38.733 41.739 41.771 37.138 35.787 35.284 31.060 32.762 25.136 24.696 28.892 34.375 36.221 37.187 38.482 36.379 32.697 29.950 27.661 29.724 24.287 31.377 27.575 33.391 34.079 37.720 40.352 37.830 42.749 43.449 38.749 44.276 46.902 50.092 47.594 44.107 42.916 40.312 39.265 38.982 37.124 34.742 34.616 33.729 30.815 29.697 30.418 28.053 24.679 24.244 25.257 28.308 31.367 28.443 29.505 31.656 31.295 35.032 32.755 27.136 33.245 37.239 37.971 29.655 36.721 39.489 42.991 40.890 43.389 47.233 44.982 47.759 51.120 54.525 52.429 55.360 50.797 45.071 36.482 27.971 30.275 40.382 28.043 24.843 50.138 44.124 40.374 35.050 23.195 37.253 25.586 45.685 52.348 44.478 37.333 45.613 53.478 25.338 37.050 43.175 35.259 50.737 44.251 49.968 45.645 46.386 49.947 51.555 23.073 42.214 35.736 36.990 40.264 37.998 33.344 43.422 26.636 55.107 42.036 34.577 42.520 41.630 46.085 38.729
33.189 34.003 34.749 37.500 37.594 39.717 39.204 33.129 37.620 39.925 37.715 31.485 38.168 39.667 36.120 36.221 32.095 36.796 35.781 31.306 28.932 33.699 27.735 34.403 34.551 33.300 30.052 28.546 31.487 29.041 26.487 28.227 28.471 24.690 21.356 25.851 28.234 30.408 28.554 28.558 26.858 24.310 21.636 17.585 15.366 11.958 8.808 7.901 10.621 12.344 15.505 16.515 20.025 24.456 26.668 22.727 19.842 19.497 13.998 15.920 7.472 11.810 18.421 19.422 21.168 18.135 19.572 15.480 13.582 10.979 12.121 13.878 16.216 19.687 19.469 23.354 24.946 24.146 25.091 20.896 25.668 27.890 23.636 26.026 30.615 34.081 33.533 31.836 31.879 28.586 27.745 29.715 28.635 23.936 26.463 27.916 24.985 21.761 24.999 25.675 19.923 23.120 19.557 23.831 23.522 19.997 18.972 20.827 17.149 21.610 23.977 17.366 20.570 25.788 27.974 24.781 30.449 31.376 35.467 32.653 37.337 38.699 33.678 38.577 41.581 44.701 41.597 45.521 42.101 38.343 35.213 25.633 17.161 35.276 22.363 23.141 42.472 35.796 25.503 17.926 22.418 16.294 25.349 30.777 36.277 28.656 18.992 39.118 41.071 19.121 35.090 32.962 17.343 43.197 30.008 37.167 36.060 33.039 41.662 40.166 20.230 19.852 19.548 27.583 24.179 32.606 18.244 21.633 15.682 39.406 30.256 12.382 22.583 23.475 31.708 28.595
48.787 50.030 48.815 50.513 49.412 51.758 51.566 45.687 48.922 50.922 48.728 42.951 48.036 49.427 45.277 43.845 41.031 44.152 40.988 37.954 31.571 38.151 32.598 41.146 43.626 42.514 38.500 37.424 42.833 40.428 37.956 40.376 41.731 38.292 34.095 40.243 42.796 44.750 44.136 44.392 44.045 40.915 39.246 35.224 34.019 30.740 27.667 26.386 29.801 29.759 33.094 32.344 36.840 40.154 40.523 35.972 34.170 34.009 29.115 31.194 22.354 23.370 29.105 33.868 35.483 35.155 36.458 33.540 30.384 27.552 26.045 28.143 25.103 31.395 28.289 34.078 35.373 37.870 40.000 36.554 41.632 43.128 38.005 42.574 46.015 49.327 47.427 44.324 43.585 40.688 39.477 39.862 38.311 35.421 35.444 35.348 32.253 30.593 31.936 30.321 26.343 25.839 25.487 29.349 31.453 28.120 29.000 30.803 28.939 33.103 32.517 25.199 30.709 35.329 36.890 29.086 36.083 38.674 42.299 40.461 43.978 46.911 43.868 47.902 50.925 54.360 52.233 55.876 51.379 45.708 38.407 29.750 28.511 41.059 28.793 27.095 50.337 42.968 39.502 33.573 24.184 34.498 28.220 45.079 50.653 43.483 34.720 47.179 53.530 25.785 39.667 41.971 33.467 50.712 43.915 50.115 44.578 46.518 49.519 52.148 24.907 38.585 34.464 35.323 37.547 36.971 30.034 40.223 23.921 54.041 40.027 30.409 40.354 40.106 45.937 36.690
38.193 40.281 37.408 40.976 40.532 42.183 40.536 35.926 38.345 39.265 36.197 32.514 36.453 36.048 31.777 31.399 29.082 33.563 30.644 24.711 20.488 28.583 25.531 32.856 34.800 35.172 31.845 26.835 34.140 33.675 30.081 32.200 34.566 32.643 27.222 32.598 35.389 36.401 34.268 33.071 33.949 30.957 30.689 27.410 27.128 24.099 24.096 19.244 22.816 21.087 23.604 23.716 25.311 29.306 30.593 26.309 24.753 22.219 19.223 18.731 14.696 12.180 16.081 19.519 20.015 22.765 23.307 22.762 18.738 16.946 13.784 14.403 8.711 15.315 12.374 17.955 17.666 21.629 24.355 23.312 27.788 28.125 24.781 30.579 32.884 36.225 33.674 30.785 29.032 26.283 26.405 26.358 23.603 21.444 23.191 22.039 16.734 19.228 21.101 17.699 13.936 16.824 18.314 21.020 24.087 22.486 20.717 23.498 24.600 28.033 27.525 23.413 29.433 32.354 32.595 26.953 33.539 36.102 39.093 35.264 37.689 41.366 38.468 39.596 43.880 47.007 43.685 45.451 41.874 38.061 31.180 19.722 22.458 34.850 19.069 13.078 43.791 40.734 27.906 20.205 19.147 24.450 15.603 32.443 42.457 31.606 27.673 35.340 41.725 15.691 27.894 37.895 20.467 45.275 30.494 36.858 40.766 31.863 44.822 38.735 7.680 31.800 19.982 33.439 33.349 36.873 28.726 31.950 23.274 43.419 37.383 26.659 28.344 26.846 31.132 35.578
52.754 54.544 53.379 56.783 56.706 58.835 57.370 51.894 55.685 57.000 53.946 49.117 54.276 54.518 50.251 49.971 47.047 51.681 48.891 43.649 38.798 46.509 41.945 50.073 51.628 51.224 47.804 44.284 50.428 48.521 45.570 47.464 49.022 45.572 41.096 46.312 48.995 50.709 48.391 47.448 46.738 44.093 42.317 38.336 35.388 33.198 30.235 28.538 30.666 31.673 34.722 36.269 37.973 43.401 45.664 41.293 38.838 37.404 32.037 31.797 23.903 26.024 32.997 33.941 32.924 34.182 33.299 31.558 28.708 26.144 24.492 26.554 26.136 30.839 30.058 35.186 35.136 37.499 39.360 36.991 41.682 43.517 40.074 44.455 47.967 51.621 50.055 47.851 46.584 43.440 43.494 44.262 41.799 38.411 40.912 40.533 35.490 36.716 38.851 36.262 31.831 34.188 34.397 37.725 40.094 36.831 36.491 38.437 36.851 41.286 42.454 35.342 40.797 45.245 46.844 40.441 47.480 50.012 53.438 50.447 54.037 56.896 53.243 56.265 60.003 63.278 60.141 62.910 59.205 54.899 48.274 37.340 35.823 51.145 35.965 31.818 60.089 54.361 43.371 32.595 34.187 34.596 34.164 48.288 56.866 46.841 39.865 53.736 58.737 32.212 46.630 52.071 31.382 61.072 46.649 53.867 55.055 48.496 60.049 56.325 26.544 41.260 31.030 46.249 45.430 49.553 39.022 42.285 33.858 58.831 50.216 34.781 39.707 39.685 47.122 47.792
50.673 52.037 51.484 54.194 53.995 56.057 55.265 49.379 53.276 55.144 52.378 46.827 52.393 53.256 49.073 48.483 45.302 49.700 46.884 42.518 37.199 44.305 38.970 47.332 48.882 48.015 44.703 42.112 47.493 45.093 42.534 44.495 45.632 41.953 37.837 43.261 45.861 47.827 46.086 45.688 44.738 41.976 39.885 35.808 33.761 30.498 27.346 25.848 28.407 29.699 32.817 33.757 36.626 41.496 43.305 38.843 36.400 35.525 29.997 30.881 21.781 24.295 31.773 33.466 33.510 33.519 33.512 30.806 28.297 25.343 24.095 26.256 25.945 30.986 29.761 35.034 35.769 37.518 39.430 36.208 41.153 43.072 38.963 43.134 46.875 50.474 49.049 46.672 45.790 42.596 42.114 43.026 41.012 37.437 39.248 39.280 35.309 34.819 37.020 34.937 30.273 31.950 31.096 35.104 36.948 33.373 33.499 35.332 33.015 37.548 38.865 31.015 36.266 40.953 42.763 36.250 43.220 45.585 49.224 46.731 50.698 53.218 49.448 53.341 56.691 60.035 57.240 60.624 56.655 51.881 45.493 35.255 32.434 47.828 33.640 30.884 56.702 49.872 41.571 32.200 30.992 33.170 32.942 46.866 53.905 45.183 36.808 52.028 56.909 30.003 45.139 47.997 31.230 57.382 45.514 52.599 50.906 47.858 56.137 55.100 26.550 38.537 31.669 41.733 41.436 44.748 34.425 40.002 29.278 56.662 45.778 31.169 38.904 39.120 46.649 43.058
51.106 53.263 50.693 54.422 54.056 55.767 54.083 49.405 51.942 52.815 49.711 46.063 49.898 49.370 45.170 44.771 42.647 46.919 43.718 37.934 33.204 41.561 38.404 46.059 48.290 48.522 45.120 40.379 47.625 46.876 43.379 45.500 47.757 45.229 40.040 45.444 48.235 49.459 47.097 45.772 46.104 43.297 42.475 38.842 36.787 35.118 33.044 29.800 32.463 32.152 34.825 35.850 37.033 41.955 43.765 39.446 37.543 35.272 31.244 30.346 24.558 24.411 29.610 31.678 30.421 33.529 32.967 32.164 28.408 26.395 24.160 25.067 21.706 27.324 25.329 30.814 29.858 33.739 36.079 35.162 39.558 40.397 37.516 43.101 45.494 48.967 46.665 44.080 42.231 39.463 39.839 39.860 36.970 34.708 36.789 35.524 29.914 32.748 34.521 30.902 27.490 29.730 31.245 34.020 37.199 35.120 33.950 36.510 36.666 40.582 40.214 34.927 41.073 44.676 45.479 38.791 45.785 48.455 51.676 48.225 50.725 54.486 51.598 53.078 57.266 60.452 57.225 59.038 55.418 51.351 43.771 32.783 34.930 47.801 32.363 26.394 57.041 53.135 41.029 31.159 31.067 34.949 28.563 45.508 55.590 44.581 39.840 48.755 55.216 28.932 40.825 50.690 30.494 58.370 43.515 50.135 53.560 44.702 57.823 52.076 21.146 42.646 29.424 45.551 45.612 48.488 40.010 43.065 34.248 56.646 49.767 36.913 39.134 38.169 43.658 47.521
53.101 54.489 52.933 54.625 53.475 55.777 55.435 49.743 52.699 54.647 52.290 46.823 51.530 52.729 48.500 46.925 44.420 47.246 43.834 40.943 34.087 40.994 35.869 44.384 47.273 46.318 42.083 40.903 46.694 44.605 41.974 44.506 46.098 42.788 38.423 44.675 47.259 49.121 48.504 48.652 48.500 45.335 43.823 39.928 38.704 35.393 32.461 30.863 34.318 34.223 37.498 36.780 41.071 44.447 44.758 40.148 38.459 38.170 33.369 35.238 26.574 27.296 32.729 37.599 38.982 39.215 40.328 37.667 34.521 31.558 29.814 31.868 28.133 34.756 31.533 37.370 38.312 41.449 43.707 40.538 45.591 46.920 41.945 46.851 50.059 53.366 51.263 48.032 47.093 44.280 43.171 43.302 41.582 38.899 38.891 38.449 35.401 33.977 35.053 33.082 29.343 28.831 29.013 32.623 35.194 31.862 32.902 34.835 33.402 37.454 36.206 29.422 35.081 39.561 40.961 32.738 39.745 42.401 46.008 44.221 47.341 50.631 47.912 51.588 54.685 58.123 56.075 59.494 54.928 49.136 41.188 32.723 32.822 44.383 32.218 29.791 53.888 46.788 43.576 37.448 27.351 38.828 30.777 49.078 55.031 47.606 39.288 50.350 57.360 29.300 42.298 45.974 37.316 54.279 47.795 53.884 48.493 50.210 53.212 55.760 27.533 43.300 38.015 39.376 42.112 40.550 34.665 44.840 28.366 58.253 44.250 35.223 44.544 44.135 49.684 40.816
34.185 35.001 35.424 37.848 37.741 39.853 39.516 33.377 37.714 39.998 37.912 31.567 38.109 39.748 36.108 35.882 31.876 36.375 35.011 30.807 27.808 32.702 26.532 33.718 34.131 32.788 29.560 28.203 31.398 28.814 26.451 28.411 28.691 24.811 21.460 26.293 28.720 30.920 29.476 29.688 28.265 25.531 23.047 19.017 17.042 13.744 10.341 9.708 12.850 13.858 17.139 17.379 21.585 25.513 27.188 23.040 20.375 20.264 14.855 17.184 8.386 11.884 18.579 20.733 22.707 20.085 21.784 17.867 15.376 13.286 13.634 15.383 16.776 20.590 19.550 23.911 25.718 25.390 26.519 22.350 27.237 29.290 24.634 27.402 31.836 35.245 34.444 32.413 32.414 29.180 28.104 29.830 28.793 24.392 26.245 27.630 24.584 21.471 24.509 24.878 19.313 21.795 18.224 22.924 22.690 18.982 18.487 20.254 16.618 21.188 23.403 16.222 19.815 24.990 27.153 23.160 29.131 30.349 34.418 31.800 36.517 37.994 33.364 38.197 41.153 44.362 41.467 45.492 41.817 37.628 33.933 24.533 16.666 34.233 21.469 22.336 41.801 34.763 26.195 19.601 20.669 18.333 24.332 31.657 36.820 29.582 19.678 38.810 41.501 18.241 34.295 32.247 19.294 42.425 30.886 37.819 35.295 33.970 40.892 40.652 19.828 21.557 21.445 26.484 24.168 31.071 17.602 23.400 14.178 40.185 29.573 13.570 24.599 25.236 32.851 27.548
57.660 59.649 56.292 59.373 58.404 59.810 58.478 54.296 55.458 56.351 53.559 50.582 52.599 52.385 48.320 47.129 45.999 48.578 44.957 40.304 34.415 42.782 40.658 47.992 50.850 51.730 47.963 43.799 51.586 51.375 47.907 50.456 52.962 51.220 45.763 51.666 54.438 55.435 53.814 52.735 53.845 50.792 50.570 47.119 46.524 43.647 42.622 38.410 41.966 40.774 43.430 43.341 45.263 49.047 49.752 45.419 44.199 41.752 38.974 38.656 33.436 31.952 34.902 39.228 39.084 42.403 42.675 42.015 38.039 36.194 33.325 33.869 28.198 34.802 31.430 36.849 35.673 40.433 43.430 43.156 47.413 47.224 44.394 50.184 52.335 55.491 52.512 49.263 47.156 44.897 44.977 44.118 41.315 40.174 40.824 38.804 33.957 36.643 37.314 33.370 31.323 32.258 34.176 36.792 40.307 39.090 38.507 41.331 42.541 45.949 43.310 39.523 45.952 49.150 49.158 41.581 48.402 51.201 54.336 51.276 52.613 57.294 55.316 56.176 60.317 63.489 60.804 62.171 58.212 53.573 44.408 35.114 40.672 49.663 36.019 29.644 59.359 56.069 47.264 39.919 33.382 44.162 30.736 51.623 61.371 51.036 47.012 51.065 59.680 33.369 41.891 54.364 39.869 60.610 49.582 55.154 56.871 50.510 60.409 56.389 26.391 51.400 38.848 49.315 51.623 50.759 45.977 51.771 39.482 62.401 54.102 45.338 48.102 46.573 50.066 51.457
57.838 59.591 57.951 60.635 60.082 62.237 61.124 55.646 58.831 60.340 57.518 52.617 57.316 57.801 53.434 52.461 49.958 53.663 50.297 46.121 39.909 47.687 43.162 51.565 54.065 53.540 49.694 46.899 53.298 51.526 48.546 50.848 52.624 49.267 44.635 50.502 53.205 54.945 53.360 52.810 52.496 49.553 47.982 43.978 42.354 39.274 36.441 34.336 37.063 37.804 40.721 41.259 44.048 48.654 50.020 45.427 43.362 42.332 37.184 37.770 29.433 30.720 37.058 39.928 39.685 40.967 40.919 38.862 35.683 33.027 31.226 33.087 30.442 36.446 34.527 39.988 40.056 43.393 45.495 43.059 47.949 49.474 45.376 50.459 53.553 57.084 55.088 52.292 50.976 48.018 47.641 47.913 45.594 42.893 44.046 43.330 39.118 39.391 41.015 38.200 34.603 35.493 36.203 39.280 42.158 39.102 39.227 41.269 40.007 44.308 43.953 37.132 42.986 47.416 48.847 41.186 48.365 51.043 54.589 52.131 55.248 58.620 55.583 58.651 62.212 65.594 62.967 65.853 61.682 56.581 48.754 38.855 39.061 52.257 38.202 34.110 61.739 55.540 48.076 39.122 34.799 41.220 35.790 53.258 61.074 51.886 44.515 56.205 62.714 34.796 48.121 54.018 38.381 62.487 51.656 58.353 56.771 53.607 61.534 60.438 30.016 47.237 38.259 47.773 48.918 49.840 41.902 48.455 35.925 63.485 52.344 39.924 46.568 46.237 52.647 49.344
34.772 36.860 33.706 37.297 36.811 38.343 36.672 32.161 34.429 35.279 32.208 28.752 32.425 31.989 27.724 27.391 25.123 29.628 26.868 20.697 16.960 24.932 22.257 29.218 31.078 31.603 28.320 23.030 30.488 30.317 26.656 28.757 31.202 29.687 24.226 29.469 32.237 33.069 30.991 29.764 30.997 27.979 27.982 25.107 25.581 21.960 23.098 17.817 21.347 19.153 21.046 21.131 22.646 26.129 27.159 22.988 21.703 18.826 16.663 16.330 12.786 10.067 12.382 16.378 17.821 20.367 21.282 21.333 17.398 15.867 12.530 12.625 5.499 12.446 8.787 14.312 14.166 18.294 21.253 20.496 24.808 24.731 21.429 27.255 29.457 32.690 29.957 26.933 25.121 22.463 22.570 22.377 19.595 17.711 19.297 18.038 12.708 15.521 17.340 13.921 10.094 13.481 15.137 17.731 20.742 19.661 17.436 20.258 22.204 25.237 24.476 21.370 27.186 29.636 29.460 24.489 30.730 33.221 36.043 32.003 34.221 37.948 35.118 35.877 40.260 43.329 39.938 41.515 38.013 34.416 27.807 16.238 19.824 31.445 15.635 9.269 40.211 37.813 24.417 17.988 16.712 22.544 12.006 28.822 39.040 28.122 25.043 31.344 37.822 12.471 24.071 34.786 18.723 41.813 26.840 32.984 37.623 28.142 41.468 34.765 3.681 29.711 18.368 30.804 30.665 34.381 26.717 29.647 21.585 39.783 34.574 25.151 25.991 24.173 27.581 33.030
51.625 53.137 52.445 55.442 55.325 57.411 56.356 50.605 54.501 56.188 53.288 47.991 53.455 54.077 49.864 49.432 46.312 50.848 48.083 43.398 38.238 45.583 40.517 48.794 50.289 49.591 46.224 43.290 48.955 46.688 43.992 45.900 47.162 43.545 39.316 44.618 47.248 49.131 47.118 46.492 45.575 42.882 40.863 36.809 34.266 31.468 28.333 26.834 29.178 30.408 33.555 34.826 37.182 42.353 44.413 39.993 37.502 36.390 30.873 31.276 22.586 25.076 32.562 33.717 33.292 33.736 33.306 30.958 28.372 25.548 24.166 26.337 26.149 31.040 30.178 35.288 35.724 37.616 39.479 36.569 41.417 43.342 39.531 43.742 47.427 51.064 49.629 47.363 46.344 43.145 42.892 43.793 41.599 38.027 40.199 40.103 35.664 35.873 38.051 35.824 31.165 33.301 32.705 36.494 38.500 35.013 34.909 36.811 34.713 39.234 40.598 32.986 38.260 42.898 44.652 38.251 45.245 47.639 51.223 48.524 52.393 55.001 51.224 54.819 58.319 61.635 58.682 61.847 57.999 53.437 47.020 36.449 33.972 49.518 34.875 31.587 58.393 51.961 42.447 32.352 32.629 33.663 33.798 47.596 55.246 45.984 38.106 53.064 57.886 31.160 46.139 49.893 31.230 59.192 46.136 53.328 52.846 48.297 58.018 55.848 26.801 39.558 31.364 43.801 43.168 46.993 36.399 40.864 31.310 57.696 47.778 32.562 39.180 39.356 46.987 45.196
48.286 50.064 46.638 49.140 47.941 49.400 48.314 44.134 45.038 46.169 43.566 40.339 42.403 42.566 38.422 36.855 35.713 37.957 34.206 30.276 23.664 31.891 29.635 37.011 39.981 40.855 36.961 33.283 40.976 40.808 37.430 40.128 42.672 41.168 35.781 41.858 44.572 45.293 44.445 43.744 45.063 41.958 42.007 38.790 39.007 35.321 35.281 30.724 34.984 33.022 35.253 34.546 37.196 40.084 40.043 35.715 34.877 32.724 30.582 31.087 26.367 23.907 25.472 31.160 32.770 35.394 36.235 35.779 31.779 29.730 26.627 27.426 20.406 27.470 23.391 28.569 28.086 32.804 36.028 35.376 39.693 39.187 35.773 41.627 43.684 46.661 43.511 39.889 37.984 35.839 35.432 34.383 31.925 30.577 30.723 28.740 25.058 26.366 26.653 22.975 20.948 21.506 23.425 25.951 29.484 28.371 28.224 31.043 32.763 35.794 32.410 29.398 35.787 38.637 38.278 30.759 37.422 40.216 43.288 40.293 41.501 46.249 44.461 45.345 49.374 52.567 50.087 51.658 47.490 42.573 33.307 24.322 30.839 38.546 25.512 19.668 48.297 45.095 37.928 32.930 22.476 36.956 20.288 42.436 51.304 41.860 37.837 40.688 49.702 23.236 31.395 43.503 33.492 49.491 40.565 45.691 45.911 41.779 49.310 46.776 17.957 43.326 33.079 38.633 41.677 39.879 36.337 43.719 29.772 52.640 43.482 37.249 40.913 39.161 41.700 40.850
56.691 58.280 56.304 58.367 57.428 59.576 58.724 53.373 55.930 57.615 55.033 50.176 54.405 55.109 50.756 49.256 47.105 49.952 46.320 43.113 36.050 43.597 39.227 47.605 50.637 50.164 45.911 43.888 50.366 48.786 45.844 48.424 50.440 47.318 42.579 48.834 51.513 53.180 52.225 52.000 52.129 48.968 47.727 43.845 42.805 39.477 36.941 34.554 37.982 37.856 40.937 40.536 44.143 47.855 48.394 43.742 42.100 41.415 36.703 37.964 29.800 30.156 35.279 39.902 40.629 41.852 42.546 40.425 36.960 34.219 32.131 34.035 29.628 36.417 33.372 39.101 39.407 43.086 45.565 43.147 48.093 49.100 44.671 50.095 52.906 56.252 53.904 50.647 49.348 46.614 45.855 45.724 43.627 41.322 41.534 40.613 37.337 36.678 37.670 35.025 31.631 31.679 32.686 35.715 38.786 35.831 36.557 38.686 37.929 41.920 40.250 34.138 40.138 44.367 45.407 37.151 44.249 46.992 50.528 48.412 51.056 54.803 52.339 55.241 58.652 62.059 59.834 62.731 58.267 52.679 44.148 35.282 36.973 48.048 35.195 31.434 57.770 51.568 46.768 39.797 30.754 42.016 32.507 52.049 59.185 50.787 43.472 52.892 60.468 32.222 44.305 50.557 39.567 58.380 50.518 56.620 53.092 52.545 57.537 58.361 28.622 47.464 39.719 44.254 46.914 45.420 39.800 48.719 33.322 61.844 49.192 39.803 47.381 46.715 51.985 45.895
48.267 50.462 48.476 52.566 52.589 54.438 52.560 47.671 51.010 51.833 48.608 44.674 49.267 48.764 44.609 44.710 42.071 46.881 44.366 38.113 34.330 42.307 38.720 46.260 47.660 47.824 44.356 39.868 46.563 45.476 42.104 43.880 45.922 42.977 38.118 43.005 45.739 47.070 44.250 42.767 42.569 40.008 38.703 35.141 31.996 30.854 28.554 25.810 28.020 28.390 30.984 32.827 33.369 38.973 41.340 37.340 35.042 32.949 28.234 26.881 21.053 21.992 27.767 28.397 26.608 29.288 28.043 27.365 23.932 21.885 19.867 21.468 20.310 24.646 23.855 28.982 28.060 31.256 33.032 31.718 36.054 37.583 34.802 39.555 42.553 46.155 44.351 42.281 40.644 37.646 38.224 38.806 35.966 32.900 36.029 35.281 29.322 32.294 34.259 31.431 27.265 30.343 31.527 34.232 37.004 34.265 33.048 35.326 34.809 38.899 39.845 34.032 39.526 43.455 44.633 38.832 45.668 48.182 51.363 47.744 50.847 53.989 50.544 52.404 56.548 59.677 56.171 58.190 54.856 51.244 44.794 33.308 33.223 48.018 32.115 26.787 56.765 52.637 38.660 27.275 31.769 30.611 29.435 43.066 53.201 41.947 36.924 48.609 53.615 28.413 41.657 49.782 26.130 58.128 41.150 48.278 52.807 42.455 57.399 50.614 20.762 38.507 25.032 44.758 43.355 48.523 37.995 38.929 32.982 54.220 48.495 33.220 34.835 34.308 41.035 46.574
23.459 24.195 23.177 24.392 23.474 25.763 25.819 19.734 23.473 25.686 24.232 17.601 23.825 26.069 22.939 22.062 18.059 21.800 20.583 17.369 15.828 18.312 12.164 18.447 19.001 17.576 14.366 13.923 17.010 14.441 12.163 14.266 15.603 12.539 7.940 14.345 16.876 18.676 18.941 20.130 20.265 17.198 16.648 12.781 14.836 11.416 13.421 11.604 15.823 11.966 13.407 9.429 14.092 15.266 14.743 10.817 9.953 11.529 9.517 12.803 12.167 8.816 9.787 15.856 19.004 18.009 21.745 19.712 15.870 16.810 16.264 16.891 16.035 17.818 14.520 15.823 19.796 18.714 20.911 17.544 21.513 21.529 16.390 19.601 22.758 25.395 23.818 20.795 21.317 18.822 16.396 17.612 17.922 14.360 13.569 15.689 13.852 9.329 11.950 13.537 10.974 11.038 5.527 8.943 7.456 3.937 4.447 5.229 3.493 7.131 8.548 2.910 8.001 11.139 12.581 9.739 14.784 16.315 19.836 16.623 21.286 22.913 18.833 23.061 26.114 29.417 26.742 30.848 26.783 22.251 19.578 12.645 2.668 18.979 9.147 14.985 26.535 20.731 15.306 18.217 10.274 17.529 15.425 20.881 24.500 19.131 10.599 24.460 28.157 8.514 21.068 17.747 19.950 27.315 20.539 25.706 20.829 23.963 26.023 27.899 17.335 18.065 22.542 12.776 12.494 18.029 7.809 19.177 4.795 28.132 16.180 12.487 21.750 21.056 24.030 14.564
25.332 26.300 24.844 26.155 25.230 27.450 27.336 21.371 24.871 26.952 25.277 18.888 24.711 26.849 23.320 22.251 18.489 22.261 20.566 17.269 15.139 18.199 11.813 19.152 20.053 18.875 15.622 14.499 18.723 16.322 13.672 16.014 17.759 14.890 10.033 16.515 19.094 20.754 20.865 21.794 22.138 19.008 18.569 14.924 16.537 12.874 14.481 11.998 16.612 12.864 14.559 11.278 15.565 17.042 16.545 12.349 11.497 12.632 10.331 13.485 11.976 8.344 9.701 16.004 19.261 18.878 22.197 20.953 16.200 16.679 15.690 16.533 14.668 17.303 13.451 15.689 19.506 19.135 21.547 18.244 22.447 22.479 17.237 21.149 24.082 26.809 24.951 21.709 21.900 19.360 17.083 17.960 17.896 14.384 13.604 15.288 13.076 9.260 11.529 12.734 9.534 9.283 3.961 8.542 8.122 4.297 5.321 6.550 5.964 9.356 10.036 4.429 9.872 12.986 14.192 9.696 15.608 17.743 21.039 17.820 22.170 24.235 20.550 24.301 27.531 30.875 28.239 32.081 27.893 23.116 19.279 11.377 4.639 19.542 8.114 13.244 27.702 22.104 16.621 18.490 8.350 18.496 13.708 22.209 26.600 20.608 12.721 24.926 29.533 6.899 20.552 19.371 20.170 28.529 21.630 26.876 22.376 24.848 27.373 28.937 15.588 19.991 22.518 14.219 14.916 18.814 9.953 21.018 5.215 29.963 18.075 14.101 22.856 21.975 24.926 16.158
65.620 67.621 64.967 68.129 67.397 69.141 67.764 63.058 65.089 66.156 63.262 59.572 62.791 62.588 58.385 57.377 55.709 58.896 55.274 50.569 44.595 52.922 49.843 57.724 60.572 60.830 56.959 53.203 60.563 59.712 56.361 58.796 61.097 58.458 53.303 59.193 61.979 63.319 61.486 60.461 60.844 57.895 56.987 53.196 51.464 49.184 46.769 43.860 46.703 46.660 49.463 50.038 51.966 56.545 57.825 53.340 51.620 49.708 45.604 45.305 38.620 38.773 43.457 46.763 45.750 48.667 48.183 47.200 43.484 41.270 39.115 40.288 36.306 42.358 39.841 45.406 44.440 48.669 51.210 50.230 54.728 55.385 52.281 58.006 60.378 63.784 61.262 58.324 56.434 53.830 53.914 53.562 50.794 49.060 50.113 48.560 43.681 45.716 46.866 43.214 40.501 41.560 43.154 45.876 49.243 47.241 46.859 49.343 49.374 53.317 51.751 46.427 52.703 56.581 57.353 49.474 56.586 59.378 62.748 59.944 62.032 66.239 63.856 65.562 69.527 72.810 70.086 72.011 67.988 63.159 54.343 44.651 47.896 59.026 44.905 39.151 68.759 64.139 55.396 46.339 41.901 49.803 40.607 60.064 69.432 59.148 53.707 61.315 69.063 41.799 52.441 62.535 45.712 69.809 58.115 64.366 65.180 59.341 69.291 66.010 35.055 56.936 44.756 56.833 58.525 58.481 52.114 57.654 45.776 70.926 61.595 50.349 54.307 53.382 58.524 58.722
34.961 35.807 33.381 33.854 31.994 34.265 34.205 29.161 30.767 32.762 31.158 25.983 29.625 31.452 27.618 25.191 23.123 24.492 21.134 18.981 13.316 18.173 12.913 21.210 24.422 23.922 19.337 19.385 24.973 23.393 21.165 24.162 26.346 24.121 20.071 26.519 28.879 29.186 30.939 31.780 32.760 29.759 29.824 26.323 27.819 24.075 24.706 21.873 26.811 23.497 25.240 22.564 26.191 27.217 25.963 22.086 22.059 22.447 20.747 23.499 20.537 17.168 16.580 24.314 27.734 29.068 31.372 30.487 25.654 25.059 22.955 24.169 18.351 23.938 18.509 22.230 25.346 27.048 30.261 27.769 31.952 31.330 26.404 31.503 33.406 35.410 33.116 29.094 28.551 26.599 24.429 23.752 23.211 20.607 18.986 18.698 16.770 14.441 13.837 13.866 11.254 7.473 7.551 10.761 13.280 9.913 12.662 15.273 16.713 18.835 14.032 11.658 17.343 19.904 19.371 11.157 17.945 20.767 24.094 21.937 24.143 28.120 26.389 28.973 32.097 35.492 33.796 36.997 32.155 26.005 17.828 11.511 15.667 21.152 12.015 13.691 30.912 25.577 25.944 27.459 5.008 28.970 12.589 31.016 35.434 30.010 23.973 28.105 36.340 11.532 20.515 24.670 29.032 31.490 30.118 34.193 26.926 32.631 30.816 35.295 17.221 31.422 30.549 19.209 24.583 19.962 19.321 32.363 13.041 38.558 24.414 25.060 33.207 31.788 33.218 21.326
32.219 32.894 32.903 34.559 33.759 36.155 36.272 30.079 34.141 36.440 34.812 28.215 34.606 36.719 33.166 32.421 28.518 32.503 30.847 27.523 24.257 28.318 21.771 29.190 29.877 28.249 25.171 24.561 27.465 24.636 22.709 24.695 25.081 21.242 17.843 23.335 25.730 27.967 27.466 28.267 27.322 24.327 22.247 17.626 17.072 14.031 11.159 11.381 14.954 14.170 17.592 16.050 20.970 23.838 24.394 20.349 18.237 18.901 14.372 17.633 10.411 11.566 16.852 21.299 23.590 21.238 24.247 20.603 17.093 15.962 15.823 17.730 17.566 21.320 18.939 23.237 25.586 25.701 26.801 22.669 27.452 29.095 23.746 26.643 30.812 33.945 32.857 30.341 30.552 27.565 25.869 27.306 26.750 22.929 23.277 24.800 22.031 18.559 21.323 21.847 17.041 17.867 13.639 18.792 18.172 14.336 14.787 15.963 12.406 16.898 18.854 10.969 14.963 19.947 22.080 17.495 23.522 24.950 28.996 26.729 31.453 33.007 28.708 33.820 36.544 39.843 37.348 41.670 37.646 32.882 29.031 20.770 12.795 29.135 17.827 20.238 36.896 29.320 24.246 21.028 16.039 19.730 21.562 29.908 33.761 27.877 17.523 35.133 38.556 15.195 30.569 27.225 21.481 37.326 29.348 35.572 30.172 32.664 35.757 38.109 19.542 21.455 23.917 21.043 20.367 25.205 13.052 23.389 8.574 37.666 24.598 13.045 25.691 25.937 32.028 22.150
48.604 49.772 49.012 51.018 50.212 52.500 52.213 46.225 49.856 51.843 49.552 43.654 49.105 50.440 46.311 45.200 42.119 45.764 42.814 39.318 33.450 40.050 34.346 42.859 44.859 43.714 40.029 38.582 43.761 41.142 38.760 40.976 42.088 38.460 34.419 40.290 42.838 44.877 43.917 44.040 43.344 40.349 38.394 34.386 32.764 29.519 26.195 24.993 28.134 28.724 32.005 31.823 35.942 39.790 40.703 36.147 34.049 33.737 28.511 30.387 21.107 22.913 29.505 33.207 34.389 33.841 34.834 31.739 29.084 26.047 24.875 26.862 25.129 30.891 28.467 34.106 35.384 37.327 39.334 35.770 40.852 42.563 37.711 41.953 45.667 49.090 47.459 44.652 43.971 40.922 39.888 40.577 38.956 35.753 36.342 36.455 33.237 31.638 33.401 31.779 27.608 27.648 26.737 30.919 32.688 29.145 29.871 31.568 29.227 33.606 34.015 26.169 31.455 36.226 37.983 30.807 37.761 40.269 43.881 41.879 45.752 48.355 44.911 49.161 52.217 55.627 53.281 56.995 52.678 47.310 40.587 31.390 28.880 42.871 30.005 28.293 51.906 44.448 39.503 32.459 26.117 33.093 29.787 45.061 50.837 43.352 34.332 48.556 54.131 26.735 41.464 43.144 32.050 52.335 43.902 50.470 45.878 46.536 51.043 52.739 25.382 37.343 33.031 36.539 37.703 38.795 30.217 39.035 24.563 54.171 40.943 29.249 39.065 39.092 45.713 37.813
32.824 34.382 34.011 37.394 37.729 39.742 38.517 32.749 37.007 38.850 36.047 30.561 36.665 37.443 33.620 33.946 30.122 35.148 34.026 28.669 26.198 31.983 26.902 33.755 34.015 33.427 29.986 27.114 31.723 29.778 26.899 28.523 29.608 26.153 22.009 26.522 29.129 30.881 28.384 27.652 26.643 23.986 22.077 18.086 16.202 13.376 11.121 8.484 10.916 11.645 14.627 16.228 18.329 23.550 26.130 22.029 19.213 17.922 12.287 12.884 3.971 8.096 14.974 15.763 16.673 15.432 16.306 13.262 10.588 7.555 6.890 8.939 10.906 14.756 14.967 19.061 20.425 20.241 21.790 18.116 23.055 25.123 21.197 24.903 28.796 32.429 31.404 29.601 29.063 25.712 25.451 27.125 25.381 20.829 24.024 24.975 21.230 19.731 22.683 22.695 16.724 20.918 19.014 22.579 23.283 20.052 18.512 20.717 18.525 22.797 24.849 18.930 23.102 27.644 29.370 25.694 31.695 33.184 36.822 33.347 37.728 39.448 35.019 38.393 41.978 45.072 41.600 44.733 41.464 38.054 34.191 23.412 17.536 35.190 20.465 19.297 42.797 37.625 24.085 14.325 21.447 15.008 21.978 29.141 36.968 27.363 19.859 37.232 39.928 16.814 32.566 34.388 13.622 43.910 27.887 35.312 37.544 30.382 42.725 38.197 15.094 21.271 15.013 29.532 26.276 34.573 21.204 22.246 17.837 39.075 32.406 15.271 20.754 20.969 28.949 30.976
62.391 64.562 61.858 65.567 65.089 66.717 65.073 60.516 62.728 63.544 60.479 57.091 60.338 59.789 55.662 55.089 53.318 57.068 53.699 48.152 43.056 51.528 48.673 56.337 58.925 59.221 55.713 51.101 58.540 57.864 54.380 56.607 58.905 56.379 51.182 56.708 59.501 60.731 58.413 57.048 57.389 54.611 53.731 50.074 47.677 46.081 43.763 40.932 43.395 43.374 46.050 47.150 48.267 53.263 55.029 50.697 48.845 46.530 42.556 41.591 35.659 35.730 40.678 42.838 41.209 44.571 43.563 43.007 39.382 37.380 35.210 36.153 32.713 38.389 36.300 41.754 40.269 44.552 46.922 46.338 50.604 51.323 48.727 54.277 56.630 60.072 57.678 55.058 53.061 50.423 50.873 50.678 47.708 45.788 47.624 46.086 40.511 43.535 45.054 41.188 38.244 40.023 41.674 44.438 47.757 45.897 44.885 47.479 47.627 51.572 50.671 45.415 51.652 55.384 56.196 48.907 55.985 58.728 62.009 58.779 60.978 65.040 62.390 63.788 67.966 71.170 68.088 69.742 66.040 61.763 53.493 43.066 45.972 58.014 43.064 36.862 67.498 63.478 52.281 42.248 41.095 46.035 38.707 56.669 66.855 55.821 51.098 59.101 66.171 39.792 50.660 61.363 41.431 68.767 54.614 61.077 64.144 55.604 68.288 62.855 32.012 53.756 40.121 56.007 56.666 58.360 50.732 54.229 44.726 67.866 60.466 47.838 50.139 49.212 54.579 57.959
57.643 59.873 56.607 60.462 59.887 61.213 59.508 55.222 57.009 57.592 54.539 51.829 54.124 53.423 49.439 48.892 47.520 50.983 47.707 41.883 37.225 45.748 43.713 50.868 53.377 54.165 50.672 45.656 53.447 53.306 49.697 51.940 54.389 52.552 47.125 52.541 55.328 56.268 53.934 52.393 53.263 50.468 49.951 46.731 44.902 43.467 41.821 38.091 40.934 40.093 42.620 43.437 44.234 48.822 50.347 46.179 44.645 41.763 38.820 37.558 32.985 31.829 35.604 38.351 36.751 40.555 40.146 39.868 36.069 34.423 32.026 32.051 27.517 33.501 30.932 36.260 34.330 39.092 41.763 41.928 45.924 46.009 43.858 49.405 51.587 54.862 52.154 49.419 47.188 44.804 45.419 44.885 41.784 40.466 42.117 40.211 34.304 38.318 39.580 35.435 32.884 34.888 36.795 39.485 42.887 41.836 40.287 43.165 44.194 47.756 46.279 42.148 48.463 51.672 51.856 45.051 51.883 54.610 57.688 54.173 55.831 60.204 57.789 58.455 62.825 65.919 62.763 63.888 60.345 56.392 48.030 37.723 42.209 52.931 38.119 31.259 62.295 59.420 47.425 38.219 36.772 42.752 32.992 51.470 62.270 50.903 47.490 52.931 60.454 35.130 44.409 57.113 37.746 63.771 49.289 55.324 59.821 49.934 63.542 56.831 26.669 50.787 36.197 52.325 53.143 54.684 47.884 50.925 41.871 62.761 56.717 45.451 46.284 44.892 49.103 54.465
40.362 41.445 40.891 42.921 42.259 44.518 44.255 38.192 42.039 44.107 41.983 35.818 41.640 43.172 39.198 38.306 34.869 38.906 36.365 32.670 27.751 33.702 27.653 35.971 37.363 36.134 32.847 31.298 35.798 33.171 30.898 32.954 33.910 30.231 26.264 32.005 34.543 36.611 35.652 35.897 35.138 32.131 30.163 26.172 24.680 21.477 18.248 17.155 20.508 20.703 24.072 23.606 28.101 31.651 32.531 28.057 25.884 25.749 20.566 22.829 13.699 15.600 22.247 25.971 27.867 26.531 28.068 24.749 21.698 19.102 18.174 20.256 19.265 24.353 21.950 27.350 29.211 30.272 32.016 28.221 33.289 35.016 29.985 33.893 37.759 41.132 39.679 36.994 36.580 33.488 32.297 33.284 31.944 28.401 29.121 29.718 26.537 24.582 26.782 25.739 20.888 21.596 19.565 24.241 25.330 21.547 22.141 23.778 21.081 25.552 26.859 18.640 23.802 28.548 30.408 24.083 30.888 33.096 36.825 34.548 38.814 41.007 37.208 41.618 44.665 48.035 45.517 49.365 45.205 40.158 34.465 25.093 20.801 36.025 23.054 22.555 44.657 37.374 31.506 25.331 20.038 25.462 24.180 37.113 42.572 35.300 25.994 41.504 46.243 19.759 35.303 35.619 25.193 45.169 36.107 42.683 38.486 38.959 43.806 45.092 20.127 29.245 26.699 29.232 29.536 32.361 22.240 30.948 16.831 45.961 33.330 21.108 31.505 31.578 38.152 30.522
54.098 55.837 52.900 55.279 54.150 55.871 54.849 50.238 51.695 53.016 50.409 46.619 49.453 49.723 45.492 43.918 42.472 44.890 41.068 37.433 30.546 38.583 35.565 43.387 46.446 46.877 42.760 39.743 47.080 46.389 43.145 45.842 48.242 46.120 40.856 47.094 49.828 51.053 49.992 49.424 50.356 47.141 46.689 43.123 42.806 39.409 38.099 34.312 38.252 37.132 39.913 39.215 42.243 45.540 45.773 41.264 40.079 38.428 35.167 35.854 29.553 28.427 31.479 36.712 37.708 40.186 40.825 39.634 35.680 33.349 30.578 31.935 25.819 32.887 29.344 34.758 34.426 38.868 41.838 40.601 45.203 45.277 41.542 47.440 49.669 52.823 49.940 46.445 44.706 42.328 41.842 41.106 38.716 37.040 37.236 35.588 31.999 32.629 33.153 29.797 27.225 27.740 29.356 31.941 35.367 33.491 33.841 36.359 37.106 40.589 37.724 33.422 39.801 43.263 43.398 35.382 42.317 45.138 48.427 45.816 47.489 51.972 50.025 51.616 55.428 58.718 56.364 58.388 54.075 48.826 39.587 30.741 35.541 44.487 31.507 26.315 54.345 49.958 43.785 37.634 27.696 41.098 27.118 48.606 56.977 47.781 42.460 47.702 56.361 28.901 38.508 48.675 37.796 55.303 46.818 52.357 51.122 48.286 54.895 53.664 23.923 47.346 37.462 43.151 46.214 44.196 40.031 48.073 33.314 58.790 48.148 40.535 45.647 44.305 47.994 45.165
50.946 52.776 52.338 56.433 56.897 58.935 57.176 51.812 55.950 57.271 54.095 49.445 54.987 54.987 50.965 51.425 48.147 53.237 51.454 45.375 42.075 49.367 44.893 52.467 52.998 52.683 49.205 45.665 51.118 49.283 46.365 47.901 49.025 45.601 41.483 45.813 48.358 50.029 46.946 45.592 44.326 42.177 40.084 36.345 31.645 30.795 27.766 26.148 28.043 29.263 32.534 35.318 35.174 41.828 44.740 41.174 38.361 36.561 31.241 29.992 23.380 26.435 32.319 32.000 29.940 30.994 28.830 27.628 25.627 23.037 22.257 24.421 26.181 29.688 30.380 34.752 34.354 35.478 36.768 34.722 38.916 41.058 38.673 41.668 45.864 49.561 48.609 47.203 46.061 42.819 43.362 44.680 42.181 38.151 41.838 42.059 36.419 37.771 40.479 38.897 33.708 37.412 37.137 40.583 42.227 38.925 37.720 39.885 37.905 42.274 44.262 37.816 42.150 46.892 48.649 43.756 50.367 52.257 55.884 52.523 56.531 58.751 54.526 57.536 61.324 64.421 60.841 63.483 60.344 56.932 51.692 40.292 36.929 53.822 38.267 34.412 61.981 56.701 42.526 29.946 38.078 31.524 37.232 46.952 56.029 45.436 39.062 55.085 58.274 34.422 49.208 53.760 28.080 63.142 45.346 52.966 56.888 47.023 62.037 55.802 28.407 38.570 27.421 48.492 45.630 52.847 40.092 39.372 36.150 57.511 51.696 33.437 36.095 36.581 45.171 49.902
32.876 35.053 32.002 35.897 35.614 37.144 35.323 30.743 33.385 34.134 30.966 27.523 31.479 30.933 26.715 26.738 24.236 29.009 26.774 20.188 17.436 24.993 22.328 28.982 30.344 30.968 27.653 22.313 29.548 29.374 25.701 27.591 29.969 28.448 23.060 27.967 30.722 31.525 29.136 27.730 28.868 25.939 25.897 23.120 23.287 20.106 21.368 16.105 19.193 17.096 18.921 19.333 20.341 24.126 25.542 21.482 20.038 16.942 14.595 13.942 10.511 8.319 11.095 14.061 15.175 17.796 18.665 18.867 14.959 13.670 10.309 10.067 3.301 9.908 6.696 12.275 12.159 16.007 18.828 18.081 22.378 22.479 19.305 25.073 27.319 30.627 28.048 25.265 23.484 20.696 21.017 21.106 18.260 15.928 18.332 17.335 11.534 14.867 16.685 13.999 9.660 13.686 15.357 17.801 20.528 19.285 16.758 19.251 21.340 24.334 24.189 21.225 26.617 29.061 28.912 24.703 30.700 33.076 35.707 31.593 34.011 37.449 34.403 35.122 39.543 42.550 38.966 40.513 37.220 34.000 28.117 16.435 18.919 31.327 15.357 9.448 39.734 37.532 22.612 15.439 17.424 20.207 12.502 26.924 37.503 26.192 23.418 30.650 36.387 12.128 24.041 34.220 16.154 41.411 24.909 31.330 37.122 26.195 41.031 33.291 2.948 27.681 15.739 30.492 29.520 34.523 25.965 27.483 21.347 38.065 33.944 23.603 23.484 21.672 25.456 32.671
31.913 32.462 30.709 31.120 29.223 31.685 32.003 26.489 28.738 30.847 29.571 23.697 28.207 30.340 26.821 24.692 21.965 23.894 21.145 18.528 14.619 18.132 11.826 20.189 22.927 21.693 17.304 17.967 22.575 20.261 18.280 21.138 23.094 20.351 16.460 22.942 25.268 26.133 27.713 28.846 29.477 26.469 26.225 22.321 24.057 20.575 20.989 18.855 23.639 20.333 22.234 18.963 23.130 24.074 22.878 19.098 18.899 19.813 17.870 20.878 18.282 14.875 15.113 22.552 25.955 26.367 29.239 28.012 23.182 22.921 21.316 22.576 18.196 22.885 17.912 21.089 24.897 25.421 28.350 25.462 29.653 29.232 24.159 28.558 30.948 33.059 31.077 27.301 27.179 25.063 22.657 22.535 22.382 19.351 17.760 18.325 16.373 13.448 13.508 14.373 11.595 8.029 5.418 9.928 11.217 7.537 9.922 12.157 12.626 14.926 11.424 7.192 12.994 16.059 16.366 8.129 15.310 18.057 21.555 19.418 22.656 25.819 23.462 26.966 29.875 33.314 31.532 35.295 30.522 24.484 17.910 11.731 11.964 19.752 10.857 14.567 29.065 22.741 23.336 25.386 4.825 26.024 13.895 28.624 32.132 27.345 20.186 27.362 34.287 10.350 21.073 21.576 26.966 29.522 27.980 32.287 24.050 30.879 28.529 33.702 17.847 27.580 28.908 15.625 20.447 17.364 14.803 28.736 8.544 35.738 20.744 21.070 30.453 29.352 31.347 17.628
31.057 32.341 28.488 30.098 28.534 29.799 29.011 25.306 25.346 26.704 24.447 21.360 22.994 23.766 19.602 17.458 16.336 18.254 14.556 11.572 3.938 12.198 10.806 17.280 20.103 21.395 17.802 13.847 21.644 22.357 19.050 21.831 24.532 24.403 19.609 25.088 27.483 26.668 27.792 27.673 29.486 27.007 28.027 26.410 28.062 23.842 27.219 22.486 26.725 23.103 23.057 21.560 22.542 24.142 22.832 18.572 19.895 17.982 18.645 20.781 18.783 15.403 11.308 19.243 22.580 25.386 27.459 28.311 23.856 23.865 21.190 20.798 14.146 17.819 12.987 15.245 17.483 20.506 24.119 23.462 26.792 25.103 21.209 26.452 27.928 29.604 26.600 22.374 20.950 19.517 18.082 16.346 15.033 13.702 12.360 10.320 8.881 8.671 7.207 4.533 5.032 3.988 6.170 7.553 10.888 11.833 11.608 13.250 17.569 19.895 14.857 16.671 20.325 22.315 20.474 15.513 20.469 22.952 25.265 21.373 22.253 27.125 25.635 25.569 29.759 32.842 30.335 31.815 27.570 22.883 14.456 4.987 16.612 19.427 8.014 6.012 28.790 27.650 21.488 23.817 8.214 27.182 3.071 25.509 33.013 25.290 23.639 21.094 30.574 8.773 12.188 25.436 25.835 30.309 24.060 27.581 27.663 25.537 30.397 28.221 12.097 31.178 26.543 22.458 25.919 24.278 23.366 31.094 18.611 34.225 26.582 27.154 29.724 27.361 26.418 24.968
46.789 49.007 46.784 50.982 50.973 52.698 50.775 46.015 49.167 49.886 46.640 42.984 47.335 46.623 42.506 42.644 40.144 44.936 42.421 35.972 32.406 40.447 37.186 44.540 45.987 46.318 42.864 38.089 44.976 44.169 40.672 42.456 44.575 41.927 36.936 41.788 44.534 45.739 42.876 41.287 41.327 38.749 37.596 34.236 31.320 30.354 28.329 25.281 27.483 27.475 29.991 31.737 32.083 37.568 39.841 35.920 33.744 31.341 27.079 25.513 20.393 20.661 26.115 26.808 24.954 28.086 26.949 26.438 22.873 21.012 18.864 19.919 18.230 22.784 21.794 26.952 25.773 29.248 31.167 30.217 34.460 35.720 33.143 38.161 40.878 44.435 42.487 40.370 38.614 35.693 36.371 36.825 33.890 31.033 34.171 33.267 27.130 30.547 32.457 29.475 25.384 28.667 29.969 32.663 35.532 33.081 31.592 34.020 33.910 37.845 38.561 33.222 38.788 42.478 43.383 37.786 44.538 47.053 50.155 46.396 49.287 52.565 49.263 50.751 54.996 58.087 54.528 56.325 53.056 49.583 43.094 31.563 32.154 46.476 30.509 24.821 55.195 51.545 37.072 25.888 30.488 29.668 27.493 41.345 51.844 40.347 35.926 46.577 51.762 26.886 39.589 48.593 24.890 56.652 39.352 46.360 51.599 40.504 56.026 48.604 18.710 37.798 23.618 43.804 42.449 47.585 37.387 38.052 32.358 52.624 47.519 32.796 33.621 32.863 39.143 45.706
53.217 54.591 52.826 54.404 53.158 55.440 55.055 49.506 52.206 54.132 51.760 46.470 50.894 52.047 47.807 46.083 43.780 46.325 42.787 40.109 32.999 39.943 35.057 43.509 46.593 45.806 41.420 40.294 46.259 44.300 41.682 44.311 46.094 42.931 38.446 44.802 47.393 49.169 48.677 48.836 48.911 45.688 44.372 40.536 39.515 36.140 33.476 31.594 35.291 34.872 38.129 37.173 41.531 44.615 44.744 40.141 38.621 38.350 33.765 35.650 27.330 27.613 32.525 37.737 39.391 39.849 41.075 38.578 35.200 32.334 30.395 32.473 28.031 34.881 31.352 37.204 38.078 41.425 43.845 40.884 45.898 46.970 42.043 47.168 50.165 53.408 51.136 47.760 46.747 44.038 42.889 42.825 41.102 38.521 38.379 37.762 34.804 33.437 34.272 32.224 28.654 27.973 28.417 31.887 34.712 31.377 32.612 34.614 33.554 37.453 35.642 29.326 35.105 39.419 40.517 32.171 39.158 41.855 45.432 43.669 46.508 50.030 47.571 50.980 54.105 57.538 55.575 58.861 54.236 48.349 40.051 31.864 32.870 43.536 31.651 29.066 53.158 46.314 43.577 37.951 26.546 39.581 29.855 49.032 55.044 47.655 39.668 49.512 56.981 28.893 41.204 45.610 37.968 53.563 47.717 53.592 48.058 50.054 52.592 55.318 27.157 44.097 38.615 39.096 42.319 39.971 34.982 45.558 28.495 58.190 44.098 36.086 45.168 44.582 49.654 40.616
64.307 66.158 64.271 67.113 66.518 68.650 67.389 62.090 64.986 66.376 63.519 58.937 63.338 63.524 59.174 58.181 55.928 59.490 55.974 51.650 45.418 53.412 49.280 57.593 60.330 59.955 56.008 53.010 59.693 58.161 55.059 57.403 59.340 56.059 51.321 57.197 59.924 61.590 59.900 59.198 58.989 56.072 54.595 50.613 48.685 45.904 43.060 40.981 43.583 44.304 47.194 47.878 50.347 55.091 56.516 51.938 49.920 48.747 43.682 43.936 35.972 37.117 43.114 45.912 45.256 47.041 46.630 44.933 41.685 39.135 37.255 39.072 36.193 42.152 40.163 45.678 45.362 48.973 51.162 49.156 53.934 55.295 51.529 56.803 59.699 63.230 61.119 58.315 56.815 53.934 53.725 53.831 51.345 48.886 50.075 49.096 44.596 45.463 46.938 43.841 40.494 41.471 42.617 45.386 48.490 45.665 45.697 47.811 46.804 51.052 50.363 43.851 49.790 54.149 55.490 47.618 54.801 57.518 61.047 58.577 61.417 65.037 62.191 64.954 68.606 71.978 69.351 71.999 67.841 62.746 54.514 44.727 45.759 58.407 44.364 39.723 68.018 62.079 54.419 45.105 40.939 47.539 41.333 59.468 67.733 58.205 51.255 62.001 68.900 41.024 53.586 60.628 44.276 68.811 57.755 64.399 63.341 59.486 67.956 66.382 35.528 53.897 43.832 54.430 55.771 56.253 48.805 55.017 42.744 69.926 59.088 46.750 52.674 52.256 58.512 56.049
55.256 57.236 56.033 60.111 60.323 62.372 60.489 55.319 59.171 60.140 56.911 52.603 57.648 57.376 53.232 53.429 50.544 55.449 53.079 46.982 43.110 50.936 46.854 54.601 55.759 55.637 52.155 48.200 54.434 52.781 49.728 51.366 52.973 49.637 45.201 49.877 52.529 54.087 51.154 49.742 48.929 46.587 44.804 41.065 36.911 35.882 33.007 31.039 33.085 34.031 37.095 39.458 39.735 45.935 48.608 44.745 42.160 40.296 35.108 33.843 27.280 29.536 35.496 35.625 33.509 35.442 33.469 32.595 29.992 27.821 26.255 28.233 28.667 32.529 32.398 37.262 36.373 38.772 40.327 38.668 42.920 44.811 42.265 46.078 49.762 53.433 52.057 50.308 48.869 45.752 46.324 47.218 44.497 41.012 44.432 43.972 38.118 40.459 42.681 40.217 35.704 38.802 39.449 42.454 44.812 41.694 40.799 42.869 41.477 45.819 47.435 40.763 45.815 50.273 51.835 46.075 52.964 55.336 58.719 55.357 58.901 61.681 57.872 60.431 64.381 67.539 64.052 66.416 63.101 59.416 53.210 41.823 40.276 56.077 40.352 35.607 64.728 59.727 46.153 33.959 39.609 36.330 38.251 50.601 60.188 49.275 43.349 57.257 61.578 36.553 50.540 56.998 32.344 65.933 48.821 56.224 60.066 50.273 64.993 58.794 29.627 43.740 31.359 51.605 49.737 55.425 43.962 44.439 39.291 61.508 55.230 38.314 40.766 40.826 48.609 53.187
50.677 52.240 49.862 51.812 50.712 52.757 51.903 46.806 48.885 50.532 48.019 43.437 47.273 47.925 43.583 41.923 39.991 42.575 38.856 35.810 28.564 36.159 32.124 40.370 43.449 43.281 39.017 36.840 43.579 42.336 39.304 41.998 44.225 41.570 36.584 42.949 45.638 47.111 46.347 46.150 46.735 43.472 42.673 38.995 38.433 34.987 33.203 30.112 34.132 33.162 36.172 35.210 38.993 42.109 42.212 37.597 36.282 35.399 31.451 32.882 25.588 24.901 28.794 34.218 35.816 37.253 38.356 36.571 32.805 30.104 27.634 29.571 23.785 30.943 27.205 32.942 33.337 37.229 39.971 37.827 42.671 43.191 38.767 44.542 46.949 50.143 47.527 44.037 42.674 40.117 39.247 38.839 36.801 34.613 34.609 33.493 30.588 29.753 30.456 27.750 24.565 24.486 25.929 28.626 31.828 29.237 30.069 32.307 32.315 35.995 33.571 28.343 34.586 38.413 38.972 30.743 37.813 40.608 44.050 41.739 44.011 48.052 45.897 48.263 51.792 55.168 52.958 55.612 51.130 45.566 36.785 28.008 31.093 40.993 28.268 24.386 50.803 45.320 40.608 34.971 23.780 37.593 25.193 45.788 53.043 44.692 38.117 45.555 53.635 25.542 36.791 44.213 35.171 51.533 44.236 49.941 46.699 46.177 50.859 51.463 22.359 43.008 35.405 38.242 41.376 39.342 34.703 44.055 27.972 55.494 43.267 35.640 42.651 41.615 45.868 40.085
34.854 35.462 36.048 38.152 37.746 40.018 39.949 33.755 38.057 40.397 38.558 32.048 38.635 40.515 36.939 36.531 32.525 36.816 35.359 31.544 28.386 32.977 26.551 33.796 34.278 32.721 29.594 28.702 31.487 28.733 26.578 28.606 28.683 24.727 21.635 26.547 28.894 31.195 30.113 30.601 29.127 26.384 23.822 19.522 17.797 14.644 10.925 11.176 14.310 15.150 18.473 18.274 22.977 26.452 27.702 23.679 21.142 21.362 16.184 18.839 10.429 13.398 19.744 22.491 24.560 21.717 23.759 19.745 17.211 15.385 15.756 17.523 18.662 22.487 21.116 25.518 27.431 27.126 28.170 23.939 28.771 30.778 25.946 28.493 32.997 36.312 35.543 33.429 33.565 30.398 29.099 30.791 29.953 25.677 27.057 28.533 25.576 22.270 25.250 25.683 20.354 22.203 18.300 23.247 22.753 18.979 18.865 20.278 16.492 21.028 23.225 15.776 19.110 24.381 26.645 22.530 28.432 29.584 33.745 31.435 36.167 37.618 33.016 38.224 40.972 44.205 41.519 45.784 41.987 37.556 33.886 25.027 16.862 33.999 22.012 23.413 41.536 33.949 27.115 21.484 20.643 19.875 25.176 32.640 36.989 30.516 20.120 39.342 42.098 18.989 34.858 31.713 21.299 42.002 32.001 38.721 34.695 35.216 40.376 41.500 21.395 22.229 23.576 25.691 23.847 30.031 16.866 24.270 13.439 40.710 28.860 13.893 26.147 26.837 34.211 26.625
50.283 51.706 50.873 53.429 53.089 55.171 54.404 48.565 52.325 54.150 51.403 45.897 51.287 52.175 47.954 47.191 44.138 48.291 45.346 41.177 35.551 42.719 37.446 45.875 47.686 46.843 43.377 40.894 46.547 44.169 41.530 43.619 44.910 41.311 37.055 42.690 45.317 47.244 45.686 45.360 44.619 41.749 39.816 35.754 34.083 30.732 27.737 25.936 28.705 29.777 32.805 33.401 36.545 41.145 42.676 38.142 35.842 35.039 29.625 30.701 21.609 23.693 30.834 33.242 33.528 33.676 33.981 31.264 28.527 25.685 24.218 26.263 25.105 30.569 28.903 34.350 35.103 37.221 39.262 36.048 41.046 42.847 38.529 42.948 46.549 50.107 48.507 45.939 45.012 41.880 41.297 42.042 40.043 36.694 38.133 38.044 34.264 33.579 35.646 33.471 29.082 30.310 29.740 33.620 35.668 32.188 32.484 34.277 32.202 36.676 37.492 29.833 35.278 39.922 41.637 34.764 41.809 44.339 47.892 45.453 49.244 51.957 48.385 52.159 55.517 58.886 56.191 59.537 55.458 50.513 43.793 33.721 31.557 46.341 32.308 29.486 55.382 48.605 40.992 32.202 29.310 33.377 31.392 46.342 53.331 44.716 36.421 50.748 56.090 28.748 43.592 46.865 31.429 56.045 44.974 51.892 49.725 47.313 54.854 54.269 25.446 38.704 31.898 40.552 40.804 43.298 33.710 40.151 28.239 56.122 44.779 31.176 39.110 39.145 46.242 41.943
51.533 53.625 49.936 53.363 52.485 53.667 52.161 48.121 49.253 49.893 47.015 44.557 46.117 45.644 41.678 40.752 39.748 42.552 39.154 33.810 28.743 37.213 35.693 42.557 45.186 46.338 42.789 37.915 45.914 46.114 42.516 44.937 47.516 46.184 40.700 46.285 49.037 49.794 47.940 46.613 48.025 45.062 45.061 42.039 41.614 38.762 38.659 33.943 37.432 35.782 38.058 38.158 39.510 43.139 43.908 39.786 38.723 35.741 33.746 33.005 29.238 26.802 28.937 33.028 32.918 36.423 36.837 36.816 32.831 31.360 28.247 28.170 21.941 28.532 24.993 30.226 28.724 33.664 36.779 37.109 41.070 40.506 38.142 43.823 45.851 48.909 45.808 42.643 40.369 38.241 38.576 37.604 34.638 33.826 34.691 32.477 27.096 30.888 31.648 27.403 25.624 27.014 29.112 31.679 35.176 34.618 33.257 36.180 38.147 41.256 38.712 35.746 42.090 44.823 44.479 37.697 44.260 46.987 49.921 46.428 47.556 52.267 50.246 50.519 54.882 57.940 54.999 55.953 52.267 48.159 39.401 29.677 35.983 44.684 30.652 23.630 54.100 51.839 41.179 34.137 29.177 38.934 24.890 45.187 55.636 44.798 41.982 44.747 53.182 28.126 35.832 49.690 34.295 55.600 43.038 48.453 52.230 43.681 55.550 49.618 20.243 46.498 33.057 45.250 46.989 47.186 42.135 46.537 35.963 56.132 49.748 41.232 42.289 40.463 43.275 47.523
37.234 39.458 36.505 40.501 40.245 41.772 39.927 35.352 37.991 38.689 35.503 32.157 35.998 35.304 31.133 31.128 28.792 33.481 30.982 24.423 21.209 29.137 26.453 33.348 34.918 35.493 32.177 26.874 34.153 33.877 30.230 32.142 34.486 32.732 27.363 32.330 35.096 35.988 33.471 31.972 32.864 30.021 29.693 26.716 25.913 23.612 23.747 18.934 21.846 20.309 22.668 23.245 24.009 28.347 30.036 25.952 24.323 21.349 18.657 17.384 13.996 11.787 15.720 18.058 17.757 20.910 21.307 21.122 17.124 15.769 12.578 12.480 7.344 13.456 10.953 16.462 15.748 19.698 22.343 21.761 26.033 26.364 23.518 29.179 31.462 34.832 32.351 29.724 27.854 25.091 25.579 25.649 22.703 20.415 22.935 21.786 15.776 19.434 21.230 18.082 14.066 17.728 19.324 21.909 24.808 23.335 21.142 23.854 25.194 28.496 28.381 24.692 30.373 33.144 33.238 28.375 34.697 37.161 40.014 35.947 38.355 41.899 38.876 39.705 44.107 47.139 43.591 45.103 41.799 38.461 32.103 20.496 22.943 35.609 19.666 13.446 44.218 41.693 27.063 18.474 20.771 23.184 16.256 31.309 42.002 30.557 27.411 35.085 40.943 16.335 28.100 38.548 18.614 45.845 29.252 35.766 41.458 30.388 45.444 37.728 7.229 31.057 17.739 34.472 33.621 38.282 29.522 30.971 24.550 42.555 38.109 26.605 26.657 25.083 29.488 36.610
62.809 64.596 62.039 64.568 63.595 65.472 64.388 59.511 61.439 62.792 60.102 56.039 59.389 59.579 55.310 53.889 52.233 54.943 51.139 47.350 40.595 48.611 45.212 53.245 56.290 56.428 52.270 49.419 56.549 55.514 52.335 54.943 57.219 54.536 49.471 55.657 58.403 59.831 58.551 57.928 58.394 55.274 54.365 50.563 49.749 46.455 44.369 41.256 44.595 44.341 47.221 47.124 49.950 53.919 54.621 50.038 48.505 47.066 42.955 43.435 36.213 36.148 40.522 44.934 44.931 47.259 47.481 46.029 42.254 39.884 37.514 39.077 34.166 40.849 37.911 43.466 43.007 47.239 49.933 48.456 53.166 53.744 50.036 55.885 58.251 61.577 58.956 55.701 54.003 51.438 51.082 50.623 48.153 46.356 46.776 45.317 41.328 42.122 42.938 39.646 36.807 37.387 38.919 41.550 44.882 42.578 42.983 45.307 45.278 49.122 46.953 41.681 47.917 51.833 52.443 44.262 51.319 54.120 57.538 55.129 57.169 61.408 59.261 61.293 65.007 68.346 65.975 68.231 63.917 58.600 49.506 40.553 43.970 54.154 40.969 35.923 64.004 58.847 52.583 44.931 37.051 48.027 36.993 57.521 65.867 56.528 50.436 57.694 65.909 38.078 48.623 57.686 44.616 64.839 55.733 61.708 60.192 57.266 64.265 63.235 32.729 54.403 44.138 51.755 54.414 52.817 47.706 55.335 41.129 67.874 56.733 47.267 52.884 51.923 56.698 53.584
33.431 33.768 34.801 36.735 36.258 38.601 38.737 32.522 36.914 39.355 37.752 31.109 37.901 40.008 36.616 36.278 32.136 36.329 35.127 31.607 28.971 32.784 26.341 33.064 33.361 31.603 28.589 28.206 30.164 27.313 25.252 27.234 26.968 22.990 20.407 24.986 27.196 29.608 28.702 29.427 27.712 25.077 22.308 17.706 16.092 13.226 9.276 10.656 13.562 14.446 17.674 17.290 22.102 25.374 26.475 22.751 20.217 20.750 15.655 18.782 10.848 14.065 19.776 22.571 24.652 21.206 23.742 19.539 17.176 15.786 16.661 18.268 19.841 23.175 21.961 25.960 27.875 27.205 27.958 23.618 28.263 30.301 25.487 27.420 32.121 35.332 34.801 32.840 33.230 30.118 28.674 30.550 29.999 25.634 26.935 28.717 25.939 22.170 25.291 26.208 21.023 22.753 18.315 23.112 22.144 18.479 18.317 19.323 15.278 19.675 22.007 14.815 17.412 22.861 25.275 21.957 27.391 28.136 32.435 30.286 35.010 36.192 31.353 37.106 39.632 42.812 40.194 44.690 40.969 36.652 33.689 25.422 16.055 33.242 22.201 24.437 40.337 32.457 26.284 21.563 21.116 19.202 26.077 31.750 35.248 29.520 18.624 38.874 41.014 19.480 35.001 30.214 21.468 40.707 31.314 37.890 33.172 34.691 38.964 40.735 22.873 20.465 24.036 24.280 21.934 28.855 15.007 22.714 12.556 39.246 27.117 11.981 25.437 26.336 33.705 25.015
41.348 42.210 40.245 40.952 39.112 41.515 41.573 36.224 38.283 40.285 38.596 33.190 37.217 38.946 34.991 32.735 30.560 32.197 28.767 26.645 20.231 25.814 20.578 28.886 32.089 31.324 26.719 26.822 32.294 30.157 28.115 30.986 33.006 30.203 26.011 32.553 34.982 36.048 37.039 37.779 38.356 35.175 34.572 30.587 31.256 27.843 26.595 24.366 29.070 26.826 29.622 27.258 31.375 33.175 32.393 28.228 27.556 28.042 24.911 27.645 21.840 20.072 21.964 29.007 32.091 32.881 34.885 33.137 28.595 27.083 25.015 26.919 21.215 27.714 22.769 27.939 30.020 32.599 35.352 32.359 37.008 37.149 31.959 36.995 39.478 42.155 39.714 35.899 35.256 32.978 31.088 30.693 29.759 27.045 25.941 25.593 23.198 21.119 21.117 20.322 17.089 14.568 14.518 18.180 20.730 17.136 19.336 21.669 21.646 24.631 21.128 16.385 22.173 25.751 26.019 17.519 24.369 27.122 30.621 28.973 31.513 35.193 33.262 36.462 39.387 42.808 41.199 44.622 39.780 33.544 25.330 18.707 20.934 28.568 18.837 18.780 38.206 31.717 32.143 31.031 12.400 32.378 18.463 37.499 42.037 36.273 28.897 35.764 43.707 17.224 27.899 31.214 32.053 38.552 36.508 41.259 33.474 39.079 37.680 42.599 20.137 35.337 33.414 25.008 29.951 25.414 23.358 36.639 16.591 45.444 30.272 27.856 37.400 36.360 39.312 26.762
66.079 68.095 65.206 68.378 67.569 69.194 67.822 63.310 65.024 66.016 63.146 59.726 62.489 62.256 58.113 57.046 55.595 58.536 54.899 50.211 44.259 52.608 49.868 57.580 60.453 60.937 57.071 53.200 60.726 60.079 56.685 59.164 61.534 59.148 53.893 59.801 62.591 63.832 62.032 60.958 61.546 58.574 57.853 54.137 52.600 50.289 48.124 44.915 47.909 47.602 50.373 50.823 52.685 57.109 58.258 53.810 52.222 50.118 46.373 45.999 39.695 39.444 43.682 47.296 46.290 49.484 49.081 48.197 44.410 42.297 40.041 40.937 36.523 42.734 40.002 45.540 44.422 48.840 51.508 50.811 55.222 55.628 52.682 58.426 60.735 64.076 61.410 58.394 56.403 53.912 54.037 53.515 50.703 49.249 50.136 48.404 43.448 45.805 46.789 43.018 40.533 41.544 43.251 45.944 49.374 47.593 47.184 49.779 50.136 53.948 52.020 47.120 53.463 57.175 57.710 49.853 56.897 59.702 63.014 60.166 61.983 66.380 64.148 65.583 69.606 72.857 70.158 71.874 67.869 63.080 54.059 44.565 48.550 58.989 45.051 39.057 68.745 64.507 55.781 47.042 42.088 50.771 40.391 60.338 69.906 59.533 54.520 60.991 69.075 42.078 51.965 62.921 46.526 69.848 58.339 64.394 65.515 59.428 69.438 65.898 35.159 58.018 45.471 57.371 59.303 58.872 53.052 58.636 46.628 71.231 62.178 51.558 55.097 54.006 58.702 59.331
31.409 31.995 33.107 35.705 35.744 37.922 37.586 31.481 36.054 38.449 36.409 30.088 36.961 38.677 35.142 35.446 31.193 35.803 35.015 30.822 28.923 33.077 26.985 33.191 33.176 31.758 28.600 27.536 29.762 27.239 24.750 26.366 26.419 22.619 19.556 23.910 26.191 28.461 26.761 26.992 25.090 22.606 19.741 15.758 13.380 10.002 6.473 6.780 9.415 11.220 14.250 15.023 18.911 22.953 25.082 21.319 18.426 18.392 13.074 15.261 7.508 11.988 17.923 19.128 20.937 17.353 19.371 15.078 13.216 11.299 12.993 14.449 16.677 20.028 19.848 23.353 24.982 23.853 24.512 20.184 24.799 27.035 22.731 24.567 29.349 32.720 32.372 30.790 31.077 27.838 26.628 28.943 28.175 23.405 25.679 27.480 24.796 21.113 24.485 25.621 20.024 23.061 19.000 23.140 22.412 18.984 17.895 19.411 15.520 19.867 22.354 16.006 18.633 23.963 26.257 23.762 29.031 29.625 33.812 31.104 35.778 36.972 31.698 37.034 39.858 42.934 39.880 44.003 40.644 36.986 34.481 25.436 15.854 34.056 21.971 23.598 40.871 34.007 24.212 17.697 22.280 15.258 25.658 29.465 34.219 27.239 17.062 38.147 39.572 19.017 34.672 31.135 17.289 41.526 28.887 35.907 34.218 32.090 39.900 38.961 21.252 17.757 19.844 25.875 21.991 31.122 16.196 19.742 14.450 37.592 28.257 10.005 21.566 22.636 30.800 26.743
59.199 60.905 59.193 61.647 60.967 63.116 62.134 56.656 59.675 61.264 58.524 53.588 58.169 58.750 54.381 53.218 50.822 54.223 50.753 46.938 40.390 48.087 43.565 51.994 54.730 54.151 50.133 47.683 54.076 52.318 49.368 51.764 53.567 50.241 45.616 51.623 54.313 56.063 54.698 54.276 54.049 51.039 49.512 45.519 44.167 40.941 38.135 35.977 38.836 39.412 42.393 42.660 45.744 50.104 51.218 46.592 44.638 43.739 38.674 39.500 31.086 32.185 38.237 41.668 41.655 42.875 43.056 40.894 37.672 35.000 33.193 35.002 31.897 38.154 35.901 41.470 41.608 45.053 47.260 44.786 49.714 51.122 46.894 52.046 55.105 58.591 56.502 53.562 52.260 49.360 48.850 49.005 46.760 44.234 45.009 44.237 40.325 40.264 41.676 38.929 35.378 35.942 36.764 39.827 42.784 39.795 40.044 42.104 40.903 45.137 44.378 37.681 43.544 47.974 49.361 41.417 48.573 51.269 54.832 52.556 55.550 59.025 56.161 59.272 62.750 66.151 63.687 66.626 62.333 57.019 48.928 39.425 40.006 52.550 38.952 34.996 62.126 55.773 49.399 40.994 35.115 43.056 36.470 54.641 62.157 53.282 45.786 56.925 63.790 35.678 48.644 54.486 40.373 62.792 53.071 59.604 57.159 55.066 61.850 61.590 31.295 48.834 40.341 48.145 49.824 49.846 42.677 50.112 36.550 64.714 52.852 41.326 48.465 48.074 54.219 49.703
39.438 39.629 39.327 39.960 37.903 40.819 41.538 35.562 38.774 41.018 39.921 33.445 38.958 41.226 37.807 36.085 32.887 35.366 32.875 30.126 25.951 29.630 23.336 31.381 33.334 31.450 27.630 28.866 32.068 28.733 27.527 29.868 30.484 27.061 23.835 29.853 32.063 34.221 34.820 36.065 35.651 32.532 30.863 25.889 26.202 23.363 20.640 20.874 24.697 23.516 26.890 24.216 29.285 31.271 30.902 27.085 25.771 26.828 23.021 26.282 19.428 19.347 23.436 29.253 32.002 30.551 33.492 30.184 26.375 25.027 24.181 26.296 23.873 28.885 25.144 29.797 32.661 33.449 35.185 31.349 36.088 37.011 31.618 35.014 38.683 41.539 39.960 36.798 36.888 34.260 32.140 32.791 32.388 29.025 28.184 29.100 26.592 23.812 24.818 25.129 21.413 19.208 16.587 21.378 21.674 18.058 19.896 20.884 18.360 21.967 21.647 13.797 18.128 22.894 24.684 17.583 23.870 26.190 29.821 28.740 32.660 34.960 31.737 37.033 39.302 42.710 41.117 45.509 40.988 35.005 29.372 23.080 18.894 30.294 21.483 23.721 38.780 30.052 31.450 29.947 16.373 29.261 24.073 37.099 39.619 35.294 25.349 38.682 44.076 19.571 32.814 29.530 30.600 38.730 36.582 41.891 31.973 39.822 37.195 43.861 24.214 30.410 32.732 22.542 25.809 24.093 18.027 32.414 12.393 44.068 27.152 22.050 35.014 34.912 39.671 23.549
33.510 33.709 32.109 32.197 29.814 32.516 33.169 27.752 29.752 31.914 30.987 25.121 29.442 31.660 28.465 26.093 23.462 24.834 22.089 19.718 16.256 18.631 12.771 20.777 23.766 22.287 17.707 19.528 23.566 20.698 19.483 22.346 24.136 21.127 17.973 24.310 26.477 27.148 29.374 30.752 31.312 28.227 28.080 23.922 25.837 22.606 22.699 21.094 25.768 22.571 24.515 20.894 25.265 25.906 24.479 21.002 20.954 22.044 20.230 23.317 20.623 17.449 17.709 25.145 28.558 28.766 31.794 30.413 25.650 25.402 23.899 25.205 20.883 25.594 20.616 23.587 27.519 27.873 30.821 27.940 32.050 31.520 26.509 30.633 33.034 34.846 33.073 29.269 29.273 27.297 24.742 24.544 24.607 21.637 19.805 20.391 18.686 15.717 15.364 16.526 14.040 10.036 7.458 11.711 12.636 8.500 11.811 13.778 14.110 16.068 11.988 8.257 13.240 16.274 16.393 7.896 14.766 17.492 21.043 19.523 22.587 25.762 23.681 27.527 30.094 33.528 32.120 36.084 31.182 24.807 18.146 13.616 13.855 19.822 13.091 17.009 29.057 22.077 25.365 27.965 6.711 28.332 16.065 30.571 33.132 29.286 21.910 28.526 35.602 12.966 22.343 21.530 29.534 29.265 30.064 34.017 23.788 33.015 28.204 35.302 20.448 29.328 31.548 15.322 21.257 16.099 15.487 30.619 9.563 37.063 20.636 22.685 32.799 31.776 33.590 17.156
40.681 42.934 39.515 43.667 43.292 44.515 42.621 38.344 40.461 40.901 37.725 35.170 37.794 36.905 32.895 32.833 31.099 35.466 32.668 25.883 22.765 30.984 29.210 35.722 37.705 38.487 35.244 29.553 37.251 37.446 33.734 35.704 38.168 36.854 31.454 36.257 39.069 39.739 37.196 35.492 36.749 33.986 33.828 31.227 30.349 28.267 28.677 23.837 26.482 24.946 26.959 27.683 27.990 32.118 33.604 29.760 28.420 24.965 22.748 21.522 18.370 16.483 18.939 21.529 20.813 24.471 24.833 25.236 21.336 20.331 17.204 16.390 10.624 16.741 13.852 19.082 17.473 22.068 24.952 25.403 29.236 28.973 26.892 32.416 34.514 37.722 34.960 32.280 30.068 27.633 28.396 28.010 24.833 23.389 25.625 23.889 17.545 22.382 23.897 20.028 16.843 20.297 22.244 24.773 27.864 27.129 24.748 27.080 29.615 32.648 31.839 28.852 34.705 37.141 36.800 31.845 38.068 40.571 43.234 39.196 40.991 44.967 42.272 42.478 47.027 49.979 46.450 47.423 44.216 41.020 34.079 22.883 27.235 38.261 22.785 15.627 46.947 45.187 30.524 22.314 23.765 27.525 18.048 34.334 45.616 33.882 31.845 36.871 43.464 19.871 29.387 42.127 22.471 48.697 32.119 38.188 44.920 32.758 48.522 39.834 10.205 35.625 21.060 38.310 37.951 41.720 34.093 35.330 28.955 45.693 42.049 31.523 30.403 28.548 31.985 40.555
55.182 56.953 55.698 58.933 58.740 60.879 59.504 54.011 57.707 59.028 56.024 51.168 56.222 56.516 52.210 51.753 48.938 53.411 50.382 45.389 40.150 47.930 43.361 51.600 53.412 52.969 49.585 46.091 52.319 50.423 47.467 49.469 51.067 47.615 43.105 48.498 51.189 52.925 50.779 49.930 49.291 46.577 44.821 40.819 38.126 35.718 32.738 30.993 33.263 34.273 37.290 38.616 40.583 45.847 47.909 43.470 41.096 39.760 34.415 34.371 26.307 28.263 35.374 36.523 35.643 36.926 36.183 34.377 31.473 28.878 27.194 29.224 28.252 33.306 32.243 37.480 37.422 40.061 41.999 39.602 44.343 46.125 42.527 47.097 50.502 54.136 52.469 50.123 48.832 45.728 45.685 46.327 43.881 40.661 42.838 42.358 37.478 38.502 40.660 37.829 33.661 35.613 35.925 39.214 41.729 38.494 38.345 40.265 38.719 43.149 43.972 36.829 42.464 46.884 48.460 41.689 48.796 51.374 54.849 52.010 55.495 58.490 54.980 58.047 61.741 65.052 62.044 64.853 61.020 56.491 49.510 38.810 37.728 52.566 37.630 33.443 61.680 55.767 45.697 35.286 35.381 37.294 35.624 50.688 59.086 49.254 42.128 55.527 60.927 33.946 48.123 53.691 34.159 62.595 49.052 56.164 56.621 50.918 61.580 58.536 28.423 43.791 33.838 47.713 47.399 50.684 40.775 44.884 35.387 61.176 51.852 37.067 42.475 42.398 49.633 49.254
43.550 45.795 43.577 48.136 48.299 49.891 47.795 43.106 46.442 46.958 43.633 40.301 44.583 43.616 39.624 40.109 37.573 42.532 40.479 33.534 30.921 38.719 35.791 42.689 43.736 44.259 40.806 35.827 42.629 42.039 38.501 40.080 42.178 39.794 34.849 39.131 41.981 43.033 39.850 38.000 38.113 35.684 34.499 31.566 28.373 28.069 26.399 22.959 24.929 24.849 27.147 29.222 28.810 34.461 36.824 33.345 31.167 28.384 24.560 22.342 18.643 18.441 23.078 23.329 20.994 24.627 23.212 23.112 19.612 18.135 15.986 16.453 15.430 19.303 18.812 23.641 22.007 25.488 27.270 26.732 30.717 31.936 29.819 34.643 37.300 40.837 38.964 37.098 35.285 32.388 33.357 33.924 30.899 27.954 31.562 30.845 24.320 27.981 30.265 27.676 23.396 27.260 28.669 31.242 33.935 31.673 29.750 32.209 32.367 36.086 37.114 32.372 37.507 41.037 41.711 36.991 43.435 45.839 48.769 44.739 47.596 50.723 47.329 48.465 52.815 55.795 52.020 53.566 50.581 47.606 41.732 30.056 30.461 44.893 28.821 23.070 53.226 50.224 34.038 22.375 29.834 26.584 25.964 37.997 49.051 37.093 33.561 44.012 48.620 25.271 37.585 46.928 21.324 54.838 35.937 42.994 49.961 36.886 54.277 45.302 16.623 35.134 19.711 42.615 40.537 46.818 36.150 35.105 31.611 49.416 45.994 30.950 30.031 29.163 35.402 44.546
32.137 34.380 31.773 36.046 36.087 37.698 35.701 30.983 34.254 34.919 31.650 28.065 32.481 31.959 27.846 28.318 25.474 30.540 28.937 22.085 20.246 27.283 24.376 30.814 31.525 32.120 28.686 23.684 30.391 29.995 26.398 27.976 30.172 28.338 23.179 27.486 30.354 31.239 28.378 26.752 27.455 24.708 24.240 21.484 20.608 18.593 19.229 14.342 16.688 15.125 17.310 18.256 18.487 23.129 25.084 21.375 19.513 16.453 13.497 11.854 8.635 7.347 11.256 12.716 12.514 15.376 15.859 15.810 11.847 10.773 7.494 7.005 3.355 8.229 6.994 12.061 11.965 14.982 17.292 16.259 20.630 21.372 18.369 23.934 26.304 29.778 27.603 25.311 23.673 20.675 21.284 21.899 19.082 15.938 19.401 19.007 12.931 15.720 18.213 16.555 11.836 16.160 17.618 19.912 22.263 20.397 17.900 20.031 21.505 24.675 25.514 21.942 26.919 29.773 29.930 26.395 32.236 34.343 37.044 32.891 35.722 38.692 35.306 36.233 40.604 43.551 39.760 41.408 38.374 35.545 30.522 18.865 19.229 33.138 17.173 12.264 41.113 38.750 22.183 12.903 19.803 17.731 15.434 26.413 37.245 25.526 22.581 32.119 36.668 13.809 26.367 35.172 13.174 42.806 24.414 31.334 38.175 25.742 42.302 33.618 6.041 25.793 12.578 31.518 29.376 36.082 25.984 25.545 21.961 37.712 34.604 22.094 21.084 19.559 24.616 33.559
51.860 53.034 54.127 57.779 58.277 60.360 58.913 53.480 58.003 59.952 57.135 51.715 58.013 58.601 54.518 55.373 51.597 56.684 55.417 49.996 46.814 53.262 47.967 55.179 55.382 54.527 51.167 48.642 52.516 50.345 47.553 48.945 49.384 45.809 42.308 46.411 48.704 50.705 47.807 46.876 44.751 42.901 40.101 36.374 31.256 30.079 26.594 26.433 27.822 29.743 33.339 36.342 36.305 43.164 46.285 42.939 39.875 38.426 33.069 32.534 25.335 29.539 35.641 34.999 33.515 32.708 30.626 28.491 27.673 24.274 25.070 27.560 30.584 33.989 35.435 39.131 39.698 39.011 39.928 37.043 41.141 43.635 41.231 42.865 47.858 51.503 51.228 50.194 49.607 46.250 46.343 48.315 46.313 41.682 45.260 46.243 41.507 41.151 44.158 43.630 37.833 41.646 39.759 43.921 44.450 40.947 39.768 41.925 38.687 43.112 45.448 38.779 42.136 47.405 49.569 45.556 51.756 52.941 57.009 54.106 58.764 60.205 55.124 59.610 62.901 65.958 62.537 65.891 62.803 59.377 55.207 44.379 38.375 56.290 41.766 39.508 63.840 57.357 44.593 32.509 41.415 32.198 42.254 49.121 56.439 47.242 39.402 58.713 60.545 38.010 53.744 54.573 30.443 64.704 47.921 55.646 57.678 50.089 63.244 58.800 34.071 37.527 30.608 49.107 45.412 53.709 39.731 38.833 36.852 58.647 51.829 32.332 37.169 38.476 48.091 50.084
52.605 54.023 52.020 53.619 52.414 54.608 54.045 48.683 51.060 52.920 50.522 45.503 49.637 50.636 46.364 44.583 42.476 44.892 41.242 38.583 31.301 38.433 33.884 42.257 45.386 44.868 40.464 39.090 45.345 43.689 40.915 43.609 45.641 42.640 37.964 44.374 46.995 48.651 48.146 48.217 48.531 45.270 44.181 40.427 39.604 36.178 33.866 31.533 35.428 34.717 37.903 36.836 41.040 44.047 44.095 39.465 38.078 37.721 33.335 35.110 27.207 27.039 31.457 36.877 38.641 39.457 40.712 38.466 34.905 32.098 29.932 31.999 26.874 33.907 30.180 36.008 36.728 40.314 42.892 40.240 45.193 46.000 41.226 46.626 49.370 52.569 50.128 46.652 45.512 42.893 41.797 41.549 39.744 37.313 37.140 36.310 33.410 32.206 32.888 30.635 27.246 26.628 27.462 30.665 33.655 30.570 31.775 33.895 33.293 37.065 34.818 29.010 34.977 39.085 39.895 31.512 38.518 41.263 44.793 42.894 45.446 49.222 46.971 49.974 53.220 56.636 54.648 57.704 53.086 47.235 38.631 30.429 32.417 42.454 30.483 27.493 52.189 45.828 42.795 37.400 25.410 39.404 28.186 48.157 54.527 46.899 39.436 48.067 55.921 27.811 39.511 45.070 37.532 52.687 46.765 52.493 47.494 48.962 51.841 54.094 25.732 44.182 38.048 38.737 42.169 39.527 35.056 45.496 28.407 57.453 43.809 36.365 44.796 44.010 48.646 40.383
28.514 29.269 30.120 32.835 32.958 35.106 34.627 28.554 33.128 35.492 33.357 27.112 33.976 35.633 32.084 32.543 28.251 32.935 32.322 28.038 26.620 30.537 24.647 30.515 30.398 29.117 25.914 24.661 27.002 24.617 21.990 23.571 23.813 20.094 16.758 21.137 23.499 25.676 23.858 24.019 22.311 19.712 17.047 13.011 10.965 7.686 4.649 4.100 7.248 8.227 11.395 11.963 16.013 19.936 22.079 18.297 15.368 15.286 9.970 12.402 5.119 9.572 15.000 16.341 18.274 14.698 17.268 13.149 10.683 9.805 11.165 12.427 14.342 17.527 17.377 20.571 22.226 21.029 21.644 17.291 21.928 24.089 19.661 21.637 26.332 29.706 29.285 27.684 27.991 24.762 23.525 25.853 25.210 20.396 22.686 24.536 22.094 18.270 21.728 23.142 17.594 20.949 16.889 20.614 19.888 16.640 15.180 16.841 13.125 17.391 19.875 14.052 16.765 21.876 24.043 21.992 27.074 27.651 31.715 28.733 33.360 34.576 29.286 34.298 37.255 40.303 37.112 41.089 37.812 34.369 32.149 23.091 13.239 31.647 19.487 21.409 38.345 32.047 21.119 15.126 20.542 12.739 23.467 26.387 31.527 24.185 14.246 35.225 36.548 16.656 32.028 28.890 15.028 39.130 25.792 32.814 32.019 29.009 37.590 35.868 19.394 15.521 17.776 23.987 19.711 29.535 14.460 17.312 12.987 34.698 26.235 7.913 19.007 19.885 27.764 24.984
